location_name,timestamp,temperature_2m,relative_humidity_2m,precipitation_probability,wind_speed_10m,wind_gusts_10m,flyability_score,crop_condition,dynamic_flow_rate_pct,decision_action,model_action,recommendation_text
An Giang,2026-05-25 06:00:00,28.9,74,0,15.1,21.7,1.0,HEALTHY,90.0,TAKE_OFF,TAKE_OFF,"TAKE_OFF: Dieu kien bay chap nhan duoc. Gio 15.1 km/h, gio giat 21.7 km/h, xac suat mua 0%. De xuat flow-rate 90.0%."
An Giang,2026-05-25 07:00:00,29.6,72,0,17.6,22.8,1.0,HEALTHY,90.0,TAKE_OFF,TAKE_OFF,"TAKE_OFF: Dieu kien bay chap nhan duoc. Gio 17.6 km/h, gio giat 22.8 km/h, xac suat mua 0%. De xuat flow-rate 90.0%."
An Giang,2026-05-25 08:00:00,31.1,63,0,14.8,17.0,1.0,HEALTHY,100.0,TAKE_OFF,TAKE_OFF,"TAKE_OFF: Dieu kien bay chap nhan duoc. Gio 14.8 km/h, gio giat 17.0 km/h, xac suat mua 0%. De xuat flow-rate 100.0%."
An Giang,2026-05-25 09:00:00,32.7,55,0,10.8,12.4,1.0,WATER_STRESS,108.0,TAKE_OFF,TAKE_OFF,"TAKE_OFF: Dieu kien bay chap nhan duoc. Gio 10.8 km/h, gio giat 12.4 km/h, xac suat mua 0%. De xuat flow-rate 108.0%."
An Giang,2026-05-25 10:00:00,34.1,50,0,8.3,9.5,1.0,WATER_STRESS,108.0,TAKE_OFF,TAKE_OFF,"TAKE_OFF: Dieu kien bay chap nhan duoc. Gio 8.3 km/h, gio giat 9.5 km/h, xac suat mua 0%. De xuat flow-rate 108.0%."
An Giang,2026-05-25 11:00:00,35.5,45,0,9.4,10.8,0.7,DRY_SOIL,103.0,DELAY_FLIGHT,DELAY_FLIGHT,DELAY_FLIGHT: Tam hoan bay do nhiet do 35.5C hoac rui ro mua 0%. Kiem tra lai khung gio ke tiep.
An Giang,2026-05-25 12:00:00,36.5,42,0,10.1,11.6,0.7,DRY_SOIL,103.0,DELAY_FLIGHT,DELAY_FLIGHT,DELAY_FLIGHT: Tam hoan bay do nhiet do 36.5C hoac rui ro mua 0%. Kiem tra lai khung gio ke tiep.
An Giang,2026-05-25 13:00:00,37.3,39,0,11.5,13.2,0.7,DRY_SOIL,103.0,DELAY_FLIGHT,DELAY_FLIGHT,DELAY_FLIGHT: Tam hoan bay do nhiet do 37.3C hoac rui ro mua 0%. Kiem tra lai khung gio ke tiep.
An Giang,2026-05-25 14:00:00,37.6,37,100,13.7,15.7,0.42,HEALTHY,73.0,RETURN_TO_CHARGING,RETURN_TO_CHARGING,"RETURN_TO_CHARGING: Thoi tiet mua/nguy hiem, xac suat mua 100%. Dua drone ve tram sac de bao ve thiet bi."
An Giang,2026-05-25 15:00:00,36.0,44,100,24.5,28.8,0.03,HEALTHY,63.0,RETURN_TO_CHARGING,RETURN_TO_CHARGING,"RETURN_TO_CHARGING: Thoi tiet mua/nguy hiem, xac suat mua 100%. Dua drone ve tram sac de bao ve thiet bi."
An Giang,2026-05-25 16:00:00,33.5,52,0,27.0,36.4,0.61,WATER_STRESS,98.0,RETURN_TO_CHARGING,RETURN_TO_CHARGING,"RETURN_TO_CHARGING: Thoi tiet mua/nguy hiem, xac suat mua 0%. Dua drone ve tram sac de bao ve thiet bi."
An Giang,2026-05-25 17:00:00,33.5,51,0,24.1,32.3,0.65,WATER_STRESS,98.0,LOCK_SPRAY,LOCK_SPRAY,LOCK_SPRAY: Khoa lenh phun vi gio/gio giat vuot nguong an toan (24.1/32.3 km/h). Tranh pesticide drift va mat on dinh UAV.
Can Tho,2026-05-25 06:00:00,26.8,86,0,8.3,13.5,1.0,HEALTHY,100.0,TAKE_OFF,TAKE_OFF,"TAKE_OFF: Dieu kien bay chap nhan duoc. Gio 8.3 km/h, gio giat 13.5 km/h, xac suat mua 0%. De xuat flow-rate 100.0%."
Can Tho,2026-05-25 07:00:00,28.4,78,0,11.9,15.8,1.0,HEALTHY,100.0,TAKE_OFF,TAKE_OFF,"TAKE_OFF: Dieu kien bay chap nhan duoc. Gio 11.9 km/h, gio giat 15.8 km/h, xac suat mua 0%. De xuat flow-rate 100.0%."
Can Tho,2026-05-25 08:00:00,30.6,66,0,14.8,17.1,1.0,HEALTHY,100.0,TAKE_OFF,TAKE_OFF,"TAKE_OFF: Dieu kien bay chap nhan duoc. Gio 14.8 km/h, gio giat 17.1 km/h, xac suat mua 0%. De xuat flow-rate 100.0%."
Can Tho,2026-05-25 09:00:00,32.4,57,0,14.4,16.6,1.0,WATER_STRESS,108.0,TAKE_OFF,TAKE_OFF,"TAKE_OFF: Dieu kien bay chap nhan duoc. Gio 14.4 km/h, gio giat 16.6 km/h, xac suat mua 0%. De xuat flow-rate 108.0%."
Can Tho,2026-05-25 10:00:00,33.9,51,0,14.8,17.0,1.0,WATER_STRESS,108.0,TAKE_OFF,TAKE_OFF,"TAKE_OFF: Dieu kien bay chap nhan duoc. Gio 14.8 km/h, gio giat 17.0 km/h, xac suat mua 0%. De xuat flow-rate 108.0%."
Can Tho,2026-05-25 11:00:00,35.2,47,0,15.1,17.4,0.7,DRY_SOIL,93.0,DELAY_FLIGHT,DELAY_FLIGHT,DELAY_FLIGHT: Tam hoan bay do nhiet do 35.2C hoac rui ro mua 0%. Kiem tra lai khung gio ke tiep.
Can Tho,2026-05-25 12:00:00,36.1,45,100,18.0,20.7,0.43,HEALTHY,63.0,RETURN_TO_CHARGING,RETURN_TO_CHARGING,"RETURN_TO_CHARGING: Thoi tiet mua/nguy hiem, xac suat mua 100%. Dua drone ve tram sac de bao ve thiet bi."
Can Tho,2026-05-25 13:00:00,34.9,48,100,20.2,23.2,0.52,HEALTHY,75.0,RETURN_TO_CHARGING,RETURN_TO_CHARGING,"RETURN_TO_CHARGING: Thoi tiet mua/nguy hiem, xac suat mua 100%. Dua drone ve tram sac de bao ve thiet bi."
Can Tho,2026-05-25 14:00:00,34.7,48,0,18.7,22.8,0.95,WATER_STRESS,98.0,TAKE_OFF,TAKE_OFF,"TAKE_OFF: Dieu kien bay chap nhan duoc. Gio 18.7 km/h, gio giat 22.8 km/h, xac suat mua 0%. De xuat flow-rate 98.0%."
Can Tho,2026-05-25 15:00:00,34.9,47,0,22.0,25.3,0.8,WATER_STRESS,98.0,LOCK_SPRAY,LOCK_SPRAY,LOCK_SPRAY: Khoa lenh phun vi gio/gio giat vuot nguong an toan (22.0/25.3 km/h). Tranh pesticide drift va mat on dinh UAV.
Can Tho,2026-05-25 16:00:00,34.1,49,0,22.3,27.6,0.8,WATER_STRESS,98.0,LOCK_SPRAY,LOCK_SPRAY,LOCK_SPRAY: Khoa lenh phun vi gio/gio giat vuot nguong an toan (22.3/27.6 km/h). Tranh pesticide drift va mat on dinh UAV.
Can Tho,2026-05-25 17:00:00,33.1,52,0,21.2,28.2,0.65,WATER_STRESS,98.0,LOCK_SPRAY,LOCK_SPRAY,LOCK_SPRAY: Khoa lenh phun vi gio/gio giat vuot nguong an toan (21.2/28.2 km/h). Tranh pesticide drift va mat on dinh UAV.
Dong Thap,2026-05-25 06:00:00,26.7,87,0,7.9,13.2,1.0,HEALTHY,100.0,TAKE_OFF,TAKE_OFF,"TAKE_OFF: Dieu kien bay chap nhan duoc. Gio 7.9 km/h, gio giat 13.2 km/h, xac suat mua 0%. De xuat flow-rate 100.0%."
Dong Thap,2026-05-25 07:00:00,28.2,80,0,10.4,14.1,1.0,HEALTHY,100.0,TAKE_OFF,TAKE_OFF,"TAKE_OFF: Dieu kien bay chap nhan duoc. Gio 10.4 km/h, gio giat 14.1 km/h, xac suat mua 0%. De xuat flow-rate 100.0%."
Dong Thap,2026-05-25 08:00:00,30.3,69,0,15.1,18.1,1.0,HEALTHY,90.0,TAKE_OFF,TAKE_OFF,"TAKE_OFF: Dieu kien bay chap nhan duoc. Gio 15.1 km/h, gio giat 18.1 km/h, xac suat mua 0%. De xuat flow-rate 90.0%."
Dong Thap,2026-05-25 09:00:00,32.2,59,0,14.8,17.0,1.0,WATER_STRESS,108.0,TAKE_OFF,TAKE_OFF,"TAKE_OFF: Dieu kien bay chap nhan duoc. Gio 14.8 km/h, gio giat 17.0 km/h, xac suat mua 0%. De xuat flow-rate 108.0%."
Dong Thap,2026-05-25 10:00:00,33.7,52,0,15.8,18.2,1.0,WATER_STRESS,98.0,TAKE_OFF,TAKE_OFF,"TAKE_OFF: Dieu kien bay chap nhan duoc. Gio 15.8 km/h, gio giat 18.2 km/h, xac suat mua 0%. De xuat flow-rate 98.0%."
Dong Thap,2026-05-25 11:00:00,35.0,48,0,16.2,18.6,1.0,DRY_SOIL,93.0,TAKE_OFF,TAKE_OFF,"TAKE_OFF: Dieu kien bay chap nhan duoc. Gio 16.2 km/h, gio giat 18.6 km/h, xac suat mua 0%. De xuat flow-rate 93.0%."
Dong Thap,2026-05-25 12:00:00,36.0,45,0,18.0,20.7,0.66,DRY_SOIL,93.0,RETURN_TO_CHARGING,RETURN_TO_CHARGING,"RETURN_TO_CHARGING: Thoi tiet mua/nguy hiem, xac suat mua 0%. Dua drone ve tram sac de bao ve thiet bi."
Dong Thap,2026-05-25 13:00:00,36.3,44,76,21.2,24.4,0.22,HEALTHY,63.0,RETURN_TO_CHARGING,RETURN_TO_CHARGING,"RETURN_TO_CHARGING: Thoi tiet mua/nguy hiem, xac suat mua 76%. Dua drone ve tram sac de bao ve thiet bi."
Dong Thap,2026-05-25 14:00:00,34.7,49,85,22.3,28.7,0.37,HEALTHY,75.0,RETURN_TO_CHARGING,RETURN_TO_CHARGING,"RETURN_TO_CHARGING: Thoi tiet mua/nguy hiem, xac suat mua 85%. Dua drone ve tram sac de bao ve thiet bi."
Dong Thap,2026-05-25 15:00:00,33.3,54,0,21.6,31.3,0.61,WATER_STRESS,98.0,RETURN_TO_CHARGING,RETURN_TO_CHARGING,"RETURN_TO_CHARGING: Thoi tiet mua/nguy hiem, xac suat mua 0%. Dua drone ve tram sac de bao ve thiet bi."
Dong Thap,2026-05-25 16:00:00,33.4,53,0,23.8,31.7,0.65,WATER_STRESS,98.0,LOCK_SPRAY,LOCK_SPRAY,LOCK_SPRAY: Khoa lenh phun vi gio/gio giat vuot nguong an toan (23.8/31.7 km/h). Tranh pesticide drift va mat on dinh UAV.
Dong Thap,2026-05-25 17:00:00,32.5,56,0,23.4,31.8,0.65,WATER_STRESS,98.0,LOCK_SPRAY,LOCK_SPRAY,LOCK_SPRAY: Khoa lenh phun vi gio/gio giat vuot nguong an toan (23.4/31.8 km/h). Tranh pesticide drift va mat on dinh UAV.
Ha Noi,2026-05-25 06:00:00,28.5,72,0,11.5,24.2,1.0,HEALTHY,100.0,TAKE_OFF,TAKE_OFF,"TAKE_OFF: Dieu kien bay chap nhan duoc. Gio 11.5 km/h, gio giat 24.2 km/h, xac suat mua 0%. De xuat flow-rate 100.0%."
Ha Noi,2026-05-25 07:00:00,30.6,66,0,11.9,19.8,1.0,HEALTHY,100.0,TAKE_OFF,TAKE_OFF,"TAKE_OFF: Dieu kien bay chap nhan duoc. Gio 11.9 km/h, gio giat 19.8 km/h, xac suat mua 0%. De xuat flow-rate 100.0%."
Ha Noi,2026-05-25 08:00:00,33.1,55,0,13.3,17.6,1.0,WATER_STRESS,108.0,TAKE_OFF,TAKE_OFF,"TAKE_OFF: Dieu kien bay chap nhan duoc. Gio 13.3 km/h, gio giat 17.6 km/h, xac suat mua 0%. De xuat flow-rate 108.0%."
Ha Noi,2026-05-25 09:00:00,35.4,46,0,15.1,18.3,0.7,DRY_SOIL,93.0,DELAY_FLIGHT,DELAY_FLIGHT,DELAY_FLIGHT: Tam hoan bay do nhiet do 35.4C hoac rui ro mua 0%. Kiem tra lai khung gio ke tiep.
Ha Noi,2026-05-25 10:00:00,36.9,41,0,17.3,19.9,0.7,DRY_SOIL,93.0,DELAY_FLIGHT,DELAY_FLIGHT,DELAY_FLIGHT: Tam hoan bay do nhiet do 36.9C hoac rui ro mua 0%. Kiem tra lai khung gio ke tiep.
Ha Noi,2026-05-25 11:00:00,37.7,39,0,19.8,22.8,0.7,DRY_SOIL,93.0,DELAY_FLIGHT,DELAY_FLIGHT,DELAY_FLIGHT: Tam hoan bay do nhiet do 37.7C hoac rui ro mua 0%. Kiem tra lai khung gio ke tiep.
Ha Noi,2026-05-25 12:00:00,38.4,37,0,19.1,22.0,0.7,DRY_SOIL,93.0,DELAY_FLIGHT,DELAY_FLIGHT,DELAY_FLIGHT: Tam hoan bay do nhiet do 38.4C hoac rui ro mua 0%. Kiem tra lai khung gio ke tiep.
Ha Noi,2026-05-25 13:00:00,39.5,35,0,17.6,20.3,0.7,DRY_SOIL,93.0,DELAY_FLIGHT,DELAY_FLIGHT,DELAY_FLIGHT: Tam hoan bay do nhiet do 39.5C hoac rui ro mua 0%. Kiem tra lai khung gio ke tiep.
Ha Noi,2026-05-25 14:00:00,40.4,32,0,17.6,20.3,0.7,DRY_SOIL,93.0,DELAY_FLIGHT,DELAY_FLIGHT,DELAY_FLIGHT: Tam hoan bay do nhiet do 40.4C hoac rui ro mua 0%. Kiem tra lai khung gio ke tiep.
Ha Noi,2026-05-25 15:00:00,40.8,31,0,15.5,19.3,0.7,DRY_SOIL,93.0,DELAY_FLIGHT,DELAY_FLIGHT,DELAY_FLIGHT: Tam hoan bay do nhiet do 40.8C hoac rui ro mua 0%. Kiem tra lai khung gio ke tiep.
Ha Noi,2026-05-25 16:00:00,39.2,40,0,11.5,15.5,0.66,DRY_SOIL,103.0,RETURN_TO_CHARGING,RETURN_TO_CHARGING,"RETURN_TO_CHARGING: Thoi tiet mua/nguy hiem, xac suat mua 0%. Dua drone ve tram sac de bao ve thiet bi."
Ha Noi,2026-05-25 17:00:00,37.2,44,0,8.6,15.8,0.66,DRY_SOIL,103.0,RETURN_TO_CHARGING,RETURN_TO_CHARGING,"RETURN_TO_CHARGING: Thoi tiet mua/nguy hiem, xac suat mua 0%. Dua drone ve tram sac de bao ve thiet bi."
Ho Chi Minh,2026-05-25 06:00:00,27.7,81,0,6.5,9.5,1.0,HEALTHY,100.0,TAKE_OFF,TAKE_OFF,"TAKE_OFF: Dieu kien bay chap nhan duoc. Gio 6.5 km/h, gio giat 9.5 km/h, xac suat mua 0%. De xuat flow-rate 100.0%."
Ho Chi Minh,2026-05-25 07:00:00,28.7,75,0,7.9,10.1,1.0,HEALTHY,100.0,TAKE_OFF,TAKE_OFF,"TAKE_OFF: Dieu kien bay chap nhan duoc. Gio 7.9 km/h, gio giat 10.1 km/h, xac suat mua 0%. De xuat flow-rate 100.0%."
Ho Chi Minh,2026-05-25 08:00:00,30.2,68,0,7.9,9.2,1.0,HEALTHY,100.0,TAKE_OFF,TAKE_OFF,"TAKE_OFF: Dieu kien bay chap nhan duoc. Gio 7.9 km/h, gio giat 9.2 km/h, xac suat mua 0%. De xuat flow-rate 100.0%."
Ho Chi Minh,2026-05-25 09:00:00,31.7,61,0,10.4,12.0,0.95,HEALTHY,100.0,TAKE_OFF,TAKE_OFF,"TAKE_OFF: Dieu kien bay chap nhan duoc. Gio 10.4 km/h, gio giat 12.0 km/h, xac suat mua 0%. De xuat flow-rate 100.0%."
Ho Chi Minh,2026-05-25 10:00:00,33.1,55,0,11.5,13.2,1.0,WATER_STRESS,108.0,TAKE_OFF,TAKE_OFF,"TAKE_OFF: Dieu kien bay chap nhan duoc. Gio 11.5 km/h, gio giat 13.2 km/h, xac suat mua 0%. De xuat flow-rate 108.0%."
Ho Chi Minh,2026-05-25 11:00:00,34.3,50,0,11.2,12.9,1.0,WATER_STRESS,108.0,TAKE_OFF,TAKE_OFF,"TAKE_OFF: Dieu kien bay chap nhan duoc. Gio 11.2 km/h, gio giat 12.9 km/h, xac suat mua 0%. De xuat flow-rate 108.0%."
Ho Chi Minh,2026-05-25 12:00:00,35.4,46,0,11.2,12.9,0.66,DRY_SOIL,103.0,RETURN_TO_CHARGING,RETURN_TO_CHARGING,"RETURN_TO_CHARGING: Thoi tiet mua/nguy hiem, xac suat mua 0%. Dua drone ve tram sac de bao ve thiet bi."
Ho Chi Minh,2026-05-25 13:00:00,36.1,43,100,10.8,12.4,0.42,HEALTHY,73.0,RETURN_TO_CHARGING,RETURN_TO_CHARGING,"RETURN_TO_CHARGING: Thoi tiet mua/nguy hiem, xac suat mua 100%. Dua drone ve tram sac de bao ve thiet bi."
Ho Chi Minh,2026-05-25 14:00:00,36.4,41,100,8.6,9.9,0.47,HEALTHY,73.0,RETURN_TO_CHARGING,RETURN_TO_CHARGING,"RETURN_TO_CHARGING: Thoi tiet mua/nguy hiem, xac suat mua 100%. Dua drone ve tram sac de bao ve thiet bi."
Ho Chi Minh,2026-05-25 15:00:00,35.8,42,100,4.3,5.5,0.47,HEALTHY,73.0,RETURN_TO_CHARGING,RETURN_TO_CHARGING,"RETURN_TO_CHARGING: Thoi tiet mua/nguy hiem, xac suat mua 100%. Dua drone ve tram sac de bao ve thiet bi."
Ho Chi Minh,2026-05-25 16:00:00,36.3,53,0,8.3,11.4,0.66,DRY_SOIL,103.0,RETURN_TO_CHARGING,RETURN_TO_CHARGING,"RETURN_TO_CHARGING: Thoi tiet mua/nguy hiem, xac suat mua 0%. Dua drone ve tram sac de bao ve thiet bi."
Ho Chi Minh,2026-05-25 17:00:00,31.9,60,0,13.3,19.3,1.0,HEALTHY,100.0,TAKE_OFF,TAKE_OFF,"TAKE_OFF: Dieu kien bay chap nhan duoc. Gio 13.3 km/h, gio giat 19.3 km/h, xac suat mua 0%. De xuat flow-rate 100.0%."
Long An,2026-05-25 06:00:00,26.9,86,0,5.4,8.3,1.0,HEALTHY,100.0,TAKE_OFF,TAKE_OFF,"TAKE_OFF: Dieu kien bay chap nhan duoc. Gio 5.4 km/h, gio giat 8.3 km/h, xac suat mua 0%. De xuat flow-rate 100.0%."
Long An,2026-05-25 07:00:00,28.2,79,0,9.4,12.1,1.0,HEALTHY,100.0,TAKE_OFF,TAKE_OFF,"TAKE_OFF: Dieu kien bay chap nhan duoc. Gio 9.4 km/h, gio giat 12.1 km/h, xac suat mua 0%. De xuat flow-rate 100.0%."
Long An,2026-05-25 08:00:00,29.9,71,0,10.1,11.7,1.0,HEALTHY,100.0,TAKE_OFF,TAKE_OFF,"TAKE_OFF: Dieu kien bay chap nhan duoc. Gio 10.1 km/h, gio giat 11.7 km/h, xac suat mua 0%. De xuat flow-rate 100.0%."
Long An,2026-05-25 09:00:00,31.5,63,0,11.2,12.9,1.0,HEALTHY,100.0,TAKE_OFF,TAKE_OFF,"TAKE_OFF: Dieu kien bay chap nhan duoc. Gio 11.2 km/h, gio giat 12.9 km/h, xac suat mua 0%. De xuat flow-rate 100.0%."
Long An,2026-05-25 10:00:00,32.9,56,0,12.2,14.1,1.0,WATER_STRESS,108.0,TAKE_OFF,TAKE_OFF,"TAKE_OFF: Dieu kien bay chap nhan duoc. Gio 12.2 km/h, gio giat 14.1 km/h, xac suat mua 0%. De xuat flow-rate 108.0%."
Long An,2026-05-25 11:00:00,34.2,51,0,11.2,12.9,0.95,WATER_STRESS,108.0,TAKE_OFF,TAKE_OFF,"TAKE_OFF: Dieu kien bay chap nhan duoc. Gio 11.2 km/h, gio giat 12.9 km/h, xac suat mua 0%. De xuat flow-rate 108.0%."
Long An,2026-05-25 12:00:00,35.4,46,0,10.4,12.0,0.66,DRY_SOIL,103.0,RETURN_TO_CHARGING,RETURN_TO_CHARGING,"RETURN_TO_CHARGING: Thoi tiet mua/nguy hiem, xac suat mua 0%. Dua drone ve tram sac de bao ve thiet bi."
Long An,2026-05-25 13:00:00,36.5,42,0,10.1,11.6,0.65,DRY_SOIL,103.0,DELAY_FLIGHT,DELAY_FLIGHT,DELAY_FLIGHT: Tam hoan bay do nhiet do 36.5C hoac rui ro mua 0%. Kiem tra lai khung gio ke tiep.
Long An,2026-05-25 14:00:00,37.1,39,0,9.4,10.8,0.7,DRY_SOIL,103.0,DELAY_FLIGHT,DELAY_FLIGHT,DELAY_FLIGHT: Tam hoan bay do nhiet do 37.1C hoac rui ro mua 0%. Kiem tra lai khung gio ke tiep.
Long An,2026-05-25 15:00:00,35.6,44,100,9.4,12.1,0.47,HEALTHY,73.0,RETURN_TO_CHARGING,RETURN_TO_CHARGING,"RETURN_TO_CHARGING: Thoi tiet mua/nguy hiem, xac suat mua 100%. Dua drone ve tram sac de bao ve thiet bi."
Long An,2026-05-25 16:00:00,37.2,51,0,11.5,16.7,0.66,DRY_SOIL,103.0,RETURN_TO_CHARGING,RETURN_TO_CHARGING,"RETURN_TO_CHARGING: Thoi tiet mua/nguy hiem, xac suat mua 0%. Dua drone ve tram sac de bao ve thiet bi."
Long An,2026-05-25 17:00:00,32.0,59,0,8.3,12.3,0.96,WATER_STRESS,108.0,RETURN_TO_CHARGING,RETURN_TO_CHARGING,"RETURN_TO_CHARGING: Thoi tiet mua/nguy hiem, xac suat mua 0%. Dua drone ve tram sac de bao ve thiet bi."
Tien Giang,2026-05-25 06:00:00,26.0,91,0,5.0,8.8,1.0,HEALTHY,100.0,TAKE_OFF,TAKE_OFF,"TAKE_OFF: Dieu kien bay chap nhan duoc. Gio 5.0 km/h, gio giat 8.8 km/h, xac suat mua 0%. De xuat flow-rate 100.0%."
Tien Giang,2026-05-25 07:00:00,27.6,84,0,7.6,10.5,1.0,HEALTHY,100.0,TAKE_OFF,TAKE_OFF,"TAKE_OFF: Dieu kien bay chap nhan duoc. Gio 7.6 km/h, gio giat 10.5 km/h, xac suat mua 0%. De xuat flow-rate 100.0%."
Tien Giang,2026-05-25 08:00:00,29.5,75,0,10.1,12.2,1.0,HEALTHY,100.0,TAKE_OFF,TAKE_OFF,"TAKE_OFF: Dieu kien bay chap nhan duoc. Gio 10.1 km/h, gio giat 12.2 km/h, xac suat mua 0%. De xuat flow-rate 100.0%."
Tien Giang,2026-05-25 09:00:00,31.4,64,0,10.4,12.0,1.0,HEALTHY,100.0,TAKE_OFF,TAKE_OFF,"TAKE_OFF: Dieu kien bay chap nhan duoc. Gio 10.4 km/h, gio giat 12.0 km/h, xac suat mua 0%. De xuat flow-rate 100.0%."
Tien Giang,2026-05-25 10:00:00,33.2,55,0,10.1,11.6,1.0,WATER_STRESS,108.0,TAKE_OFF,TAKE_OFF,"TAKE_OFF: Dieu kien bay chap nhan duoc. Gio 10.1 km/h, gio giat 11.6 km/h, xac suat mua 0%. De xuat flow-rate 108.0%."
Tien Giang,2026-05-25 11:00:00,34.6,49,0,10.1,11.6,1.0,WATER_STRESS,108.0,TAKE_OFF,TAKE_OFF,"TAKE_OFF: Dieu kien bay chap nhan duoc. Gio 10.1 km/h, gio giat 11.6 km/h, xac suat mua 0%. De xuat flow-rate 108.0%."
Tien Giang,2026-05-25 12:00:00,35.8,45,0,9.7,11.2,0.7,DRY_SOIL,103.0,DELAY_FLIGHT,DELAY_FLIGHT,DELAY_FLIGHT: Tam hoan bay do nhiet do 35.8C hoac rui ro mua 0%. Kiem tra lai khung gio ke tiep.
Tien Giang,2026-05-25 13:00:00,36.9,41,0,9.0,10.4,0.7,DRY_SOIL,103.0,DELAY_FLIGHT,DELAY_FLIGHT,DELAY_FLIGHT: Tam hoan bay do nhiet do 36.9C hoac rui ro mua 0%. Kiem tra lai khung gio ke tiep.
Tien Giang,2026-05-25 14:00:00,36.4,42,100,10.1,11.6,0.47,HEALTHY,73.0,RETURN_TO_CHARGING,RETURN_TO_CHARGING,"RETURN_TO_CHARGING: Thoi tiet mua/nguy hiem, xac suat mua 100%. Dua drone ve tram sac de bao ve thiet bi."
Tien Giang,2026-05-25 15:00:00,33.2,54,86,11.9,18.4,0.73,HEALTHY,85.0,RETURN_TO_CHARGING,RETURN_TO_CHARGING,"RETURN_TO_CHARGING: Thoi tiet mua/nguy hiem, xac suat mua 86%. Dua drone ve tram sac de bao ve thiet bi."
Tien Giang,2026-05-25 16:00:00,37.2,51,0,8.3,14.4,0.66,DRY_SOIL,103.0,RETURN_TO_CHARGING,RETURN_TO_CHARGING,"RETURN_TO_CHARGING: Thoi tiet mua/nguy hiem, xac suat mua 0%. Dua drone ve tram sac de bao ve thiet bi."
Tien Giang,2026-05-25 17:00:00,31.7,61,0,7.9,13.4,0.96,HEALTHY,100.0,RETURN_TO_CHARGING,RETURN_TO_CHARGING,"RETURN_TO_CHARGING: Thoi tiet mua/nguy hiem, xac suat mua 0%. Dua drone ve tram sac de bao ve thiet bi."
An Giang,2026-05-26 06:00:00,27.7,78,0,8.6,13.9,1.0,HEALTHY,100.0,TAKE_OFF,TAKE_OFF,"TAKE_OFF: Dieu kien bay chap nhan duoc. Gio 8.6 km/h, gio giat 13.9 km/h, xac suat mua 0%. De xuat flow-rate 100.0%."
An Giang,2026-05-26 07:00:00,29.4,70,0,11.5,14.5,1.0,HEALTHY,100.0,TAKE_OFF,TAKE_OFF,"TAKE_OFF: Dieu kien bay chap nhan duoc. Gio 11.5 km/h, gio giat 14.5 km/h, xac suat mua 0%. De xuat flow-rate 100.0%."
An Giang,2026-05-26 08:00:00,31.3,61,0,13.7,15.7,1.0,HEALTHY,100.0,TAKE_OFF,TAKE_OFF,"TAKE_OFF: Dieu kien bay chap nhan duoc. Gio 13.7 km/h, gio giat 15.7 km/h, xac suat mua 0%. De xuat flow-rate 100.0%."
An Giang,2026-05-26 09:00:00,33.2,52,0,14.4,16.6,1.0,WATER_STRESS,108.0,TAKE_OFF,TAKE_OFF,"TAKE_OFF: Dieu kien bay chap nhan duoc. Gio 14.4 km/h, gio giat 16.6 km/h, xac suat mua 0%. De xuat flow-rate 108.0%."
An Giang,2026-05-26 10:00:00,34.8,46,0,14.4,16.6,1.0,WATER_STRESS,108.0,TAKE_OFF,TAKE_OFF,"TAKE_OFF: Dieu kien bay chap nhan duoc. Gio 14.4 km/h, gio giat 16.6 km/h, xac suat mua 0%. De xuat flow-rate 108.0%."
An Giang,2026-05-26 11:00:00,36.3,41,0,15.1,17.4,0.7,DRY_SOIL,93.0,DELAY_FLIGHT,DELAY_FLIGHT,DELAY_FLIGHT: Tam hoan bay do nhiet do 36.3C hoac rui ro mua 0%. Kiem tra lai khung gio ke tiep.
An Giang,2026-05-26 12:00:00,37.4,38,0,15.8,18.2,0.7,DRY_SOIL,93.0,DELAY_FLIGHT,DELAY_FLIGHT,DELAY_FLIGHT: Tam hoan bay do nhiet do 37.4C hoac rui ro mua 0%. Kiem tra lai khung gio ke tiep.
An Giang,2026-05-26 13:00:00,38.0,36,100,15.8,18.2,0.47,HEALTHY,63.0,RETURN_TO_CHARGING,RETURN_TO_CHARGING,"RETURN_TO_CHARGING: Thoi tiet mua/nguy hiem, xac suat mua 100%. Dua drone ve tram sac de bao ve thiet bi."
An Giang,2026-05-26 14:00:00,36.5,41,100,24.5,28.2,0.07,HEALTHY,63.0,RETURN_TO_CHARGING,RETURN_TO_CHARGING,"RETURN_TO_CHARGING: Thoi tiet mua/nguy hiem, xac suat mua 100%. Dua drone ve tram sac de bao ve thiet bi."
An Giang,2026-05-26 15:00:00,33.6,51,69,30.2,39.4,0.37,HEALTHY,75.0,RETURN_TO_CHARGING,RETURN_TO_CHARGING,"RETURN_TO_CHARGING: Thoi tiet mua/nguy hiem, xac suat mua 69%. Dua drone ve tram sac de bao ve thiet bi."
An Giang,2026-05-26 16:00:00,32.6,55,68,28.4,36.5,0.37,HEALTHY,75.0,RETURN_TO_CHARGING,RETURN_TO_CHARGING,"RETURN_TO_CHARGING: Thoi tiet mua/nguy hiem, xac suat mua 68%. Dua drone ve tram sac de bao ve thiet bi."
An Giang,2026-05-26 17:00:00,32.3,57,77,27.4,35.6,0.42,HEALTHY,75.0,RETURN_TO_CHARGING,RETURN_TO_CHARGING,"RETURN_TO_CHARGING: Thoi tiet mua/nguy hiem, xac suat mua 77%. Dua drone ve tram sac de bao ve thiet bi."
An Giang,2026-05-27 06:00:00,28.4,76,0,12.2,18.3,1.0,HEALTHY,100.0,TAKE_OFF,TAKE_OFF,"TAKE_OFF: Dieu kien bay chap nhan duoc. Gio 12.2 km/h, gio giat 18.3 km/h, xac suat mua 0%. De xuat flow-rate 100.0%."
An Giang,2026-05-27 07:00:00,29.5,72,0,14.0,18.2,1.0,HEALTHY,100.0,TAKE_OFF,TAKE_OFF,"TAKE_OFF: Dieu kien bay chap nhan duoc. Gio 14.0 km/h, gio giat 18.2 km/h, xac suat mua 0%. De xuat flow-rate 100.0%."
An Giang,2026-05-27 08:00:00,31.0,64,0,16.2,18.6,1.0,HEALTHY,90.0,TAKE_OFF,TAKE_OFF,"TAKE_OFF: Dieu kien bay chap nhan duoc. Gio 16.2 km/h, gio giat 18.6 km/h, xac suat mua 0%. De xuat flow-rate 90.0%."
An Giang,2026-05-27 09:00:00,32.8,56,0,16.6,19.0,1.0,WATER_STRESS,98.0,TAKE_OFF,TAKE_OFF,"TAKE_OFF: Dieu kien bay chap nhan duoc. Gio 16.6 km/h, gio giat 19.0 km/h, xac suat mua 0%. De xuat flow-rate 98.0%."
An Giang,2026-05-27 10:00:00,34.4,50,0,16.9,19.5,1.0,WATER_STRESS,98.0,TAKE_OFF,TAKE_OFF,"TAKE_OFF: Dieu kien bay chap nhan duoc. Gio 16.9 km/h, gio giat 19.5 km/h, xac suat mua 0%. De xuat flow-rate 98.0%."
An Giang,2026-05-27 11:00:00,35.6,46,0,15.8,18.2,0.66,DRY_SOIL,93.0,RETURN_TO_CHARGING,RETURN_TO_CHARGING,"RETURN_TO_CHARGING: Thoi tiet mua/nguy hiem, xac suat mua 0%. Dua drone ve tram sac de bao ve thiet bi."
An Giang,2026-05-27 12:00:00,36.8,42,0,15.1,17.4,0.61,DRY_SOIL,93.0,RETURN_TO_CHARGING,RETURN_TO_CHARGING,"RETURN_TO_CHARGING: Thoi tiet mua/nguy hiem, xac suat mua 0%. Dua drone ve tram sac de bao ve thiet bi."
An Giang,2026-05-27 13:00:00,37.3,39,100,15.5,17.8,0.47,HEALTHY,63.0,RETURN_TO_CHARGING,RETURN_TO_CHARGING,"RETURN_TO_CHARGING: Thoi tiet mua/nguy hiem, xac suat mua 100%. Dua drone ve tram sac de bao ve thiet bi."
An Giang,2026-05-27 14:00:00,35.6,44,78,21.2,25.8,0.18,HEALTHY,63.0,RETURN_TO_CHARGING,RETURN_TO_CHARGING,"RETURN_TO_CHARGING: Thoi tiet mua/nguy hiem, xac suat mua 78%. Dua drone ve tram sac de bao ve thiet bi."
An Giang,2026-05-27 15:00:00,33.8,53,82,25.9,34.1,0.33,HEALTHY,75.0,RETURN_TO_CHARGING,RETURN_TO_CHARGING,"RETURN_TO_CHARGING: Thoi tiet mua/nguy hiem, xac suat mua 82%. Dua drone ve tram sac de bao ve thiet bi."
An Giang,2026-05-27 16:00:00,33.0,56,100,27.4,33.5,0.33,HEALTHY,75.0,RETURN_TO_CHARGING,RETURN_TO_CHARGING,"RETURN_TO_CHARGING: Thoi tiet mua/nguy hiem, xac suat mua 100%. Dua drone ve tram sac de bao ve thiet bi."
An Giang,2026-05-27 17:00:00,32.1,60,100,28.8,36.3,0.38,HEALTHY,75.0,RETURN_TO_CHARGING,RETURN_TO_CHARGING,"RETURN_TO_CHARGING: Thoi tiet mua/nguy hiem, xac suat mua 100%. Dua drone ve tram sac de bao ve thiet bi."
Can Tho,2026-05-26 06:00:00,26.4,88,0,9.7,17.4,1.0,HEALTHY,100.0,TAKE_OFF,TAKE_OFF,"TAKE_OFF: Dieu kien bay chap nhan duoc. Gio 9.7 km/h, gio giat 17.4 km/h, xac suat mua 0%. De xuat flow-rate 100.0%."
Can Tho,2026-05-26 07:00:00,28.4,80,0,13.0,20.6,1.0,HEALTHY,100.0,TAKE_OFF,TAKE_OFF,"TAKE_OFF: Dieu kien bay chap nhan duoc. Gio 13.0 km/h, gio giat 20.6 km/h, xac suat mua 0%. De xuat flow-rate 100.0%."
Can Tho,2026-05-26 08:00:00,30.7,68,0,17.3,20.6,1.0,HEALTHY,90.0,TAKE_OFF,TAKE_OFF,"TAKE_OFF: Dieu kien bay chap nhan duoc. Gio 17.3 km/h, gio giat 20.6 km/h, xac suat mua 0%. De xuat flow-rate 90.0%."
Can Tho,2026-05-26 09:00:00,32.4,59,0,19.8,22.8,1.0,WATER_STRESS,98.0,TAKE_OFF,TAKE_OFF,"TAKE_OFF: Dieu kien bay chap nhan duoc. Gio 19.8 km/h, gio giat 22.8 km/h, xac suat mua 0%. De xuat flow-rate 98.0%."
Can Tho,2026-05-26 10:00:00,33.8,54,0,21.2,24.4,0.8,WATER_STRESS,98.0,LOCK_SPRAY,LOCK_SPRAY,LOCK_SPRAY: Khoa lenh phun vi gio/gio giat vuot nguong an toan (21.2/24.4 km/h). Tranh pesticide drift va mat on dinh UAV.
Can Tho,2026-05-26 11:00:00,34.8,50,0,21.6,24.8,0.8,WATER_STRESS,98.0,LOCK_SPRAY,LOCK_SPRAY,LOCK_SPRAY: Khoa lenh phun vi gio/gio giat vuot nguong an toan (21.6/24.8 km/h). Tranh pesticide drift va mat on dinh UAV.
Can Tho,2026-05-26 12:00:00,35.5,47,0,23.0,26.5,0.5,DRY_SOIL,93.0,LOCK_SPRAY,LOCK_SPRAY,LOCK_SPRAY: Khoa lenh phun vi gio/gio giat vuot nguong an toan (23.0/26.5 km/h). Tranh pesticide drift va mat on dinh UAV.
Can Tho,2026-05-26 13:00:00,35.7,46,61,24.1,27.8,0.23,HEALTHY,63.0,RETURN_TO_CHARGING,RETURN_TO_CHARGING,"RETURN_TO_CHARGING: Thoi tiet mua/nguy hiem, xac suat mua 61%. Dua drone ve tram sac de bao ve thiet bi."
Can Tho,2026-05-26 14:00:00,35.4,46,0,25.6,29.4,0.35,DRY_SOIL,93.0,LOCK_SPRAY,LOCK_SPRAY,LOCK_SPRAY: Khoa lenh phun vi gio/gio giat vuot nguong an toan (25.6/29.4 km/h). Tranh pesticide drift va mat on dinh UAV.
Can Tho,2026-05-26 15:00:00,34.9,47,0,25.6,29.4,0.65,WATER_STRESS,98.0,LOCK_SPRAY,LOCK_SPRAY,LOCK_SPRAY: Khoa lenh phun vi gio/gio giat vuot nguong an toan (25.6/29.4 km/h). Tranh pesticide drift va mat on dinh UAV.
Can Tho,2026-05-26 16:00:00,34.1,51,0,23.4,27.2,0.8,WATER_STRESS,98.0,LOCK_SPRAY,LOCK_SPRAY,LOCK_SPRAY: Khoa lenh phun vi gio/gio giat vuot nguong an toan (23.4/27.2 km/h). Tranh pesticide drift va mat on dinh UAV.
Can Tho,2026-05-26 17:00:00,32.7,56,0,23.8,31.0,0.65,WATER_STRESS,98.0,LOCK_SPRAY,LOCK_SPRAY,LOCK_SPRAY: Khoa lenh phun vi gio/gio giat vuot nguong an toan (23.8/31.0 km/h). Tranh pesticide drift va mat on dinh UAV.
Can Tho,2026-05-27 06:00:00,27.4,86,68,11.5,20.7,0.77,HEALTHY,85.0,RETURN_TO_CHARGING,RETURN_TO_CHARGING,"RETURN_TO_CHARGING: Thoi tiet mua/nguy hiem, xac suat mua 68%. Dua drone ve tram sac de bao ve thiet bi."
Can Tho,2026-05-27 07:00:00,28.8,80,0,12.6,22.6,0.96,HEALTHY,100.0,RETURN_TO_CHARGING,RETURN_TO_CHARGING,"RETURN_TO_CHARGING: Thoi tiet mua/nguy hiem, xac suat mua 0%. Dua drone ve tram sac de bao ve thiet bi."
Can Tho,2026-05-27 08:00:00,30.5,72,0,19.8,24.3,0.96,HEALTHY,90.0,RETURN_TO_CHARGING,RETURN_TO_CHARGING,"RETURN_TO_CHARGING: Thoi tiet mua/nguy hiem, xac suat mua 0%. Dua drone ve tram sac de bao ve thiet bi."
Can Tho,2026-05-27 09:00:00,32.0,63,0,22.3,25.7,0.71,WATER_STRESS,98.0,RETURN_TO_CHARGING,RETURN_TO_CHARGING,"RETURN_TO_CHARGING: Thoi tiet mua/nguy hiem, xac suat mua 0%. Dua drone ve tram sac de bao ve thiet bi."
Can Tho,2026-05-27 10:00:00,33.6,56,100,22.0,25.3,0.48,HEALTHY,75.0,RETURN_TO_CHARGING,RETURN_TO_CHARGING,"RETURN_TO_CHARGING: Thoi tiet mua/nguy hiem, xac suat mua 100%. Dua drone ve tram sac de bao ve thiet bi."
Can Tho,2026-05-27 11:00:00,33.7,56,100,20.5,25.9,0.52,HEALTHY,75.0,RETURN_TO_CHARGING,RETURN_TO_CHARGING,"RETURN_TO_CHARGING: Thoi tiet mua/nguy hiem, xac suat mua 100%. Dua drone ve tram sac de bao ve thiet bi."
Can Tho,2026-05-27 12:00:00,33.3,57,100,18.7,25.0,0.72,HEALTHY,75.0,RETURN_TO_CHARGING,RETURN_TO_CHARGING,"RETURN_TO_CHARGING: Thoi tiet mua/nguy hiem, xac suat mua 100%. Dua drone ve tram sac de bao ve thiet bi."
Can Tho,2026-05-27 13:00:00,33.7,55,0,18.4,24.8,0.91,WATER_STRESS,98.0,RETURN_TO_CHARGING,RETURN_TO_CHARGING,"RETURN_TO_CHARGING: Thoi tiet mua/nguy hiem, xac suat mua 0%. Dua drone ve tram sac de bao ve thiet bi."
Can Tho,2026-05-27 14:00:00,33.0,56,0,20.9,28.1,0.61,WATER_STRESS,98.0,RETURN_TO_CHARGING,RETURN_TO_CHARGING,"RETURN_TO_CHARGING: Thoi tiet mua/nguy hiem, xac suat mua 0%. Dua drone ve tram sac de bao ve thiet bi."
Can Tho,2026-05-27 15:00:00,32.6,57,0,21.2,29.6,0.65,WATER_STRESS,98.0,LOCK_SPRAY,LOCK_SPRAY,LOCK_SPRAY: Khoa lenh phun vi gio/gio giat vuot nguong an toan (21.2/29.6 km/h). Tranh pesticide drift va mat on dinh UAV.
Can Tho,2026-05-27 16:00:00,32.0,60,0,19.8,28.8,0.85,WATER_STRESS,98.0,LOCK_SPRAY,LOCK_SPRAY,LOCK_SPRAY: Khoa lenh phun vi gio/gio giat vuot nguong an toan (19.8/28.8 km/h). Tranh pesticide drift va mat on dinh UAV.
Can Tho,2026-05-27 17:00:00,31.0,63,0,21.2,31.2,0.65,HEALTHY,90.0,LOCK_SPRAY,LOCK_SPRAY,LOCK_SPRAY: Khoa lenh phun vi gio/gio giat vuot nguong an toan (21.2/31.2 km/h). Tranh pesticide drift va mat on dinh UAV.
Dong Thap,2026-05-26 06:00:00,26.6,85,0,9.4,17.2,1.0,HEALTHY,100.0,TAKE_OFF,TAKE_OFF,"TAKE_OFF: Dieu kien bay chap nhan duoc. Gio 9.4 km/h, gio giat 17.2 km/h, xac suat mua 0%. De xuat flow-rate 100.0%."
Dong Thap,2026-05-26 07:00:00,28.6,78,0,13.7,20.7,1.0,HEALTHY,100.0,TAKE_OFF,TAKE_OFF,"TAKE_OFF: Dieu kien bay chap nhan duoc. Gio 13.7 km/h, gio giat 20.7 km/h, xac suat mua 0%. De xuat flow-rate 100.0%."
Dong Thap,2026-05-26 08:00:00,30.6,67,0,18.0,21.8,1.0,HEALTHY,90.0,TAKE_OFF,TAKE_OFF,"TAKE_OFF: Dieu kien bay chap nhan duoc. Gio 18.0 km/h, gio giat 21.8 km/h, xac suat mua 0%. De xuat flow-rate 90.0%."
Dong Thap,2026-05-26 09:00:00,32.2,60,0,20.5,23.6,0.8,WATER_STRESS,98.0,LOCK_SPRAY,LOCK_SPRAY,LOCK_SPRAY: Khoa lenh phun vi gio/gio giat vuot nguong an toan (20.5/23.6 km/h). Tranh pesticide drift va mat on dinh UAV.
Dong Thap,2026-05-26 10:00:00,33.7,54,0,21.2,24.4,0.8,WATER_STRESS,98.0,LOCK_SPRAY,LOCK_SPRAY,LOCK_SPRAY: Khoa lenh phun vi gio/gio giat vuot nguong an toan (21.2/24.4 km/h). Tranh pesticide drift va mat on dinh UAV.
Dong Thap,2026-05-26 11:00:00,34.8,50,0,20.9,24.0,0.8,WATER_STRESS,98.0,LOCK_SPRAY,LOCK_SPRAY,LOCK_SPRAY: Khoa lenh phun vi gio/gio giat vuot nguong an toan (20.9/24.0 km/h). Tranh pesticide drift va mat on dinh UAV.
Dong Thap,2026-05-26 12:00:00,35.5,48,0,23.8,27.3,0.46,DRY_SOIL,93.0,RETURN_TO_CHARGING,RETURN_TO_CHARGING,"RETURN_TO_CHARGING: Thoi tiet mua/nguy hiem, xac suat mua 0%. Dua drone ve tram sac de bao ve thiet bi."
Dong Thap,2026-05-26 13:00:00,35.4,48,62,25.2,29.0,0.08,HEALTHY,63.0,RETURN_TO_CHARGING,RETURN_TO_CHARGING,"RETURN_TO_CHARGING: Thoi tiet mua/nguy hiem, xac suat mua 62%. Dua drone ve tram sac de bao ve thiet bi."
Dong Thap,2026-05-26 14:00:00,34.5,50,0,25.6,32.8,0.61,WATER_STRESS,98.0,RETURN_TO_CHARGING,RETURN_TO_CHARGING,"RETURN_TO_CHARGING: Thoi tiet mua/nguy hiem, xac suat mua 0%. Dua drone ve tram sac de bao ve thiet bi."
Dong Thap,2026-05-26 15:00:00,34.5,49,0,27.0,32.8,0.65,WATER_STRESS,98.0,LOCK_SPRAY,LOCK_SPRAY,LOCK_SPRAY: Khoa lenh phun vi gio/gio giat vuot nguong an toan (27.0/32.8 km/h). Tranh pesticide drift va mat on dinh UAV.
Dong Thap,2026-05-26 16:00:00,33.1,55,0,25.2,33.1,0.61,WATER_STRESS,98.0,RETURN_TO_CHARGING,RETURN_TO_CHARGING,"RETURN_TO_CHARGING: Thoi tiet mua/nguy hiem, xac suat mua 0%. Dua drone ve tram sac de bao ve thiet bi."
Dong Thap,2026-05-26 17:00:00,32.2,60,0,26.3,35.4,0.65,WATER_STRESS,98.0,LOCK_SPRAY,LOCK_SPRAY,LOCK_SPRAY: Khoa lenh phun vi gio/gio giat vuot nguong an toan (26.3/35.4 km/h). Tranh pesticide drift va mat on dinh UAV.
Dong Thap,2026-05-27 06:00:00,27.1,87,100,9.7,17.2,0.77,HEALTHY,85.0,RETURN_TO_CHARGING,RETURN_TO_CHARGING,"RETURN_TO_CHARGING: Thoi tiet mua/nguy hiem, xac suat mua 100%. Dua drone ve tram sac de bao ve thiet bi."
Dong Thap,2026-05-27 07:00:00,28.4,82,0,13.3,19.9,0.96,HEALTHY,100.0,RETURN_TO_CHARGING,RETURN_TO_CHARGING,"RETURN_TO_CHARGING: Thoi tiet mua/nguy hiem, xac suat mua 0%. Dua drone ve tram sac de bao ve thiet bi."
Dong Thap,2026-05-27 08:00:00,30.3,72,0,21.6,27.5,0.76,HEALTHY,90.0,RETURN_TO_CHARGING,RETURN_TO_CHARGING,"RETURN_TO_CHARGING: Thoi tiet mua/nguy hiem, xac suat mua 0%. Dua drone ve tram sac de bao ve thiet bi."
Dong Thap,2026-05-27 09:00:00,31.8,65,0,23.0,26.5,0.71,HEALTHY,90.0,RETURN_TO_CHARGING,RETURN_TO_CHARGING,"RETURN_TO_CHARGING: Thoi tiet mua/nguy hiem, xac suat mua 0%. Dua drone ve tram sac de bao ve thiet bi."
Dong Thap,2026-05-27 10:00:00,33.4,57,100,23.4,26.9,0.48,HEALTHY,75.0,RETURN_TO_CHARGING,RETURN_TO_CHARGING,"RETURN_TO_CHARGING: Thoi tiet mua/nguy hiem, xac suat mua 100%. Dua drone ve tram sac de bao ve thiet bi."
Dong Thap,2026-05-27 11:00:00,34.3,53,66,21.6,24.8,0.48,HEALTHY,75.0,RETURN_TO_CHARGING,RETURN_TO_CHARGING,"RETURN_TO_CHARGING: Thoi tiet mua/nguy hiem, xac suat mua 66%. Dua drone ve tram sac de bao ve thiet bi."
Dong Thap,2026-05-27 12:00:00,34.8,50,80,22.3,26.4,0.48,HEALTHY,75.0,RETURN_TO_CHARGING,RETURN_TO_CHARGING,"RETURN_TO_CHARGING: Thoi tiet mua/nguy hiem, xac suat mua 80%. Dua drone ve tram sac de bao ve thiet bi."
Dong Thap,2026-05-27 13:00:00,34.1,52,0,23.0,27.5,0.76,WATER_STRESS,98.0,RETURN_TO_CHARGING,RETURN_TO_CHARGING,"RETURN_TO_CHARGING: Thoi tiet mua/nguy hiem, xac suat mua 0%. Dua drone ve tram sac de bao ve thiet bi."
Dong Thap,2026-05-27 14:00:00,33.0,57,0,22.0,30.0,0.61,WATER_STRESS,98.0,RETURN_TO_CHARGING,RETURN_TO_CHARGING,"RETURN_TO_CHARGING: Thoi tiet mua/nguy hiem, xac suat mua 0%. Dua drone ve tram sac de bao ve thiet bi."
Dong Thap,2026-05-27 15:00:00,33.7,54,0,24.8,30.6,0.61,WATER_STRESS,98.0,RETURN_TO_CHARGING,RETURN_TO_CHARGING,"RETURN_TO_CHARGING: Thoi tiet mua/nguy hiem, xac suat mua 0%. Dua drone ve tram sac de bao ve thiet bi."
Dong Thap,2026-05-27 16:00:00,32.8,59,0,24.5,32.0,0.61,WATER_STRESS,98.0,RETURN_TO_CHARGING,RETURN_TO_CHARGING,"RETURN_TO_CHARGING: Thoi tiet mua/nguy hiem, xac suat mua 0%. Dua drone ve tram sac de bao ve thiet bi."
Dong Thap,2026-05-27 17:00:00,31.8,63,0,24.8,33.9,0.65,HEALTHY,90.0,LOCK_SPRAY,LOCK_SPRAY,LOCK_SPRAY: Khoa lenh phun vi gio/gio giat vuot nguong an toan (24.8/33.9 km/h). Tranh pesticide drift va mat on dinh UAV.
Ha Noi,2026-05-26 06:00:00,29.4,64,0,8.6,18.1,1.0,HEALTHY,100.0,TAKE_OFF,TAKE_OFF,"TAKE_OFF: Dieu kien bay chap nhan duoc. Gio 8.6 km/h, gio giat 18.1 km/h, xac suat mua 0%. De xuat flow-rate 100.0%."
Ha Noi,2026-05-26 07:00:00,31.5,57,0,9.4,14.7,1.0,HEALTHY,100.0,TAKE_OFF,TAKE_OFF,"TAKE_OFF: Dieu kien bay chap nhan duoc. Gio 9.4 km/h, gio giat 14.7 km/h, xac suat mua 0%. De xuat flow-rate 100.0%."
Ha Noi,2026-05-26 08:00:00,34.0,48,0,11.9,15.0,1.0,WATER_STRESS,108.0,TAKE_OFF,TAKE_OFF,"TAKE_OFF: Dieu kien bay chap nhan duoc. Gio 11.9 km/h, gio giat 15.0 km/h, xac suat mua 0%. De xuat flow-rate 108.0%."
Ha Noi,2026-05-26 09:00:00,35.9,42,0,14.4,16.6,0.7,DRY_SOIL,103.0,DELAY_FLIGHT,DELAY_FLIGHT,DELAY_FLIGHT: Tam hoan bay do nhiet do 35.9C hoac rui ro mua 0%. Kiem tra lai khung gio ke tiep.
Ha Noi,2026-05-26 10:00:00,37.2,39,0,16.6,19.0,0.7,DRY_SOIL,93.0,DELAY_FLIGHT,DELAY_FLIGHT,DELAY_FLIGHT: Tam hoan bay do nhiet do 37.2C hoac rui ro mua 0%. Kiem tra lai khung gio ke tiep.
Ha Noi,2026-05-26 11:00:00,37.2,48,0,18.4,21.1,0.7,DRY_SOIL,93.0,DELAY_FLIGHT,DELAY_FLIGHT,DELAY_FLIGHT: Tam hoan bay do nhiet do 37.2C hoac rui ro mua 0%. Kiem tra lai khung gio ke tiep.
Ha Noi,2026-05-26 12:00:00,39.4,34,0,16.9,19.5,0.7,DRY_SOIL,93.0,DELAY_FLIGHT,DELAY_FLIGHT,DELAY_FLIGHT: Tam hoan bay do nhiet do 39.4C hoac rui ro mua 0%. Kiem tra lai khung gio ke tiep.
Ha Noi,2026-05-26 13:00:00,40.2,32,0,15.8,18.2,0.7,DRY_SOIL,93.0,DELAY_FLIGHT,DELAY_FLIGHT,DELAY_FLIGHT: Tam hoan bay do nhiet do 40.2C hoac rui ro mua 0%. Kiem tra lai khung gio ke tiep.
Ha Noi,2026-05-26 14:00:00,40.9,30,0,13.3,15.3,0.7,DRY_SOIL,103.0,DELAY_FLIGHT,DELAY_FLIGHT,DELAY_FLIGHT: Tam hoan bay do nhiet do 40.9C hoac rui ro mua 0%. Kiem tra lai khung gio ke tiep.
Ha Noi,2026-05-26 15:00:00,41.2,30,0,12.2,14.1,0.7,DRY_SOIL,103.0,DELAY_FLIGHT,DELAY_FLIGHT,DELAY_FLIGHT: Tam hoan bay do nhiet do 41.2C hoac rui ro mua 0%. Kiem tra lai khung gio ke tiep.
Ha Noi,2026-05-26 16:00:00,40.7,32,0,7.9,10.5,0.7,DRY_SOIL,103.0,DELAY_FLIGHT,DELAY_FLIGHT,DELAY_FLIGHT: Tam hoan bay do nhiet do 40.7C hoac rui ro mua 0%. Kiem tra lai khung gio ke tiep.
Ha Noi,2026-05-26 17:00:00,39.2,37,0,2.9,4.8,0.66,DRY_SOIL,103.0,RETURN_TO_CHARGING,RETURN_TO_CHARGING,"RETURN_TO_CHARGING: Thoi tiet mua/nguy hiem, xac suat mua 0%. Dua drone ve tram sac de bao ve thiet bi."
Ha Noi,2026-05-27 06:00:00,29.5,81,100,9.4,14.3,0.73,HEALTHY,85.0,RETURN_TO_CHARGING,RETURN_TO_CHARGING,"RETURN_TO_CHARGING: Thoi tiet mua/nguy hiem, xac suat mua 100%. Dua drone ve tram sac de bao ve thiet bi."
Ha Noi,2026-05-27 07:00:00,30.8,75,0,10.8,14.2,0.96,HEALTHY,100.0,RETURN_TO_CHARGING,RETURN_TO_CHARGING,"RETURN_TO_CHARGING: Thoi tiet mua/nguy hiem, xac suat mua 0%. Dua drone ve tram sac de bao ve thiet bi."
Ha Noi,2026-05-27 08:00:00,32.3,67,0,7.6,9.1,0.96,WATER_STRESS,108.0,RETURN_TO_CHARGING,RETURN_TO_CHARGING,"RETURN_TO_CHARGING: Thoi tiet mua/nguy hiem, xac suat mua 0%. Dua drone ve tram sac de bao ve thiet bi."
Ha Noi,2026-05-27 09:00:00,34.5,58,0,4.3,5.0,0.96,WATER_STRESS,108.0,RETURN_TO_CHARGING,RETURN_TO_CHARGING,"RETURN_TO_CHARGING: Thoi tiet mua/nguy hiem, xac suat mua 0%. Dua drone ve tram sac de bao ve thiet bi."
Ha Noi,2026-05-27 10:00:00,36.5,50,0,2.9,3.3,0.66,DRY_SOIL,103.0,RETURN_TO_CHARGING,RETURN_TO_CHARGING,"RETURN_TO_CHARGING: Thoi tiet mua/nguy hiem, xac suat mua 0%. Dua drone ve tram sac de bao ve thiet bi."
Ha Noi,2026-05-27 11:00:00,38.3,43,0,1.1,1.3,0.7,DRY_SOIL,103.0,DELAY_FLIGHT,DELAY_FLIGHT,DELAY_FLIGHT: Tam hoan bay do nhiet do 38.3C hoac rui ro mua 0%. Kiem tra lai khung gio ke tiep.
Ha Noi,2026-05-27 12:00:00,39.6,38,0,2.2,2.5,0.7,DRY_SOIL,103.0,DELAY_FLIGHT,DELAY_FLIGHT,DELAY_FLIGHT: Tam hoan bay do nhiet do 39.6C hoac rui ro mua 0%. Kiem tra lai khung gio ke tiep.
Ha Noi,2026-05-27 13:00:00,40.0,36,0,3.6,4.1,0.7,DRY_SOIL,103.0,DELAY_FLIGHT,DELAY_FLIGHT,DELAY_FLIGHT: Tam hoan bay do nhiet do 40.0C hoac rui ro mua 0%. Kiem tra lai khung gio ke tiep.
Ha Noi,2026-05-27 14:00:00,40.4,35,0,4.3,5.0,0.66,DRY_SOIL,103.0,RETURN_TO_CHARGING,RETURN_TO_CHARGING,"RETURN_TO_CHARGING: Thoi tiet mua/nguy hiem, xac suat mua 0%. Dua drone ve tram sac de bao ve thiet bi."
Ha Noi,2026-05-27 15:00:00,39.6,39,0,11.9,13.7,0.66,DRY_SOIL,103.0,RETURN_TO_CHARGING,RETURN_TO_CHARGING,"RETURN_TO_CHARGING: Thoi tiet mua/nguy hiem, xac suat mua 0%. Dua drone ve tram sac de bao ve thiet bi."
Ha Noi,2026-05-27 16:00:00,38.0,45,0,22.3,26.9,0.46,DRY_SOIL,93.0,RETURN_TO_CHARGING,RETURN_TO_CHARGING,"RETURN_TO_CHARGING: Thoi tiet mua/nguy hiem, xac suat mua 0%. Dua drone ve tram sac de bao ve thiet bi."
Ha Noi,2026-05-27 17:00:00,35.5,55,0,25.9,34.2,0.31,DRY_SOIL,93.0,RETURN_TO_CHARGING,RETURN_TO_CHARGING,"RETURN_TO_CHARGING: Thoi tiet mua/nguy hiem, xac suat mua 0%. Dua drone ve tram sac de bao ve thiet bi."
Ho Chi Minh,2026-05-26 06:00:00,27.9,78,0,6.1,8.9,1.0,HEALTHY,100.0,TAKE_OFF,TAKE_OFF,"TAKE_OFF: Dieu kien bay chap nhan duoc. Gio 6.1 km/h, gio giat 8.9 km/h, xac suat mua 0%. De xuat flow-rate 100.0%."
Ho Chi Minh,2026-05-26 07:00:00,29.1,72,0,5.8,7.3,1.0,HEALTHY,100.0,TAKE_OFF,TAKE_OFF,"TAKE_OFF: Dieu kien bay chap nhan duoc. Gio 5.8 km/h, gio giat 7.3 km/h, xac suat mua 0%. De xuat flow-rate 100.0%."
Ho Chi Minh,2026-05-26 08:00:00,31.0,62,0,8.3,9.5,1.0,HEALTHY,100.0,TAKE_OFF,TAKE_OFF,"TAKE_OFF: Dieu kien bay chap nhan duoc. Gio 8.3 km/h, gio giat 9.5 km/h, xac suat mua 0%. De xuat flow-rate 100.0%."
Ho Chi Minh,2026-05-26 09:00:00,32.8,54,0,11.2,12.9,1.0,WATER_STRESS,108.0,TAKE_OFF,TAKE_OFF,"TAKE_OFF: Dieu kien bay chap nhan duoc. Gio 11.2 km/h, gio giat 12.9 km/h, xac suat mua 0%. De xuat flow-rate 108.0%."
Ho Chi Minh,2026-05-26 10:00:00,34.2,48,0,13.0,14.9,1.0,WATER_STRESS,108.0,TAKE_OFF,TAKE_OFF,"TAKE_OFF: Dieu kien bay chap nhan duoc. Gio 13.0 km/h, gio giat 14.9 km/h, xac suat mua 0%. De xuat flow-rate 108.0%."
Ho Chi Minh,2026-05-26 11:00:00,34.3,60,0,13.3,15.3,1.0,WATER_STRESS,108.0,TAKE_OFF,TAKE_OFF,"TAKE_OFF: Dieu kien bay chap nhan duoc. Gio 13.3 km/h, gio giat 15.3 km/h, xac suat mua 0%. De xuat flow-rate 108.0%."
Ho Chi Minh,2026-05-26 12:00:00,36.8,40,0,13.3,15.3,0.65,DRY_SOIL,103.0,DELAY_FLIGHT,DELAY_FLIGHT,DELAY_FLIGHT: Tam hoan bay do nhiet do 36.8C hoac rui ro mua 0%. Kiem tra lai khung gio ke tiep.
Ho Chi Minh,2026-05-26 13:00:00,37.4,38,100,14.0,16.2,0.42,HEALTHY,73.0,RETURN_TO_CHARGING,RETURN_TO_CHARGING,"RETURN_TO_CHARGING: Thoi tiet mua/nguy hiem, xac suat mua 100%. Dua drone ve tram sac de bao ve thiet bi."
Ho Chi Minh,2026-05-26 14:00:00,37.0,38,100,13.3,15.5,0.42,HEALTHY,73.0,RETURN_TO_CHARGING,RETURN_TO_CHARGING,"RETURN_TO_CHARGING: Thoi tiet mua/nguy hiem, xac suat mua 100%. Dua drone ve tram sac de bao ve thiet bi."
Ho Chi Minh,2026-05-26 15:00:00,35.5,43,0,13.0,17.1,0.7,DRY_SOIL,103.0,DELAY_FLIGHT,DELAY_FLIGHT,DELAY_FLIGHT: Tam hoan bay do nhiet do 35.5C hoac rui ro mua 0%. Kiem tra lai khung gio ke tiep.
Ho Chi Minh,2026-05-26 16:00:00,34.4,48,0,15.8,22.0,1.0,WATER_STRESS,98.0,TAKE_OFF,TAKE_OFF,"TAKE_OFF: Dieu kien bay chap nhan duoc. Gio 15.8 km/h, gio giat 22.0 km/h, xac suat mua 0%. De xuat flow-rate 98.0%."
Ho Chi Minh,2026-05-26 17:00:00,34.1,49,0,18.0,25.1,1.0,WATER_STRESS,98.0,TAKE_OFF,TAKE_OFF,"TAKE_OFF: Dieu kien bay chap nhan duoc. Gio 18.0 km/h, gio giat 25.1 km/h, xac suat mua 0%. De xuat flow-rate 98.0%."
Ho Chi Minh,2026-05-27 06:00:00,28.0,81,0,10.4,15.8,1.0,HEALTHY,100.0,TAKE_OFF,TAKE_OFF,"TAKE_OFF: Dieu kien bay chap nhan duoc. Gio 10.4 km/h, gio giat 15.8 km/h, xac suat mua 0%. De xuat flow-rate 100.0%."
Ho Chi Minh,2026-05-27 07:00:00,29.1,76,0,11.2,16.6,1.0,HEALTHY,100.0,TAKE_OFF,TAKE_OFF,"TAKE_OFF: Dieu kien bay chap nhan duoc. Gio 11.2 km/h, gio giat 16.6 km/h, xac suat mua 0%. De xuat flow-rate 100.0%."
Ho Chi Minh,2026-05-27 08:00:00,30.2,70,0,11.5,14.0,1.0,HEALTHY,100.0,TAKE_OFF,TAKE_OFF,"TAKE_OFF: Dieu kien bay chap nhan duoc. Gio 11.5 km/h, gio giat 14.0 km/h, xac suat mua 0%. De xuat flow-rate 100.0%."
Ho Chi Minh,2026-05-27 09:00:00,31.6,63,0,11.2,12.9,1.0,HEALTHY,100.0,TAKE_OFF,TAKE_OFF,"TAKE_OFF: Dieu kien bay chap nhan duoc. Gio 11.2 km/h, gio giat 12.9 km/h, xac suat mua 0%. De xuat flow-rate 100.0%."
Ho Chi Minh,2026-05-27 10:00:00,33.6,54,80,12.2,14.1,0.77,HEALTHY,85.0,RETURN_TO_CHARGING,RETURN_TO_CHARGING,"RETURN_TO_CHARGING: Thoi tiet mua/nguy hiem, xac suat mua 80%. Dua drone ve tram sac de bao ve thiet bi."
Ho Chi Minh,2026-05-27 11:00:00,35.2,47,0,12.2,14.1,0.65,DRY_SOIL,103.0,DELAY_FLIGHT,DELAY_FLIGHT,DELAY_FLIGHT: Tam hoan bay do nhiet do 35.2C hoac rui ro mua 0%. Kiem tra lai khung gio ke tiep.
Ho Chi Minh,2026-05-27 12:00:00,36.0,44,100,11.9,13.7,0.42,HEALTHY,73.0,RETURN_TO_CHARGING,RETURN_TO_CHARGING,"RETURN_TO_CHARGING: Thoi tiet mua/nguy hiem, xac suat mua 100%. Dua drone ve tram sac de bao ve thiet bi."
Ho Chi Minh,2026-05-27 13:00:00,35.5,45,100,14.4,16.7,0.42,HEALTHY,73.0,RETURN_TO_CHARGING,RETURN_TO_CHARGING,"RETURN_TO_CHARGING: Thoi tiet mua/nguy hiem, xac suat mua 100%. Dua drone ve tram sac de bao ve thiet bi."
Ho Chi Minh,2026-05-27 14:00:00,34.7,48,77,17.3,21.6,0.68,HEALTHY,75.0,RETURN_TO_CHARGING,RETURN_TO_CHARGING,"RETURN_TO_CHARGING: Thoi tiet mua/nguy hiem, xac suat mua 77%. Dua drone ve tram sac de bao ve thiet bi."
Ho Chi Minh,2026-05-27 15:00:00,35.0,47,0,19.4,23.2,0.96,DRY_SOIL,93.0,RETURN_TO_CHARGING,RETURN_TO_CHARGING,"RETURN_TO_CHARGING: Thoi tiet mua/nguy hiem, xac suat mua 0%. Dua drone ve tram sac de bao ve thiet bi."
Ho Chi Minh,2026-05-27 16:00:00,34.2,50,0,20.5,26.0,0.8,WATER_STRESS,98.0,LOCK_SPRAY,LOCK_SPRAY,LOCK_SPRAY: Khoa lenh phun vi gio/gio giat vuot nguong an toan (20.5/26.0 km/h). Tranh pesticide drift va mat on dinh UAV.
Ho Chi Minh,2026-05-27 17:00:00,33.8,51,85,18.4,24.6,0.77,HEALTHY,75.0,RETURN_TO_CHARGING,RETURN_TO_CHARGING,"RETURN_TO_CHARGING: Thoi tiet mua/nguy hiem, xac suat mua 85%. Dua drone ve tram sac de bao ve thiet bi."
Long An,2026-05-26 06:00:00,26.9,85,0,6.1,9.5,1.0,HEALTHY,100.0,TAKE_OFF,TAKE_OFF,"TAKE_OFF: Dieu kien bay chap nhan duoc. Gio 6.1 km/h, gio giat 9.5 km/h, xac suat mua 0%. De xuat flow-rate 100.0%."
Long An,2026-05-26 07:00:00,28.5,76,0,7.6,9.6,1.0,HEALTHY,100.0,TAKE_OFF,TAKE_OFF,"TAKE_OFF: Dieu kien bay chap nhan duoc. Gio 7.6 km/h, gio giat 9.6 km/h, xac suat mua 0%. De xuat flow-rate 100.0%."
Long An,2026-05-26 08:00:00,30.5,66,0,10.4,12.0,1.0,HEALTHY,100.0,TAKE_OFF,TAKE_OFF,"TAKE_OFF: Dieu kien bay chap nhan duoc. Gio 10.4 km/h, gio giat 12.0 km/h, xac suat mua 0%. De xuat flow-rate 100.0%."
Long An,2026-05-26 09:00:00,32.3,57,0,12.6,14.5,1.0,WATER_STRESS,108.0,TAKE_OFF,TAKE_OFF,"TAKE_OFF: Dieu kien bay chap nhan duoc. Gio 12.6 km/h, gio giat 14.5 km/h, xac suat mua 0%. De xuat flow-rate 108.0%."
Long An,2026-05-26 10:00:00,33.9,50,0,12.6,14.5,1.0,WATER_STRESS,108.0,TAKE_OFF,TAKE_OFF,"TAKE_OFF: Dieu kien bay chap nhan duoc. Gio 12.6 km/h, gio giat 14.5 km/h, xac suat mua 0%. De xuat flow-rate 108.0%."
Long An,2026-05-26 11:00:00,34.3,60,0,13.3,15.3,1.0,WATER_STRESS,108.0,TAKE_OFF,TAKE_OFF,"TAKE_OFF: Dieu kien bay chap nhan duoc. Gio 13.3 km/h, gio giat 15.3 km/h, xac suat mua 0%. De xuat flow-rate 108.0%."
Long An,2026-05-26 12:00:00,36.5,42,0,13.7,15.7,0.65,DRY_SOIL,103.0,DELAY_FLIGHT,DELAY_FLIGHT,DELAY_FLIGHT: Tam hoan bay do nhiet do 36.5C hoac rui ro mua 0%. Kiem tra lai khung gio ke tiep.
Long An,2026-05-26 13:00:00,37.2,39,100,14.0,16.2,0.47,HEALTHY,73.0,RETURN_TO_CHARGING,RETURN_TO_CHARGING,"RETURN_TO_CHARGING: Thoi tiet mua/nguy hiem, xac suat mua 100%. Dua drone ve tram sac de bao ve thiet bi."
Long An,2026-05-26 14:00:00,36.3,42,100,16.2,18.8,0.47,HEALTHY,63.0,RETURN_TO_CHARGING,RETURN_TO_CHARGING,"RETURN_TO_CHARGING: Thoi tiet mua/nguy hiem, xac suat mua 100%. Dua drone ve tram sac de bao ve thiet bi."
Long An,2026-05-26 15:00:00,33.8,52,0,16.9,23.9,1.0,WATER_STRESS,98.0,TAKE_OFF,TAKE_OFF,"TAKE_OFF: Dieu kien bay chap nhan duoc. Gio 16.9 km/h, gio giat 23.9 km/h, xac suat mua 0%. De xuat flow-rate 98.0%."
Long An,2026-05-26 16:00:00,33.7,52,0,16.2,22.6,1.0,WATER_STRESS,98.0,TAKE_OFF,TAKE_OFF,"TAKE_OFF: Dieu kien bay chap nhan duoc. Gio 16.2 km/h, gio giat 22.6 km/h, xac suat mua 0%. De xuat flow-rate 98.0%."
Long An,2026-05-26 17:00:00,33.2,53,0,15.5,23.0,1.0,WATER_STRESS,98.0,TAKE_OFF,TAKE_OFF,"TAKE_OFF: Dieu kien bay chap nhan duoc. Gio 15.5 km/h, gio giat 23.0 km/h, xac suat mua 0%. De xuat flow-rate 98.0%."
Long An,2026-05-27 06:00:00,27.6,82,0,11.9,18.0,1.0,HEALTHY,100.0,TAKE_OFF,TAKE_OFF,"TAKE_OFF: Dieu kien bay chap nhan duoc. Gio 11.9 km/h, gio giat 18.0 km/h, xac suat mua 0%. De xuat flow-rate 100.0%."
Long An,2026-05-27 07:00:00,28.8,78,0,14.4,21.4,0.96,HEALTHY,100.0,RETURN_TO_CHARGING,RETURN_TO_CHARGING,"RETURN_TO_CHARGING: Thoi tiet mua/nguy hiem, xac suat mua 0%. Dua drone ve tram sac de bao ve thiet bi."
Long An,2026-05-27 08:00:00,30.6,69,100,16.2,18.7,0.73,HEALTHY,75.0,RETURN_TO_CHARGING,RETURN_TO_CHARGING,"RETURN_TO_CHARGING: Thoi tiet mua/nguy hiem, xac suat mua 100%. Dua drone ve tram sac de bao ve thiet bi."
Long An,2026-05-27 09:00:00,32.1,62,83,15.8,18.2,0.77,HEALTHY,75.0,RETURN_TO_CHARGING,RETURN_TO_CHARGING,"RETURN_TO_CHARGING: Thoi tiet mua/nguy hiem, xac suat mua 83%. Dua drone ve tram sac de bao ve thiet bi."
Long An,2026-05-27 10:00:00,33.8,54,63,15.5,17.8,0.77,HEALTHY,75.0,RETURN_TO_CHARGING,RETURN_TO_CHARGING,"RETURN_TO_CHARGING: Thoi tiet mua/nguy hiem, xac suat mua 63%. Dua drone ve tram sac de bao ve thiet bi."
Long An,2026-05-27 11:00:00,35.3,48,76,16.2,18.6,0.38,HEALTHY,63.0,RETURN_TO_CHARGING,RETURN_TO_CHARGING,"RETURN_TO_CHARGING: Thoi tiet mua/nguy hiem, xac suat mua 76%. Dua drone ve tram sac de bao ve thiet bi."
Long An,2026-05-27 12:00:00,35.5,46,100,15.8,18.7,0.42,HEALTHY,63.0,RETURN_TO_CHARGING,RETURN_TO_CHARGING,"RETURN_TO_CHARGING: Thoi tiet mua/nguy hiem, xac suat mua 100%. Dua drone ve tram sac de bao ve thiet bi."
Long An,2026-05-27 13:00:00,34.4,50,100,15.1,18.8,0.77,HEALTHY,75.0,RETURN_TO_CHARGING,RETURN_TO_CHARGING,"RETURN_TO_CHARGING: Thoi tiet mua/nguy hiem, xac suat mua 100%. Dua drone ve tram sac de bao ve thiet bi."
Long An,2026-05-27 14:00:00,33.8,52,0,14.8,19.5,0.96,WATER_STRESS,108.0,RETURN_TO_CHARGING,RETURN_TO_CHARGING,"RETURN_TO_CHARGING: Thoi tiet mua/nguy hiem, xac suat mua 0%. Dua drone ve tram sac de bao ve thiet bi."
Long An,2026-05-27 15:00:00,33.6,53,0,15.8,20.7,0.96,WATER_STRESS,98.0,RETURN_TO_CHARGING,RETURN_TO_CHARGING,"RETURN_TO_CHARGING: Thoi tiet mua/nguy hiem, xac suat mua 0%. Dua drone ve tram sac de bao ve thiet bi."
Long An,2026-05-27 16:00:00,33.8,52,0,17.6,23.2,1.0,WATER_STRESS,98.0,TAKE_OFF,TAKE_OFF,"TAKE_OFF: Dieu kien bay chap nhan duoc. Gio 17.6 km/h, gio giat 23.2 km/h, xac suat mua 0%. De xuat flow-rate 98.0%."
Long An,2026-05-27 17:00:00,33.6,53,0,16.9,23.1,1.0,WATER_STRESS,98.0,TAKE_OFF,TAKE_OFF,"TAKE_OFF: Dieu kien bay chap nhan duoc. Gio 16.9 km/h, gio giat 23.1 km/h, xac suat mua 0%. De xuat flow-rate 98.0%."
Tien Giang,2026-05-26 06:00:00,26.2,89,0,4.7,7.8,1.0,HEALTHY,100.0,TAKE_OFF,TAKE_OFF,"TAKE_OFF: Dieu kien bay chap nhan duoc. Gio 4.7 km/h, gio giat 7.8 km/h, xac suat mua 0%. De xuat flow-rate 100.0%."
Tien Giang,2026-05-26 07:00:00,28.0,80,0,7.9,10.4,1.0,HEALTHY,100.0,TAKE_OFF,TAKE_OFF,"TAKE_OFF: Dieu kien bay chap nhan duoc. Gio 7.9 km/h, gio giat 10.4 km/h, xac suat mua 0%. De xuat flow-rate 100.0%."
Tien Giang,2026-05-26 08:00:00,30.1,69,0,10.8,12.6,1.0,HEALTHY,100.0,TAKE_OFF,TAKE_OFF,"TAKE_OFF: Dieu kien bay chap nhan duoc. Gio 10.8 km/h, gio giat 12.6 km/h, xac suat mua 0%. De xuat flow-rate 100.0%."
Tien Giang,2026-05-26 09:00:00,32.2,58,0,12.2,14.1,1.0,WATER_STRESS,108.0,TAKE_OFF,TAKE_OFF,"TAKE_OFF: Dieu kien bay chap nhan duoc. Gio 12.2 km/h, gio giat 14.1 km/h, xac suat mua 0%. De xuat flow-rate 108.0%."
Tien Giang,2026-05-26 10:00:00,34.0,50,0,12.2,14.1,1.0,WATER_STRESS,108.0,TAKE_OFF,TAKE_OFF,"TAKE_OFF: Dieu kien bay chap nhan duoc. Gio 12.2 km/h, gio giat 14.1 km/h, xac suat mua 0%. De xuat flow-rate 108.0%."
Tien Giang,2026-05-26 11:00:00,34.3,60,0,13.0,14.9,1.0,WATER_STRESS,108.0,TAKE_OFF,TAKE_OFF,"TAKE_OFF: Dieu kien bay chap nhan duoc. Gio 13.0 km/h, gio giat 14.9 km/h, xac suat mua 0%. De xuat flow-rate 108.0%."
Tien Giang,2026-05-26 12:00:00,36.1,44,100,13.0,14.9,0.42,HEALTHY,73.0,RETURN_TO_CHARGING,RETURN_TO_CHARGING,"RETURN_TO_CHARGING: Thoi tiet mua/nguy hiem, xac suat mua 100%. Dua drone ve tram sac de bao ve thiet bi."
Tien Giang,2026-05-26 13:00:00,35.2,48,100,12.2,14.5,0.42,HEALTHY,73.0,RETURN_TO_CHARGING,RETURN_TO_CHARGING,"RETURN_TO_CHARGING: Thoi tiet mua/nguy hiem, xac suat mua 100%. Dua drone ve tram sac de bao ve thiet bi."
Tien Giang,2026-05-26 14:00:00,33.7,53,100,11.2,16.2,0.77,HEALTHY,85.0,RETURN_TO_CHARGING,RETURN_TO_CHARGING,"RETURN_TO_CHARGING: Thoi tiet mua/nguy hiem, xac suat mua 100%. Dua drone ve tram sac de bao ve thiet bi."
Tien Giang,2026-05-26 15:00:00,33.1,55,0,9.7,15.0,1.0,WATER_STRESS,108.0,TAKE_OFF,TAKE_OFF,"TAKE_OFF: Dieu kien bay chap nhan duoc. Gio 9.7 km/h, gio giat 15.0 km/h, xac suat mua 0%. De xuat flow-rate 108.0%."
Tien Giang,2026-05-26 16:00:00,32.3,58,0,9.4,15.9,1.0,WATER_STRESS,108.0,TAKE_OFF,TAKE_OFF,"TAKE_OFF: Dieu kien bay chap nhan duoc. Gio 9.4 km/h, gio giat 15.9 km/h, xac suat mua 0%. De xuat flow-rate 108.0%."
Tien Giang,2026-05-26 17:00:00,31.6,59,0,12.2,20.7,1.0,HEALTHY,100.0,TAKE_OFF,TAKE_OFF,"TAKE_OFF: Dieu kien bay chap nhan duoc. Gio 12.2 km/h, gio giat 20.7 km/h, xac suat mua 0%. De xuat flow-rate 100.0%."
Tien Giang,2026-05-27 06:00:00,26.6,90,0,8.6,14.8,1.0,HEALTHY,100.0,TAKE_OFF,TAKE_OFF,"TAKE_OFF: Dieu kien bay chap nhan duoc. Gio 8.6 km/h, gio giat 14.8 km/h, xac suat mua 0%. De xuat flow-rate 100.0%."
Tien Giang,2026-05-27 07:00:00,28.0,85,0,11.9,17.3,0.96,HEALTHY,100.0,RETURN_TO_CHARGING,RETURN_TO_CHARGING,"RETURN_TO_CHARGING: Thoi tiet mua/nguy hiem, xac suat mua 0%. Dua drone ve tram sac de bao ve thiet bi."
Tien Giang,2026-05-27 08:00:00,30.0,76,0,14.8,18.3,0.96,HEALTHY,100.0,RETURN_TO_CHARGING,RETURN_TO_CHARGING,"RETURN_TO_CHARGING: Thoi tiet mua/nguy hiem, xac suat mua 0%. Dua drone ve tram sac de bao ve thiet bi."
Tien Giang,2026-05-27 09:00:00,32.1,64,0,15.5,17.8,0.96,WATER_STRESS,98.0,RETURN_TO_CHARGING,RETURN_TO_CHARGING,"RETURN_TO_CHARGING: Thoi tiet mua/nguy hiem, xac suat mua 0%. Dua drone ve tram sac de bao ve thiet bi."
Tien Giang,2026-05-27 10:00:00,33.5,56,100,15.1,17.6,0.73,HEALTHY,75.0,RETURN_TO_CHARGING,RETURN_TO_CHARGING,"RETURN_TO_CHARGING: Thoi tiet mua/nguy hiem, xac suat mua 100%. Dua drone ve tram sac de bao ve thiet bi."
Tien Giang,2026-05-27 11:00:00,33.7,57,100,14.8,19.7,0.72,HEALTHY,85.0,RETURN_TO_CHARGING,RETURN_TO_CHARGING,"RETURN_TO_CHARGING: Thoi tiet mua/nguy hiem, xac suat mua 100%. Dua drone ve tram sac de bao ve thiet bi."
Tien Giang,2026-05-27 12:00:00,34.2,54,100,12.6,17.9,0.72,HEALTHY,85.0,RETURN_TO_CHARGING,RETURN_TO_CHARGING,"RETURN_TO_CHARGING: Thoi tiet mua/nguy hiem, xac suat mua 100%. Dua drone ve tram sac de bao ve thiet bi."
Tien Giang,2026-05-27 13:00:00,33.8,54,100,13.0,18.4,0.68,HEALTHY,85.0,RETURN_TO_CHARGING,RETURN_TO_CHARGING,"RETURN_TO_CHARGING: Thoi tiet mua/nguy hiem, xac suat mua 100%. Dua drone ve tram sac de bao ve thiet bi."
Tien Giang,2026-05-27 14:00:00,32.8,57,0,13.0,18.0,0.96,WATER_STRESS,108.0,RETURN_TO_CHARGING,RETURN_TO_CHARGING,"RETURN_TO_CHARGING: Thoi tiet mua/nguy hiem, xac suat mua 0%. Dua drone ve tram sac de bao ve thiet bi."
Tien Giang,2026-05-27 15:00:00,33.3,56,0,13.7,18.0,0.96,WATER_STRESS,108.0,RETURN_TO_CHARGING,RETURN_TO_CHARGING,"RETURN_TO_CHARGING: Thoi tiet mua/nguy hiem, xac suat mua 0%. Dua drone ve tram sac de bao ve thiet bi."
Tien Giang,2026-05-27 16:00:00,33.8,53,0,15.8,19.9,0.96,WATER_STRESS,98.0,RETURN_TO_CHARGING,RETURN_TO_CHARGING,"RETURN_TO_CHARGING: Thoi tiet mua/nguy hiem, xac suat mua 0%. Dua drone ve tram sac de bao ve thiet bi."
Tien Giang,2026-05-27 17:00:00,32.8,58,0,14.8,20.4,0.96,WATER_STRESS,108.0,RETURN_TO_CHARGING,RETURN_TO_CHARGING,"RETURN_TO_CHARGING: Thoi tiet mua/nguy hiem, xac suat mua 0%. Dua drone ve tram sac de bao ve thiet bi."
An Giang,2026-05-28 06:00:00,27.7,79,0,10.4,16.1,1.0,HEALTHY,100.0,TAKE_OFF,TAKE_OFF,"TAKE_OFF: Dieu kien bay chap nhan duoc. Gio 10.4 km/h, gio giat 16.1 km/h, xac suat mua 0%. De xuat flow-rate 100.0%."
An Giang,2026-05-28 07:00:00,29.1,73,0,11.2,14.3,1.0,HEALTHY,100.0,TAKE_OFF,TAKE_OFF,"TAKE_OFF: Dieu kien bay chap nhan duoc. Gio 11.2 km/h, gio giat 14.3 km/h, xac suat mua 0%. De xuat flow-rate 100.0%."
An Giang,2026-05-28 08:00:00,30.9,63,0,12.2,14.1,1.0,HEALTHY,100.0,TAKE_OFF,TAKE_OFF,"TAKE_OFF: Dieu kien bay chap nhan duoc. Gio 12.2 km/h, gio giat 14.1 km/h, xac suat mua 0%. De xuat flow-rate 100.0%."
An Giang,2026-05-28 09:00:00,32.6,54,0,11.5,13.2,1.0,WATER_STRESS,108.0,TAKE_OFF,TAKE_OFF,"TAKE_OFF: Dieu kien bay chap nhan duoc. Gio 11.5 km/h, gio giat 13.2 km/h, xac suat mua 0%. De xuat flow-rate 108.0%."
An Giang,2026-05-28 10:00:00,34.3,47,0,10.8,12.4,1.0,WATER_STRESS,108.0,TAKE_OFF,TAKE_OFF,"TAKE_OFF: Dieu kien bay chap nhan duoc. Gio 10.8 km/h, gio giat 12.4 km/h, xac suat mua 0%. De xuat flow-rate 108.0%."
An Giang,2026-05-28 11:00:00,35.9,42,0,12.2,14.1,0.7,DRY_SOIL,103.0,DELAY_FLIGHT,DELAY_FLIGHT,DELAY_FLIGHT: Tam hoan bay do nhiet do 35.9C hoac rui ro mua 0%. Kiem tra lai khung gio ke tiep.
An Giang,2026-05-28 12:00:00,37.2,38,0,13.0,14.9,0.7,DRY_SOIL,103.0,DELAY_FLIGHT,DELAY_FLIGHT,DELAY_FLIGHT: Tam hoan bay do nhiet do 37.2C hoac rui ro mua 0%. Kiem tra lai khung gio ke tiep.
An Giang,2026-05-28 13:00:00,38.2,35,83,11.2,12.9,0.47,HEALTHY,73.0,RETURN_TO_CHARGING,RETURN_TO_CHARGING,"RETURN_TO_CHARGING: Thoi tiet mua/nguy hiem, xac suat mua 83%. Dua drone ve tram sac de bao ve thiet bi."
An Giang,2026-05-28 14:00:00,37.5,37,100,12.2,14.5,0.47,HEALTHY,73.0,RETURN_TO_CHARGING,RETURN_TO_CHARGING,"RETURN_TO_CHARGING: Thoi tiet mua/nguy hiem, xac suat mua 100%. Dua drone ve tram sac de bao ve thiet bi."
An Giang,2026-05-28 15:00:00,35.2,44,100,15.5,21.6,0.47,HEALTHY,63.0,RETURN_TO_CHARGING,RETURN_TO_CHARGING,"RETURN_TO_CHARGING: Thoi tiet mua/nguy hiem, xac suat mua 100%. Dua drone ve tram sac de bao ve thiet bi."
An Giang,2026-05-28 16:00:00,31.2,62,100,10.8,15.8,0.77,HEALTHY,85.0,RETURN_TO_CHARGING,RETURN_TO_CHARGING,"RETURN_TO_CHARGING: Thoi tiet mua/nguy hiem, xac suat mua 100%. Dua drone ve tram sac de bao ve thiet bi."
An Giang,2026-05-28 17:00:00,29.1,74,100,13.0,20.4,0.77,HEALTHY,85.0,RETURN_TO_CHARGING,RETURN_TO_CHARGING,"RETURN_TO_CHARGING: Thoi tiet mua/nguy hiem, xac suat mua 100%. Dua drone ve tram sac de bao ve thiet bi."
An Giang,2026-05-29 06:00:00,26.6,81,100,4.0,6.6,0.77,HEALTHY,85.0,RETURN_TO_CHARGING,RETURN_TO_CHARGING,"RETURN_TO_CHARGING: Thoi tiet mua/nguy hiem, xac suat mua 100%. Dua drone ve tram sac de bao ve thiet bi."
An Giang,2026-05-29 07:00:00,26.9,80,65,0.4,0.6,0.77,HEALTHY,85.0,RETURN_TO_CHARGING,RETURN_TO_CHARGING,"RETURN_TO_CHARGING: Thoi tiet mua/nguy hiem, xac suat mua 65%. Dua drone ve tram sac de bao ve thiet bi."
An Giang,2026-05-29 08:00:00,27.3,78,71,0.7,1.1,0.72,HEALTHY,85.0,RETURN_TO_CHARGING,RETURN_TO_CHARGING,"RETURN_TO_CHARGING: Thoi tiet mua/nguy hiem, xac suat mua 71%. Dua drone ve tram sac de bao ve thiet bi."
An Giang,2026-05-29 09:00:00,27.8,76,100,1.4,2.1,0.72,HEALTHY,85.0,RETURN_TO_CHARGING,RETURN_TO_CHARGING,"RETURN_TO_CHARGING: Thoi tiet mua/nguy hiem, xac suat mua 100%. Dua drone ve tram sac de bao ve thiet bi."
An Giang,2026-05-29 10:00:00,28.1,75,0,2.5,3.5,1.0,HEALTHY,100.0,TAKE_OFF,TAKE_OFF,"TAKE_OFF: Dieu kien bay chap nhan duoc. Gio 2.5 km/h, gio giat 3.5 km/h, xac suat mua 0%. De xuat flow-rate 100.0%."
An Giang,2026-05-29 11:00:00,28.5,74,0,4.3,6.0,1.0,HEALTHY,100.0,TAKE_OFF,TAKE_OFF,"TAKE_OFF: Dieu kien bay chap nhan duoc. Gio 4.3 km/h, gio giat 6.0 km/h, xac suat mua 0%. De xuat flow-rate 100.0%."
An Giang,2026-05-29 12:00:00,29.0,72,0,6.1,8.2,1.0,HEALTHY,100.0,TAKE_OFF,TAKE_OFF,"TAKE_OFF: Dieu kien bay chap nhan duoc. Gio 6.1 km/h, gio giat 8.2 km/h, xac suat mua 0%. De xuat flow-rate 100.0%."
An Giang,2026-05-29 13:00:00,29.5,69,0,7.9,10.3,1.0,HEALTHY,100.0,TAKE_OFF,TAKE_OFF,"TAKE_OFF: Dieu kien bay chap nhan duoc. Gio 7.9 km/h, gio giat 10.3 km/h, xac suat mua 0%. De xuat flow-rate 100.0%."
An Giang,2026-05-29 14:00:00,29.6,69,0,12.2,16.1,1.0,HEALTHY,100.0,TAKE_OFF,TAKE_OFF,"TAKE_OFF: Dieu kien bay chap nhan duoc. Gio 12.2 km/h, gio giat 16.1 km/h, xac suat mua 0%. De xuat flow-rate 100.0%."
An Giang,2026-05-29 15:00:00,28.9,73,0,14.4,20.1,1.0,HEALTHY,100.0,TAKE_OFF,TAKE_OFF,"TAKE_OFF: Dieu kien bay chap nhan duoc. Gio 14.4 km/h, gio giat 20.1 km/h, xac suat mua 0%. De xuat flow-rate 100.0%."
An Giang,2026-05-29 16:00:00,28.1,77,0,15.5,22.2,1.0,HEALTHY,90.0,TAKE_OFF,TAKE_OFF,"TAKE_OFF: Dieu kien bay chap nhan duoc. Gio 15.5 km/h, gio giat 22.2 km/h, xac suat mua 0%. De xuat flow-rate 90.0%."
An Giang,2026-05-29 17:00:00,27.7,78,0,16.6,23.2,1.0,HEALTHY,90.0,TAKE_OFF,TAKE_OFF,"TAKE_OFF: Dieu kien bay chap nhan duoc. Gio 16.6 km/h, gio giat 23.2 km/h, xac suat mua 0%. De xuat flow-rate 90.0%."
An Giang,2026-05-30 06:00:00,26.2,81,100,6.5,10.8,0.72,HEALTHY,85.0,RETURN_TO_CHARGING,RETURN_TO_CHARGING,"RETURN_TO_CHARGING: Thoi tiet mua/nguy hiem, xac suat mua 100%. Dua drone ve tram sac de bao ve thiet bi."
An Giang,2026-05-30 07:00:00,26.5,80,100,7.2,11.1,0.72,HEALTHY,85.0,RETURN_TO_CHARGING,RETURN_TO_CHARGING,"RETURN_TO_CHARGING: Thoi tiet mua/nguy hiem, xac suat mua 100%. Dua drone ve tram sac de bao ve thiet bi."
An Giang,2026-05-30 08:00:00,26.9,79,100,6.8,9.8,0.77,HEALTHY,85.0,RETURN_TO_CHARGING,RETURN_TO_CHARGING,"RETURN_TO_CHARGING: Thoi tiet mua/nguy hiem, xac suat mua 100%. Dua drone ve tram sac de bao ve thiet bi."
An Giang,2026-05-30 09:00:00,28.0,75,67,9.0,11.8,0.77,HEALTHY,85.0,RETURN_TO_CHARGING,RETURN_TO_CHARGING,"RETURN_TO_CHARGING: Thoi tiet mua/nguy hiem, xac suat mua 67%. Dua drone ve tram sac de bao ve thiet bi."
An Giang,2026-05-30 10:00:00,28.7,72,100,10.4,14.8,0.77,HEALTHY,85.0,RETURN_TO_CHARGING,RETURN_TO_CHARGING,"RETURN_TO_CHARGING: Thoi tiet mua/nguy hiem, xac suat mua 100%. Dua drone ve tram sac de bao ve thiet bi."
An Giang,2026-05-30 11:00:00,29.8,68,100,11.2,17.7,0.77,HEALTHY,85.0,RETURN_TO_CHARGING,RETURN_TO_CHARGING,"RETURN_TO_CHARGING: Thoi tiet mua/nguy hiem, xac suat mua 100%. Dua drone ve tram sac de bao ve thiet bi."
An Giang,2026-05-30 12:00:00,29.9,67,100,9.7,17.1,0.72,HEALTHY,85.0,RETURN_TO_CHARGING,RETURN_TO_CHARGING,"RETURN_TO_CHARGING: Thoi tiet mua/nguy hiem, xac suat mua 100%. Dua drone ve tram sac de bao ve thiet bi."
An Giang,2026-05-30 13:00:00,28.9,72,100,12.6,22.8,0.77,HEALTHY,85.0,RETURN_TO_CHARGING,RETURN_TO_CHARGING,"RETURN_TO_CHARGING: Thoi tiet mua/nguy hiem, xac suat mua 100%. Dua drone ve tram sac de bao ve thiet bi."
An Giang,2026-05-30 14:00:00,27.9,77,100,14.8,20.1,0.77,HEALTHY,85.0,RETURN_TO_CHARGING,RETURN_TO_CHARGING,"RETURN_TO_CHARGING: Thoi tiet mua/nguy hiem, xac suat mua 100%. Dua drone ve tram sac de bao ve thiet bi."
An Giang,2026-05-30 15:00:00,27.9,77,100,14.4,19.6,0.77,HEALTHY,85.0,RETURN_TO_CHARGING,RETURN_TO_CHARGING,"RETURN_TO_CHARGING: Thoi tiet mua/nguy hiem, xac suat mua 100%. Dua drone ve tram sac de bao ve thiet bi."
An Giang,2026-05-30 16:00:00,28.1,76,0,15.8,21.6,1.0,HEALTHY,90.0,TAKE_OFF,TAKE_OFF,"TAKE_OFF: Dieu kien bay chap nhan duoc. Gio 15.8 km/h, gio giat 21.6 km/h, xac suat mua 0%. De xuat flow-rate 90.0%."
An Giang,2026-05-30 17:00:00,27.7,79,100,18.0,24.8,0.72,HEALTHY,75.0,RETURN_TO_CHARGING,RETURN_TO_CHARGING,"RETURN_TO_CHARGING: Thoi tiet mua/nguy hiem, xac suat mua 100%. Dua drone ve tram sac de bao ve thiet bi."
Can Tho,2026-05-28 06:00:00,26.5,89,0,9.7,17.4,1.0,HEALTHY,100.0,TAKE_OFF,TAKE_OFF,"TAKE_OFF: Dieu kien bay chap nhan duoc. Gio 9.7 km/h, gio giat 17.4 km/h, xac suat mua 0%. De xuat flow-rate 100.0%."
Can Tho,2026-05-28 07:00:00,28.2,81,0,13.7,20.3,1.0,HEALTHY,100.0,TAKE_OFF,TAKE_OFF,"TAKE_OFF: Dieu kien bay chap nhan duoc. Gio 13.7 km/h, gio giat 20.3 km/h, xac suat mua 0%. De xuat flow-rate 100.0%."
Can Tho,2026-05-28 08:00:00,30.3,71,0,17.6,22.0,1.0,HEALTHY,90.0,TAKE_OFF,TAKE_OFF,"TAKE_OFF: Dieu kien bay chap nhan duoc. Gio 17.6 km/h, gio giat 22.0 km/h, xac suat mua 0%. De xuat flow-rate 90.0%."
Can Tho,2026-05-28 09:00:00,32.6,60,0,18.0,20.7,1.0,WATER_STRESS,98.0,TAKE_OFF,TAKE_OFF,"TAKE_OFF: Dieu kien bay chap nhan duoc. Gio 18.0 km/h, gio giat 20.7 km/h, xac suat mua 0%. De xuat flow-rate 98.0%."
Can Tho,2026-05-28 10:00:00,34.3,52,0,19.1,22.0,0.96,WATER_STRESS,98.0,RETURN_TO_CHARGING,RETURN_TO_CHARGING,"RETURN_TO_CHARGING: Thoi tiet mua/nguy hiem, xac suat mua 0%. Dua drone ve tram sac de bao ve thiet bi."
Can Tho,2026-05-28 11:00:00,35.3,47,0,19.4,22.4,0.66,DRY_SOIL,93.0,RETURN_TO_CHARGING,RETURN_TO_CHARGING,"RETURN_TO_CHARGING: Thoi tiet mua/nguy hiem, xac suat mua 0%. Dua drone ve tram sac de bao ve thiet bi."
Can Tho,2026-05-28 12:00:00,35.8,46,100,20.5,23.6,0.27,HEALTHY,63.0,RETURN_TO_CHARGING,RETURN_TO_CHARGING,"RETURN_TO_CHARGING: Thoi tiet mua/nguy hiem, xac suat mua 100%. Dua drone ve tram sac de bao ve thiet bi."
Can Tho,2026-05-28 13:00:00,34.6,49,69,19.8,23.7,0.77,HEALTHY,75.0,RETURN_TO_CHARGING,RETURN_TO_CHARGING,"RETURN_TO_CHARGING: Thoi tiet mua/nguy hiem, xac suat mua 69%. Dua drone ve tram sac de bao ve thiet bi."
Can Tho,2026-05-28 14:00:00,34.2,50,0,18.4,23.5,1.0,WATER_STRESS,98.0,TAKE_OFF,TAKE_OFF,"TAKE_OFF: Dieu kien bay chap nhan duoc. Gio 18.4 km/h, gio giat 23.5 km/h, xac suat mua 0%. De xuat flow-rate 98.0%."
Can Tho,2026-05-28 15:00:00,34.4,49,0,19.4,23.6,0.96,WATER_STRESS,98.0,RETURN_TO_CHARGING,RETURN_TO_CHARGING,"RETURN_TO_CHARGING: Thoi tiet mua/nguy hiem, xac suat mua 0%. Dua drone ve tram sac de bao ve thiet bi."
Can Tho,2026-05-28 16:00:00,33.5,53,0,18.0,24.4,0.96,WATER_STRESS,98.0,RETURN_TO_CHARGING,RETURN_TO_CHARGING,"RETURN_TO_CHARGING: Thoi tiet mua/nguy hiem, xac suat mua 0%. Dua drone ve tram sac de bao ve thiet bi."
Can Tho,2026-05-28 17:00:00,32.4,57,72,19.1,27.6,0.72,HEALTHY,75.0,RETURN_TO_CHARGING,RETURN_TO_CHARGING,"RETURN_TO_CHARGING: Thoi tiet mua/nguy hiem, xac suat mua 72%. Dua drone ve tram sac de bao ve thiet bi."
Can Tho,2026-05-29 06:00:00,25.6,85,100,1.4,2.4,0.72,HEALTHY,85.0,RETURN_TO_CHARGING,RETURN_TO_CHARGING,"RETURN_TO_CHARGING: Thoi tiet mua/nguy hiem, xac suat mua 100%. Dua drone ve tram sac de bao ve thiet bi."
Can Tho,2026-05-29 07:00:00,26.3,82,100,2.5,3.8,0.72,HEALTHY,85.0,RETURN_TO_CHARGING,RETURN_TO_CHARGING,"RETURN_TO_CHARGING: Thoi tiet mua/nguy hiem, xac suat mua 100%. Dua drone ve tram sac de bao ve thiet bi."
Can Tho,2026-05-29 08:00:00,27.3,79,0,6.1,8.4,1.0,HEALTHY,100.0,TAKE_OFF,TAKE_OFF,"TAKE_OFF: Dieu kien bay chap nhan duoc. Gio 6.1 km/h, gio giat 8.4 km/h, xac suat mua 0%. De xuat flow-rate 100.0%."
Can Tho,2026-05-29 09:00:00,28.1,78,100,8.6,12.0,0.77,HEALTHY,85.0,RETURN_TO_CHARGING,RETURN_TO_CHARGING,"RETURN_TO_CHARGING: Thoi tiet mua/nguy hiem, xac suat mua 100%. Dua drone ve tram sac de bao ve thiet bi."
Can Tho,2026-05-29 10:00:00,28.8,75,100,10.8,15.8,0.77,HEALTHY,85.0,RETURN_TO_CHARGING,RETURN_TO_CHARGING,"RETURN_TO_CHARGING: Thoi tiet mua/nguy hiem, xac suat mua 100%. Dua drone ve tram sac de bao ve thiet bi."
Can Tho,2026-05-29 11:00:00,29.3,73,100,13.7,21.7,0.77,HEALTHY,85.0,RETURN_TO_CHARGING,RETURN_TO_CHARGING,"RETURN_TO_CHARGING: Thoi tiet mua/nguy hiem, xac suat mua 100%. Dua drone ve tram sac de bao ve thiet bi."
Can Tho,2026-05-29 12:00:00,28.7,76,0,12.2,20.0,0.96,HEALTHY,100.0,RETURN_TO_CHARGING,RETURN_TO_CHARGING,"RETURN_TO_CHARGING: Thoi tiet mua/nguy hiem, xac suat mua 0%. Dua drone ve tram sac de bao ve thiet bi."
Can Tho,2026-05-29 13:00:00,27.8,79,0,11.5,18.6,0.96,HEALTHY,100.0,RETURN_TO_CHARGING,RETURN_TO_CHARGING,"RETURN_TO_CHARGING: Thoi tiet mua/nguy hiem, xac suat mua 0%. Dua drone ve tram sac de bao ve thiet bi."
Can Tho,2026-05-29 14:00:00,27.8,78,0,11.9,19.2,1.0,HEALTHY,100.0,TAKE_OFF,TAKE_OFF,"TAKE_OFF: Dieu kien bay chap nhan duoc. Gio 11.9 km/h, gio giat 19.2 km/h, xac suat mua 0%. De xuat flow-rate 100.0%."
Can Tho,2026-05-29 15:00:00,27.6,78,0,13.3,21.7,1.0,HEALTHY,100.0,TAKE_OFF,TAKE_OFF,"TAKE_OFF: Dieu kien bay chap nhan duoc. Gio 13.3 km/h, gio giat 21.7 km/h, xac suat mua 0%. De xuat flow-rate 100.0%."
Can Tho,2026-05-29 16:00:00,27.2,79,0,15.1,24.0,1.0,HEALTHY,90.0,TAKE_OFF,TAKE_OFF,"TAKE_OFF: Dieu kien bay chap nhan duoc. Gio 15.1 km/h, gio giat 24.0 km/h, xac suat mua 0%. De xuat flow-rate 90.0%."
Can Tho,2026-05-29 17:00:00,26.8,82,0,14.4,22.3,1.0,HEALTHY,100.0,TAKE_OFF,TAKE_OFF,"TAKE_OFF: Dieu kien bay chap nhan duoc. Gio 14.4 km/h, gio giat 22.3 km/h, xac suat mua 0%. De xuat flow-rate 100.0%."
Can Tho,2026-05-30 06:00:00,25.1,93,100,6.1,11.2,0.72,HEALTHY,85.0,RETURN_TO_CHARGING,RETURN_TO_CHARGING,"RETURN_TO_CHARGING: Thoi tiet mua/nguy hiem, xac suat mua 100%. Dua drone ve tram sac de bao ve thiet bi."
Can Tho,2026-05-30 07:00:00,25.5,92,100,6.8,12.8,0.72,HEALTHY,85.0,RETURN_TO_CHARGING,RETURN_TO_CHARGING,"RETURN_TO_CHARGING: Thoi tiet mua/nguy hiem, xac suat mua 100%. Dua drone ve tram sac de bao ve thiet bi."
Can Tho,2026-05-30 08:00:00,25.9,90,100,9.7,16.8,0.73,HEALTHY,85.0,RETURN_TO_CHARGING,RETURN_TO_CHARGING,"RETURN_TO_CHARGING: Thoi tiet mua/nguy hiem, xac suat mua 100%. Dua drone ve tram sac de bao ve thiet bi."
Can Tho,2026-05-30 09:00:00,26.2,88,100,11.9,20.7,0.77,HEALTHY,85.0,RETURN_TO_CHARGING,RETURN_TO_CHARGING,"RETURN_TO_CHARGING: Thoi tiet mua/nguy hiem, xac suat mua 100%. Dua drone ve tram sac de bao ve thiet bi."
Can Tho,2026-05-30 10:00:00,26.4,86,100,13.0,24.0,0.72,HEALTHY,85.0,RETURN_TO_CHARGING,RETURN_TO_CHARGING,"RETURN_TO_CHARGING: Thoi tiet mua/nguy hiem, xac suat mua 100%. Dua drone ve tram sac de bao ve thiet bi."
Can Tho,2026-05-30 11:00:00,26.3,86,60,15.1,28.0,0.72,HEALTHY,75.0,RETURN_TO_CHARGING,RETURN_TO_CHARGING,"RETURN_TO_CHARGING: Thoi tiet mua/nguy hiem, xac suat mua 60%. Dua drone ve tram sac de bao ve thiet bi."
Can Tho,2026-05-30 12:00:00,26.2,87,100,15.1,28.3,0.57,HEALTHY,75.0,RETURN_TO_CHARGING,RETURN_TO_CHARGING,"RETURN_TO_CHARGING: Thoi tiet mua/nguy hiem, xac suat mua 100%. Dua drone ve tram sac de bao ve thiet bi."
Can Tho,2026-05-30 13:00:00,25.9,89,100,14.4,27.4,0.72,HEALTHY,85.0,RETURN_TO_CHARGING,RETURN_TO_CHARGING,"RETURN_TO_CHARGING: Thoi tiet mua/nguy hiem, xac suat mua 100%. Dua drone ve tram sac de bao ve thiet bi."
Can Tho,2026-05-30 14:00:00,25.8,89,100,16.9,25.2,0.77,HEALTHY,75.0,RETURN_TO_CHARGING,RETURN_TO_CHARGING,"RETURN_TO_CHARGING: Thoi tiet mua/nguy hiem, xac suat mua 100%. Dua drone ve tram sac de bao ve thiet bi."
Can Tho,2026-05-30 15:00:00,25.7,90,100,16.9,24.7,0.77,HEALTHY,75.0,RETURN_TO_CHARGING,RETURN_TO_CHARGING,"RETURN_TO_CHARGING: Thoi tiet mua/nguy hiem, xac suat mua 100%. Dua drone ve tram sac de bao ve thiet bi."
Can Tho,2026-05-30 16:00:00,25.5,91,70,16.6,25.1,0.77,HEALTHY,75.0,RETURN_TO_CHARGING,RETURN_TO_CHARGING,"RETURN_TO_CHARGING: Thoi tiet mua/nguy hiem, xac suat mua 70%. Dua drone ve tram sac de bao ve thiet bi."
Can Tho,2026-05-30 17:00:00,25.5,91,0,16.6,25.0,1.0,HEALTHY,90.0,TAKE_OFF,TAKE_OFF,"TAKE_OFF: Dieu kien bay chap nhan duoc. Gio 16.6 km/h, gio giat 25.0 km/h, xac suat mua 0%. De xuat flow-rate 90.0%."
Dong Thap,2026-05-28 06:00:00,26.6,89,0,9.4,16.6,1.0,HEALTHY,100.0,TAKE_OFF,TAKE_OFF,"TAKE_OFF: Dieu kien bay chap nhan duoc. Gio 9.4 km/h, gio giat 16.6 km/h, xac suat mua 0%. De xuat flow-rate 100.0%."
Dong Thap,2026-05-28 07:00:00,28.4,81,0,14.0,19.5,1.0,HEALTHY,100.0,TAKE_OFF,TAKE_OFF,"TAKE_OFF: Dieu kien bay chap nhan duoc. Gio 14.0 km/h, gio giat 19.5 km/h, xac suat mua 0%. De xuat flow-rate 100.0%."
Dong Thap,2026-05-28 08:00:00,30.5,71,0,20.2,24.8,0.8,HEALTHY,90.0,LOCK_SPRAY,LOCK_SPRAY,LOCK_SPRAY: Khoa lenh phun vi gio/gio giat vuot nguong an toan (20.2/24.8 km/h). Tranh pesticide drift va mat on dinh UAV.
Dong Thap,2026-05-28 09:00:00,32.5,60,0,19.4,22.4,1.0,WATER_STRESS,98.0,TAKE_OFF,TAKE_OFF,"TAKE_OFF: Dieu kien bay chap nhan duoc. Gio 19.4 km/h, gio giat 22.4 km/h, xac suat mua 0%. De xuat flow-rate 98.0%."
Dong Thap,2026-05-28 10:00:00,34.2,52,0,19.1,22.0,1.0,WATER_STRESS,98.0,TAKE_OFF,TAKE_OFF,"TAKE_OFF: Dieu kien bay chap nhan duoc. Gio 19.1 km/h, gio giat 22.0 km/h, xac suat mua 0%. De xuat flow-rate 98.0%."
Dong Thap,2026-05-28 11:00:00,35.4,47,0,17.6,20.3,0.66,DRY_SOIL,93.0,RETURN_TO_CHARGING,RETURN_TO_CHARGING,"RETURN_TO_CHARGING: Thoi tiet mua/nguy hiem, xac suat mua 0%. Dua drone ve tram sac de bao ve thiet bi."
Dong Thap,2026-05-28 12:00:00,36.2,45,100,16.9,19.5,0.47,HEALTHY,63.0,RETURN_TO_CHARGING,RETURN_TO_CHARGING,"RETURN_TO_CHARGING: Thoi tiet mua/nguy hiem, xac suat mua 100%. Dua drone ve tram sac de bao ve thiet bi."
Dong Thap,2026-05-28 13:00:00,34.3,51,100,17.6,23.3,0.68,HEALTHY,75.0,RETURN_TO_CHARGING,RETURN_TO_CHARGING,"RETURN_TO_CHARGING: Thoi tiet mua/nguy hiem, xac suat mua 100%. Dua drone ve tram sac de bao ve thiet bi."
Dong Thap,2026-05-28 14:00:00,32.4,58,73,16.9,26.6,0.68,HEALTHY,75.0,RETURN_TO_CHARGING,RETURN_TO_CHARGING,"RETURN_TO_CHARGING: Thoi tiet mua/nguy hiem, xac suat mua 73%. Dua drone ve tram sac de bao ve thiet bi."
Dong Thap,2026-05-28 15:00:00,32.3,59,0,15.1,23.7,0.96,WATER_STRESS,98.0,RETURN_TO_CHARGING,RETURN_TO_CHARGING,"RETURN_TO_CHARGING: Thoi tiet mua/nguy hiem, xac suat mua 0%. Dua drone ve tram sac de bao ve thiet bi."
Dong Thap,2026-05-28 16:00:00,33.5,55,0,21.2,28.0,0.76,WATER_STRESS,98.0,RETURN_TO_CHARGING,RETURN_TO_CHARGING,"RETURN_TO_CHARGING: Thoi tiet mua/nguy hiem, xac suat mua 0%. Dua drone ve tram sac de bao ve thiet bi."
Dong Thap,2026-05-28 17:00:00,32.2,60,100,22.3,31.4,0.37,HEALTHY,75.0,RETURN_TO_CHARGING,RETURN_TO_CHARGING,"RETURN_TO_CHARGING: Thoi tiet mua/nguy hiem, xac suat mua 100%. Dua drone ve tram sac de bao ve thiet bi."
Dong Thap,2026-05-29 06:00:00,25.6,83,0,1.1,1.9,1.0,HEALTHY,100.0,TAKE_OFF,TAKE_OFF,"TAKE_OFF: Dieu kien bay chap nhan duoc. Gio 1.1 km/h, gio giat 1.9 km/h, xac suat mua 0%. De xuat flow-rate 100.0%."
Dong Thap,2026-05-29 07:00:00,26.7,78,0,4.7,7.1,1.0,HEALTHY,100.0,TAKE_OFF,TAKE_OFF,"TAKE_OFF: Dieu kien bay chap nhan duoc. Gio 4.7 km/h, gio giat 7.1 km/h, xac suat mua 0%. De xuat flow-rate 100.0%."
Dong Thap,2026-05-29 08:00:00,27.8,75,0,8.3,11.3,1.0,HEALTHY,100.0,TAKE_OFF,TAKE_OFF,"TAKE_OFF: Dieu kien bay chap nhan duoc. Gio 8.3 km/h, gio giat 11.3 km/h, xac suat mua 0%. De xuat flow-rate 100.0%."
Dong Thap,2026-05-29 09:00:00,28.2,76,0,7.9,11.2,1.0,HEALTHY,100.0,TAKE_OFF,TAKE_OFF,"TAKE_OFF: Dieu kien bay chap nhan duoc. Gio 7.9 km/h, gio giat 11.2 km/h, xac suat mua 0%. De xuat flow-rate 100.0%."
Dong Thap,2026-05-29 10:00:00,28.2,77,100,5.8,9.0,0.73,HEALTHY,85.0,RETURN_TO_CHARGING,RETURN_TO_CHARGING,"RETURN_TO_CHARGING: Thoi tiet mua/nguy hiem, xac suat mua 100%. Dua drone ve tram sac de bao ve thiet bi."
Dong Thap,2026-05-29 11:00:00,28.8,74,100,6.8,10.6,0.77,HEALTHY,85.0,RETURN_TO_CHARGING,RETURN_TO_CHARGING,"RETURN_TO_CHARGING: Thoi tiet mua/nguy hiem, xac suat mua 100%. Dua drone ve tram sac de bao ve thiet bi."
Dong Thap,2026-05-29 12:00:00,29.3,72,0,10.4,17.4,1.0,HEALTHY,100.0,TAKE_OFF,TAKE_OFF,"TAKE_OFF: Dieu kien bay chap nhan duoc. Gio 10.4 km/h, gio giat 17.4 km/h, xac suat mua 0%. De xuat flow-rate 100.0%."
Dong Thap,2026-05-29 13:00:00,28.5,76,0,13.7,22.5,0.96,HEALTHY,100.0,RETURN_TO_CHARGING,RETURN_TO_CHARGING,"RETURN_TO_CHARGING: Thoi tiet mua/nguy hiem, xac suat mua 0%. Dua drone ve tram sac de bao ve thiet bi."
Dong Thap,2026-05-29 14:00:00,27.5,81,0,14.0,21.0,0.96,HEALTHY,100.0,RETURN_TO_CHARGING,RETURN_TO_CHARGING,"RETURN_TO_CHARGING: Thoi tiet mua/nguy hiem, xac suat mua 0%. Dua drone ve tram sac de bao ve thiet bi."
Dong Thap,2026-05-29 15:00:00,27.2,82,0,13.3,20.9,0.96,HEALTHY,100.0,RETURN_TO_CHARGING,RETURN_TO_CHARGING,"RETURN_TO_CHARGING: Thoi tiet mua/nguy hiem, xac suat mua 0%. Dua drone ve tram sac de bao ve thiet bi."
Dong Thap,2026-05-29 16:00:00,27.1,81,0,14.0,22.0,1.0,HEALTHY,100.0,TAKE_OFF,TAKE_OFF,"TAKE_OFF: Dieu kien bay chap nhan duoc. Gio 14.0 km/h, gio giat 22.0 km/h, xac suat mua 0%. De xuat flow-rate 100.0%."
Dong Thap,2026-05-29 17:00:00,26.9,81,0,14.0,22.1,0.95,HEALTHY,100.0,TAKE_OFF,TAKE_OFF,"TAKE_OFF: Dieu kien bay chap nhan duoc. Gio 14.0 km/h, gio giat 22.1 km/h, xac suat mua 0%. De xuat flow-rate 100.0%."
Dong Thap,2026-05-30 06:00:00,25.9,85,100,7.6,13.2,0.72,HEALTHY,85.0,RETURN_TO_CHARGING,RETURN_TO_CHARGING,"RETURN_TO_CHARGING: Thoi tiet mua/nguy hiem, xac suat mua 100%. Dua drone ve tram sac de bao ve thiet bi."
Dong Thap,2026-05-30 07:00:00,26.2,85,100,6.5,10.7,0.77,HEALTHY,85.0,RETURN_TO_CHARGING,RETURN_TO_CHARGING,"RETURN_TO_CHARGING: Thoi tiet mua/nguy hiem, xac suat mua 100%. Dua drone ve tram sac de bao ve thiet bi."
Dong Thap,2026-05-30 08:00:00,26.8,82,100,6.8,10.3,0.77,HEALTHY,85.0,RETURN_TO_CHARGING,RETURN_TO_CHARGING,"RETURN_TO_CHARGING: Thoi tiet mua/nguy hiem, xac suat mua 100%. Dua drone ve tram sac de bao ve thiet bi."
Dong Thap,2026-05-30 09:00:00,27.5,80,84,9.4,12.8,0.77,HEALTHY,85.0,RETURN_TO_CHARGING,RETURN_TO_CHARGING,"RETURN_TO_CHARGING: Thoi tiet mua/nguy hiem, xac suat mua 84%. Dua drone ve tram sac de bao ve thiet bi."
Dong Thap,2026-05-30 10:00:00,27.9,78,100,12.6,16.6,0.77,HEALTHY,85.0,RETURN_TO_CHARGING,RETURN_TO_CHARGING,"RETURN_TO_CHARGING: Thoi tiet mua/nguy hiem, xac suat mua 100%. Dua drone ve tram sac de bao ve thiet bi."
Dong Thap,2026-05-30 11:00:00,28.1,77,100,16.2,21.2,0.72,HEALTHY,75.0,RETURN_TO_CHARGING,RETURN_TO_CHARGING,"RETURN_TO_CHARGING: Thoi tiet mua/nguy hiem, xac suat mua 100%. Dua drone ve tram sac de bao ve thiet bi."
Dong Thap,2026-05-30 12:00:00,27.7,79,100,17.3,23.7,0.72,HEALTHY,75.0,RETURN_TO_CHARGING,RETURN_TO_CHARGING,"RETURN_TO_CHARGING: Thoi tiet mua/nguy hiem, xac suat mua 100%. Dua drone ve tram sac de bao ve thiet bi."
Dong Thap,2026-05-30 13:00:00,27.1,82,100,16.9,24.0,0.72,HEALTHY,75.0,RETURN_TO_CHARGING,RETURN_TO_CHARGING,"RETURN_TO_CHARGING: Thoi tiet mua/nguy hiem, xac suat mua 100%. Dua drone ve tram sac de bao ve thiet bi."
Dong Thap,2026-05-30 14:00:00,27.2,82,100,19.1,26.0,0.72,HEALTHY,75.0,RETURN_TO_CHARGING,RETURN_TO_CHARGING,"RETURN_TO_CHARGING: Thoi tiet mua/nguy hiem, xac suat mua 100%. Dua drone ve tram sac de bao ve thiet bi."
Dong Thap,2026-05-30 15:00:00,26.9,84,100,19.8,27.2,0.77,HEALTHY,75.0,RETURN_TO_CHARGING,RETURN_TO_CHARGING,"RETURN_TO_CHARGING: Thoi tiet mua/nguy hiem, xac suat mua 100%. Dua drone ve tram sac de bao ve thiet bi."
Dong Thap,2026-05-30 16:00:00,26.4,86,0,18.4,26.5,0.95,HEALTHY,90.0,TAKE_OFF,TAKE_OFF,"TAKE_OFF: Dieu kien bay chap nhan duoc. Gio 18.4 km/h, gio giat 26.5 km/h, xac suat mua 0%. De xuat flow-rate 90.0%."
Dong Thap,2026-05-30 17:00:00,26.0,88,0,19.1,28.3,0.85,HEALTHY,90.0,LOCK_SPRAY,LOCK_SPRAY,LOCK_SPRAY: Khoa lenh phun vi gio/gio giat vuot nguong an toan (19.1/28.3 km/h). Tranh pesticide drift va mat on dinh UAV.
Ha Noi,2026-05-28 06:00:00,28.7,86,72,4.7,6.8,0.73,HEALTHY,85.0,RETURN_TO_CHARGING,RETURN_TO_CHARGING,"RETURN_TO_CHARGING: Thoi tiet mua/nguy hiem, xac suat mua 72%. Dua drone ve tram sac de bao ve thiet bi."
Ha Noi,2026-05-28 07:00:00,30.0,79,0,6.1,7.6,0.91,HEALTHY,100.0,RETURN_TO_CHARGING,RETURN_TO_CHARGING,"RETURN_TO_CHARGING: Thoi tiet mua/nguy hiem, xac suat mua 0%. Dua drone ve tram sac de bao ve thiet bi."
Ha Noi,2026-05-28 08:00:00,31.5,72,79,5.8,6.6,0.68,HEALTHY,85.0,RETURN_TO_CHARGING,RETURN_TO_CHARGING,"RETURN_TO_CHARGING: Thoi tiet mua/nguy hiem, xac suat mua 79%. Dua drone ve tram sac de bao ve thiet bi."
Ha Noi,2026-05-28 09:00:00,33.1,64,88,5.8,6.6,0.73,HEALTHY,85.0,RETURN_TO_CHARGING,RETURN_TO_CHARGING,"RETURN_TO_CHARGING: Thoi tiet mua/nguy hiem, xac suat mua 88%. Dua drone ve tram sac de bao ve thiet bi."
Ha Noi,2026-05-28 10:00:00,34.9,56,71,5.0,5.8,0.73,HEALTHY,85.0,RETURN_TO_CHARGING,RETURN_TO_CHARGING,"RETURN_TO_CHARGING: Thoi tiet mua/nguy hiem, xac suat mua 71%. Dua drone ve tram sac de bao ve thiet bi."
Ha Noi,2026-05-28 11:00:00,36.3,51,0,4.0,4.6,0.66,DRY_SOIL,103.0,RETURN_TO_CHARGING,RETURN_TO_CHARGING,"RETURN_TO_CHARGING: Thoi tiet mua/nguy hiem, xac suat mua 0%. Dua drone ve tram sac de bao ve thiet bi."
Ha Noi,2026-05-28 12:00:00,37.6,46,0,4.3,5.0,0.66,DRY_SOIL,103.0,RETURN_TO_CHARGING,RETURN_TO_CHARGING,"RETURN_TO_CHARGING: Thoi tiet mua/nguy hiem, xac suat mua 0%. Dua drone ve tram sac de bao ve thiet bi."
Ha Noi,2026-05-28 13:00:00,38.2,43,60,5.0,5.8,0.43,HEALTHY,73.0,RETURN_TO_CHARGING,RETURN_TO_CHARGING,"RETURN_TO_CHARGING: Thoi tiet mua/nguy hiem, xac suat mua 60%. Dua drone ve tram sac de bao ve thiet bi."
Ha Noi,2026-05-28 14:00:00,37.7,44,100,3.6,4.2,0.38,HEALTHY,73.0,RETURN_TO_CHARGING,RETURN_TO_CHARGING,"RETURN_TO_CHARGING: Thoi tiet mua/nguy hiem, xac suat mua 100%. Dua drone ve tram sac de bao ve thiet bi."
Ha Noi,2026-05-28 15:00:00,35.4,63,0,5.8,8.0,0.7,WATER_STRESS,96.0,DELAY_FLIGHT,DELAY_FLIGHT,DELAY_FLIGHT: Tam hoan bay do nhiet do 35.4C hoac rui ro mua 0%. Kiem tra lai khung gio ke tiep.
Ha Noi,2026-05-28 16:00:00,35.1,54,0,12.2,18.4,0.66,DRY_SOIL,103.0,RETURN_TO_CHARGING,RETURN_TO_CHARGING,"RETURN_TO_CHARGING: Thoi tiet mua/nguy hiem, xac suat mua 0%. Dua drone ve tram sac de bao ve thiet bi."
Ha Noi,2026-05-28 17:00:00,34.5,57,0,18.4,26.5,1.0,WATER_STRESS,98.0,TAKE_OFF,TAKE_OFF,"TAKE_OFF: Dieu kien bay chap nhan duoc. Gio 18.4 km/h, gio giat 26.5 km/h, xac suat mua 0%. De xuat flow-rate 98.0%."
Ha Noi,2026-05-29 06:00:00,27.8,89,0,7.2,10.9,1.0,HEALTHY,100.0,TAKE_OFF,TAKE_OFF,"TAKE_OFF: Dieu kien bay chap nhan duoc. Gio 7.2 km/h, gio giat 10.9 km/h, xac suat mua 0%. De xuat flow-rate 100.0%."
Ha Noi,2026-05-29 07:00:00,29.4,80,0,10.8,13.9,1.0,HEALTHY,100.0,TAKE_OFF,TAKE_OFF,"TAKE_OFF: Dieu kien bay chap nhan duoc. Gio 10.8 km/h, gio giat 13.9 km/h, xac suat mua 0%. De xuat flow-rate 100.0%."
Ha Noi,2026-05-29 08:00:00,31.2,70,0,10.4,12.2,0.96,HEALTHY,100.0,RETURN_TO_CHARGING,RETURN_TO_CHARGING,"RETURN_TO_CHARGING: Thoi tiet mua/nguy hiem, xac suat mua 0%. Dua drone ve tram sac de bao ve thiet bi."
Ha Noi,2026-05-29 09:00:00,32.9,61,0,10.1,11.6,0.96,WATER_STRESS,108.0,RETURN_TO_CHARGING,RETURN_TO_CHARGING,"RETURN_TO_CHARGING: Thoi tiet mua/nguy hiem, xac suat mua 0%. Dua drone ve tram sac de bao ve thiet bi."
Ha Noi,2026-05-29 10:00:00,34.4,55,0,10.8,12.4,0.96,WATER_STRESS,108.0,RETURN_TO_CHARGING,RETURN_TO_CHARGING,"RETURN_TO_CHARGING: Thoi tiet mua/nguy hiem, xac suat mua 0%. Dua drone ve tram sac de bao ve thiet bi."
Ha Noi,2026-05-29 11:00:00,35.7,50,0,11.2,12.9,0.66,DRY_SOIL,103.0,RETURN_TO_CHARGING,RETURN_TO_CHARGING,"RETURN_TO_CHARGING: Thoi tiet mua/nguy hiem, xac suat mua 0%. Dua drone ve tram sac de bao ve thiet bi."
Ha Noi,2026-05-29 12:00:00,36.8,45,71,10.4,12.0,0.38,HEALTHY,73.0,RETURN_TO_CHARGING,RETURN_TO_CHARGING,"RETURN_TO_CHARGING: Thoi tiet mua/nguy hiem, xac suat mua 71%. Dua drone ve tram sac de bao ve thiet bi."
Ha Noi,2026-05-29 13:00:00,36.9,45,100,8.6,9.9,0.42,HEALTHY,73.0,RETURN_TO_CHARGING,RETURN_TO_CHARGING,"RETURN_TO_CHARGING: Thoi tiet mua/nguy hiem, xac suat mua 100%. Dua drone ve tram sac de bao ve thiet bi."
Ha Noi,2026-05-29 14:00:00,34.7,54,0,7.9,11.9,0.96,WATER_STRESS,108.0,RETURN_TO_CHARGING,RETURN_TO_CHARGING,"RETURN_TO_CHARGING: Thoi tiet mua/nguy hiem, xac suat mua 0%. Dua drone ve tram sac de bao ve thiet bi."
Ha Noi,2026-05-29 15:00:00,34.3,56,75,8.6,13.3,0.68,HEALTHY,85.0,RETURN_TO_CHARGING,RETURN_TO_CHARGING,"RETURN_TO_CHARGING: Thoi tiet mua/nguy hiem, xac suat mua 75%. Dua drone ve tram sac de bao ve thiet bi."
Ha Noi,2026-05-29 16:00:00,34.0,57,0,6.8,11.2,0.96,WATER_STRESS,108.0,RETURN_TO_CHARGING,RETURN_TO_CHARGING,"RETURN_TO_CHARGING: Thoi tiet mua/nguy hiem, xac suat mua 0%. Dua drone ve tram sac de bao ve thiet bi."
Ha Noi,2026-05-29 17:00:00,33.6,58,0,9.0,14.8,0.96,WATER_STRESS,108.0,RETURN_TO_CHARGING,RETURN_TO_CHARGING,"RETURN_TO_CHARGING: Thoi tiet mua/nguy hiem, xac suat mua 0%. Dua drone ve tram sac de bao ve thiet bi."
Ha Noi,2026-05-30 06:00:00,27.2,84,71,6.5,10.8,0.72,HEALTHY,85.0,RETURN_TO_CHARGING,RETURN_TO_CHARGING,"RETURN_TO_CHARGING: Thoi tiet mua/nguy hiem, xac suat mua 71%. Dua drone ve tram sac de bao ve thiet bi."
Ha Noi,2026-05-30 07:00:00,28.0,80,73,6.8,10.2,0.77,HEALTHY,85.0,RETURN_TO_CHARGING,RETURN_TO_CHARGING,"RETURN_TO_CHARGING: Thoi tiet mua/nguy hiem, xac suat mua 73%. Dua drone ve tram sac de bao ve thiet bi."
Ha Noi,2026-05-30 08:00:00,28.7,76,100,6.1,8.6,0.72,HEALTHY,85.0,RETURN_TO_CHARGING,RETURN_TO_CHARGING,"RETURN_TO_CHARGING: Thoi tiet mua/nguy hiem, xac suat mua 100%. Dua drone ve tram sac de bao ve thiet bi."
Ha Noi,2026-05-30 09:00:00,30.2,67,100,5.0,6.3,0.72,HEALTHY,85.0,RETURN_TO_CHARGING,RETURN_TO_CHARGING,"RETURN_TO_CHARGING: Thoi tiet mua/nguy hiem, xac suat mua 100%. Dua drone ve tram sac de bao ve thiet bi."
Ha Noi,2026-05-30 10:00:00,31.7,59,0,6.1,7.8,1.0,HEALTHY,100.0,TAKE_OFF,TAKE_OFF,"TAKE_OFF: Dieu kien bay chap nhan duoc. Gio 6.1 km/h, gio giat 7.8 km/h, xac suat mua 0%. De xuat flow-rate 100.0%."
Ha Noi,2026-05-30 11:00:00,31.5,59,100,11.2,13.5,0.77,HEALTHY,85.0,RETURN_TO_CHARGING,RETURN_TO_CHARGING,"RETURN_TO_CHARGING: Thoi tiet mua/nguy hiem, xac suat mua 100%. Dua drone ve tram sac de bao ve thiet bi."
Ha Noi,2026-05-30 12:00:00,32.4,56,0,10.1,13.8,1.0,WATER_STRESS,108.0,TAKE_OFF,TAKE_OFF,"TAKE_OFF: Dieu kien bay chap nhan duoc. Gio 10.1 km/h, gio giat 13.8 km/h, xac suat mua 0%. De xuat flow-rate 108.0%."
Ha Noi,2026-05-30 13:00:00,33.4,53,0,11.5,13.6,0.95,WATER_STRESS,108.0,TAKE_OFF,TAKE_OFF,"TAKE_OFF: Dieu kien bay chap nhan duoc. Gio 11.5 km/h, gio giat 13.6 km/h, xac suat mua 0%. De xuat flow-rate 108.0%."
Ha Noi,2026-05-30 14:00:00,33.3,52,84,13.0,14.9,0.72,HEALTHY,85.0,RETURN_TO_CHARGING,RETURN_TO_CHARGING,"RETURN_TO_CHARGING: Thoi tiet mua/nguy hiem, xac suat mua 84%. Dua drone ve tram sac de bao ve thiet bi."
Ha Noi,2026-05-30 15:00:00,31.7,60,100,14.8,20.2,0.77,HEALTHY,85.0,RETURN_TO_CHARGING,RETURN_TO_CHARGING,"RETURN_TO_CHARGING: Thoi tiet mua/nguy hiem, xac suat mua 100%. Dua drone ve tram sac de bao ve thiet bi."
Ha Noi,2026-05-30 16:00:00,30.1,68,100,15.5,22.5,0.77,HEALTHY,75.0,RETURN_TO_CHARGING,RETURN_TO_CHARGING,"RETURN_TO_CHARGING: Thoi tiet mua/nguy hiem, xac suat mua 100%. Dua drone ve tram sac de bao ve thiet bi."
Ha Noi,2026-05-30 17:00:00,29.3,72,86,14.0,19.9,0.72,HEALTHY,85.0,RETURN_TO_CHARGING,RETURN_TO_CHARGING,"RETURN_TO_CHARGING: Thoi tiet mua/nguy hiem, xac suat mua 86%. Dua drone ve tram sac de bao ve thiet bi."
Ho Chi Minh,2026-05-28 06:00:00,28.0,79,100,5.8,8.1,0.77,HEALTHY,85.0,RETURN_TO_CHARGING,RETURN_TO_CHARGING,"RETURN_TO_CHARGING: Thoi tiet mua/nguy hiem, xac suat mua 100%. Dua drone ve tram sac de bao ve thiet bi."
Ho Chi Minh,2026-05-28 07:00:00,29.1,74,0,6.8,8.6,1.0,HEALTHY,100.0,TAKE_OFF,TAKE_OFF,"TAKE_OFF: Dieu kien bay chap nhan duoc. Gio 6.8 km/h, gio giat 8.6 km/h, xac suat mua 0%. De xuat flow-rate 100.0%."
Ho Chi Minh,2026-05-28 08:00:00,30.9,65,0,7.9,9.1,0.96,HEALTHY,100.0,RETURN_TO_CHARGING,RETURN_TO_CHARGING,"RETURN_TO_CHARGING: Thoi tiet mua/nguy hiem, xac suat mua 0%. Dua drone ve tram sac de bao ve thiet bi."
Ho Chi Minh,2026-05-28 09:00:00,32.6,56,0,11.2,12.9,1.0,WATER_STRESS,108.0,TAKE_OFF,TAKE_OFF,"TAKE_OFF: Dieu kien bay chap nhan duoc. Gio 11.2 km/h, gio giat 12.9 km/h, xac suat mua 0%. De xuat flow-rate 108.0%."
Ho Chi Minh,2026-05-28 10:00:00,34.1,50,0,11.9,13.7,1.0,WATER_STRESS,108.0,TAKE_OFF,TAKE_OFF,"TAKE_OFF: Dieu kien bay chap nhan duoc. Gio 11.9 km/h, gio giat 13.7 km/h, xac suat mua 0%. De xuat flow-rate 108.0%."
Ho Chi Minh,2026-05-28 11:00:00,35.3,45,0,11.5,13.2,0.65,DRY_SOIL,103.0,DELAY_FLIGHT,DELAY_FLIGHT,DELAY_FLIGHT: Tam hoan bay do nhiet do 35.3C hoac rui ro mua 0%. Kiem tra lai khung gio ke tiep.
Ho Chi Minh,2026-05-28 12:00:00,35.6,44,0,11.9,13.7,0.7,DRY_SOIL,103.0,DELAY_FLIGHT,DELAY_FLIGHT,DELAY_FLIGHT: Tam hoan bay do nhiet do 35.6C hoac rui ro mua 0%. Kiem tra lai khung gio ke tiep.
Ho Chi Minh,2026-05-28 13:00:00,35.0,45,100,10.1,12.0,0.77,HEALTHY,73.0,RETURN_TO_CHARGING,RETURN_TO_CHARGING,"RETURN_TO_CHARGING: Thoi tiet mua/nguy hiem, xac suat mua 100%. Dua drone ve tram sac de bao ve thiet bi."
Ho Chi Minh,2026-05-28 14:00:00,34.9,45,100,4.7,5.9,0.77,HEALTHY,85.0,RETURN_TO_CHARGING,RETURN_TO_CHARGING,"RETURN_TO_CHARGING: Thoi tiet mua/nguy hiem, xac suat mua 100%. Dua drone ve tram sac de bao ve thiet bi."
Ho Chi Minh,2026-05-28 15:00:00,34.0,60,0,3.6,10.8,1.0,WATER_STRESS,108.0,TAKE_OFF,TAKE_OFF,"TAKE_OFF: Dieu kien bay chap nhan duoc. Gio 3.6 km/h, gio giat 10.8 km/h, xac suat mua 0%. De xuat flow-rate 108.0%."
Ho Chi Minh,2026-05-28 16:00:00,34.9,45,0,7.9,10.5,1.0,WATER_STRESS,108.0,TAKE_OFF,TAKE_OFF,"TAKE_OFF: Dieu kien bay chap nhan duoc. Gio 7.9 km/h, gio giat 10.5 km/h, xac suat mua 0%. De xuat flow-rate 108.0%."
Ho Chi Minh,2026-05-28 17:00:00,33.1,54,0,18.0,24.3,1.0,WATER_STRESS,98.0,TAKE_OFF,TAKE_OFF,"TAKE_OFF: Dieu kien bay chap nhan duoc. Gio 18.0 km/h, gio giat 24.3 km/h, xac suat mua 0%. De xuat flow-rate 98.0%."
Ho Chi Minh,2026-05-29 06:00:00,26.7,72,0,2.2,3.4,1.0,HEALTHY,100.0,TAKE_OFF,TAKE_OFF,"TAKE_OFF: Dieu kien bay chap nhan duoc. Gio 2.2 km/h, gio giat 3.4 km/h, xac suat mua 0%. De xuat flow-rate 100.0%."
Ho Chi Minh,2026-05-29 07:00:00,27.1,71,0,3.2,4.8,1.0,HEALTHY,100.0,TAKE_OFF,TAKE_OFF,"TAKE_OFF: Dieu kien bay chap nhan duoc. Gio 3.2 km/h, gio giat 4.8 km/h, xac suat mua 0%. De xuat flow-rate 100.0%."
Ho Chi Minh,2026-05-29 08:00:00,27.2,72,0,2.9,4.1,1.0,HEALTHY,100.0,TAKE_OFF,TAKE_OFF,"TAKE_OFF: Dieu kien bay chap nhan duoc. Gio 2.9 km/h, gio giat 4.1 km/h, xac suat mua 0%. De xuat flow-rate 100.0%."
Ho Chi Minh,2026-05-29 09:00:00,27.3,71,0,0.4,0.5,1.0,HEALTHY,100.0,TAKE_OFF,TAKE_OFF,"TAKE_OFF: Dieu kien bay chap nhan duoc. Gio 0.4 km/h, gio giat 0.5 km/h, xac suat mua 0%. De xuat flow-rate 100.0%."
Ho Chi Minh,2026-05-29 10:00:00,27.5,70,0,1.1,1.5,1.0,HEALTHY,100.0,TAKE_OFF,TAKE_OFF,"TAKE_OFF: Dieu kien bay chap nhan duoc. Gio 1.1 km/h, gio giat 1.5 km/h, xac suat mua 0%. De xuat flow-rate 100.0%."
Ho Chi Minh,2026-05-29 11:00:00,28.1,66,0,3.2,4.2,1.0,HEALTHY,100.0,TAKE_OFF,TAKE_OFF,"TAKE_OFF: Dieu kien bay chap nhan duoc. Gio 3.2 km/h, gio giat 4.2 km/h, xac suat mua 0%. De xuat flow-rate 100.0%."
Ho Chi Minh,2026-05-29 12:00:00,29.8,58,0,3.2,3.7,1.0,HEALTHY,100.0,TAKE_OFF,TAKE_OFF,"TAKE_OFF: Dieu kien bay chap nhan duoc. Gio 3.2 km/h, gio giat 3.7 km/h, xac suat mua 0%. De xuat flow-rate 100.0%."
Ho Chi Minh,2026-05-29 13:00:00,30.7,54,0,5.8,6.6,1.0,HEALTHY,100.0,TAKE_OFF,TAKE_OFF,"TAKE_OFF: Dieu kien bay chap nhan duoc. Gio 5.8 km/h, gio giat 6.6 km/h, xac suat mua 0%. De xuat flow-rate 100.0%."
Ho Chi Minh,2026-05-29 14:00:00,31.0,53,0,7.2,8.4,1.0,HEALTHY,100.0,TAKE_OFF,TAKE_OFF,"TAKE_OFF: Dieu kien bay chap nhan duoc. Gio 7.2 km/h, gio giat 8.4 km/h, xac suat mua 0%. De xuat flow-rate 100.0%."
Ho Chi Minh,2026-05-29 15:00:00,30.4,56,0,6.8,9.1,1.0,HEALTHY,100.0,TAKE_OFF,TAKE_OFF,"TAKE_OFF: Dieu kien bay chap nhan duoc. Gio 6.8 km/h, gio giat 9.1 km/h, xac suat mua 0%. De xuat flow-rate 100.0%."
Ho Chi Minh,2026-05-29 16:00:00,29.6,60,0,6.8,9.6,1.0,HEALTHY,100.0,TAKE_OFF,TAKE_OFF,"TAKE_OFF: Dieu kien bay chap nhan duoc. Gio 6.8 km/h, gio giat 9.6 km/h, xac suat mua 0%. De xuat flow-rate 100.0%."
Ho Chi Minh,2026-05-29 17:00:00,28.9,64,0,7.9,11.8,1.0,HEALTHY,100.0,TAKE_OFF,TAKE_OFF,"TAKE_OFF: Dieu kien bay chap nhan duoc. Gio 7.9 km/h, gio giat 11.8 km/h, xac suat mua 0%. De xuat flow-rate 100.0%."
Ho Chi Minh,2026-05-30 06:00:00,26.8,82,0,6.5,9.4,0.95,HEALTHY,100.0,TAKE_OFF,TAKE_OFF,"TAKE_OFF: Dieu kien bay chap nhan duoc. Gio 6.5 km/h, gio giat 9.4 km/h, xac suat mua 0%. De xuat flow-rate 100.0%."
Ho Chi Minh,2026-05-30 07:00:00,27.2,80,0,5.8,8.0,1.0,HEALTHY,100.0,TAKE_OFF,TAKE_OFF,"TAKE_OFF: Dieu kien bay chap nhan duoc. Gio 5.8 km/h, gio giat 8.0 km/h, xac suat mua 0%. De xuat flow-rate 100.0%."
Ho Chi Minh,2026-05-30 08:00:00,27.6,78,0,5.0,6.8,1.0,HEALTHY,100.0,TAKE_OFF,TAKE_OFF,"TAKE_OFF: Dieu kien bay chap nhan duoc. Gio 5.0 km/h, gio giat 6.8 km/h, xac suat mua 0%. De xuat flow-rate 100.0%."
Ho Chi Minh,2026-05-30 09:00:00,28.8,70,0,7.9,9.9,1.0,HEALTHY,100.0,TAKE_OFF,TAKE_OFF,"TAKE_OFF: Dieu kien bay chap nhan duoc. Gio 7.9 km/h, gio giat 9.9 km/h, xac suat mua 0%. De xuat flow-rate 100.0%."
Ho Chi Minh,2026-05-30 10:00:00,30.0,64,0,10.1,11.8,1.0,HEALTHY,100.0,TAKE_OFF,TAKE_OFF,"TAKE_OFF: Dieu kien bay chap nhan duoc. Gio 10.1 km/h, gio giat 11.8 km/h, xac suat mua 0%. De xuat flow-rate 100.0%."
Ho Chi Minh,2026-05-30 11:00:00,31.5,57,0,12.6,14.5,1.0,HEALTHY,100.0,TAKE_OFF,TAKE_OFF,"TAKE_OFF: Dieu kien bay chap nhan duoc. Gio 12.6 km/h, gio giat 14.5 km/h, xac suat mua 0%. De xuat flow-rate 100.0%."
Ho Chi Minh,2026-05-30 12:00:00,32.4,53,0,14.0,16.2,0.95,WATER_STRESS,108.0,TAKE_OFF,TAKE_OFF,"TAKE_OFF: Dieu kien bay chap nhan duoc. Gio 14.0 km/h, gio giat 16.2 km/h, xac suat mua 0%. De xuat flow-rate 108.0%."
Ho Chi Minh,2026-05-30 13:00:00,32.9,52,0,15.8,18.2,1.0,WATER_STRESS,98.0,TAKE_OFF,TAKE_OFF,"TAKE_OFF: Dieu kien bay chap nhan duoc. Gio 15.8 km/h, gio giat 18.2 km/h, xac suat mua 0%. De xuat flow-rate 98.0%."
Ho Chi Minh,2026-05-30 14:00:00,33.1,52,100,17.3,19.9,0.72,HEALTHY,75.0,RETURN_TO_CHARGING,RETURN_TO_CHARGING,"RETURN_TO_CHARGING: Thoi tiet mua/nguy hiem, xac suat mua 100%. Dua drone ve tram sac de bao ve thiet bi."
Ho Chi Minh,2026-05-30 15:00:00,32.5,55,100,19.1,22.0,0.72,HEALTHY,75.0,RETURN_TO_CHARGING,RETURN_TO_CHARGING,"RETURN_TO_CHARGING: Thoi tiet mua/nguy hiem, xac suat mua 100%. Dua drone ve tram sac de bao ve thiet bi."
Ho Chi Minh,2026-05-30 16:00:00,31.6,59,100,20.2,24.2,0.57,HEALTHY,75.0,RETURN_TO_CHARGING,RETURN_TO_CHARGING,"RETURN_TO_CHARGING: Thoi tiet mua/nguy hiem, xac suat mua 100%. Dua drone ve tram sac de bao ve thiet bi."
Ho Chi Minh,2026-05-30 17:00:00,30.8,62,0,19.4,24.1,1.0,HEALTHY,90.0,TAKE_OFF,LOCK_SPRAY,LOCK_SPRAY: Khoa lenh phun vi gio/gio giat vuot nguong an toan (19.4/24.1 km/h). Tranh pesticide drift va mat on dinh UAV.
Long An,2026-05-28 06:00:00,27.1,84,85,5.8,8.7,0.77,HEALTHY,85.0,RETURN_TO_CHARGING,RETURN_TO_CHARGING,"RETURN_TO_CHARGING: Thoi tiet mua/nguy hiem, xac suat mua 85%. Dua drone ve tram sac de bao ve thiet bi."
Long An,2026-05-28 07:00:00,28.6,77,0,7.2,9.0,1.0,HEALTHY,100.0,TAKE_OFF,TAKE_OFF,"TAKE_OFF: Dieu kien bay chap nhan duoc. Gio 7.2 km/h, gio giat 9.0 km/h, xac suat mua 0%. De xuat flow-rate 100.0%."
Long An,2026-05-28 08:00:00,30.6,68,100,9.4,10.9,0.68,HEALTHY,85.0,RETURN_TO_CHARGING,RETURN_TO_CHARGING,"RETURN_TO_CHARGING: Thoi tiet mua/nguy hiem, xac suat mua 100%. Dua drone ve tram sac de bao ve thiet bi."
Long An,2026-05-28 09:00:00,32.1,59,0,12.6,15.2,1.0,WATER_STRESS,108.0,TAKE_OFF,TAKE_OFF,"TAKE_OFF: Dieu kien bay chap nhan duoc. Gio 12.6 km/h, gio giat 15.2 km/h, xac suat mua 0%. De xuat flow-rate 108.0%."
Long An,2026-05-28 10:00:00,33.2,54,0,13.0,15.6,1.0,WATER_STRESS,108.0,TAKE_OFF,TAKE_OFF,"TAKE_OFF: Dieu kien bay chap nhan duoc. Gio 13.0 km/h, gio giat 15.6 km/h, xac suat mua 0%. De xuat flow-rate 108.0%."
Long An,2026-05-28 11:00:00,34.3,49,0,10.8,13.0,1.0,WATER_STRESS,108.0,TAKE_OFF,TAKE_OFF,"TAKE_OFF: Dieu kien bay chap nhan duoc. Gio 10.8 km/h, gio giat 13.0 km/h, xac suat mua 0%. De xuat flow-rate 108.0%."
Long An,2026-05-28 12:00:00,35.1,46,0,8.6,10.4,0.7,DRY_SOIL,103.0,DELAY_FLIGHT,DELAY_FLIGHT,DELAY_FLIGHT: Tam hoan bay do nhiet do 35.1C hoac rui ro mua 0%. Kiem tra lai khung gio ke tiep.
Long An,2026-05-28 13:00:00,35.3,44,76,7.9,9.7,0.47,HEALTHY,73.0,RETURN_TO_CHARGING,RETURN_TO_CHARGING,"RETURN_TO_CHARGING: Thoi tiet mua/nguy hiem, xac suat mua 76%. Dua drone ve tram sac de bao ve thiet bi."
Long An,2026-05-28 14:00:00,35.3,44,100,7.2,8.9,0.47,HEALTHY,73.0,RETURN_TO_CHARGING,RETURN_TO_CHARGING,"RETURN_TO_CHARGING: Thoi tiet mua/nguy hiem, xac suat mua 100%. Dua drone ve tram sac de bao ve thiet bi."
Long An,2026-05-28 15:00:00,34.0,60,0,9.4,11.8,1.0,WATER_STRESS,108.0,TAKE_OFF,TAKE_OFF,"TAKE_OFF: Dieu kien bay chap nhan duoc. Gio 9.4 km/h, gio giat 11.8 km/h, xac suat mua 0%. De xuat flow-rate 108.0%."
Long An,2026-05-28 16:00:00,33.3,53,0,11.9,16.1,1.0,WATER_STRESS,108.0,TAKE_OFF,TAKE_OFF,"TAKE_OFF: Dieu kien bay chap nhan duoc. Gio 11.9 km/h, gio giat 16.1 km/h, xac suat mua 0%. De xuat flow-rate 108.0%."
Long An,2026-05-28 17:00:00,32.0,59,75,12.6,18.6,0.77,HEALTHY,85.0,RETURN_TO_CHARGING,RETURN_TO_CHARGING,"RETURN_TO_CHARGING: Thoi tiet mua/nguy hiem, xac suat mua 75%. Dua drone ve tram sac de bao ve thiet bi."
Long An,2026-05-29 06:00:00,26.5,70,0,2.5,4.3,1.0,HEALTHY,100.0,TAKE_OFF,TAKE_OFF,"TAKE_OFF: Dieu kien bay chap nhan duoc. Gio 2.5 km/h, gio giat 4.3 km/h, xac suat mua 0%. De xuat flow-rate 100.0%."
Long An,2026-05-29 07:00:00,26.8,69,0,2.9,4.5,1.0,HEALTHY,100.0,TAKE_OFF,TAKE_OFF,"TAKE_OFF: Dieu kien bay chap nhan duoc. Gio 2.9 km/h, gio giat 4.5 km/h, xac suat mua 0%. De xuat flow-rate 100.0%."
Long An,2026-05-29 08:00:00,27.9,64,0,2.5,3.3,1.0,HEALTHY,100.0,TAKE_OFF,TAKE_OFF,"TAKE_OFF: Dieu kien bay chap nhan duoc. Gio 2.5 km/h, gio giat 3.3 km/h, xac suat mua 0%. De xuat flow-rate 100.0%."
Long An,2026-05-29 09:00:00,28.1,64,0,2.9,3.8,1.0,HEALTHY,100.0,TAKE_OFF,TAKE_OFF,"TAKE_OFF: Dieu kien bay chap nhan duoc. Gio 2.9 km/h, gio giat 3.8 km/h, xac suat mua 0%. De xuat flow-rate 100.0%."
Long An,2026-05-29 10:00:00,27.8,66,0,3.2,4.5,1.0,HEALTHY,100.0,TAKE_OFF,TAKE_OFF,"TAKE_OFF: Dieu kien bay chap nhan duoc. Gio 3.2 km/h, gio giat 4.5 km/h, xac suat mua 0%. De xuat flow-rate 100.0%."
Long An,2026-05-29 11:00:00,28.0,65,0,4.7,6.3,1.0,HEALTHY,100.0,TAKE_OFF,TAKE_OFF,"TAKE_OFF: Dieu kien bay chap nhan duoc. Gio 4.7 km/h, gio giat 6.3 km/h, xac suat mua 0%. De xuat flow-rate 100.0%."
Long An,2026-05-29 12:00:00,28.3,64,0,2.9,3.8,1.0,HEALTHY,100.0,TAKE_OFF,TAKE_OFF,"TAKE_OFF: Dieu kien bay chap nhan duoc. Gio 2.9 km/h, gio giat 3.8 km/h, xac suat mua 0%. De xuat flow-rate 100.0%."
Long An,2026-05-29 13:00:00,28.7,61,0,3.2,4.2,1.0,HEALTHY,100.0,TAKE_OFF,TAKE_OFF,"TAKE_OFF: Dieu kien bay chap nhan duoc. Gio 3.2 km/h, gio giat 4.2 km/h, xac suat mua 0%. De xuat flow-rate 100.0%."
Long An,2026-05-29 14:00:00,30.3,56,0,6.8,7.9,1.0,HEALTHY,100.0,TAKE_OFF,TAKE_OFF,"TAKE_OFF: Dieu kien bay chap nhan duoc. Gio 6.8 km/h, gio giat 7.9 km/h, xac suat mua 0%. De xuat flow-rate 100.0%."
Long An,2026-05-29 15:00:00,29.8,60,0,7.9,10.2,1.0,HEALTHY,100.0,TAKE_OFF,TAKE_OFF,"TAKE_OFF: Dieu kien bay chap nhan duoc. Gio 7.9 km/h, gio giat 10.2 km/h, xac suat mua 0%. De xuat flow-rate 100.0%."
Long An,2026-05-29 16:00:00,29.0,66,0,7.9,11.1,1.0,HEALTHY,100.0,TAKE_OFF,TAKE_OFF,"TAKE_OFF: Dieu kien bay chap nhan duoc. Gio 7.9 km/h, gio giat 11.1 km/h, xac suat mua 0%. De xuat flow-rate 100.0%."
Long An,2026-05-29 17:00:00,28.6,71,0,8.6,12.6,1.0,HEALTHY,100.0,TAKE_OFF,TAKE_OFF,"TAKE_OFF: Dieu kien bay chap nhan duoc. Gio 8.6 km/h, gio giat 12.6 km/h, xac suat mua 0%. De xuat flow-rate 100.0%."
Long An,2026-05-30 06:00:00,26.0,87,78,5.0,7.7,0.72,HEALTHY,85.0,RETURN_TO_CHARGING,RETURN_TO_CHARGING,"RETURN_TO_CHARGING: Thoi tiet mua/nguy hiem, xac suat mua 78%. Dua drone ve tram sac de bao ve thiet bi."
Long An,2026-05-30 07:00:00,26.9,82,89,5.8,7.9,0.72,HEALTHY,85.0,RETURN_TO_CHARGING,RETURN_TO_CHARGING,"RETURN_TO_CHARGING: Thoi tiet mua/nguy hiem, xac suat mua 89%. Dua drone ve tram sac de bao ve thiet bi."
Long An,2026-05-30 08:00:00,28.2,75,68,6.1,7.6,0.77,HEALTHY,85.0,RETURN_TO_CHARGING,RETURN_TO_CHARGING,"RETURN_TO_CHARGING: Thoi tiet mua/nguy hiem, xac suat mua 68%. Dua drone ve tram sac de bao ve thiet bi."
Long An,2026-05-30 09:00:00,29.1,69,100,8.6,10.8,0.77,HEALTHY,85.0,RETURN_TO_CHARGING,RETURN_TO_CHARGING,"RETURN_TO_CHARGING: Thoi tiet mua/nguy hiem, xac suat mua 100%. Dua drone ve tram sac de bao ve thiet bi."
Long An,2026-05-30 10:00:00,30.2,63,0,11.5,13.9,1.0,HEALTHY,100.0,TAKE_OFF,TAKE_OFF,"TAKE_OFF: Dieu kien bay chap nhan duoc. Gio 11.5 km/h, gio giat 13.9 km/h, xac suat mua 0%. De xuat flow-rate 100.0%."
Long An,2026-05-30 11:00:00,30.2,63,0,13.0,16.2,1.0,HEALTHY,100.0,TAKE_OFF,TAKE_OFF,"TAKE_OFF: Dieu kien bay chap nhan duoc. Gio 13.0 km/h, gio giat 16.2 km/h, xac suat mua 0%. De xuat flow-rate 100.0%."
Long An,2026-05-30 12:00:00,29.9,65,0,13.0,16.3,0.95,HEALTHY,100.0,TAKE_OFF,TAKE_OFF,"TAKE_OFF: Dieu kien bay chap nhan duoc. Gio 13.0 km/h, gio giat 16.3 km/h, xac suat mua 0%. De xuat flow-rate 100.0%."
Long An,2026-05-30 13:00:00,29.9,65,0,13.7,16.9,1.0,HEALTHY,100.0,TAKE_OFF,TAKE_OFF,"TAKE_OFF: Dieu kien bay chap nhan duoc. Gio 13.7 km/h, gio giat 16.9 km/h, xac suat mua 0%. De xuat flow-rate 100.0%."
Long An,2026-05-30 14:00:00,30.9,61,100,16.2,18.6,0.77,HEALTHY,75.0,RETURN_TO_CHARGING,RETURN_TO_CHARGING,"RETURN_TO_CHARGING: Thoi tiet mua/nguy hiem, xac suat mua 100%. Dua drone ve tram sac de bao ve thiet bi."
Long An,2026-05-30 15:00:00,31.7,59,100,18.4,21.1,0.77,HEALTHY,75.0,RETURN_TO_CHARGING,RETURN_TO_CHARGING,"RETURN_TO_CHARGING: Thoi tiet mua/nguy hiem, xac suat mua 100%. Dua drone ve tram sac de bao ve thiet bi."
Long An,2026-05-30 16:00:00,31.1,61,68,20.5,24.3,0.57,HEALTHY,75.0,RETURN_TO_CHARGING,RETURN_TO_CHARGING,"RETURN_TO_CHARGING: Thoi tiet mua/nguy hiem, xac suat mua 68%. Dua drone ve tram sac de bao ve thiet bi."
Long An,2026-05-30 17:00:00,29.8,67,0,19.1,23.3,1.0,HEALTHY,90.0,TAKE_OFF,TAKE_OFF,"TAKE_OFF: Dieu kien bay chap nhan duoc. Gio 19.1 km/h, gio giat 23.3 km/h, xac suat mua 0%. De xuat flow-rate 90.0%."
Tien Giang,2026-05-28 06:00:00,26.5,88,0,6.1,9.9,1.0,HEALTHY,100.0,TAKE_OFF,TAKE_OFF,"TAKE_OFF: Dieu kien bay chap nhan duoc. Gio 6.1 km/h, gio giat 9.9 km/h, xac suat mua 0%. De xuat flow-rate 100.0%."
Tien Giang,2026-05-28 07:00:00,28.4,79,0,7.6,9.8,0.96,HEALTHY,100.0,RETURN_TO_CHARGING,RETURN_TO_CHARGING,"RETURN_TO_CHARGING: Thoi tiet mua/nguy hiem, xac suat mua 0%. Dua drone ve tram sac de bao ve thiet bi."
Tien Giang,2026-05-28 08:00:00,30.2,71,100,10.1,11.7,0.73,HEALTHY,85.0,RETURN_TO_CHARGING,RETURN_TO_CHARGING,"RETURN_TO_CHARGING: Thoi tiet mua/nguy hiem, xac suat mua 100%. Dua drone ve tram sac de bao ve thiet bi."
Tien Giang,2026-05-28 09:00:00,31.8,64,0,11.2,13.9,1.0,HEALTHY,100.0,TAKE_OFF,TAKE_OFF,"TAKE_OFF: Dieu kien bay chap nhan duoc. Gio 11.2 km/h, gio giat 13.9 km/h, xac suat mua 0%. De xuat flow-rate 100.0%."
Tien Giang,2026-05-28 10:00:00,33.0,56,0,11.5,14.5,1.0,WATER_STRESS,108.0,TAKE_OFF,TAKE_OFF,"TAKE_OFF: Dieu kien bay chap nhan duoc. Gio 11.5 km/h, gio giat 14.5 km/h, xac suat mua 0%. De xuat flow-rate 108.0%."
Tien Giang,2026-05-28 11:00:00,34.5,50,86,9.7,12.2,0.77,HEALTHY,85.0,RETURN_TO_CHARGING,RETURN_TO_CHARGING,"RETURN_TO_CHARGING: Thoi tiet mua/nguy hiem, xac suat mua 86%. Dua drone ve tram sac de bao ve thiet bi."
Tien Giang,2026-05-28 12:00:00,35.1,47,75,7.9,10.2,0.47,HEALTHY,73.0,RETURN_TO_CHARGING,RETURN_TO_CHARGING,"RETURN_TO_CHARGING: Thoi tiet mua/nguy hiem, xac suat mua 75%. Dua drone ve tram sac de bao ve thiet bi."
Tien Giang,2026-05-28 13:00:00,34.7,49,100,6.8,8.8,0.73,HEALTHY,85.0,RETURN_TO_CHARGING,RETURN_TO_CHARGING,"RETURN_TO_CHARGING: Thoi tiet mua/nguy hiem, xac suat mua 100%. Dua drone ve tram sac de bao ve thiet bi."
Tien Giang,2026-05-28 14:00:00,33.7,54,71,7.6,10.9,0.73,HEALTHY,85.0,RETURN_TO_CHARGING,RETURN_TO_CHARGING,"RETURN_TO_CHARGING: Thoi tiet mua/nguy hiem, xac suat mua 71%. Dua drone ve tram sac de bao ve thiet bi."
Tien Giang,2026-05-28 15:00:00,34.0,60,0,9.0,13.6,1.0,WATER_STRESS,108.0,TAKE_OFF,TAKE_OFF,"TAKE_OFF: Dieu kien bay chap nhan duoc. Gio 9.0 km/h, gio giat 13.6 km/h, xac suat mua 0%. De xuat flow-rate 108.0%."
Tien Giang,2026-05-28 16:00:00,32.3,59,0,7.6,11.4,0.96,WATER_STRESS,108.0,RETURN_TO_CHARGING,RETURN_TO_CHARGING,"RETURN_TO_CHARGING: Thoi tiet mua/nguy hiem, xac suat mua 0%. Dua drone ve tram sac de bao ve thiet bi."
Tien Giang,2026-05-28 17:00:00,31.8,62,100,5.0,8.1,0.77,HEALTHY,85.0,RETURN_TO_CHARGING,RETURN_TO_CHARGING,"RETURN_TO_CHARGING: Thoi tiet mua/nguy hiem, xac suat mua 100%. Dua drone ve tram sac de bao ve thiet bi."
Tien Giang,2026-05-29 06:00:00,25.1,84,0,5.8,11.3,1.0,HEALTHY,100.0,TAKE_OFF,TAKE_OFF,"TAKE_OFF: Dieu kien bay chap nhan duoc. Gio 5.8 km/h, gio giat 11.3 km/h, xac suat mua 0%. De xuat flow-rate 100.0%."
Tien Giang,2026-05-29 07:00:00,25.3,82,0,4.0,7.8,1.0,HEALTHY,100.0,TAKE_OFF,TAKE_OFF,"TAKE_OFF: Dieu kien bay chap nhan duoc. Gio 4.0 km/h, gio giat 7.8 km/h, xac suat mua 0%. De xuat flow-rate 100.0%."
Tien Giang,2026-05-29 08:00:00,26.2,78,0,2.5,4.3,1.0,HEALTHY,100.0,TAKE_OFF,TAKE_OFF,"TAKE_OFF: Dieu kien bay chap nhan duoc. Gio 2.5 km/h, gio giat 4.3 km/h, xac suat mua 0%. De xuat flow-rate 100.0%."
Tien Giang,2026-05-29 09:00:00,27.7,71,0,1.4,2.0,1.0,HEALTHY,100.0,TAKE_OFF,TAKE_OFF,"TAKE_OFF: Dieu kien bay chap nhan duoc. Gio 1.4 km/h, gio giat 2.0 km/h, xac suat mua 0%. De xuat flow-rate 100.0%."
Tien Giang,2026-05-29 10:00:00,29.0,66,0,1.8,2.2,1.0,HEALTHY,100.0,TAKE_OFF,TAKE_OFF,"TAKE_OFF: Dieu kien bay chap nhan duoc. Gio 1.8 km/h, gio giat 2.2 km/h, xac suat mua 0%. De xuat flow-rate 100.0%."
Tien Giang,2026-05-29 11:00:00,29.1,66,100,2.9,3.7,0.77,HEALTHY,85.0,RETURN_TO_CHARGING,RETURN_TO_CHARGING,"RETURN_TO_CHARGING: Thoi tiet mua/nguy hiem, xac suat mua 100%. Dua drone ve tram sac de bao ve thiet bi."
Tien Giang,2026-05-29 12:00:00,28.1,71,0,2.5,3.8,1.0,HEALTHY,100.0,TAKE_OFF,TAKE_OFF,"TAKE_OFF: Dieu kien bay chap nhan duoc. Gio 2.5 km/h, gio giat 3.8 km/h, xac suat mua 0%. De xuat flow-rate 100.0%."
Tien Giang,2026-05-29 13:00:00,28.1,71,0,2.2,3.2,1.0,HEALTHY,100.0,TAKE_OFF,TAKE_OFF,"TAKE_OFF: Dieu kien bay chap nhan duoc. Gio 2.2 km/h, gio giat 3.2 km/h, xac suat mua 0%. De xuat flow-rate 100.0%."
Tien Giang,2026-05-29 14:00:00,29.1,67,0,4.7,6.2,1.0,HEALTHY,100.0,TAKE_OFF,TAKE_OFF,"TAKE_OFF: Dieu kien bay chap nhan duoc. Gio 4.7 km/h, gio giat 6.2 km/h, xac suat mua 0%. De xuat flow-rate 100.0%."
Tien Giang,2026-05-29 15:00:00,29.1,70,0,7.2,9.5,1.0,HEALTHY,100.0,TAKE_OFF,TAKE_OFF,"TAKE_OFF: Dieu kien bay chap nhan duoc. Gio 7.2 km/h, gio giat 9.5 km/h, xac suat mua 0%. De xuat flow-rate 100.0%."
Tien Giang,2026-05-29 16:00:00,28.3,75,0,8.3,11.7,1.0,HEALTHY,100.0,TAKE_OFF,TAKE_OFF,"TAKE_OFF: Dieu kien bay chap nhan duoc. Gio 8.3 km/h, gio giat 11.7 km/h, xac suat mua 0%. De xuat flow-rate 100.0%."
Tien Giang,2026-05-29 17:00:00,27.8,78,0,9.4,13.6,0.96,HEALTHY,100.0,RETURN_TO_CHARGING,RETURN_TO_CHARGING,"RETURN_TO_CHARGING: Thoi tiet mua/nguy hiem, xac suat mua 0%. Dua drone ve tram sac de bao ve thiet bi."
Tien Giang,2026-05-30 06:00:00,25.3,92,0,4.0,6.7,0.95,HEALTHY,100.0,TAKE_OFF,TAKE_OFF,"TAKE_OFF: Dieu kien bay chap nhan duoc. Gio 4.0 km/h, gio giat 6.7 km/h, xac suat mua 0%. De xuat flow-rate 100.0%."
Tien Giang,2026-05-30 07:00:00,26.0,90,0,4.7,7.2,0.95,HEALTHY,100.0,TAKE_OFF,TAKE_OFF,"TAKE_OFF: Dieu kien bay chap nhan duoc. Gio 4.7 km/h, gio giat 7.2 km/h, xac suat mua 0%. De xuat flow-rate 100.0%."
Tien Giang,2026-05-30 08:00:00,26.8,85,100,4.3,6.4,0.77,HEALTHY,85.0,RETURN_TO_CHARGING,RETURN_TO_CHARGING,"RETURN_TO_CHARGING: Thoi tiet mua/nguy hiem, xac suat mua 100%. Dua drone ve tram sac de bao ve thiet bi."
Tien Giang,2026-05-30 09:00:00,27.5,81,100,6.1,9.6,0.72,HEALTHY,85.0,RETURN_TO_CHARGING,RETURN_TO_CHARGING,"RETURN_TO_CHARGING: Thoi tiet mua/nguy hiem, xac suat mua 100%. Dua drone ve tram sac de bao ve thiet bi."
Tien Giang,2026-05-30 10:00:00,27.8,79,0,7.6,11.4,1.0,HEALTHY,100.0,TAKE_OFF,TAKE_OFF,"TAKE_OFF: Dieu kien bay chap nhan duoc. Gio 7.6 km/h, gio giat 11.4 km/h, xac suat mua 0%. De xuat flow-rate 100.0%."
Tien Giang,2026-05-30 11:00:00,27.8,80,100,9.0,12.8,0.77,HEALTHY,85.0,RETURN_TO_CHARGING,RETURN_TO_CHARGING,"RETURN_TO_CHARGING: Thoi tiet mua/nguy hiem, xac suat mua 100%. Dua drone ve tram sac de bao ve thiet bi."
Tien Giang,2026-05-30 12:00:00,27.5,82,100,10.4,15.8,0.77,HEALTHY,85.0,RETURN_TO_CHARGING,RETURN_TO_CHARGING,"RETURN_TO_CHARGING: Thoi tiet mua/nguy hiem, xac suat mua 100%. Dua drone ve tram sac de bao ve thiet bi."
Tien Giang,2026-05-30 13:00:00,27.5,82,88,11.9,16.3,0.72,HEALTHY,85.0,RETURN_TO_CHARGING,RETURN_TO_CHARGING,"RETURN_TO_CHARGING: Thoi tiet mua/nguy hiem, xac suat mua 88%. Dua drone ve tram sac de bao ve thiet bi."
Tien Giang,2026-05-30 14:00:00,28.3,77,100,14.0,17.3,0.77,HEALTHY,85.0,RETURN_TO_CHARGING,RETURN_TO_CHARGING,"RETURN_TO_CHARGING: Thoi tiet mua/nguy hiem, xac suat mua 100%. Dua drone ve tram sac de bao ve thiet bi."
Tien Giang,2026-05-30 15:00:00,29.5,71,61,15.8,18.2,0.77,HEALTHY,75.0,RETURN_TO_CHARGING,RETURN_TO_CHARGING,"RETURN_TO_CHARGING: Thoi tiet mua/nguy hiem, xac suat mua 61%. Dua drone ve tram sac de bao ve thiet bi."
Tien Giang,2026-05-30 16:00:00,28.7,73,0,16.9,20.5,1.0,HEALTHY,90.0,TAKE_OFF,TAKE_OFF,"TAKE_OFF: Dieu kien bay chap nhan duoc. Gio 16.9 km/h, gio giat 20.5 km/h, xac suat mua 0%. De xuat flow-rate 90.0%."
Tien Giang,2026-05-30 17:00:00,27.6,79,0,15.1,19.5,1.0,HEALTHY,90.0,TAKE_OFF,TAKE_OFF,"TAKE_OFF: Dieu kien bay chap nhan duoc. Gio 15.1 km/h, gio giat 19.5 km/h, xac suat mua 0%. De xuat flow-rate 90.0%."
An Giang,2026-06-01 06:00:00,26.0,86,73,6.8,11.0,0.77,HEALTHY,85.0,RETURN_TO_CHARGING,RETURN_TO_CHARGING,"RETURN_TO_CHARGING: Thoi tiet mua/nguy hiem, xac suat mua 73%. Dua drone ve tram sac de bao ve thiet bi."
An Giang,2026-06-01 07:00:00,26.7,83,73,8.3,13.1,0.77,HEALTHY,85.0,RETURN_TO_CHARGING,RETURN_TO_CHARGING,"RETURN_TO_CHARGING: Thoi tiet mua/nguy hiem, xac suat mua 73%. Dua drone ve tram sac de bao ve thiet bi."
An Giang,2026-06-01 08:00:00,27.2,81,81,16.2,23.8,0.72,HEALTHY,75.0,RETURN_TO_CHARGING,RETURN_TO_CHARGING,"RETURN_TO_CHARGING: Thoi tiet mua/nguy hiem, xac suat mua 81%. Dua drone ve tram sac de bao ve thiet bi."
An Giang,2026-06-01 09:00:00,26.7,84,73,16.9,27.8,0.72,HEALTHY,75.0,RETURN_TO_CHARGING,RETURN_TO_CHARGING,"RETURN_TO_CHARGING: Thoi tiet mua/nguy hiem, xac suat mua 73%. Dua drone ve tram sac de bao ve thiet bi."
An Giang,2026-06-01 10:00:00,26.7,84,73,12.6,21.2,0.77,HEALTHY,85.0,RETURN_TO_CHARGING,RETURN_TO_CHARGING,"RETURN_TO_CHARGING: Thoi tiet mua/nguy hiem, xac suat mua 73%. Dua drone ve tram sac de bao ve thiet bi."
An Giang,2026-06-01 11:00:00,27.1,82,73,11.5,19.7,0.77,HEALTHY,85.0,RETURN_TO_CHARGING,RETURN_TO_CHARGING,"RETURN_TO_CHARGING: Thoi tiet mua/nguy hiem, xac suat mua 73%. Dua drone ve tram sac de bao ve thiet bi."
An Giang,2026-06-01 12:00:00,27.3,82,73,9.7,18.0,0.77,HEALTHY,85.0,RETURN_TO_CHARGING,RETURN_TO_CHARGING,"RETURN_TO_CHARGING: Thoi tiet mua/nguy hiem, xac suat mua 73%. Dua drone ve tram sac de bao ve thiet bi."
An Giang,2026-06-01 13:00:00,27.2,82,13,6.5,12.0,0.85,HEALTHY,100.0,RETURN_TO_CHARGING,RETURN_TO_CHARGING,"RETURN_TO_CHARGING: Thoi tiet mua/nguy hiem, xac suat mua 13%. Dua drone ve tram sac de bao ve thiet bi."
An Giang,2026-06-01 14:00:00,27.0,84,73,6.1,8.6,0.77,HEALTHY,85.0,RETURN_TO_CHARGING,RETURN_TO_CHARGING,"RETURN_TO_CHARGING: Thoi tiet mua/nguy hiem, xac suat mua 73%. Dua drone ve tram sac de bao ve thiet bi."
An Giang,2026-06-01 15:00:00,26.8,86,25,9.4,13.5,0.8,HEALTHY,100.0,RETURN_TO_CHARGING,RETURN_TO_CHARGING,"RETURN_TO_CHARGING: Thoi tiet mua/nguy hiem, xac suat mua 25%. Dua drone ve tram sac de bao ve thiet bi."
An Giang,2026-06-01 16:00:00,26.6,87,25,7.9,11.6,0.95,HEALTHY,100.0,TAKE_OFF,TAKE_OFF,"TAKE_OFF: Dieu kien bay chap nhan duoc. Gio 7.9 km/h, gio giat 11.6 km/h, xac suat mua 25%. De xuat flow-rate 100.0%."
An Giang,2026-06-01 17:00:00,26.3,88,23,9.0,13.5,0.95,HEALTHY,100.0,TAKE_OFF,TAKE_OFF,"TAKE_OFF: Dieu kien bay chap nhan duoc. Gio 9.0 km/h, gio giat 13.5 km/h, xac suat mua 23%. De xuat flow-rate 100.0%."
Can Tho,2026-06-01 06:00:00,25.0,92,83,7.9,14.4,0.77,HEALTHY,85.0,RETURN_TO_CHARGING,RETURN_TO_CHARGING,"RETURN_TO_CHARGING: Thoi tiet mua/nguy hiem, xac suat mua 83%. Dua drone ve tram sac de bao ve thiet bi."
Can Tho,2026-06-01 07:00:00,25.5,90,88,9.0,17.0,0.72,HEALTHY,85.0,RETURN_TO_CHARGING,RETURN_TO_CHARGING,"RETURN_TO_CHARGING: Thoi tiet mua/nguy hiem, xac suat mua 88%. Dua drone ve tram sac de bao ve thiet bi."
Can Tho,2026-06-01 08:00:00,26.7,87,80,16.9,25.1,0.77,HEALTHY,75.0,RETURN_TO_CHARGING,RETURN_TO_CHARGING,"RETURN_TO_CHARGING: Thoi tiet mua/nguy hiem, xac suat mua 80%. Dua drone ve tram sac de bao ve thiet bi."
Can Tho,2026-06-01 09:00:00,25.7,90,89,20.2,35.1,0.37,HEALTHY,75.0,RETURN_TO_CHARGING,RETURN_TO_CHARGING,"RETURN_TO_CHARGING: Thoi tiet mua/nguy hiem, xac suat mua 89%. Dua drone ve tram sac de bao ve thiet bi."
Can Tho,2026-06-01 10:00:00,24.9,91,73,16.9,31.1,0.57,HEALTHY,75.0,RETURN_TO_CHARGING,RETURN_TO_CHARGING,"RETURN_TO_CHARGING: Thoi tiet mua/nguy hiem, xac suat mua 73%. Dua drone ve tram sac de bao ve thiet bi."
Can Tho,2026-06-01 11:00:00,24.7,93,90,14.8,27.4,0.72,HEALTHY,85.0,RETURN_TO_CHARGING,RETURN_TO_CHARGING,"RETURN_TO_CHARGING: Thoi tiet mua/nguy hiem, xac suat mua 90%. Dua drone ve tram sac de bao ve thiet bi."
Can Tho,2026-06-01 12:00:00,24.7,94,91,13.7,27.0,0.72,HEALTHY,85.0,RETURN_TO_CHARGING,RETURN_TO_CHARGING,"RETURN_TO_CHARGING: Thoi tiet mua/nguy hiem, xac suat mua 91%. Dua drone ve tram sac de bao ve thiet bi."
Can Tho,2026-06-01 13:00:00,25.0,94,91,13.0,26.5,0.72,HEALTHY,85.0,RETURN_TO_CHARGING,RETURN_TO_CHARGING,"RETURN_TO_CHARGING: Thoi tiet mua/nguy hiem, xac suat mua 91%. Dua drone ve tram sac de bao ve thiet bi."
Can Tho,2026-06-01 14:00:00,25.1,94,81,10.4,15.9,0.72,HEALTHY,85.0,RETURN_TO_CHARGING,RETURN_TO_CHARGING,"RETURN_TO_CHARGING: Thoi tiet mua/nguy hiem, xac suat mua 81%. Dua drone ve tram sac de bao ve thiet bi."
Can Tho,2026-06-01 15:00:00,25.1,94,73,9.0,13.9,0.77,HEALTHY,85.0,RETURN_TO_CHARGING,RETURN_TO_CHARGING,"RETURN_TO_CHARGING: Thoi tiet mua/nguy hiem, xac suat mua 73%. Dua drone ve tram sac de bao ve thiet bi."
Can Tho,2026-06-01 16:00:00,25.2,93,73,7.6,12.2,0.77,HEALTHY,85.0,RETURN_TO_CHARGING,RETURN_TO_CHARGING,"RETURN_TO_CHARGING: Thoi tiet mua/nguy hiem, xac suat mua 73%. Dua drone ve tram sac de bao ve thiet bi."
Can Tho,2026-06-01 17:00:00,25.3,93,33,8.6,14.2,0.87,HEALTHY,85.0,DELAY_FLIGHT,TAKE_OFF,"TAKE_OFF: Dieu kien bay chap nhan duoc. Gio 8.6 km/h, gio giat 14.2 km/h, xac suat mua 33%. De xuat flow-rate 85.0%."
Dong Thap,2026-06-01 06:00:00,25.1,90,73,7.2,12.9,0.77,HEALTHY,85.0,RETURN_TO_CHARGING,RETURN_TO_CHARGING,"RETURN_TO_CHARGING: Thoi tiet mua/nguy hiem, xac suat mua 73%. Dua drone ve tram sac de bao ve thiet bi."
Dong Thap,2026-06-01 07:00:00,25.7,88,82,7.9,14.3,0.77,HEALTHY,85.0,RETURN_TO_CHARGING,RETURN_TO_CHARGING,"RETURN_TO_CHARGING: Thoi tiet mua/nguy hiem, xac suat mua 82%. Dua drone ve tram sac de bao ve thiet bi."
Dong Thap,2026-06-01 08:00:00,26.5,85,77,14.0,22.2,0.77,HEALTHY,85.0,RETURN_TO_CHARGING,RETURN_TO_CHARGING,"RETURN_TO_CHARGING: Thoi tiet mua/nguy hiem, xac suat mua 77%. Dua drone ve tram sac de bao ve thiet bi."
Dong Thap,2026-06-01 09:00:00,26.0,88,75,18.7,32.0,0.62,HEALTHY,75.0,RETURN_TO_CHARGING,RETURN_TO_CHARGING,"RETURN_TO_CHARGING: Thoi tiet mua/nguy hiem, xac suat mua 75%. Dua drone ve tram sac de bao ve thiet bi."
Dong Thap,2026-06-01 10:00:00,25.6,88,73,17.6,32.7,0.62,HEALTHY,75.0,RETURN_TO_CHARGING,RETURN_TO_CHARGING,"RETURN_TO_CHARGING: Thoi tiet mua/nguy hiem, xac suat mua 73%. Dua drone ve tram sac de bao ve thiet bi."
Dong Thap,2026-06-01 11:00:00,25.5,90,84,13.7,22.0,0.72,HEALTHY,85.0,RETURN_TO_CHARGING,RETURN_TO_CHARGING,"RETURN_TO_CHARGING: Thoi tiet mua/nguy hiem, xac suat mua 84%. Dua drone ve tram sac de bao ve thiet bi."
Dong Thap,2026-06-01 12:00:00,25.6,91,89,13.3,26.8,0.72,HEALTHY,85.0,RETURN_TO_CHARGING,RETURN_TO_CHARGING,"RETURN_TO_CHARGING: Thoi tiet mua/nguy hiem, xac suat mua 89%. Dua drone ve tram sac de bao ve thiet bi."
Dong Thap,2026-06-01 13:00:00,25.6,91,73,13.3,21.2,0.72,HEALTHY,85.0,RETURN_TO_CHARGING,RETURN_TO_CHARGING,"RETURN_TO_CHARGING: Thoi tiet mua/nguy hiem, xac suat mua 73%. Dua drone ve tram sac de bao ve thiet bi."
Dong Thap,2026-06-01 14:00:00,25.3,92,73,13.3,20.2,0.77,HEALTHY,85.0,RETURN_TO_CHARGING,RETURN_TO_CHARGING,"RETURN_TO_CHARGING: Thoi tiet mua/nguy hiem, xac suat mua 73%. Dua drone ve tram sac de bao ve thiet bi."
Dong Thap,2026-06-01 15:00:00,25.2,93,73,13.3,20.3,0.77,HEALTHY,85.0,RETURN_TO_CHARGING,RETURN_TO_CHARGING,"RETURN_TO_CHARGING: Thoi tiet mua/nguy hiem, xac suat mua 73%. Dua drone ve tram sac de bao ve thiet bi."
Dong Thap,2026-06-01 16:00:00,25.2,93,73,10.8,17.1,0.77,HEALTHY,85.0,RETURN_TO_CHARGING,RETURN_TO_CHARGING,"RETURN_TO_CHARGING: Thoi tiet mua/nguy hiem, xac suat mua 73%. Dua drone ve tram sac de bao ve thiet bi."
Dong Thap,2026-06-01 17:00:00,25.2,93,13,9.7,15.8,1.0,HEALTHY,100.0,TAKE_OFF,TAKE_OFF,"TAKE_OFF: Dieu kien bay chap nhan duoc. Gio 9.7 km/h, gio giat 15.8 km/h, xac suat mua 13%. De xuat flow-rate 100.0%."
Ha Noi,2026-06-01 06:00:00,27.0,86,6,8.3,12.4,1.0,HEALTHY,100.0,TAKE_OFF,TAKE_OFF,"TAKE_OFF: Dieu kien bay chap nhan duoc. Gio 8.3 km/h, gio giat 12.4 km/h, xac suat mua 6%. De xuat flow-rate 100.0%."
Ha Noi,2026-06-01 07:00:00,28.8,77,4,11.2,13.9,1.0,HEALTHY,100.0,TAKE_OFF,TAKE_OFF,"TAKE_OFF: Dieu kien bay chap nhan duoc. Gio 11.2 km/h, gio giat 13.9 km/h, xac suat mua 4%. De xuat flow-rate 100.0%."
Ha Noi,2026-06-01 08:00:00,30.5,66,2,11.5,13.2,1.0,HEALTHY,100.0,TAKE_OFF,TAKE_OFF,"TAKE_OFF: Dieu kien bay chap nhan duoc. Gio 11.5 km/h, gio giat 13.2 km/h, xac suat mua 2%. De xuat flow-rate 100.0%."
Ha Noi,2026-06-01 09:00:00,32.1,59,2,10.4,12.0,1.0,WATER_STRESS,108.0,TAKE_OFF,TAKE_OFF,"TAKE_OFF: Dieu kien bay chap nhan duoc. Gio 10.4 km/h, gio giat 12.0 km/h, xac suat mua 2%. De xuat flow-rate 108.0%."
Ha Noi,2026-06-01 10:00:00,33.5,54,2,9.7,11.2,1.0,WATER_STRESS,108.0,TAKE_OFF,TAKE_OFF,"TAKE_OFF: Dieu kien bay chap nhan duoc. Gio 9.7 km/h, gio giat 11.2 km/h, xac suat mua 2%. De xuat flow-rate 108.0%."
Ha Noi,2026-06-01 11:00:00,34.8,50,3,9.0,10.4,0.95,WATER_STRESS,108.0,TAKE_OFF,TAKE_OFF,"TAKE_OFF: Dieu kien bay chap nhan duoc. Gio 9.0 km/h, gio giat 10.4 km/h, xac suat mua 3%. De xuat flow-rate 108.0%."
Ha Noi,2026-06-01 12:00:00,35.7,47,2,8.3,9.5,0.7,DRY_SOIL,103.0,DELAY_FLIGHT,DELAY_FLIGHT,DELAY_FLIGHT: Tam hoan bay do nhiet do 35.7C hoac rui ro mua 2%. Kiem tra lai khung gio ke tiep.
Ha Noi,2026-06-01 13:00:00,36.1,46,4,7.6,8.7,0.65,DRY_SOIL,103.0,DELAY_FLIGHT,DELAY_FLIGHT,DELAY_FLIGHT: Tam hoan bay do nhiet do 36.1C hoac rui ro mua 4%. Kiem tra lai khung gio ke tiep.
Ha Noi,2026-06-01 14:00:00,35.7,48,4,10.8,12.9,0.65,DRY_SOIL,103.0,DELAY_FLIGHT,DELAY_FLIGHT,DELAY_FLIGHT: Tam hoan bay do nhiet do 35.7C hoac rui ro mua 4%. Kiem tra lai khung gio ke tiep.
Ha Noi,2026-06-01 15:00:00,36.4,45,0,5.0,5.9,0.7,DRY_SOIL,103.0,DELAY_FLIGHT,DELAY_FLIGHT,DELAY_FLIGHT: Tam hoan bay do nhiet do 36.4C hoac rui ro mua 0%. Kiem tra lai khung gio ke tiep.
Ha Noi,2026-06-01 16:00:00,33.0,59,2,15.5,22.8,1.0,WATER_STRESS,98.0,TAKE_OFF,TAKE_OFF,"TAKE_OFF: Dieu kien bay chap nhan duoc. Gio 15.5 km/h, gio giat 22.8 km/h, xac suat mua 2%. De xuat flow-rate 98.0%."
Ha Noi,2026-06-01 17:00:00,33.3,57,2,16.6,23.7,1.0,WATER_STRESS,98.0,TAKE_OFF,TAKE_OFF,"TAKE_OFF: Dieu kien bay chap nhan duoc. Gio 16.6 km/h, gio giat 23.7 km/h, xac suat mua 2%. De xuat flow-rate 98.0%."
Ho Chi Minh,2026-06-01 06:00:00,24.9,93,73,3.6,5.1,0.72,HEALTHY,85.0,RETURN_TO_CHARGING,RETURN_TO_CHARGING,"RETURN_TO_CHARGING: Thoi tiet mua/nguy hiem, xac suat mua 73%. Dua drone ve tram sac de bao ve thiet bi."
Ho Chi Minh,2026-06-01 07:00:00,25.1,92,28,2.2,3.0,0.8,HEALTHY,100.0,RETURN_TO_CHARGING,RETURN_TO_CHARGING,"RETURN_TO_CHARGING: Thoi tiet mua/nguy hiem, xac suat mua 28%. Dua drone ve tram sac de bao ve thiet bi."
Ho Chi Minh,2026-06-01 08:00:00,25.4,91,73,1.4,2.0,0.77,HEALTHY,85.0,RETURN_TO_CHARGING,RETURN_TO_CHARGING,"RETURN_TO_CHARGING: Thoi tiet mua/nguy hiem, xac suat mua 73%. Dua drone ve tram sac de bao ve thiet bi."
Ho Chi Minh,2026-06-01 09:00:00,25.8,88,73,2.2,3.0,0.77,HEALTHY,85.0,RETURN_TO_CHARGING,RETURN_TO_CHARGING,"RETURN_TO_CHARGING: Thoi tiet mua/nguy hiem, xac suat mua 73%. Dua drone ve tram sac de bao ve thiet bi."
Ho Chi Minh,2026-06-01 10:00:00,26.2,86,73,3.6,5.5,0.77,HEALTHY,85.0,RETURN_TO_CHARGING,RETURN_TO_CHARGING,"RETURN_TO_CHARGING: Thoi tiet mua/nguy hiem, xac suat mua 73%. Dua drone ve tram sac de bao ve thiet bi."
Ho Chi Minh,2026-06-01 11:00:00,26.4,84,73,4.7,7.8,0.77,HEALTHY,85.0,RETURN_TO_CHARGING,RETURN_TO_CHARGING,"RETURN_TO_CHARGING: Thoi tiet mua/nguy hiem, xac suat mua 73%. Dua drone ve tram sac de bao ve thiet bi."
Ho Chi Minh,2026-06-01 12:00:00,26.6,83,73,4.7,8.2,0.77,HEALTHY,85.0,RETURN_TO_CHARGING,RETURN_TO_CHARGING,"RETURN_TO_CHARGING: Thoi tiet mua/nguy hiem, xac suat mua 73%. Dua drone ve tram sac de bao ve thiet bi."
Ho Chi Minh,2026-06-01 13:00:00,26.8,81,11,7.6,13.2,0.85,HEALTHY,100.0,RETURN_TO_CHARGING,RETURN_TO_CHARGING,"RETURN_TO_CHARGING: Thoi tiet mua/nguy hiem, xac suat mua 11%. Dua drone ve tram sac de bao ve thiet bi."
Ho Chi Minh,2026-06-01 14:00:00,26.8,83,18,9.0,12.3,0.85,HEALTHY,100.0,RETURN_TO_CHARGING,RETURN_TO_CHARGING,"RETURN_TO_CHARGING: Thoi tiet mua/nguy hiem, xac suat mua 18%. Dua drone ve tram sac de bao ve thiet bi."
Ho Chi Minh,2026-06-01 15:00:00,26.5,85,20,9.4,12.9,0.95,HEALTHY,100.0,TAKE_OFF,TAKE_OFF,"TAKE_OFF: Dieu kien bay chap nhan duoc. Gio 9.4 km/h, gio giat 12.9 km/h, xac suat mua 20%. De xuat flow-rate 100.0%."
Ho Chi Minh,2026-06-01 16:00:00,26.2,87,22,8.3,11.7,0.95,HEALTHY,100.0,TAKE_OFF,TAKE_OFF,"TAKE_OFF: Dieu kien bay chap nhan duoc. Gio 8.3 km/h, gio giat 11.7 km/h, xac suat mua 22%. De xuat flow-rate 100.0%."
Ho Chi Minh,2026-06-01 17:00:00,26.0,89,18,7.2,10.4,0.85,HEALTHY,100.0,RETURN_TO_CHARGING,RETURN_TO_CHARGING,"RETURN_TO_CHARGING: Thoi tiet mua/nguy hiem, xac suat mua 18%. Dua drone ve tram sac de bao ve thiet bi."
Long An,2026-06-01 06:00:00,24.7,94,73,3.2,4.8,0.77,HEALTHY,85.0,RETURN_TO_CHARGING,RETURN_TO_CHARGING,"RETURN_TO_CHARGING: Thoi tiet mua/nguy hiem, xac suat mua 73%. Dua drone ve tram sac de bao ve thiet bi."
Long An,2026-06-01 07:00:00,25.4,91,19,2.9,4.0,0.85,HEALTHY,100.0,RETURN_TO_CHARGING,RETURN_TO_CHARGING,"RETURN_TO_CHARGING: Thoi tiet mua/nguy hiem, xac suat mua 19%. Dua drone ve tram sac de bao ve thiet bi."
Long An,2026-06-01 08:00:00,26.2,86,73,2.9,3.8,0.72,HEALTHY,85.0,RETURN_TO_CHARGING,RETURN_TO_CHARGING,"RETURN_TO_CHARGING: Thoi tiet mua/nguy hiem, xac suat mua 73%. Dua drone ve tram sac de bao ve thiet bi."
Long An,2026-06-01 09:00:00,26.5,84,84,2.2,2.9,0.72,HEALTHY,85.0,RETURN_TO_CHARGING,RETURN_TO_CHARGING,"RETURN_TO_CHARGING: Thoi tiet mua/nguy hiem, xac suat mua 84%. Dua drone ve tram sac de bao ve thiet bi."
Long An,2026-06-01 10:00:00,26.2,86,73,5.8,8.6,0.77,HEALTHY,85.0,RETURN_TO_CHARGING,RETURN_TO_CHARGING,"RETURN_TO_CHARGING: Thoi tiet mua/nguy hiem, xac suat mua 73%. Dua drone ve tram sac de bao ve thiet bi."
Long An,2026-06-01 11:00:00,26.4,85,73,6.8,10.1,0.77,HEALTHY,85.0,RETURN_TO_CHARGING,RETURN_TO_CHARGING,"RETURN_TO_CHARGING: Thoi tiet mua/nguy hiem, xac suat mua 73%. Dua drone ve tram sac de bao ve thiet bi."
Long An,2026-06-01 12:00:00,26.3,85,73,9.7,16.6,0.77,HEALTHY,85.0,RETURN_TO_CHARGING,RETURN_TO_CHARGING,"RETURN_TO_CHARGING: Thoi tiet mua/nguy hiem, xac suat mua 73%. Dua drone ve tram sac de bao ve thiet bi."
Long An,2026-06-01 13:00:00,26.2,86,25,12.2,16.8,0.8,HEALTHY,100.0,RETURN_TO_CHARGING,RETURN_TO_CHARGING,"RETURN_TO_CHARGING: Thoi tiet mua/nguy hiem, xac suat mua 25%. Dua drone ve tram sac de bao ve thiet bi."
Long An,2026-06-01 14:00:00,26.0,87,22,11.9,15.7,0.8,HEALTHY,100.0,RETURN_TO_CHARGING,RETURN_TO_CHARGING,"RETURN_TO_CHARGING: Thoi tiet mua/nguy hiem, xac suat mua 22%. Dua drone ve tram sac de bao ve thiet bi."
Long An,2026-06-01 15:00:00,26.2,87,26,11.9,15.8,0.8,HEALTHY,100.0,RETURN_TO_CHARGING,RETURN_TO_CHARGING,"RETURN_TO_CHARGING: Thoi tiet mua/nguy hiem, xac suat mua 26%. Dua drone ve tram sac de bao ve thiet bi."
Long An,2026-06-01 16:00:00,26.0,88,26,10.4,14.4,0.8,HEALTHY,100.0,RETURN_TO_CHARGING,RETURN_TO_CHARGING,"RETURN_TO_CHARGING: Thoi tiet mua/nguy hiem, xac suat mua 26%. Dua drone ve tram sac de bao ve thiet bi."
Long An,2026-06-01 17:00:00,25.8,90,20,8.6,12.3,1.0,HEALTHY,100.0,TAKE_OFF,TAKE_OFF,"TAKE_OFF: Dieu kien bay chap nhan duoc. Gio 8.6 km/h, gio giat 12.3 km/h, xac suat mua 20%. De xuat flow-rate 100.0%."
Tien Giang,2026-06-01 06:00:00,24.4,96,36,1.1,1.7,0.77,HEALTHY,85.0,RETURN_TO_CHARGING,RETURN_TO_CHARGING,"RETURN_TO_CHARGING: Thoi tiet mua/nguy hiem, xac suat mua 36%. Dua drone ve tram sac de bao ve thiet bi."
Tien Giang,2026-06-01 07:00:00,25.3,92,16,2.5,3.7,1.0,HEALTHY,100.0,TAKE_OFF,TAKE_OFF,"TAKE_OFF: Dieu kien bay chap nhan duoc. Gio 2.5 km/h, gio giat 3.7 km/h, xac suat mua 16%. De xuat flow-rate 100.0%."
Tien Giang,2026-06-01 08:00:00,26.7,85,73,4.7,6.0,0.72,HEALTHY,85.0,RETURN_TO_CHARGING,RETURN_TO_CHARGING,"RETURN_TO_CHARGING: Thoi tiet mua/nguy hiem, xac suat mua 73%. Dua drone ve tram sac de bao ve thiet bi."
Tien Giang,2026-06-01 09:00:00,27.0,84,73,4.7,6.3,0.77,HEALTHY,85.0,RETURN_TO_CHARGING,RETURN_TO_CHARGING,"RETURN_TO_CHARGING: Thoi tiet mua/nguy hiem, xac suat mua 73%. Dua drone ve tram sac de bao ve thiet bi."
Tien Giang,2026-06-01 10:00:00,26.4,87,76,7.6,11.3,0.77,HEALTHY,85.0,RETURN_TO_CHARGING,RETURN_TO_CHARGING,"RETURN_TO_CHARGING: Thoi tiet mua/nguy hiem, xac suat mua 76%. Dua drone ve tram sac de bao ve thiet bi."
Tien Giang,2026-06-01 11:00:00,26.0,89,84,10.4,15.2,0.72,HEALTHY,85.0,RETURN_TO_CHARGING,RETURN_TO_CHARGING,"RETURN_TO_CHARGING: Thoi tiet mua/nguy hiem, xac suat mua 84%. Dua drone ve tram sac de bao ve thiet bi."
Tien Giang,2026-06-01 12:00:00,25.7,90,32,10.8,17.5,0.72,HEALTHY,85.0,RETURN_TO_CHARGING,RETURN_TO_CHARGING,"RETURN_TO_CHARGING: Thoi tiet mua/nguy hiem, xac suat mua 32%. Dua drone ve tram sac de bao ve thiet bi."
Tien Giang,2026-06-01 13:00:00,25.3,91,81,10.4,14.4,0.72,HEALTHY,85.0,RETURN_TO_CHARGING,RETURN_TO_CHARGING,"RETURN_TO_CHARGING: Thoi tiet mua/nguy hiem, xac suat mua 81%. Dua drone ve tram sac de bao ve thiet bi."
Tien Giang,2026-06-01 14:00:00,25.0,93,73,10.1,13.8,0.72,HEALTHY,85.0,RETURN_TO_CHARGING,RETURN_TO_CHARGING,"RETURN_TO_CHARGING: Thoi tiet mua/nguy hiem, xac suat mua 73%. Dua drone ve tram sac de bao ve thiet bi."
Tien Giang,2026-06-01 15:00:00,25.2,93,73,9.7,13.5,0.72,HEALTHY,85.0,RETURN_TO_CHARGING,RETURN_TO_CHARGING,"RETURN_TO_CHARGING: Thoi tiet mua/nguy hiem, xac suat mua 73%. Dua drone ve tram sac de bao ve thiet bi."
Tien Giang,2026-06-01 16:00:00,25.2,93,73,9.4,13.2,0.77,HEALTHY,85.0,RETURN_TO_CHARGING,RETURN_TO_CHARGING,"RETURN_TO_CHARGING: Thoi tiet mua/nguy hiem, xac suat mua 73%. Dua drone ve tram sac de bao ve thiet bi."
Tien Giang,2026-06-01 17:00:00,25.0,94,28,7.6,11.2,0.8,HEALTHY,100.0,RETURN_TO_CHARGING,RETURN_TO_CHARGING,"RETURN_TO_CHARGING: Thoi tiet mua/nguy hiem, xac suat mua 28%. Dua drone ve tram sac de bao ve thiet bi."
An Giang,2026-06-02 06:00:00,26.3,85,10,7.6,12.5,1.0,HEALTHY,100.0,TAKE_OFF,TAKE_OFF,"TAKE_OFF: Dieu kien bay chap nhan duoc. Gio 7.6 km/h, gio giat 12.5 km/h, xac suat mua 10%. De xuat flow-rate 100.0%."
An Giang,2026-06-02 07:00:00,27.3,81,8,9.7,13.6,1.0,HEALTHY,100.0,TAKE_OFF,TAKE_OFF,"TAKE_OFF: Dieu kien bay chap nhan duoc. Gio 9.7 km/h, gio giat 13.6 km/h, xac suat mua 8%. De xuat flow-rate 100.0%."
An Giang,2026-06-02 08:00:00,28.7,75,6,11.9,14.7,1.0,HEALTHY,100.0,TAKE_OFF,TAKE_OFF,"TAKE_OFF: Dieu kien bay chap nhan duoc. Gio 11.9 km/h, gio giat 14.7 km/h, xac suat mua 6%. De xuat flow-rate 100.0%."
An Giang,2026-06-02 09:00:00,30.3,67,73,12.6,14.5,0.77,HEALTHY,85.0,RETURN_TO_CHARGING,RETURN_TO_CHARGING,"RETURN_TO_CHARGING: Thoi tiet mua/nguy hiem, xac suat mua 73%. Dua drone ve tram sac de bao ve thiet bi."
An Giang,2026-06-02 10:00:00,31.3,63,73,14.8,17.2,0.77,HEALTHY,85.0,RETURN_TO_CHARGING,RETURN_TO_CHARGING,"RETURN_TO_CHARGING: Thoi tiet mua/nguy hiem, xac suat mua 73%. Dua drone ve tram sac de bao ve thiet bi."
An Giang,2026-06-02 11:00:00,31.7,61,73,18.0,22.0,0.77,HEALTHY,75.0,RETURN_TO_CHARGING,RETURN_TO_CHARGING,"RETURN_TO_CHARGING: Thoi tiet mua/nguy hiem, xac suat mua 73%. Dua drone ve tram sac de bao ve thiet bi."
An Giang,2026-06-02 12:00:00,31.5,62,73,18.4,24.5,0.72,HEALTHY,75.0,RETURN_TO_CHARGING,RETURN_TO_CHARGING,"RETURN_TO_CHARGING: Thoi tiet mua/nguy hiem, xac suat mua 73%. Dua drone ve tram sac de bao ve thiet bi."
An Giang,2026-06-02 13:00:00,31.2,63,73,18.4,27.0,0.72,HEALTHY,75.0,RETURN_TO_CHARGING,RETURN_TO_CHARGING,"RETURN_TO_CHARGING: Thoi tiet mua/nguy hiem, xac suat mua 73%. Dua drone ve tram sac de bao ve thiet bi."
An Giang,2026-06-02 14:00:00,31.1,63,73,19.8,23.8,0.77,HEALTHY,75.0,RETURN_TO_CHARGING,RETURN_TO_CHARGING,"RETURN_TO_CHARGING: Thoi tiet mua/nguy hiem, xac suat mua 73%. Dua drone ve tram sac de bao ve thiet bi."
An Giang,2026-06-02 15:00:00,30.7,65,5,23.0,27.4,0.65,HEALTHY,90.0,RETURN_TO_CHARGING,RETURN_TO_CHARGING,"RETURN_TO_CHARGING: Thoi tiet mua/nguy hiem, xac suat mua 5%. Dua drone ve tram sac de bao ve thiet bi."
An Giang,2026-06-02 16:00:00,29.7,69,73,24.8,31.7,0.42,HEALTHY,75.0,RETURN_TO_CHARGING,RETURN_TO_CHARGING,"RETURN_TO_CHARGING: Thoi tiet mua/nguy hiem, xac suat mua 73%. Dua drone ve tram sac de bao ve thiet bi."
An Giang,2026-06-02 17:00:00,28.5,75,4,26.6,35.0,0.65,HEALTHY,90.0,LOCK_SPRAY,LOCK_SPRAY,LOCK_SPRAY: Khoa lenh phun vi gio/gio giat vuot nguong an toan (26.6/35.0 km/h). Tranh pesticide drift va mat on dinh UAV.
An Giang,2026-06-03 06:00:00,25.8,85,8,21.6,33.2,0.65,HEALTHY,90.0,LOCK_SPRAY,LOCK_SPRAY,LOCK_SPRAY: Khoa lenh phun vi gio/gio giat vuot nguong an toan (21.6/33.2 km/h). Tranh pesticide drift va mat on dinh UAV.
An Giang,2026-06-03 07:00:00,26.2,83,24,24.1,34.5,0.45,HEALTHY,90.0,RETURN_TO_CHARGING,RETURN_TO_CHARGING,"RETURN_TO_CHARGING: Thoi tiet mua/nguy hiem, xac suat mua 24%. Dua drone ve tram sac de bao ve thiet bi."
An Giang,2026-06-03 08:00:00,26.8,79,22,26.3,34.7,0.45,HEALTHY,90.0,RETURN_TO_CHARGING,RETURN_TO_CHARGING,"RETURN_TO_CHARGING: Thoi tiet mua/nguy hiem, xac suat mua 22%. Dua drone ve tram sac de bao ve thiet bi."
An Giang,2026-06-03 09:00:00,27.8,73,73,27.7,33.6,0.37,HEALTHY,75.0,RETURN_TO_CHARGING,RETURN_TO_CHARGING,"RETURN_TO_CHARGING: Thoi tiet mua/nguy hiem, xac suat mua 73%. Dua drone ve tram sac de bao ve thiet bi."
An Giang,2026-06-03 10:00:00,28.9,67,2,27.4,31.5,0.65,HEALTHY,90.0,LOCK_SPRAY,LOCK_SPRAY,LOCK_SPRAY: Khoa lenh phun vi gio/gio giat vuot nguong an toan (27.4/31.5 km/h). Tranh pesticide drift va mat on dinh UAV.
An Giang,2026-06-03 11:00:00,29.5,65,2,24.8,28.6,0.65,HEALTHY,90.0,LOCK_SPRAY,LOCK_SPRAY,LOCK_SPRAY: Khoa lenh phun vi gio/gio giat vuot nguong an toan (24.8/28.6 km/h). Tranh pesticide drift va mat on dinh UAV.
An Giang,2026-06-03 12:00:00,28.5,69,4,21.6,24.8,0.8,HEALTHY,90.0,LOCK_SPRAY,LOCK_SPRAY,LOCK_SPRAY: Khoa lenh phun vi gio/gio giat vuot nguong an toan (21.6/24.8 km/h). Tranh pesticide drift va mat on dinh UAV.
An Giang,2026-06-03 13:00:00,28.9,66,3,18.4,21.7,1.0,HEALTHY,90.0,TAKE_OFF,TAKE_OFF,"TAKE_OFF: Dieu kien bay chap nhan duoc. Gio 18.4 km/h, gio giat 21.7 km/h, xac suat mua 3%. De xuat flow-rate 90.0%."
An Giang,2026-06-03 14:00:00,29.6,61,2,17.3,22.8,1.0,HEALTHY,90.0,TAKE_OFF,TAKE_OFF,"TAKE_OFF: Dieu kien bay chap nhan duoc. Gio 17.3 km/h, gio giat 22.8 km/h, xac suat mua 2%. De xuat flow-rate 90.0%."
An Giang,2026-06-03 15:00:00,30.8,56,2,20.2,25.7,0.8,HEALTHY,90.0,LOCK_SPRAY,LOCK_SPRAY,LOCK_SPRAY: Khoa lenh phun vi gio/gio giat vuot nguong an toan (20.2/25.7 km/h). Tranh pesticide drift va mat on dinh UAV.
An Giang,2026-06-03 16:00:00,30.8,57,2,22.3,28.7,0.65,HEALTHY,90.0,LOCK_SPRAY,LOCK_SPRAY,LOCK_SPRAY: Khoa lenh phun vi gio/gio giat vuot nguong an toan (22.3/28.7 km/h). Tranh pesticide drift va mat on dinh UAV.
An Giang,2026-06-03 17:00:00,29.5,66,3,21.6,28.0,0.8,HEALTHY,90.0,LOCK_SPRAY,LOCK_SPRAY,LOCK_SPRAY: Khoa lenh phun vi gio/gio giat vuot nguong an toan (21.6/28.0 km/h). Tranh pesticide drift va mat on dinh UAV.
An Giang,2026-06-04 06:00:00,26.5,82,73,16.2,25.6,0.77,HEALTHY,75.0,RETURN_TO_CHARGING,RETURN_TO_CHARGING,"RETURN_TO_CHARGING: Thoi tiet mua/nguy hiem, xac suat mua 73%. Dua drone ve tram sac de bao ve thiet bi."
An Giang,2026-06-04 07:00:00,27.2,80,73,15.8,22.9,0.77,HEALTHY,75.0,RETURN_TO_CHARGING,RETURN_TO_CHARGING,"RETURN_TO_CHARGING: Thoi tiet mua/nguy hiem, xac suat mua 73%. Dua drone ve tram sac de bao ve thiet bi."
An Giang,2026-06-04 08:00:00,27.6,79,73,17.3,24.2,0.77,HEALTHY,75.0,RETURN_TO_CHARGING,RETURN_TO_CHARGING,"RETURN_TO_CHARGING: Thoi tiet mua/nguy hiem, xac suat mua 73%. Dua drone ve tram sac de bao ve thiet bi."
An Giang,2026-06-04 09:00:00,27.1,82,75,17.3,25.2,0.77,HEALTHY,75.0,RETURN_TO_CHARGING,RETURN_TO_CHARGING,"RETURN_TO_CHARGING: Thoi tiet mua/nguy hiem, xac suat mua 75%. Dua drone ve tram sac de bao ve thiet bi."
An Giang,2026-06-04 10:00:00,28.0,78,77,21.2,33.2,0.37,HEALTHY,75.0,RETURN_TO_CHARGING,RETURN_TO_CHARGING,"RETURN_TO_CHARGING: Thoi tiet mua/nguy hiem, xac suat mua 77%. Dua drone ve tram sac de bao ve thiet bi."
An Giang,2026-06-04 11:00:00,28.7,75,73,23.8,39.4,0.42,HEALTHY,75.0,RETURN_TO_CHARGING,RETURN_TO_CHARGING,"RETURN_TO_CHARGING: Thoi tiet mua/nguy hiem, xac suat mua 73%. Dua drone ve tram sac de bao ve thiet bi."
An Giang,2026-06-04 12:00:00,28.9,74,73,22.7,41.2,0.37,HEALTHY,75.0,RETURN_TO_CHARGING,RETURN_TO_CHARGING,"RETURN_TO_CHARGING: Thoi tiet mua/nguy hiem, xac suat mua 73%. Dua drone ve tram sac de bao ve thiet bi."
An Giang,2026-06-04 13:00:00,29.7,70,73,26.3,47.2,0.42,HEALTHY,75.0,RETURN_TO_CHARGING,RETURN_TO_CHARGING,"RETURN_TO_CHARGING: Thoi tiet mua/nguy hiem, xac suat mua 73%. Dua drone ve tram sac de bao ve thiet bi."
An Giang,2026-06-04 14:00:00,29.9,70,14,27.4,34.2,0.45,HEALTHY,90.0,RETURN_TO_CHARGING,RETURN_TO_CHARGING,"RETURN_TO_CHARGING: Thoi tiet mua/nguy hiem, xac suat mua 14%. Dua drone ve tram sac de bao ve thiet bi."
An Giang,2026-06-04 15:00:00,29.7,70,10,28.8,36.6,0.5,HEALTHY,90.0,RETURN_TO_CHARGING,RETURN_TO_CHARGING,"RETURN_TO_CHARGING: Thoi tiet mua/nguy hiem, xac suat mua 10%. Dua drone ve tram sac de bao ve thiet bi."
An Giang,2026-06-04 16:00:00,29.7,70,73,27.7,35.9,0.37,HEALTHY,75.0,RETURN_TO_CHARGING,RETURN_TO_CHARGING,"RETURN_TO_CHARGING: Thoi tiet mua/nguy hiem, xac suat mua 73%. Dua drone ve tram sac de bao ve thiet bi."
An Giang,2026-06-04 17:00:00,28.8,75,73,25.2,36.7,0.42,HEALTHY,75.0,RETURN_TO_CHARGING,RETURN_TO_CHARGING,"RETURN_TO_CHARGING: Thoi tiet mua/nguy hiem, xac suat mua 73%. Dua drone ve tram sac de bao ve thiet bi."
Can Tho,2026-06-02 06:00:00,24.9,94,80,7.6,13.6,0.77,HEALTHY,85.0,RETURN_TO_CHARGING,RETURN_TO_CHARGING,"RETURN_TO_CHARGING: Thoi tiet mua/nguy hiem, xac suat mua 80%. Dua drone ve tram sac de bao ve thiet bi."
Can Tho,2026-06-02 07:00:00,25.1,94,88,8.3,14.9,0.77,HEALTHY,85.0,RETURN_TO_CHARGING,RETURN_TO_CHARGING,"RETURN_TO_CHARGING: Thoi tiet mua/nguy hiem, xac suat mua 88%. Dua drone ve tram sac de bao ve thiet bi."
Can Tho,2026-06-02 08:00:00,26.0,90,81,10.8,18.6,0.77,HEALTHY,85.0,RETURN_TO_CHARGING,RETURN_TO_CHARGING,"RETURN_TO_CHARGING: Thoi tiet mua/nguy hiem, xac suat mua 81%. Dua drone ve tram sac de bao ve thiet bi."
Can Tho,2026-06-02 09:00:00,27.7,82,80,18.0,30.3,0.62,HEALTHY,75.0,RETURN_TO_CHARGING,RETURN_TO_CHARGING,"RETURN_TO_CHARGING: Thoi tiet mua/nguy hiem, xac suat mua 80%. Dua drone ve tram sac de bao ve thiet bi."
Can Tho,2026-06-02 10:00:00,27.7,82,73,19.4,36.4,0.62,HEALTHY,75.0,RETURN_TO_CHARGING,RETURN_TO_CHARGING,"RETURN_TO_CHARGING: Thoi tiet mua/nguy hiem, xac suat mua 73%. Dua drone ve tram sac de bao ve thiet bi."
Can Tho,2026-06-02 11:00:00,27.2,84,73,19.1,36.9,0.62,HEALTHY,75.0,RETURN_TO_CHARGING,RETURN_TO_CHARGING,"RETURN_TO_CHARGING: Thoi tiet mua/nguy hiem, xac suat mua 73%. Dua drone ve tram sac de bao ve thiet bi."
Can Tho,2026-06-02 12:00:00,26.8,86,82,20.2,40.2,0.37,HEALTHY,75.0,RETURN_TO_CHARGING,RETURN_TO_CHARGING,"RETURN_TO_CHARGING: Thoi tiet mua/nguy hiem, xac suat mua 82%. Dua drone ve tram sac de bao ve thiet bi."
Can Tho,2026-06-02 13:00:00,26.0,90,84,20.5,40.5,0.42,HEALTHY,75.0,RETURN_TO_CHARGING,RETURN_TO_CHARGING,"RETURN_TO_CHARGING: Thoi tiet mua/nguy hiem, xac suat mua 84%. Dua drone ve tram sac de bao ve thiet bi."
Can Tho,2026-06-02 14:00:00,25.5,91,85,16.9,26.7,0.72,HEALTHY,75.0,RETURN_TO_CHARGING,RETURN_TO_CHARGING,"RETURN_TO_CHARGING: Thoi tiet mua/nguy hiem, xac suat mua 85%. Dua drone ve tram sac de bao ve thiet bi."
Can Tho,2026-06-02 15:00:00,26.0,89,83,15.1,23.4,0.77,HEALTHY,75.0,RETURN_TO_CHARGING,RETURN_TO_CHARGING,"RETURN_TO_CHARGING: Thoi tiet mua/nguy hiem, xac suat mua 83%. Dua drone ve tram sac de bao ve thiet bi."
Can Tho,2026-06-02 16:00:00,26.1,89,73,15.8,24.4,0.77,HEALTHY,75.0,RETURN_TO_CHARGING,RETURN_TO_CHARGING,"RETURN_TO_CHARGING: Thoi tiet mua/nguy hiem, xac suat mua 73%. Dua drone ve tram sac de bao ve thiet bi."
Can Tho,2026-06-02 17:00:00,25.6,91,76,17.6,27.6,0.77,HEALTHY,75.0,RETURN_TO_CHARGING,RETURN_TO_CHARGING,"RETURN_TO_CHARGING: Thoi tiet mua/nguy hiem, xac suat mua 76%. Dua drone ve tram sac de bao ve thiet bi."
Can Tho,2026-06-03 06:00:00,25.5,89,73,18.4,33.7,0.62,HEALTHY,75.0,RETURN_TO_CHARGING,RETURN_TO_CHARGING,"RETURN_TO_CHARGING: Thoi tiet mua/nguy hiem, xac suat mua 73%. Dua drone ve tram sac de bao ve thiet bi."
Can Tho,2026-06-03 07:00:00,26.0,87,73,19.4,36.1,0.62,HEALTHY,75.0,RETURN_TO_CHARGING,RETURN_TO_CHARGING,"RETURN_TO_CHARGING: Thoi tiet mua/nguy hiem, xac suat mua 73%. Dua drone ve tram sac de bao ve thiet bi."
Can Tho,2026-06-03 08:00:00,26.6,85,73,20.5,30.3,0.42,HEALTHY,75.0,RETURN_TO_CHARGING,RETURN_TO_CHARGING,"RETURN_TO_CHARGING: Thoi tiet mua/nguy hiem, xac suat mua 73%. Dua drone ve tram sac de bao ve thiet bi."
Can Tho,2026-06-03 09:00:00,26.6,85,26,20.5,30.5,0.45,HEALTHY,90.0,RETURN_TO_CHARGING,RETURN_TO_CHARGING,"RETURN_TO_CHARGING: Thoi tiet mua/nguy hiem, xac suat mua 26%. Dua drone ve tram sac de bao ve thiet bi."
Can Tho,2026-06-03 10:00:00,27.1,83,13,21.6,31.7,0.5,HEALTHY,90.0,RETURN_TO_CHARGING,RETURN_TO_CHARGING,"RETURN_TO_CHARGING: Thoi tiet mua/nguy hiem, xac suat mua 13%. Dua drone ve tram sac de bao ve thiet bi."
Can Tho,2026-06-03 11:00:00,28.6,76,7,24.1,29.2,0.65,HEALTHY,90.0,LOCK_SPRAY,LOCK_SPRAY,LOCK_SPRAY: Khoa lenh phun vi gio/gio giat vuot nguong an toan (24.1/29.2 km/h). Tranh pesticide drift va mat on dinh UAV.
Can Tho,2026-06-03 12:00:00,28.0,77,6,22.7,28.3,0.65,HEALTHY,90.0,LOCK_SPRAY,LOCK_SPRAY,LOCK_SPRAY: Khoa lenh phun vi gio/gio giat vuot nguong an toan (22.7/28.3 km/h). Tranh pesticide drift va mat on dinh UAV.
Can Tho,2026-06-03 13:00:00,27.7,77,6,19.8,28.3,0.85,HEALTHY,90.0,LOCK_SPRAY,LOCK_SPRAY,LOCK_SPRAY: Khoa lenh phun vi gio/gio giat vuot nguong an toan (19.8/28.3 km/h). Tranh pesticide drift va mat on dinh UAV.
Can Tho,2026-06-03 14:00:00,29.3,69,10,22.7,29.8,0.6,HEALTHY,90.0,LOCK_SPRAY,LOCK_SPRAY,LOCK_SPRAY: Khoa lenh phun vi gio/gio giat vuot nguong an toan (22.7/29.8 km/h). Tranh pesticide drift va mat on dinh UAV.
Can Tho,2026-06-03 15:00:00,28.1,74,7,19.8,29.0,0.85,HEALTHY,90.0,LOCK_SPRAY,LOCK_SPRAY,LOCK_SPRAY: Khoa lenh phun vi gio/gio giat vuot nguong an toan (19.8/29.0 km/h). Tranh pesticide drift va mat on dinh UAV.
Can Tho,2026-06-03 16:00:00,27.9,76,9,19.1,28.4,0.85,HEALTHY,90.0,LOCK_SPRAY,LOCK_SPRAY,LOCK_SPRAY: Khoa lenh phun vi gio/gio giat vuot nguong an toan (19.1/28.4 km/h). Tranh pesticide drift va mat on dinh UAV.
Can Tho,2026-06-03 17:00:00,27.7,79,16,17.6,27.0,0.95,HEALTHY,90.0,TAKE_OFF,TAKE_OFF,"TAKE_OFF: Dieu kien bay chap nhan duoc. Gio 17.6 km/h, gio giat 27.0 km/h, xac suat mua 16%. De xuat flow-rate 90.0%."
Can Tho,2026-06-04 06:00:00,24.9,94,85,9.7,17.5,0.77,HEALTHY,85.0,RETURN_TO_CHARGING,RETURN_TO_CHARGING,"RETURN_TO_CHARGING: Thoi tiet mua/nguy hiem, xac suat mua 85%. Dua drone ve tram sac de bao ve thiet bi."
Can Tho,2026-06-04 07:00:00,25.4,93,73,9.7,16.6,0.72,HEALTHY,85.0,RETURN_TO_CHARGING,RETURN_TO_CHARGING,"RETURN_TO_CHARGING: Thoi tiet mua/nguy hiem, xac suat mua 73%. Dua drone ve tram sac de bao ve thiet bi."
Can Tho,2026-06-04 08:00:00,26.7,87,83,12.6,20.0,0.72,HEALTHY,85.0,RETURN_TO_CHARGING,RETURN_TO_CHARGING,"RETURN_TO_CHARGING: Thoi tiet mua/nguy hiem, xac suat mua 83%. Dua drone ve tram sac de bao ve thiet bi."
Can Tho,2026-06-04 09:00:00,28.1,81,73,18.0,26.7,0.77,HEALTHY,75.0,RETURN_TO_CHARGING,RETURN_TO_CHARGING,"RETURN_TO_CHARGING: Thoi tiet mua/nguy hiem, xac suat mua 73%. Dua drone ve tram sac de bao ve thiet bi."
Can Tho,2026-06-04 10:00:00,29.7,75,73,21.6,35.2,0.42,HEALTHY,75.0,RETURN_TO_CHARGING,RETURN_TO_CHARGING,"RETURN_TO_CHARGING: Thoi tiet mua/nguy hiem, xac suat mua 73%. Dua drone ve tram sac de bao ve thiet bi."
Can Tho,2026-06-04 11:00:00,30.2,72,73,22.7,40.8,0.42,HEALTHY,75.0,RETURN_TO_CHARGING,RETURN_TO_CHARGING,"RETURN_TO_CHARGING: Thoi tiet mua/nguy hiem, xac suat mua 73%. Dua drone ve tram sac de bao ve thiet bi."
Can Tho,2026-06-04 12:00:00,30.2,71,73,22.7,43.6,0.42,HEALTHY,75.0,RETURN_TO_CHARGING,RETURN_TO_CHARGING,"RETURN_TO_CHARGING: Thoi tiet mua/nguy hiem, xac suat mua 73%. Dua drone ve tram sac de bao ve thiet bi."
Can Tho,2026-06-04 13:00:00,30.3,70,73,23.8,47.7,0.42,HEALTHY,75.0,RETURN_TO_CHARGING,RETURN_TO_CHARGING,"RETURN_TO_CHARGING: Thoi tiet mua/nguy hiem, xac suat mua 73%. Dua drone ve tram sac de bao ve thiet bi."
Can Tho,2026-06-04 14:00:00,30.3,70,73,23.4,32.0,0.42,HEALTHY,75.0,RETURN_TO_CHARGING,RETURN_TO_CHARGING,"RETURN_TO_CHARGING: Thoi tiet mua/nguy hiem, xac suat mua 73%. Dua drone ve tram sac de bao ve thiet bi."
Can Tho,2026-06-04 15:00:00,29.8,72,73,20.5,29.9,0.37,HEALTHY,75.0,RETURN_TO_CHARGING,RETURN_TO_CHARGING,"RETURN_TO_CHARGING: Thoi tiet mua/nguy hiem, xac suat mua 73%. Dua drone ve tram sac de bao ve thiet bi."
Can Tho,2026-06-04 16:00:00,29.3,75,12,19.8,29.9,0.7,HEALTHY,90.0,RETURN_TO_CHARGING,RETURN_TO_CHARGING,"RETURN_TO_CHARGING: Thoi tiet mua/nguy hiem, xac suat mua 12%. Dua drone ve tram sac de bao ve thiet bi."
Can Tho,2026-06-04 17:00:00,28.4,79,15,19.4,30.8,0.65,HEALTHY,90.0,RETURN_TO_CHARGING,RETURN_TO_CHARGING,"RETURN_TO_CHARGING: Thoi tiet mua/nguy hiem, xac suat mua 15%. Dua drone ve tram sac de bao ve thiet bi."
Dong Thap,2026-06-02 06:00:00,25.3,92,81,7.6,13.8,0.77,HEALTHY,85.0,RETURN_TO_CHARGING,RETURN_TO_CHARGING,"RETURN_TO_CHARGING: Thoi tiet mua/nguy hiem, xac suat mua 81%. Dua drone ve tram sac de bao ve thiet bi."
Dong Thap,2026-06-02 07:00:00,26.2,90,73,10.4,15.8,0.72,HEALTHY,85.0,RETURN_TO_CHARGING,RETURN_TO_CHARGING,"RETURN_TO_CHARGING: Thoi tiet mua/nguy hiem, xac suat mua 73%. Dua drone ve tram sac de bao ve thiet bi."
Dong Thap,2026-06-02 08:00:00,27.9,82,83,15.5,21.4,0.72,HEALTHY,75.0,RETURN_TO_CHARGING,RETURN_TO_CHARGING,"RETURN_TO_CHARGING: Thoi tiet mua/nguy hiem, xac suat mua 83%. Dua drone ve tram sac de bao ve thiet bi."
Dong Thap,2026-06-02 09:00:00,29.2,76,73,19.1,25.1,0.77,HEALTHY,75.0,RETURN_TO_CHARGING,RETURN_TO_CHARGING,"RETURN_TO_CHARGING: Thoi tiet mua/nguy hiem, xac suat mua 73%. Dua drone ve tram sac de bao ve thiet bi."
Dong Thap,2026-06-02 10:00:00,30.1,73,73,19.4,34.1,0.62,HEALTHY,75.0,RETURN_TO_CHARGING,RETURN_TO_CHARGING,"RETURN_TO_CHARGING: Thoi tiet mua/nguy hiem, xac suat mua 73%. Dua drone ve tram sac de bao ve thiet bi."
Dong Thap,2026-06-02 11:00:00,30.6,70,73,21.2,30.2,0.42,HEALTHY,75.0,RETURN_TO_CHARGING,RETURN_TO_CHARGING,"RETURN_TO_CHARGING: Thoi tiet mua/nguy hiem, xac suat mua 73%. Dua drone ve tram sac de bao ve thiet bi."
Dong Thap,2026-06-02 12:00:00,30.2,72,73,23.0,46.7,0.42,HEALTHY,75.0,RETURN_TO_CHARGING,RETURN_TO_CHARGING,"RETURN_TO_CHARGING: Thoi tiet mua/nguy hiem, xac suat mua 73%. Dua drone ve tram sac de bao ve thiet bi."
Dong Thap,2026-06-02 13:00:00,28.3,81,81,25.2,42.4,0.38,HEALTHY,75.0,RETURN_TO_CHARGING,RETURN_TO_CHARGING,"RETURN_TO_CHARGING: Thoi tiet mua/nguy hiem, xac suat mua 81%. Dua drone ve tram sac de bao ve thiet bi."
Dong Thap,2026-06-02 14:00:00,26.1,89,83,23.8,36.6,0.42,HEALTHY,75.0,RETURN_TO_CHARGING,RETURN_TO_CHARGING,"RETURN_TO_CHARGING: Thoi tiet mua/nguy hiem, xac suat mua 83%. Dua drone ve tram sac de bao ve thiet bi."
Dong Thap,2026-06-02 15:00:00,25.5,90,76,20.9,32.9,0.42,HEALTHY,75.0,RETURN_TO_CHARGING,RETURN_TO_CHARGING,"RETURN_TO_CHARGING: Thoi tiet mua/nguy hiem, xac suat mua 76%. Dua drone ve tram sac de bao ve thiet bi."
Dong Thap,2026-06-02 16:00:00,25.8,89,73,19.1,30.5,0.62,HEALTHY,75.0,RETURN_TO_CHARGING,RETURN_TO_CHARGING,"RETURN_TO_CHARGING: Thoi tiet mua/nguy hiem, xac suat mua 73%. Dua drone ve tram sac de bao ve thiet bi."
Dong Thap,2026-06-02 17:00:00,25.9,89,73,19.1,30.1,0.62,HEALTHY,75.0,RETURN_TO_CHARGING,RETURN_TO_CHARGING,"RETURN_TO_CHARGING: Thoi tiet mua/nguy hiem, xac suat mua 73%. Dua drone ve tram sac de bao ve thiet bi."
Dong Thap,2026-06-03 06:00:00,25.5,89,73,19.8,40.2,0.62,HEALTHY,75.0,RETURN_TO_CHARGING,RETURN_TO_CHARGING,"RETURN_TO_CHARGING: Thoi tiet mua/nguy hiem, xac suat mua 73%. Dua drone ve tram sac de bao ve thiet bi."
Dong Thap,2026-06-03 07:00:00,25.9,88,28,23.8,39.4,0.5,HEALTHY,90.0,RETURN_TO_CHARGING,RETURN_TO_CHARGING,"RETURN_TO_CHARGING: Thoi tiet mua/nguy hiem, xac suat mua 28%. Dua drone ve tram sac de bao ve thiet bi."
Dong Thap,2026-06-03 08:00:00,25.8,86,21,25.6,36.8,0.6,HEALTHY,90.0,LOCK_SPRAY,LOCK_SPRAY,LOCK_SPRAY: Khoa lenh phun vi gio/gio giat vuot nguong an toan (25.6/36.8 km/h). Tranh pesticide drift va mat on dinh UAV.
Dong Thap,2026-06-03 09:00:00,26.0,85,11,24.8,37.4,0.65,HEALTHY,90.0,LOCK_SPRAY,LOCK_SPRAY,LOCK_SPRAY: Khoa lenh phun vi gio/gio giat vuot nguong an toan (24.8/37.4 km/h). Tranh pesticide drift va mat on dinh UAV.
Dong Thap,2026-06-03 10:00:00,28.6,74,7,29.5,36.1,0.65,HEALTHY,90.0,LOCK_SPRAY,LOCK_SPRAY,LOCK_SPRAY: Khoa lenh phun vi gio/gio giat vuot nguong an toan (29.5/36.1 km/h). Tranh pesticide drift va mat on dinh UAV.
Dong Thap,2026-06-03 11:00:00,29.0,72,4,28.8,33.1,0.65,HEALTHY,90.0,LOCK_SPRAY,LOCK_SPRAY,LOCK_SPRAY: Khoa lenh phun vi gio/gio giat vuot nguong an toan (28.8/33.1 km/h). Tranh pesticide drift va mat on dinh UAV.
Dong Thap,2026-06-03 12:00:00,27.3,80,6,23.0,30.7,0.65,HEALTHY,90.0,LOCK_SPRAY,LOCK_SPRAY,LOCK_SPRAY: Khoa lenh phun vi gio/gio giat vuot nguong an toan (23.0/30.7 km/h). Tranh pesticide drift va mat on dinh UAV.
Dong Thap,2026-06-03 13:00:00,28.2,74,4,21.6,32.3,0.65,HEALTHY,90.0,LOCK_SPRAY,LOCK_SPRAY,LOCK_SPRAY: Khoa lenh phun vi gio/gio giat vuot nguong an toan (21.6/32.3 km/h). Tranh pesticide drift va mat on dinh UAV.
Dong Thap,2026-06-03 14:00:00,30.6,62,7,28.1,33.6,0.6,HEALTHY,90.0,LOCK_SPRAY,LOCK_SPRAY,LOCK_SPRAY: Khoa lenh phun vi gio/gio giat vuot nguong an toan (28.1/33.6 km/h). Tranh pesticide drift va mat on dinh UAV.
Dong Thap,2026-06-03 15:00:00,29.6,68,8,22.0,29.3,0.6,HEALTHY,90.0,LOCK_SPRAY,LOCK_SPRAY,LOCK_SPRAY: Khoa lenh phun vi gio/gio giat vuot nguong an toan (22.0/29.3 km/h). Tranh pesticide drift va mat on dinh UAV.
Dong Thap,2026-06-03 16:00:00,28.9,72,6,20.2,29.9,0.65,HEALTHY,90.0,LOCK_SPRAY,LOCK_SPRAY,LOCK_SPRAY: Khoa lenh phun vi gio/gio giat vuot nguong an toan (20.2/29.9 km/h). Tranh pesticide drift va mat on dinh UAV.
Dong Thap,2026-06-03 17:00:00,28.7,75,4,20.9,30.6,0.65,HEALTHY,90.0,LOCK_SPRAY,LOCK_SPRAY,LOCK_SPRAY: Khoa lenh phun vi gio/gio giat vuot nguong an toan (20.9/30.6 km/h). Tranh pesticide drift va mat on dinh UAV.
Dong Thap,2026-06-04 06:00:00,25.0,94,12,9.4,16.6,1.0,HEALTHY,100.0,TAKE_OFF,TAKE_OFF,"TAKE_OFF: Dieu kien bay chap nhan duoc. Gio 9.4 km/h, gio giat 16.6 km/h, xac suat mua 12%. De xuat flow-rate 100.0%."
Dong Thap,2026-06-04 07:00:00,25.2,94,73,9.4,15.5,0.77,HEALTHY,85.0,RETURN_TO_CHARGING,RETURN_TO_CHARGING,"RETURN_TO_CHARGING: Thoi tiet mua/nguy hiem, xac suat mua 73%. Dua drone ve tram sac de bao ve thiet bi."
Dong Thap,2026-06-04 08:00:00,26.3,90,84,11.2,16.8,0.72,HEALTHY,85.0,RETURN_TO_CHARGING,RETURN_TO_CHARGING,"RETURN_TO_CHARGING: Thoi tiet mua/nguy hiem, xac suat mua 84%. Dua drone ve tram sac de bao ve thiet bi."
Dong Thap,2026-06-04 09:00:00,27.0,85,78,13.7,21.1,0.77,HEALTHY,85.0,RETURN_TO_CHARGING,RETURN_TO_CHARGING,"RETURN_TO_CHARGING: Thoi tiet mua/nguy hiem, xac suat mua 78%. Dua drone ve tram sac de bao ve thiet bi."
Dong Thap,2026-06-04 10:00:00,28.4,79,73,21.2,32.0,0.42,HEALTHY,75.0,RETURN_TO_CHARGING,RETURN_TO_CHARGING,"RETURN_TO_CHARGING: Thoi tiet mua/nguy hiem, xac suat mua 73%. Dua drone ve tram sac de bao ve thiet bi."
Dong Thap,2026-06-04 11:00:00,30.2,71,73,28.4,34.5,0.37,HEALTHY,75.0,RETURN_TO_CHARGING,RETURN_TO_CHARGING,"RETURN_TO_CHARGING: Thoi tiet mua/nguy hiem, xac suat mua 73%. Dua drone ve tram sac de bao ve thiet bi."
Dong Thap,2026-06-04 12:00:00,30.3,71,73,29.2,55.6,0.37,HEALTHY,75.0,RETURN_TO_CHARGING,RETURN_TO_CHARGING,"RETURN_TO_CHARGING: Thoi tiet mua/nguy hiem, xac suat mua 73%. Dua drone ve tram sac de bao ve thiet bi."
Dong Thap,2026-06-04 13:00:00,30.0,72,73,28.1,35.5,0.42,HEALTHY,75.0,RETURN_TO_CHARGING,RETURN_TO_CHARGING,"RETURN_TO_CHARGING: Thoi tiet mua/nguy hiem, xac suat mua 73%. Dua drone ve tram sac de bao ve thiet bi."
Dong Thap,2026-06-04 14:00:00,30.6,70,73,27.7,35.1,0.42,HEALTHY,75.0,RETURN_TO_CHARGING,RETURN_TO_CHARGING,"RETURN_TO_CHARGING: Thoi tiet mua/nguy hiem, xac suat mua 73%. Dua drone ve tram sac de bao ve thiet bi."
Dong Thap,2026-06-04 15:00:00,30.2,70,4,26.3,35.1,0.65,HEALTHY,90.0,LOCK_SPRAY,LOCK_SPRAY,LOCK_SPRAY: Khoa lenh phun vi gio/gio giat vuot nguong an toan (26.3/35.1 km/h). Tranh pesticide drift va mat on dinh UAV.
Dong Thap,2026-06-04 16:00:00,29.7,73,3,23.8,33.4,0.65,HEALTHY,90.0,LOCK_SPRAY,LOCK_SPRAY,LOCK_SPRAY: Khoa lenh phun vi gio/gio giat vuot nguong an toan (23.8/33.4 km/h). Tranh pesticide drift va mat on dinh UAV.
Dong Thap,2026-06-04 17:00:00,28.9,77,73,22.3,33.7,0.33,HEALTHY,75.0,RETURN_TO_CHARGING,RETURN_TO_CHARGING,"RETURN_TO_CHARGING: Thoi tiet mua/nguy hiem, xac suat mua 73%. Dua drone ve tram sac de bao ve thiet bi."
Ha Noi,2026-06-02 06:00:00,27.2,85,5,7.2,10.8,1.0,HEALTHY,100.0,TAKE_OFF,TAKE_OFF,"TAKE_OFF: Dieu kien bay chap nhan duoc. Gio 7.2 km/h, gio giat 10.8 km/h, xac suat mua 5%. De xuat flow-rate 100.0%."
Ha Noi,2026-06-02 07:00:00,28.8,76,3,9.0,11.4,1.0,HEALTHY,100.0,TAKE_OFF,TAKE_OFF,"TAKE_OFF: Dieu kien bay chap nhan duoc. Gio 9.0 km/h, gio giat 11.4 km/h, xac suat mua 3%. De xuat flow-rate 100.0%."
Ha Noi,2026-06-02 08:00:00,30.5,67,2,10.1,11.6,1.0,HEALTHY,100.0,TAKE_OFF,TAKE_OFF,"TAKE_OFF: Dieu kien bay chap nhan duoc. Gio 10.1 km/h, gio giat 11.6 km/h, xac suat mua 2%. De xuat flow-rate 100.0%."
Ha Noi,2026-06-02 09:00:00,32.2,60,2,10.8,12.4,1.0,WATER_STRESS,108.0,TAKE_OFF,TAKE_OFF,"TAKE_OFF: Dieu kien bay chap nhan duoc. Gio 10.8 km/h, gio giat 12.4 km/h, xac suat mua 2%. De xuat flow-rate 108.0%."
Ha Noi,2026-06-02 10:00:00,33.7,55,1,10.8,12.4,1.0,WATER_STRESS,108.0,TAKE_OFF,TAKE_OFF,"TAKE_OFF: Dieu kien bay chap nhan duoc. Gio 10.8 km/h, gio giat 12.4 km/h, xac suat mua 1%. De xuat flow-rate 108.0%."
Ha Noi,2026-06-02 11:00:00,35.1,50,1,10.4,12.0,0.7,DRY_SOIL,103.0,DELAY_FLIGHT,DELAY_FLIGHT,DELAY_FLIGHT: Tam hoan bay do nhiet do 35.1C hoac rui ro mua 1%. Kiem tra lai khung gio ke tiep.
Ha Noi,2026-06-02 12:00:00,36.4,46,1,10.1,11.6,0.7,DRY_SOIL,103.0,DELAY_FLIGHT,DELAY_FLIGHT,DELAY_FLIGHT: Tam hoan bay do nhiet do 36.4C hoac rui ro mua 1%. Kiem tra lai khung gio ke tiep.
Ha Noi,2026-06-02 13:00:00,37.2,44,1,10.4,12.0,0.7,DRY_SOIL,103.0,DELAY_FLIGHT,DELAY_FLIGHT,DELAY_FLIGHT: Tam hoan bay do nhiet do 37.2C hoac rui ro mua 1%. Kiem tra lai khung gio ke tiep.
Ha Noi,2026-06-02 14:00:00,37.0,44,1,11.5,13.2,0.7,DRY_SOIL,103.0,DELAY_FLIGHT,DELAY_FLIGHT,DELAY_FLIGHT: Tam hoan bay do nhiet do 37.0C hoac rui ro mua 1%. Kiem tra lai khung gio ke tiep.
Ha Noi,2026-06-02 15:00:00,36.1,48,1,13.7,17.0,0.7,DRY_SOIL,103.0,DELAY_FLIGHT,DELAY_FLIGHT,DELAY_FLIGHT: Tam hoan bay do nhiet do 36.1C hoac rui ro mua 1%. Kiem tra lai khung gio ke tiep.
Ha Noi,2026-06-02 16:00:00,36.2,48,1,16.6,20.6,0.66,DRY_SOIL,93.0,RETURN_TO_CHARGING,RETURN_TO_CHARGING,"RETURN_TO_CHARGING: Thoi tiet mua/nguy hiem, xac suat mua 1%. Dua drone ve tram sac de bao ve thiet bi."
Ha Noi,2026-06-02 17:00:00,35.2,52,1,20.5,26.9,0.5,DRY_SOIL,93.0,LOCK_SPRAY,LOCK_SPRAY,LOCK_SPRAY: Khoa lenh phun vi gio/gio giat vuot nguong an toan (20.5/26.9 km/h). Tranh pesticide drift va mat on dinh UAV.
Ha Noi,2026-06-03 06:00:00,27.8,90,73,8.3,12.2,0.73,HEALTHY,85.0,RETURN_TO_CHARGING,RETURN_TO_CHARGING,"RETURN_TO_CHARGING: Thoi tiet mua/nguy hiem, xac suat mua 73%. Dua drone ve tram sac de bao ve thiet bi."
Ha Noi,2026-06-03 07:00:00,29.6,82,73,12.6,15.9,0.73,HEALTHY,85.0,RETURN_TO_CHARGING,RETURN_TO_CHARGING,"RETURN_TO_CHARGING: Thoi tiet mua/nguy hiem, xac suat mua 73%. Dua drone ve tram sac de bao ve thiet bi."
Ha Noi,2026-06-03 08:00:00,31.3,72,73,14.4,16.6,0.68,HEALTHY,85.0,RETURN_TO_CHARGING,RETURN_TO_CHARGING,"RETURN_TO_CHARGING: Thoi tiet mua/nguy hiem, xac suat mua 73%. Dua drone ve tram sac de bao ve thiet bi."
Ha Noi,2026-06-03 09:00:00,32.8,65,10,12.6,14.5,0.76,HEALTHY,100.0,RETURN_TO_CHARGING,RETURN_TO_CHARGING,"RETURN_TO_CHARGING: Thoi tiet mua/nguy hiem, xac suat mua 10%. Dua drone ve tram sac de bao ve thiet bi."
Ha Noi,2026-06-03 10:00:00,34.3,57,1,10.8,12.4,0.96,WATER_STRESS,108.0,RETURN_TO_CHARGING,RETURN_TO_CHARGING,"RETURN_TO_CHARGING: Thoi tiet mua/nguy hiem, xac suat mua 1%. Dua drone ve tram sac de bao ve thiet bi."
Ha Noi,2026-06-03 11:00:00,35.9,51,1,9.7,11.2,0.7,DRY_SOIL,103.0,DELAY_FLIGHT,DELAY_FLIGHT,DELAY_FLIGHT: Tam hoan bay do nhiet do 35.9C hoac rui ro mua 1%. Kiem tra lai khung gio ke tiep.
Ha Noi,2026-06-03 12:00:00,37.3,46,1,9.4,10.8,0.7,DRY_SOIL,103.0,DELAY_FLIGHT,DELAY_FLIGHT,DELAY_FLIGHT: Tam hoan bay do nhiet do 37.3C hoac rui ro mua 1%. Kiem tra lai khung gio ke tiep.
Ha Noi,2026-06-03 13:00:00,38.2,43,1,9.4,10.8,0.66,DRY_SOIL,103.0,RETURN_TO_CHARGING,RETURN_TO_CHARGING,"RETURN_TO_CHARGING: Thoi tiet mua/nguy hiem, xac suat mua 1%. Dua drone ve tram sac de bao ve thiet bi."
Ha Noi,2026-06-03 14:00:00,38.5,41,1,5.4,6.2,0.66,DRY_SOIL,103.0,RETURN_TO_CHARGING,RETURN_TO_CHARGING,"RETURN_TO_CHARGING: Thoi tiet mua/nguy hiem, xac suat mua 1%. Dua drone ve tram sac de bao ve thiet bi."
Ha Noi,2026-06-03 15:00:00,37.9,44,0,6.8,7.9,0.7,DRY_SOIL,103.0,DELAY_FLIGHT,DELAY_FLIGHT,DELAY_FLIGHT: Tam hoan bay do nhiet do 37.9C hoac rui ro mua 0%. Kiem tra lai khung gio ke tiep.
Ha Noi,2026-06-03 16:00:00,37.3,46,1,15.5,18.6,0.66,DRY_SOIL,93.0,RETURN_TO_CHARGING,RETURN_TO_CHARGING,"RETURN_TO_CHARGING: Thoi tiet mua/nguy hiem, xac suat mua 1%. Dua drone ve tram sac de bao ve thiet bi."
Ha Noi,2026-06-03 17:00:00,35.9,53,73,19.1,24.6,0.43,HEALTHY,63.0,RETURN_TO_CHARGING,RETURN_TO_CHARGING,"RETURN_TO_CHARGING: Thoi tiet mua/nguy hiem, xac suat mua 73%. Dua drone ve tram sac de bao ve thiet bi."
Ha Noi,2026-06-04 06:00:00,27.8,88,73,5.8,8.6,0.77,HEALTHY,85.0,RETURN_TO_CHARGING,RETURN_TO_CHARGING,"RETURN_TO_CHARGING: Thoi tiet mua/nguy hiem, xac suat mua 73%. Dua drone ve tram sac de bao ve thiet bi."
Ha Noi,2026-06-04 07:00:00,29.3,81,7,5.0,6.2,0.96,HEALTHY,100.0,RETURN_TO_CHARGING,RETURN_TO_CHARGING,"RETURN_TO_CHARGING: Thoi tiet mua/nguy hiem, xac suat mua 7%. Dua drone ve tram sac de bao ve thiet bi."
Ha Noi,2026-06-04 08:00:00,30.9,74,6,4.7,5.4,0.96,HEALTHY,100.0,RETURN_TO_CHARGING,RETURN_TO_CHARGING,"RETURN_TO_CHARGING: Thoi tiet mua/nguy hiem, xac suat mua 6%. Dua drone ve tram sac de bao ve thiet bi."
Ha Noi,2026-06-04 09:00:00,32.7,66,4,3.2,3.7,0.96,WATER_STRESS,108.0,RETURN_TO_CHARGING,RETURN_TO_CHARGING,"RETURN_TO_CHARGING: Thoi tiet mua/nguy hiem, xac suat mua 4%. Dua drone ve tram sac de bao ve thiet bi."
Ha Noi,2026-06-04 10:00:00,34.7,58,2,1.8,2.1,0.96,WATER_STRESS,108.0,RETURN_TO_CHARGING,RETURN_TO_CHARGING,"RETURN_TO_CHARGING: Thoi tiet mua/nguy hiem, xac suat mua 2%. Dua drone ve tram sac de bao ve thiet bi."
Ha Noi,2026-06-04 11:00:00,36.3,51,1,1.4,1.7,0.7,DRY_SOIL,103.0,DELAY_FLIGHT,DELAY_FLIGHT,DELAY_FLIGHT: Tam hoan bay do nhiet do 36.3C hoac rui ro mua 1%. Kiem tra lai khung gio ke tiep.
Ha Noi,2026-06-04 12:00:00,37.7,46,1,2.5,2.9,0.7,DRY_SOIL,103.0,DELAY_FLIGHT,DELAY_FLIGHT,DELAY_FLIGHT: Tam hoan bay do nhiet do 37.7C hoac rui ro mua 1%. Kiem tra lai khung gio ke tiep.
Ha Noi,2026-06-04 13:00:00,38.3,43,1,4.3,5.0,0.66,DRY_SOIL,103.0,RETURN_TO_CHARGING,RETURN_TO_CHARGING,"RETURN_TO_CHARGING: Thoi tiet mua/nguy hiem, xac suat mua 1%. Dua drone ve tram sac de bao ve thiet bi."
Ha Noi,2026-06-04 14:00:00,38.8,40,1,4.3,5.0,0.66,DRY_SOIL,103.0,RETURN_TO_CHARGING,RETURN_TO_CHARGING,"RETURN_TO_CHARGING: Thoi tiet mua/nguy hiem, xac suat mua 1%. Dua drone ve tram sac de bao ve thiet bi."
Ha Noi,2026-06-04 15:00:00,38.9,39,0,2.2,2.5,0.7,DRY_SOIL,103.0,DELAY_FLIGHT,DELAY_FLIGHT,DELAY_FLIGHT: Tam hoan bay do nhiet do 38.9C hoac rui ro mua 0%. Kiem tra lai khung gio ke tiep.
Ha Noi,2026-06-04 16:00:00,38.9,39,0,5.0,5.8,0.7,DRY_SOIL,103.0,DELAY_FLIGHT,DELAY_FLIGHT,DELAY_FLIGHT: Tam hoan bay do nhiet do 38.9C hoac rui ro mua 0%. Kiem tra lai khung gio ke tiep.
Ha Noi,2026-06-04 17:00:00,37.2,45,1,11.5,15.0,0.66,DRY_SOIL,103.0,RETURN_TO_CHARGING,RETURN_TO_CHARGING,"RETURN_TO_CHARGING: Thoi tiet mua/nguy hiem, xac suat mua 1%. Dua drone ve tram sac de bao ve thiet bi."
Ho Chi Minh,2026-06-02 06:00:00,26.2,86,13,3.2,5.8,1.0,HEALTHY,100.0,TAKE_OFF,TAKE_OFF,"TAKE_OFF: Dieu kien bay chap nhan duoc. Gio 3.2 km/h, gio giat 5.8 km/h, xac suat mua 13%. De xuat flow-rate 100.0%."
Ho Chi Minh,2026-06-02 07:00:00,27.3,81,73,2.9,5.2,0.77,HEALTHY,85.0,RETURN_TO_CHARGING,RETURN_TO_CHARGING,"RETURN_TO_CHARGING: Thoi tiet mua/nguy hiem, xac suat mua 73%. Dua drone ve tram sac de bao ve thiet bi."
Ho Chi Minh,2026-06-02 08:00:00,28.7,75,73,5.0,6.2,0.77,HEALTHY,85.0,RETURN_TO_CHARGING,RETURN_TO_CHARGING,"RETURN_TO_CHARGING: Thoi tiet mua/nguy hiem, xac suat mua 73%. Dua drone ve tram sac de bao ve thiet bi."
Ho Chi Minh,2026-06-02 09:00:00,29.4,72,73,4.7,6.3,0.77,HEALTHY,85.0,RETURN_TO_CHARGING,RETURN_TO_CHARGING,"RETURN_TO_CHARGING: Thoi tiet mua/nguy hiem, xac suat mua 73%. Dua drone ve tram sac de bao ve thiet bi."
Ho Chi Minh,2026-06-02 10:00:00,29.6,72,73,6.5,10.8,0.77,HEALTHY,85.0,RETURN_TO_CHARGING,RETURN_TO_CHARGING,"RETURN_TO_CHARGING: Thoi tiet mua/nguy hiem, xac suat mua 73%. Dua drone ve tram sac de bao ve thiet bi."
Ho Chi Minh,2026-06-02 11:00:00,30.2,68,73,6.8,12.9,0.77,HEALTHY,85.0,RETURN_TO_CHARGING,RETURN_TO_CHARGING,"RETURN_TO_CHARGING: Thoi tiet mua/nguy hiem, xac suat mua 73%. Dua drone ve tram sac de bao ve thiet bi."
Ho Chi Minh,2026-06-02 12:00:00,30.8,64,73,7.9,15.7,0.77,HEALTHY,85.0,RETURN_TO_CHARGING,RETURN_TO_CHARGING,"RETURN_TO_CHARGING: Thoi tiet mua/nguy hiem, xac suat mua 73%. Dua drone ve tram sac de bao ve thiet bi."
Ho Chi Minh,2026-06-02 13:00:00,30.5,66,73,9.7,19.6,0.77,HEALTHY,85.0,RETURN_TO_CHARGING,RETURN_TO_CHARGING,"RETURN_TO_CHARGING: Thoi tiet mua/nguy hiem, xac suat mua 73%. Dua drone ve tram sac de bao ve thiet bi."
Ho Chi Minh,2026-06-02 14:00:00,29.4,72,73,10.8,15.4,0.72,HEALTHY,85.0,RETURN_TO_CHARGING,RETURN_TO_CHARGING,"RETURN_TO_CHARGING: Thoi tiet mua/nguy hiem, xac suat mua 73%. Dua drone ve tram sac de bao ve thiet bi."
Ho Chi Minh,2026-06-02 15:00:00,28.0,78,73,14.0,21.5,0.72,HEALTHY,85.0,RETURN_TO_CHARGING,RETURN_TO_CHARGING,"RETURN_TO_CHARGING: Thoi tiet mua/nguy hiem, xac suat mua 73%. Dua drone ve tram sac de bao ve thiet bi."
Ho Chi Minh,2026-06-02 16:00:00,26.4,87,73,19.4,29.8,0.62,HEALTHY,75.0,RETURN_TO_CHARGING,RETURN_TO_CHARGING,"RETURN_TO_CHARGING: Thoi tiet mua/nguy hiem, xac suat mua 73%. Dua drone ve tram sac de bao ve thiet bi."
Ho Chi Minh,2026-06-02 17:00:00,25.2,91,89,19.1,30.6,0.58,HEALTHY,75.0,RETURN_TO_CHARGING,RETURN_TO_CHARGING,"RETURN_TO_CHARGING: Thoi tiet mua/nguy hiem, xac suat mua 89%. Dua drone ve tram sac de bao ve thiet bi."
Ho Chi Minh,2026-06-03 06:00:00,25.5,89,14,7.6,12.5,1.0,HEALTHY,100.0,TAKE_OFF,TAKE_OFF,"TAKE_OFF: Dieu kien bay chap nhan duoc. Gio 7.6 km/h, gio giat 12.5 km/h, xac suat mua 14%. De xuat flow-rate 100.0%."
Ho Chi Minh,2026-06-03 07:00:00,26.6,84,6,14.4,22.5,1.0,HEALTHY,100.0,TAKE_OFF,TAKE_OFF,"TAKE_OFF: Dieu kien bay chap nhan duoc. Gio 14.4 km/h, gio giat 22.5 km/h, xac suat mua 6%. De xuat flow-rate 100.0%."
Ho Chi Minh,2026-06-03 08:00:00,27.1,82,73,18.7,25.1,0.77,HEALTHY,75.0,RETURN_TO_CHARGING,RETURN_TO_CHARGING,"RETURN_TO_CHARGING: Thoi tiet mua/nguy hiem, xac suat mua 73%. Dua drone ve tram sac de bao ve thiet bi."
Ho Chi Minh,2026-06-03 09:00:00,28.7,74,73,22.3,29.8,0.42,HEALTHY,75.0,RETURN_TO_CHARGING,RETURN_TO_CHARGING,"RETURN_TO_CHARGING: Thoi tiet mua/nguy hiem, xac suat mua 73%. Dua drone ve tram sac de bao ve thiet bi."
Ho Chi Minh,2026-06-03 10:00:00,29.4,70,73,23.8,32.5,0.37,HEALTHY,75.0,RETURN_TO_CHARGING,RETURN_TO_CHARGING,"RETURN_TO_CHARGING: Thoi tiet mua/nguy hiem, xac suat mua 73%. Dua drone ve tram sac de bao ve thiet bi."
Ho Chi Minh,2026-06-03 11:00:00,30.3,65,11,23.8,33.0,0.45,HEALTHY,90.0,RETURN_TO_CHARGING,RETURN_TO_CHARGING,"RETURN_TO_CHARGING: Thoi tiet mua/nguy hiem, xac suat mua 11%. Dua drone ve tram sac de bao ve thiet bi."
Ho Chi Minh,2026-06-03 12:00:00,30.2,65,73,23.0,32.4,0.37,HEALTHY,75.0,RETURN_TO_CHARGING,RETURN_TO_CHARGING,"RETURN_TO_CHARGING: Thoi tiet mua/nguy hiem, xac suat mua 73%. Dua drone ve tram sac de bao ve thiet bi."
Ho Chi Minh,2026-06-03 13:00:00,31.1,61,7,22.0,30.9,0.45,HEALTHY,90.0,RETURN_TO_CHARGING,RETURN_TO_CHARGING,"RETURN_TO_CHARGING: Thoi tiet mua/nguy hiem, xac suat mua 7%. Dua drone ve tram sac de bao ve thiet bi."
Ho Chi Minh,2026-06-03 14:00:00,31.4,60,73,20.5,24.9,0.52,HEALTHY,75.0,RETURN_TO_CHARGING,RETURN_TO_CHARGING,"RETURN_TO_CHARGING: Thoi tiet mua/nguy hiem, xac suat mua 73%. Dua drone ve tram sac de bao ve thiet bi."
Ho Chi Minh,2026-06-03 15:00:00,31.1,61,73,19.1,25.6,0.77,HEALTHY,75.0,RETURN_TO_CHARGING,RETURN_TO_CHARGING,"RETURN_TO_CHARGING: Thoi tiet mua/nguy hiem, xac suat mua 73%. Dua drone ve tram sac de bao ve thiet bi."
Ho Chi Minh,2026-06-03 16:00:00,31.2,60,2,19.8,26.9,1.0,HEALTHY,90.0,TAKE_OFF,LOCK_SPRAY,LOCK_SPRAY: Khoa lenh phun vi gio/gio giat vuot nguong an toan (19.8/26.9 km/h). Tranh pesticide drift va mat on dinh UAV.
Ho Chi Minh,2026-06-03 17:00:00,30.5,62,3,19.1,26.5,1.0,HEALTHY,90.0,TAKE_OFF,LOCK_SPRAY,LOCK_SPRAY: Khoa lenh phun vi gio/gio giat vuot nguong an toan (19.1/26.5 km/h). Tranh pesticide drift va mat on dinh UAV.
Ho Chi Minh,2026-06-04 06:00:00,25.7,89,21,10.8,21.7,0.85,HEALTHY,100.0,RETURN_TO_CHARGING,RETURN_TO_CHARGING,"RETURN_TO_CHARGING: Thoi tiet mua/nguy hiem, xac suat mua 21%. Dua drone ve tram sac de bao ve thiet bi."
Ho Chi Minh,2026-06-04 07:00:00,26.6,85,73,12.6,25.6,0.72,HEALTHY,85.0,RETURN_TO_CHARGING,RETURN_TO_CHARGING,"RETURN_TO_CHARGING: Thoi tiet mua/nguy hiem, xac suat mua 73%. Dua drone ve tram sac de bao ve thiet bi."
Ho Chi Minh,2026-06-04 08:00:00,27.6,81,73,15.1,19.7,0.72,HEALTHY,75.0,RETURN_TO_CHARGING,RETURN_TO_CHARGING,"RETURN_TO_CHARGING: Thoi tiet mua/nguy hiem, xac suat mua 73%. Dua drone ve tram sac de bao ve thiet bi."
Ho Chi Minh,2026-06-04 09:00:00,27.2,83,83,14.8,23.0,0.72,HEALTHY,85.0,RETURN_TO_CHARGING,RETURN_TO_CHARGING,"RETURN_TO_CHARGING: Thoi tiet mua/nguy hiem, xac suat mua 83%. Dua drone ve tram sac de bao ve thiet bi."
Ho Chi Minh,2026-06-04 10:00:00,29.8,70,73,20.5,35.5,0.42,HEALTHY,75.0,RETURN_TO_CHARGING,RETURN_TO_CHARGING,"RETURN_TO_CHARGING: Thoi tiet mua/nguy hiem, xac suat mua 73%. Dua drone ve tram sac de bao ve thiet bi."
Ho Chi Minh,2026-06-04 11:00:00,29.5,72,73,21.2,39.6,0.37,HEALTHY,75.0,RETURN_TO_CHARGING,RETURN_TO_CHARGING,"RETURN_TO_CHARGING: Thoi tiet mua/nguy hiem, xac suat mua 73%. Dua drone ve tram sac de bao ve thiet bi."
Ho Chi Minh,2026-06-04 12:00:00,27.5,81,79,14.8,28.6,0.57,HEALTHY,85.0,RETURN_TO_CHARGING,RETURN_TO_CHARGING,"RETURN_TO_CHARGING: Thoi tiet mua/nguy hiem, xac suat mua 79%. Dua drone ve tram sac de bao ve thiet bi."
Ho Chi Minh,2026-06-04 13:00:00,29.5,74,76,20.5,41.3,0.37,HEALTHY,75.0,RETURN_TO_CHARGING,RETURN_TO_CHARGING,"RETURN_TO_CHARGING: Thoi tiet mua/nguy hiem, xac suat mua 76%. Dua drone ve tram sac de bao ve thiet bi."
Ho Chi Minh,2026-06-04 14:00:00,29.5,74,73,22.3,32.8,0.42,HEALTHY,75.0,RETURN_TO_CHARGING,RETURN_TO_CHARGING,"RETURN_TO_CHARGING: Thoi tiet mua/nguy hiem, xac suat mua 73%. Dua drone ve tram sac de bao ve thiet bi."
Ho Chi Minh,2026-06-04 15:00:00,28.0,80,77,19.8,34.3,0.57,HEALTHY,75.0,RETURN_TO_CHARGING,RETURN_TO_CHARGING,"RETURN_TO_CHARGING: Thoi tiet mua/nguy hiem, xac suat mua 77%. Dua drone ve tram sac de bao ve thiet bi."
Ho Chi Minh,2026-06-04 16:00:00,28.0,80,7,14.4,25.9,1.0,HEALTHY,100.0,TAKE_OFF,TAKE_OFF,"TAKE_OFF: Dieu kien bay chap nhan duoc. Gio 14.4 km/h, gio giat 25.9 km/h, xac suat mua 7%. De xuat flow-rate 100.0%."
Ho Chi Minh,2026-06-04 17:00:00,28.2,80,73,14.4,25.4,0.77,HEALTHY,85.0,RETURN_TO_CHARGING,RETURN_TO_CHARGING,"RETURN_TO_CHARGING: Thoi tiet mua/nguy hiem, xac suat mua 73%. Dua drone ve tram sac de bao ve thiet bi."
Long An,2026-06-02 06:00:00,25.6,90,13,6.1,11.1,0.85,HEALTHY,100.0,RETURN_TO_CHARGING,RETURN_TO_CHARGING,"RETURN_TO_CHARGING: Thoi tiet mua/nguy hiem, xac suat mua 13%. Dua drone ve tram sac de bao ve thiet bi."
Long An,2026-06-02 07:00:00,26.7,85,73,6.5,11.1,0.77,HEALTHY,85.0,RETURN_TO_CHARGING,RETURN_TO_CHARGING,"RETURN_TO_CHARGING: Thoi tiet mua/nguy hiem, xac suat mua 73%. Dua drone ve tram sac de bao ve thiet bi."
Long An,2026-06-02 08:00:00,27.6,81,73,8.3,11.4,0.77,HEALTHY,85.0,RETURN_TO_CHARGING,RETURN_TO_CHARGING,"RETURN_TO_CHARGING: Thoi tiet mua/nguy hiem, xac suat mua 73%. Dua drone ve tram sac de bao ve thiet bi."
Long An,2026-06-02 09:00:00,28.1,79,73,7.9,11.0,0.72,HEALTHY,85.0,RETURN_TO_CHARGING,RETURN_TO_CHARGING,"RETURN_TO_CHARGING: Thoi tiet mua/nguy hiem, xac suat mua 73%. Dua drone ve tram sac de bao ve thiet bi."
Long An,2026-06-02 10:00:00,29.1,74,73,9.7,15.0,0.77,HEALTHY,85.0,RETURN_TO_CHARGING,RETURN_TO_CHARGING,"RETURN_TO_CHARGING: Thoi tiet mua/nguy hiem, xac suat mua 73%. Dua drone ve tram sac de bao ve thiet bi."
Long An,2026-06-02 11:00:00,30.4,67,73,10.1,17.1,0.77,HEALTHY,85.0,RETURN_TO_CHARGING,RETURN_TO_CHARGING,"RETURN_TO_CHARGING: Thoi tiet mua/nguy hiem, xac suat mua 73%. Dua drone ve tram sac de bao ve thiet bi."
Long An,2026-06-02 12:00:00,30.9,65,73,11.5,21.8,0.72,HEALTHY,85.0,RETURN_TO_CHARGING,RETURN_TO_CHARGING,"RETURN_TO_CHARGING: Thoi tiet mua/nguy hiem, xac suat mua 73%. Dua drone ve tram sac de bao ve thiet bi."
Long An,2026-06-02 13:00:00,29.2,74,73,12.2,22.6,0.77,HEALTHY,85.0,RETURN_TO_CHARGING,RETURN_TO_CHARGING,"RETURN_TO_CHARGING: Thoi tiet mua/nguy hiem, xac suat mua 73%. Dua drone ve tram sac de bao ve thiet bi."
Long An,2026-06-02 14:00:00,27.7,81,76,14.0,22.3,0.72,HEALTHY,85.0,RETURN_TO_CHARGING,RETURN_TO_CHARGING,"RETURN_TO_CHARGING: Thoi tiet mua/nguy hiem, xac suat mua 76%. Dua drone ve tram sac de bao ve thiet bi."
Long An,2026-06-02 15:00:00,26.1,89,85,18.7,28.5,0.57,HEALTHY,75.0,RETURN_TO_CHARGING,RETURN_TO_CHARGING,"RETURN_TO_CHARGING: Thoi tiet mua/nguy hiem, xac suat mua 85%. Dua drone ve tram sac de bao ve thiet bi."
Long An,2026-06-02 16:00:00,25.0,92,81,20.9,34.1,0.42,HEALTHY,75.0,RETURN_TO_CHARGING,RETURN_TO_CHARGING,"RETURN_TO_CHARGING: Thoi tiet mua/nguy hiem, xac suat mua 81%. Dua drone ve tram sac de bao ve thiet bi."
Long An,2026-06-02 17:00:00,24.8,92,82,19.1,30.3,0.62,HEALTHY,75.0,RETURN_TO_CHARGING,RETURN_TO_CHARGING,"RETURN_TO_CHARGING: Thoi tiet mua/nguy hiem, xac suat mua 82%. Dua drone ve tram sac de bao ve thiet bi."
Long An,2026-06-03 06:00:00,25.0,92,73,10.1,16.8,0.72,HEALTHY,85.0,RETURN_TO_CHARGING,RETURN_TO_CHARGING,"RETURN_TO_CHARGING: Thoi tiet mua/nguy hiem, xac suat mua 73%. Dua drone ve tram sac de bao ve thiet bi."
Long An,2026-06-03 07:00:00,26.3,86,20,16.6,25.1,0.8,HEALTHY,90.0,RETURN_TO_CHARGING,RETURN_TO_CHARGING,"RETURN_TO_CHARGING: Thoi tiet mua/nguy hiem, xac suat mua 20%. Dua drone ve tram sac de bao ve thiet bi."
Long An,2026-06-03 08:00:00,27.5,81,73,22.3,29.0,0.37,HEALTHY,75.0,RETURN_TO_CHARGING,RETURN_TO_CHARGING,"RETURN_TO_CHARGING: Thoi tiet mua/nguy hiem, xac suat mua 73%. Dua drone ve tram sac de bao ve thiet bi."
Long An,2026-06-03 09:00:00,27.9,77,7,24.1,29.6,0.5,HEALTHY,90.0,RETURN_TO_CHARGING,RETURN_TO_CHARGING,"RETURN_TO_CHARGING: Thoi tiet mua/nguy hiem, xac suat mua 7%. Dua drone ve tram sac de bao ve thiet bi."
Long An,2026-06-03 10:00:00,28.3,74,6,24.8,30.2,0.65,HEALTHY,90.0,LOCK_SPRAY,LOCK_SPRAY,LOCK_SPRAY: Khoa lenh phun vi gio/gio giat vuot nguong an toan (24.8/30.2 km/h). Tranh pesticide drift va mat on dinh UAV.
Long An,2026-06-03 11:00:00,28.7,72,5,24.8,29.9,0.65,HEALTHY,90.0,LOCK_SPRAY,LOCK_SPRAY,LOCK_SPRAY: Khoa lenh phun vi gio/gio giat vuot nguong an toan (24.8/29.9 km/h). Tranh pesticide drift va mat on dinh UAV.
Long An,2026-06-03 12:00:00,29.4,68,6,22.3,29.8,0.5,HEALTHY,90.0,RETURN_TO_CHARGING,RETURN_TO_CHARGING,"RETURN_TO_CHARGING: Thoi tiet mua/nguy hiem, xac suat mua 6%. Dua drone ve tram sac de bao ve thiet bi."
Long An,2026-06-03 13:00:00,31.3,61,3,25.2,30.3,0.65,HEALTHY,90.0,LOCK_SPRAY,LOCK_SPRAY,LOCK_SPRAY: Khoa lenh phun vi gio/gio giat vuot nguong an toan (25.2/30.3 km/h). Tranh pesticide drift va mat on dinh UAV.
Long An,2026-06-03 14:00:00,31.0,62,6,24.1,27.8,0.65,HEALTHY,90.0,RETURN_TO_CHARGING,RETURN_TO_CHARGING,"RETURN_TO_CHARGING: Thoi tiet mua/nguy hiem, xac suat mua 6%. Dua drone ve tram sac de bao ve thiet bi."
Long An,2026-06-03 15:00:00,30.7,63,7,21.2,25.3,0.6,HEALTHY,90.0,RETURN_TO_CHARGING,RETURN_TO_CHARGING,"RETURN_TO_CHARGING: Thoi tiet mua/nguy hiem, xac suat mua 7%. Dua drone ve tram sac de bao ve thiet bi."
Long An,2026-06-03 16:00:00,29.4,68,3,18.0,25.5,1.0,HEALTHY,90.0,TAKE_OFF,TAKE_OFF,"TAKE_OFF: Dieu kien bay chap nhan duoc. Gio 18.0 km/h, gio giat 25.5 km/h, xac suat mua 3%. De xuat flow-rate 90.0%."
Long An,2026-06-03 17:00:00,29.3,68,3,17.6,24.6,1.0,HEALTHY,90.0,TAKE_OFF,TAKE_OFF,"TAKE_OFF: Dieu kien bay chap nhan duoc. Gio 17.6 km/h, gio giat 24.6 km/h, xac suat mua 3%. De xuat flow-rate 90.0%."
Long An,2026-06-04 06:00:00,25.3,90,26,10.8,19.1,0.8,HEALTHY,100.0,RETURN_TO_CHARGING,RETURN_TO_CHARGING,"RETURN_TO_CHARGING: Thoi tiet mua/nguy hiem, xac suat mua 26%. Dua drone ve tram sac de bao ve thiet bi."
Long An,2026-06-04 07:00:00,26.2,87,21,11.9,19.5,0.85,HEALTHY,100.0,RETURN_TO_CHARGING,RETURN_TO_CHARGING,"RETURN_TO_CHARGING: Thoi tiet mua/nguy hiem, xac suat mua 21%. Dua drone ve tram sac de bao ve thiet bi."
Long An,2026-06-04 08:00:00,26.6,86,74,12.6,18.2,0.77,HEALTHY,85.0,RETURN_TO_CHARGING,RETURN_TO_CHARGING,"RETURN_TO_CHARGING: Thoi tiet mua/nguy hiem, xac suat mua 74%. Dua drone ve tram sac de bao ve thiet bi."
Long An,2026-06-04 09:00:00,28.0,79,73,16.9,22.7,0.77,HEALTHY,75.0,RETURN_TO_CHARGING,RETURN_TO_CHARGING,"RETURN_TO_CHARGING: Thoi tiet mua/nguy hiem, xac suat mua 73%. Dua drone ve tram sac de bao ve thiet bi."
Long An,2026-06-04 10:00:00,29.2,74,73,18.7,30.3,0.57,HEALTHY,75.0,RETURN_TO_CHARGING,RETURN_TO_CHARGING,"RETURN_TO_CHARGING: Thoi tiet mua/nguy hiem, xac suat mua 73%. Dua drone ve tram sac de bao ve thiet bi."
Long An,2026-06-04 11:00:00,27.9,79,73,16.2,23.3,0.77,HEALTHY,75.0,RETURN_TO_CHARGING,RETURN_TO_CHARGING,"RETURN_TO_CHARGING: Thoi tiet mua/nguy hiem, xac suat mua 73%. Dua drone ve tram sac de bao ve thiet bi."
Long An,2026-06-04 12:00:00,27.6,81,77,16.2,30.6,0.57,HEALTHY,75.0,RETURN_TO_CHARGING,RETURN_TO_CHARGING,"RETURN_TO_CHARGING: Thoi tiet mua/nguy hiem, xac suat mua 77%. Dua drone ve tram sac de bao ve thiet bi."
Long An,2026-06-04 13:00:00,30.3,71,73,23.4,34.0,0.42,HEALTHY,75.0,RETURN_TO_CHARGING,RETURN_TO_CHARGING,"RETURN_TO_CHARGING: Thoi tiet mua/nguy hiem, xac suat mua 73%. Dua drone ve tram sac de bao ve thiet bi."
Long An,2026-06-04 14:00:00,29.5,74,73,22.7,32.2,0.42,HEALTHY,75.0,RETURN_TO_CHARGING,RETURN_TO_CHARGING,"RETURN_TO_CHARGING: Thoi tiet mua/nguy hiem, xac suat mua 73%. Dua drone ve tram sac de bao ve thiet bi."
Long An,2026-06-04 15:00:00,28.0,80,79,18.0,29.8,0.57,HEALTHY,75.0,RETURN_TO_CHARGING,RETURN_TO_CHARGING,"RETURN_TO_CHARGING: Thoi tiet mua/nguy hiem, xac suat mua 79%. Dua drone ve tram sac de bao ve thiet bi."
Long An,2026-06-04 16:00:00,28.2,80,9,14.0,23.8,0.85,HEALTHY,100.0,RETURN_TO_CHARGING,RETURN_TO_CHARGING,"RETURN_TO_CHARGING: Thoi tiet mua/nguy hiem, xac suat mua 9%. Dua drone ve tram sac de bao ve thiet bi."
Long An,2026-06-04 17:00:00,28.1,81,73,13.7,22.1,0.77,HEALTHY,85.0,RETURN_TO_CHARGING,RETURN_TO_CHARGING,"RETURN_TO_CHARGING: Thoi tiet mua/nguy hiem, xac suat mua 73%. Dua drone ve tram sac de bao ve thiet bi."
Tien Giang,2026-06-02 06:00:00,24.9,94,18,6.1,11.6,1.0,HEALTHY,100.0,TAKE_OFF,TAKE_OFF,"TAKE_OFF: Dieu kien bay chap nhan duoc. Gio 6.1 km/h, gio giat 11.6 km/h, xac suat mua 18%. De xuat flow-rate 100.0%."
Tien Giang,2026-06-02 07:00:00,25.8,92,73,6.1,9.9,0.77,HEALTHY,85.0,RETURN_TO_CHARGING,RETURN_TO_CHARGING,"RETURN_TO_CHARGING: Thoi tiet mua/nguy hiem, xac suat mua 73%. Dua drone ve tram sac de bao ve thiet bi."
Tien Giang,2026-06-02 08:00:00,26.7,89,79,7.6,11.8,0.77,HEALTHY,85.0,RETURN_TO_CHARGING,RETURN_TO_CHARGING,"RETURN_TO_CHARGING: Thoi tiet mua/nguy hiem, xac suat mua 79%. Dua drone ve tram sac de bao ve thiet bi."
Tien Giang,2026-06-02 09:00:00,27.4,86,73,8.6,13.2,0.77,HEALTHY,85.0,RETURN_TO_CHARGING,RETURN_TO_CHARGING,"RETURN_TO_CHARGING: Thoi tiet mua/nguy hiem, xac suat mua 73%. Dua drone ve tram sac de bao ve thiet bi."
Tien Giang,2026-06-02 10:00:00,29.0,77,73,11.2,18.9,0.77,HEALTHY,85.0,RETURN_TO_CHARGING,RETURN_TO_CHARGING,"RETURN_TO_CHARGING: Thoi tiet mua/nguy hiem, xac suat mua 73%. Dua drone ve tram sac de bao ve thiet bi."
Tien Giang,2026-06-02 11:00:00,30.1,72,73,11.9,14.4,0.77,HEALTHY,85.0,RETURN_TO_CHARGING,RETURN_TO_CHARGING,"RETURN_TO_CHARGING: Thoi tiet mua/nguy hiem, xac suat mua 73%. Dua drone ve tram sac de bao ve thiet bi."
Tien Giang,2026-06-02 12:00:00,30.0,72,73,13.3,25.7,0.77,HEALTHY,85.0,RETURN_TO_CHARGING,RETURN_TO_CHARGING,"RETURN_TO_CHARGING: Thoi tiet mua/nguy hiem, xac suat mua 73%. Dua drone ve tram sac de bao ve thiet bi."
Tien Giang,2026-06-02 13:00:00,27.8,82,78,14.0,20.8,0.77,HEALTHY,85.0,RETURN_TO_CHARGING,RETURN_TO_CHARGING,"RETURN_TO_CHARGING: Thoi tiet mua/nguy hiem, xac suat mua 78%. Dua drone ve tram sac de bao ve thiet bi."
Tien Giang,2026-06-02 14:00:00,26.1,89,87,15.1,24.4,0.72,HEALTHY,75.0,RETURN_TO_CHARGING,RETURN_TO_CHARGING,"RETURN_TO_CHARGING: Thoi tiet mua/nguy hiem, xac suat mua 87%. Dua drone ve tram sac de bao ve thiet bi."
Tien Giang,2026-06-02 15:00:00,24.9,93,85,17.3,26.6,0.77,HEALTHY,75.0,RETURN_TO_CHARGING,RETURN_TO_CHARGING,"RETURN_TO_CHARGING: Thoi tiet mua/nguy hiem, xac suat mua 85%. Dua drone ve tram sac de bao ve thiet bi."
Tien Giang,2026-06-02 16:00:00,24.5,94,81,16.9,26.7,0.77,HEALTHY,75.0,RETURN_TO_CHARGING,RETURN_TO_CHARGING,"RETURN_TO_CHARGING: Thoi tiet mua/nguy hiem, xac suat mua 81%. Dua drone ve tram sac de bao ve thiet bi."
Tien Giang,2026-06-02 17:00:00,24.8,93,73,15.1,24.1,0.77,HEALTHY,75.0,RETURN_TO_CHARGING,RETURN_TO_CHARGING,"RETURN_TO_CHARGING: Thoi tiet mua/nguy hiem, xac suat mua 73%. Dua drone ve tram sac de bao ve thiet bi."
Tien Giang,2026-06-03 06:00:00,24.5,95,79,11.2,18.9,0.77,HEALTHY,85.0,RETURN_TO_CHARGING,RETURN_TO_CHARGING,"RETURN_TO_CHARGING: Thoi tiet mua/nguy hiem, xac suat mua 79%. Dua drone ve tram sac de bao ve thiet bi."
Tien Giang,2026-06-03 07:00:00,25.2,92,83,13.7,21.3,0.72,HEALTHY,85.0,RETURN_TO_CHARGING,RETURN_TO_CHARGING,"RETURN_TO_CHARGING: Thoi tiet mua/nguy hiem, xac suat mua 83%. Dua drone ve tram sac de bao ve thiet bi."
Tien Giang,2026-06-03 08:00:00,25.5,91,78,15.5,23.7,0.72,HEALTHY,75.0,RETURN_TO_CHARGING,RETURN_TO_CHARGING,"RETURN_TO_CHARGING: Thoi tiet mua/nguy hiem, xac suat mua 78%. Dua drone ve tram sac de bao ve thiet bi."
Tien Giang,2026-06-03 09:00:00,26.5,86,17,18.0,25.8,0.85,HEALTHY,90.0,RETURN_TO_CHARGING,RETURN_TO_CHARGING,"RETURN_TO_CHARGING: Thoi tiet mua/nguy hiem, xac suat mua 17%. Dua drone ve tram sac de bao ve thiet bi."
Tien Giang,2026-06-03 10:00:00,27.1,82,18,18.7,24.5,0.85,HEALTHY,90.0,RETURN_TO_CHARGING,RETURN_TO_CHARGING,"RETURN_TO_CHARGING: Thoi tiet mua/nguy hiem, xac suat mua 18%. Dua drone ve tram sac de bao ve thiet bi."
Tien Giang,2026-06-03 11:00:00,27.6,80,15,17.3,24.0,0.85,HEALTHY,90.0,RETURN_TO_CHARGING,RETURN_TO_CHARGING,"RETURN_TO_CHARGING: Thoi tiet mua/nguy hiem, xac suat mua 15%. Dua drone ve tram sac de bao ve thiet bi."
Tien Giang,2026-06-03 12:00:00,29.5,71,6,19.8,26.4,0.85,HEALTHY,90.0,RETURN_TO_CHARGING,RETURN_TO_CHARGING,"RETURN_TO_CHARGING: Thoi tiet mua/nguy hiem, xac suat mua 6%. Dua drone ve tram sac de bao ve thiet bi."
Tien Giang,2026-06-03 13:00:00,30.3,65,2,22.3,29.8,0.65,HEALTHY,90.0,LOCK_SPRAY,LOCK_SPRAY,LOCK_SPRAY: Khoa lenh phun vi gio/gio giat vuot nguong an toan (22.3/29.8 km/h). Tranh pesticide drift va mat on dinh UAV.
Tien Giang,2026-06-03 14:00:00,29.3,69,3,18.4,22.1,1.0,HEALTHY,90.0,TAKE_OFF,TAKE_OFF,"TAKE_OFF: Dieu kien bay chap nhan duoc. Gio 18.4 km/h, gio giat 22.1 km/h, xac suat mua 3%. De xuat flow-rate 90.0%."
Tien Giang,2026-06-03 15:00:00,28.7,72,11,14.0,20.1,0.95,HEALTHY,100.0,TAKE_OFF,TAKE_OFF,"TAKE_OFF: Dieu kien bay chap nhan duoc. Gio 14.0 km/h, gio giat 20.1 km/h, xac suat mua 11%. De xuat flow-rate 100.0%."
Tien Giang,2026-06-03 16:00:00,28.6,72,5,14.8,21.5,1.0,HEALTHY,100.0,TAKE_OFF,TAKE_OFF,"TAKE_OFF: Dieu kien bay chap nhan duoc. Gio 14.8 km/h, gio giat 21.5 km/h, xac suat mua 5%. De xuat flow-rate 100.0%."
Tien Giang,2026-06-03 17:00:00,27.7,76,7,12.2,18.8,1.0,HEALTHY,100.0,TAKE_OFF,TAKE_OFF,"TAKE_OFF: Dieu kien bay chap nhan duoc. Gio 12.2 km/h, gio giat 18.8 km/h, xac suat mua 7%. De xuat flow-rate 100.0%."
Tien Giang,2026-06-04 06:00:00,24.7,94,12,8.6,15.0,1.0,HEALTHY,100.0,TAKE_OFF,TAKE_OFF,"TAKE_OFF: Dieu kien bay chap nhan duoc. Gio 8.6 km/h, gio giat 15.0 km/h, xac suat mua 12%. De xuat flow-rate 100.0%."
Tien Giang,2026-06-04 07:00:00,25.6,91,74,9.0,13.9,0.77,HEALTHY,85.0,RETURN_TO_CHARGING,RETURN_TO_CHARGING,"RETURN_TO_CHARGING: Thoi tiet mua/nguy hiem, xac suat mua 74%. Dua drone ve tram sac de bao ve thiet bi."
Tien Giang,2026-06-04 08:00:00,26.0,90,73,10.1,16.3,0.77,HEALTHY,85.0,RETURN_TO_CHARGING,RETURN_TO_CHARGING,"RETURN_TO_CHARGING: Thoi tiet mua/nguy hiem, xac suat mua 73%. Dua drone ve tram sac de bao ve thiet bi."
Tien Giang,2026-06-04 09:00:00,27.1,86,73,12.6,18.7,0.77,HEALTHY,85.0,RETURN_TO_CHARGING,RETURN_TO_CHARGING,"RETURN_TO_CHARGING: Thoi tiet mua/nguy hiem, xac suat mua 73%. Dua drone ve tram sac de bao ve thiet bi."
Tien Giang,2026-06-04 10:00:00,28.6,79,73,14.8,23.9,0.77,HEALTHY,85.0,RETURN_TO_CHARGING,RETURN_TO_CHARGING,"RETURN_TO_CHARGING: Thoi tiet mua/nguy hiem, xac suat mua 73%. Dua drone ve tram sac de bao ve thiet bi."
Tien Giang,2026-06-04 11:00:00,28.4,81,73,14.0,20.2,0.77,HEALTHY,85.0,RETURN_TO_CHARGING,RETURN_TO_CHARGING,"RETURN_TO_CHARGING: Thoi tiet mua/nguy hiem, xac suat mua 73%. Dua drone ve tram sac de bao ve thiet bi."
Tien Giang,2026-06-04 12:00:00,29.4,77,73,17.6,33.9,0.62,HEALTHY,75.0,RETURN_TO_CHARGING,RETURN_TO_CHARGING,"RETURN_TO_CHARGING: Thoi tiet mua/nguy hiem, xac suat mua 73%. Dua drone ve tram sac de bao ve thiet bi."
Tien Giang,2026-06-04 13:00:00,29.8,77,73,19.1,24.0,0.77,HEALTHY,75.0,RETURN_TO_CHARGING,RETURN_TO_CHARGING,"RETURN_TO_CHARGING: Thoi tiet mua/nguy hiem, xac suat mua 73%. Dua drone ve tram sac de bao ve thiet bi."
Tien Giang,2026-06-04 14:00:00,28.7,80,73,17.6,25.4,0.77,HEALTHY,75.0,RETURN_TO_CHARGING,RETURN_TO_CHARGING,"RETURN_TO_CHARGING: Thoi tiet mua/nguy hiem, xac suat mua 73%. Dua drone ve tram sac de bao ve thiet bi."
Tien Giang,2026-06-04 15:00:00,28.0,82,73,14.0,22.8,0.77,HEALTHY,85.0,RETURN_TO_CHARGING,RETURN_TO_CHARGING,"RETURN_TO_CHARGING: Thoi tiet mua/nguy hiem, xac suat mua 73%. Dua drone ve tram sac de bao ve thiet bi."
Tien Giang,2026-06-04 16:00:00,27.9,83,15,13.0,21.1,0.85,HEALTHY,100.0,RETURN_TO_CHARGING,RETURN_TO_CHARGING,"RETURN_TO_CHARGING: Thoi tiet mua/nguy hiem, xac suat mua 15%. Dua drone ve tram sac de bao ve thiet bi."
Tien Giang,2026-06-04 17:00:00,27.5,84,16,11.9,20.0,0.85,HEALTHY,100.0,RETURN_TO_CHARGING,RETURN_TO_CHARGING,"RETURN_TO_CHARGING: Thoi tiet mua/nguy hiem, xac suat mua 16%. Dua drone ve tram sac de bao ve thiet bi."
