timestamp,temperature_2m,relative_humidity_2m,precipitation_probability,precipitation,cloud_cover,visibility,wind_speed_10m,wind_gusts_10m,weather_code,location_name,latitude,longitude,source,weather_description
2026-03-21 00:00:00,24.5,88,,0.0,2,,9.3,16.2,0,Dong Thap,10.4939,105.6882,Open-Meteo-Historical,
2026-03-21 01:00:00,24.0,93,,0.0,13,,8.5,16.2,0,Dong Thap,10.4939,105.6882,Open-Meteo-Historical,
2026-03-21 02:00:00,23.8,94,,0.0,5,,6.5,14.8,0,Dong Thap,10.4939,105.6882,Open-Meteo-Historical,
2026-03-21 03:00:00,23.4,97,,0.0,9,,3.8,11.2,0,Dong Thap,10.4939,105.6882,Open-Meteo-Historical,
2026-03-21 04:00:00,23.0,98,,0.0,87,,4.0,5.8,3,Dong Thap,10.4939,105.6882,Open-Meteo-Historical,
2026-03-21 05:00:00,22.8,98,,0.0,87,,3.6,6.1,3,Dong Thap,10.4939,105.6882,Open-Meteo-Historical,
2026-03-21 06:00:00,22.6,98,,0.0,20,,3.9,5.0,1,Dong Thap,10.4939,105.6882,Open-Meteo-Historical,
2026-03-21 07:00:00,24.4,94,,0.0,83,,6.0,11.2,3,Dong Thap,10.4939,105.6882,Open-Meteo-Historical,
2026-03-21 08:00:00,26.3,83,,0.0,80,,13.6,25.9,3,Dong Thap,10.4939,105.6882,Open-Meteo-Historical,
2026-03-21 09:00:00,27.7,74,,0.0,80,,13.3,27.4,3,Dong Thap,10.4939,105.6882,Open-Meteo-Historical,
2026-03-21 10:00:00,28.8,69,,0.1,52,,13.1,28.1,51,Dong Thap,10.4939,105.6882,Open-Meteo-Historical,
2026-03-21 11:00:00,30.0,64,,0.1,48,,12.3,28.1,51,Dong Thap,10.4939,105.6882,Open-Meteo-Historical,
2026-03-21 12:00:00,30.8,60,,0.0,66,,11.9,27.4,2,Dong Thap,10.4939,105.6882,Open-Meteo-Historical,
2026-03-21 13:00:00,31.0,57,,0.0,44,,11.8,26.6,1,Dong Thap,10.4939,105.6882,Open-Meteo-Historical,
2026-03-21 14:00:00,31.1,56,,0.0,11,,12.4,27.0,0,Dong Thap,10.4939,105.6882,Open-Meteo-Historical,
2026-03-21 15:00:00,31.3,55,,0.0,15,,12.6,26.6,0,Dong Thap,10.4939,105.6882,Open-Meteo-Historical,
2026-03-21 16:00:00,30.9,55,,0.0,64,,13.9,26.6,2,Dong Thap,10.4939,105.6882,Open-Meteo-Historical,
2026-03-21 17:00:00,29.9,61,,0.0,36,,12.0,26.6,1,Dong Thap,10.4939,105.6882,Open-Meteo-Historical,
2026-03-21 18:00:00,28.5,64,,0.0,5,,12.5,21.2,0,Dong Thap,10.4939,105.6882,Open-Meteo-Historical,
2026-03-21 19:00:00,27.5,66,,0.0,5,,11.6,23.0,0,Dong Thap,10.4939,105.6882,Open-Meteo-Historical,
2026-03-21 20:00:00,26.8,69,,0.0,2,,13.6,23.4,0,Dong Thap,10.4939,105.6882,Open-Meteo-Historical,
2026-03-21 21:00:00,26.1,73,,0.0,2,,13.8,23.8,0,Dong Thap,10.4939,105.6882,Open-Meteo-Historical,
2026-03-21 22:00:00,25.5,78,,0.0,0,,13.9,24.5,0,Dong Thap,10.4939,105.6882,Open-Meteo-Historical,
2026-03-21 23:00:00,24.9,84,,0.0,5,,11.8,24.1,0,Dong Thap,10.4939,105.6882,Open-Meteo-Historical,
2026-03-22 00:00:00,24.4,88,,0.0,9,,9.6,20.2,0,Dong Thap,10.4939,105.6882,Open-Meteo-Historical,
2026-03-22 01:00:00,24.2,91,,0.0,7,,9.3,16.6,0,Dong Thap,10.4939,105.6882,Open-Meteo-Historical,
2026-03-22 02:00:00,24.2,92,,0.0,13,,8.7,16.2,0,Dong Thap,10.4939,105.6882,Open-Meteo-Historical,
2026-03-22 03:00:00,24.1,92,,0.0,11,,8.8,15.1,0,Dong Thap,10.4939,105.6882,Open-Meteo-Historical,
2026-03-22 04:00:00,24.0,92,,0.0,19,,9.6,16.6,0,Dong Thap,10.4939,105.6882,Open-Meteo-Historical,
2026-03-22 05:00:00,24.0,91,,0.0,31,,9.2,16.6,1,Dong Thap,10.4939,105.6882,Open-Meteo-Historical,
2026-03-22 06:00:00,24.0,89,,0.0,20,,9.6,16.6,1,Dong Thap,10.4939,105.6882,Open-Meteo-Historical,
2026-03-22 07:00:00,25.5,84,,0.0,28,,15.2,24.1,1,Dong Thap,10.4939,105.6882,Open-Meteo-Historical,
2026-03-22 08:00:00,26.9,77,,0.0,20,,17.0,32.4,1,Dong Thap,10.4939,105.6882,Open-Meteo-Historical,
2026-03-22 09:00:00,28.2,71,,0.0,8,,16.1,33.8,0,Dong Thap,10.4939,105.6882,Open-Meteo-Historical,
2026-03-22 10:00:00,29.4,66,,0.0,8,,14.3,32.0,0,Dong Thap,10.4939,105.6882,Open-Meteo-Historical,
2026-03-22 11:00:00,30.5,61,,0.0,17,,14.3,30.6,0,Dong Thap,10.4939,105.6882,Open-Meteo-Historical,
2026-03-22 12:00:00,31.1,57,,0.0,27,,14.8,31.3,1,Dong Thap,10.4939,105.6882,Open-Meteo-Historical,
2026-03-22 13:00:00,31.4,55,,0.0,45,,14.9,32.0,1,Dong Thap,10.4939,105.6882,Open-Meteo-Historical,
2026-03-22 14:00:00,31.5,52,,0.0,61,,14.4,31.0,2,Dong Thap,10.4939,105.6882,Open-Meteo-Historical,
2026-03-22 15:00:00,31.3,52,,0.0,15,,13.4,31.0,0,Dong Thap,10.4939,105.6882,Open-Meteo-Historical,
2026-03-22 16:00:00,31.0,51,,0.0,15,,12.9,27.0,0,Dong Thap,10.4939,105.6882,Open-Meteo-Historical,
2026-03-22 17:00:00,29.8,58,,0.0,5,,13.0,25.6,0,Dong Thap,10.4939,105.6882,Open-Meteo-Historical,
2026-03-22 18:00:00,28.2,63,,0.0,2,,11.1,23.4,0,Dong Thap,10.4939,105.6882,Open-Meteo-Historical,
2026-03-22 19:00:00,27.5,67,,0.0,3,,13.0,22.7,0,Dong Thap,10.4939,105.6882,Open-Meteo-Historical,
2026-03-22 20:00:00,26.8,71,,0.0,5,,11.8,22.3,0,Dong Thap,10.4939,105.6882,Open-Meteo-Historical,
2026-03-22 21:00:00,26.0,76,,0.0,0,,11.1,20.5,0,Dong Thap,10.4939,105.6882,Open-Meteo-Historical,
2026-03-22 22:00:00,25.0,81,,0.0,0,,8.7,19.1,0,Dong Thap,10.4939,105.6882,Open-Meteo-Historical,
2026-03-22 23:00:00,24.5,85,,0.0,5,,8.5,14.8,0,Dong Thap,10.4939,105.6882,Open-Meteo-Historical,
2026-03-23 00:00:00,24.2,89,,0.0,9,,8.5,14.4,0,Dong Thap,10.4939,105.6882,Open-Meteo-Historical,
2026-03-23 01:00:00,24.0,93,,0.0,2,,7.7,14.0,0,Dong Thap,10.4939,105.6882,Open-Meteo-Historical,
2026-03-23 02:00:00,23.9,95,,0.0,2,,7.1,13.7,0,Dong Thap,10.4939,105.6882,Open-Meteo-Historical,
2026-03-23 03:00:00,23.5,97,,0.0,100,,4.6,11.9,3,Dong Thap,10.4939,105.6882,Open-Meteo-Historical,
2026-03-23 04:00:00,23.3,97,,0.0,34,,5.0,7.6,1,Dong Thap,10.4939,105.6882,Open-Meteo-Historical,
2026-03-23 05:00:00,23.2,97,,0.0,29,,4.8,7.9,1,Dong Thap,10.4939,105.6882,Open-Meteo-Historical,
2026-03-23 06:00:00,23.0,97,,0.0,54,,4.8,7.9,2,Dong Thap,10.4939,105.6882,Open-Meteo-Historical,
2026-03-23 07:00:00,24.8,93,,0.0,9,,6.0,12.2,0,Dong Thap,10.4939,105.6882,Open-Meteo-Historical,
2026-03-23 08:00:00,26.8,81,,0.0,20,,13.1,25.9,1,Dong Thap,10.4939,105.6882,Open-Meteo-Historical,
2026-03-23 09:00:00,28.2,72,,0.1,17,,13.5,28.4,51,Dong Thap,10.4939,105.6882,Open-Meteo-Historical,
2026-03-23 10:00:00,29.4,66,,0.1,20,,12.2,28.4,51,Dong Thap,10.4939,105.6882,Open-Meteo-Historical,
2026-03-23 11:00:00,30.5,60,,0.0,17,,10.0,27.0,0,Dong Thap,10.4939,105.6882,Open-Meteo-Historical,
2026-03-23 12:00:00,31.4,55,,0.0,42,,9.2,24.1,1,Dong Thap,10.4939,105.6882,Open-Meteo-Historical,
2026-03-23 13:00:00,31.1,56,,0.0,63,,11.0,23.4,2,Dong Thap,10.4939,105.6882,Open-Meteo-Historical,
2026-03-23 14:00:00,31.1,56,,0.0,11,,10.3,25.6,0,Dong Thap,10.4939,105.6882,Open-Meteo-Historical,
2026-03-23 15:00:00,31.4,55,,0.0,18,,8.8,23.4,0,Dong Thap,10.4939,105.6882,Open-Meteo-Historical,
2026-03-23 16:00:00,31.0,55,,0.0,14,,9.3,20.5,0,Dong Thap,10.4939,105.6882,Open-Meteo-Historical,
2026-03-23 17:00:00,30.5,57,,0.0,3,,7.3,19.8,0,Dong Thap,10.4939,105.6882,Open-Meteo-Historical,
2026-03-23 18:00:00,29.0,66,,0.0,34,,6.9,12.6,1,Dong Thap,10.4939,105.6882,Open-Meteo-Historical,
2026-03-23 19:00:00,28.1,66,,0.0,3,,12.7,19.1,0,Dong Thap,10.4939,105.6882,Open-Meteo-Historical,
2026-03-23 20:00:00,27.1,69,,0.0,0,,15.7,27.4,0,Dong Thap,10.4939,105.6882,Open-Meteo-Historical,
2026-03-23 21:00:00,26.0,73,,0.0,0,,13.6,27.4,0,Dong Thap,10.4939,105.6882,Open-Meteo-Historical,
2026-03-23 22:00:00,25.3,80,,0.0,2,,12.5,23.4,0,Dong Thap,10.4939,105.6882,Open-Meteo-Historical,
2026-03-23 23:00:00,24.6,84,,0.0,0,,11.4,21.6,0,Dong Thap,10.4939,105.6882,Open-Meteo-Historical,
2026-03-24 00:00:00,24.2,88,,0.0,2,,11.4,20.2,0,Dong Thap,10.4939,105.6882,Open-Meteo-Historical,
2026-03-24 01:00:00,24.0,92,,0.0,82,,10.9,20.5,3,Dong Thap,10.4939,105.6882,Open-Meteo-Historical,
2026-03-24 02:00:00,23.9,94,,0.0,2,,9.3,19.1,0,Dong Thap,10.4939,105.6882,Open-Meteo-Historical,
2026-03-24 03:00:00,23.5,95,,0.0,7,,7.1,15.8,0,Dong Thap,10.4939,105.6882,Open-Meteo-Historical,
2026-03-24 04:00:00,23.2,96,,0.0,9,,5.6,12.2,0,Dong Thap,10.4939,105.6882,Open-Meteo-Historical,
2026-03-24 05:00:00,22.9,97,,0.0,0,,4.7,9.0,0,Dong Thap,10.4939,105.6882,Open-Meteo-Historical,
2026-03-24 06:00:00,22.8,96,,0.0,0,,5.4,8.6,0,Dong Thap,10.4939,105.6882,Open-Meteo-Historical,
2026-03-24 07:00:00,24.5,90,,0.0,3,,8.7,13.3,0,Dong Thap,10.4939,105.6882,Open-Meteo-Historical,
2026-03-24 08:00:00,26.5,81,,0.0,26,,12.4,24.5,1,Dong Thap,10.4939,105.6882,Open-Meteo-Historical,
2026-03-24 09:00:00,28.0,71,,0.0,25,,13.4,28.1,1,Dong Thap,10.4939,105.6882,Open-Meteo-Historical,
2026-03-24 10:00:00,29.2,64,,0.0,17,,12.2,28.1,0,Dong Thap,10.4939,105.6882,Open-Meteo-Historical,
2026-03-24 11:00:00,30.1,60,,0.0,13,,10.4,27.0,0,Dong Thap,10.4939,105.6882,Open-Meteo-Historical,
2026-03-24 12:00:00,31.0,57,,0.0,9,,9.8,24.8,0,Dong Thap,10.4939,105.6882,Open-Meteo-Historical,
2026-03-24 13:00:00,31.1,55,,0.0,19,,9.4,24.1,0,Dong Thap,10.4939,105.6882,Open-Meteo-Historical,
2026-03-24 14:00:00,31.4,54,,0.0,8,,9.0,22.7,0,Dong Thap,10.4939,105.6882,Open-Meteo-Historical,
2026-03-24 15:00:00,31.4,52,,0.0,8,,9.3,22.0,0,Dong Thap,10.4939,105.6882,Open-Meteo-Historical,
2026-03-24 16:00:00,31.2,51,,0.0,13,,9.3,21.2,0,Dong Thap,10.4939,105.6882,Open-Meteo-Historical,
2026-03-24 17:00:00,30.5,56,,0.0,13,,8.7,19.1,0,Dong Thap,10.4939,105.6882,Open-Meteo-Historical,
2026-03-24 18:00:00,28.8,62,,0.0,0,,8.5,15.5,0,Dong Thap,10.4939,105.6882,Open-Meteo-Historical,
2026-03-24 19:00:00,27.8,66,,0.0,0,,12.6,19.4,0,Dong Thap,10.4939,105.6882,Open-Meteo-Historical,
2026-03-24 20:00:00,26.9,72,,0.0,0,,13.0,22.0,0,Dong Thap,10.4939,105.6882,Open-Meteo-Historical,
2026-03-24 21:00:00,26.0,78,,0.0,0,,13.6,24.1,0,Dong Thap,10.4939,105.6882,Open-Meteo-Historical,
2026-03-24 22:00:00,25.1,83,,0.0,0,,12.3,23.4,0,Dong Thap,10.4939,105.6882,Open-Meteo-Historical,
2026-03-24 23:00:00,24.5,87,,0.0,5,,10.6,21.2,0,Dong Thap,10.4939,105.6882,Open-Meteo-Historical,
2026-03-25 00:00:00,23.9,92,,0.0,9,,5.1,18.0,0,Dong Thap,10.4939,105.6882,Open-Meteo-Historical,
2026-03-25 01:00:00,23.5,96,,0.0,30,,3.5,8.3,1,Dong Thap,10.4939,105.6882,Open-Meteo-Historical,
2026-03-25 02:00:00,23.4,96,,0.0,13,,3.7,5.4,0,Dong Thap,10.4939,105.6882,Open-Meteo-Historical,
2026-03-25 03:00:00,23.3,96,,0.0,3,,4.9,7.9,0,Dong Thap,10.4939,105.6882,Open-Meteo-Historical,
2026-03-25 04:00:00,23.1,97,,0.0,0,,5.4,8.6,0,Dong Thap,10.4939,105.6882,Open-Meteo-Historical,
2026-03-25 05:00:00,22.9,98,,0.0,0,,4.9,9.0,0,Dong Thap,10.4939,105.6882,Open-Meteo-Historical,
2026-03-25 06:00:00,22.6,98,,0.0,0,,5.1,8.3,0,Dong Thap,10.4939,105.6882,Open-Meteo-Historical,
2026-03-25 07:00:00,24.3,94,,0.0,0,,6.7,13.7,0,Dong Thap,10.4939,105.6882,Open-Meteo-Historical,
2026-03-25 08:00:00,26.4,81,,0.0,19,,12.2,25.2,0,Dong Thap,10.4939,105.6882,Open-Meteo-Historical,
2026-03-25 09:00:00,27.9,72,,0.0,4,,10.3,25.2,0,Dong Thap,10.4939,105.6882,Open-Meteo-Historical,
2026-03-25 10:00:00,29.5,63,,0.0,0,,9.1,23.8,0,Dong Thap,10.4939,105.6882,Open-Meteo-Historical,
2026-03-25 11:00:00,30.6,56,,0.0,0,,8.7,23.0,0,Dong Thap,10.4939,105.6882,Open-Meteo-Historical,
2026-03-25 12:00:00,31.5,53,,0.0,0,,9.2,23.8,0,Dong Thap,10.4939,105.6882,Open-Meteo-Historical,
2026-03-25 13:00:00,32.0,51,,0.0,15,,9.8,23.8,0,Dong Thap,10.4939,105.6882,Open-Meteo-Historical,
2026-03-25 14:00:00,32.5,49,,0.0,31,,9.6,23.0,1,Dong Thap,10.4939,105.6882,Open-Meteo-Historical,
2026-03-25 15:00:00,32.5,48,,0.0,38,,10.2,22.7,1,Dong Thap,10.4939,105.6882,Open-Meteo-Historical,
2026-03-25 16:00:00,31.7,49,,0.0,16,,10.9,22.7,0,Dong Thap,10.4939,105.6882,Open-Meteo-Historical,
2026-03-25 17:00:00,30.9,53,,0.0,23,,10.2,22.0,1,Dong Thap,10.4939,105.6882,Open-Meteo-Historical,
2026-03-25 18:00:00,29.4,57,,0.0,30,,12.7,21.2,1,Dong Thap,10.4939,105.6882,Open-Meteo-Historical,
2026-03-25 19:00:00,28.1,59,,0.0,16,,13.4,24.8,0,Dong Thap,10.4939,105.6882,Open-Meteo-Historical,
2026-03-25 20:00:00,27.3,60,,0.0,10,,14.1,24.5,0,Dong Thap,10.4939,105.6882,Open-Meteo-Historical,
2026-03-25 21:00:00,26.4,67,,0.0,2,,12.9,24.1,0,Dong Thap,10.4939,105.6882,Open-Meteo-Historical,
2026-03-25 22:00:00,25.5,76,,0.0,0,,12.0,22.0,0,Dong Thap,10.4939,105.6882,Open-Meteo-Historical,
2026-03-25 23:00:00,24.9,83,,0.0,0,,10.4,20.9,0,Dong Thap,10.4939,105.6882,Open-Meteo-Historical,
2026-03-26 00:00:00,24.4,89,,0.0,3,,8.0,18.0,0,Dong Thap,10.4939,105.6882,Open-Meteo-Historical,
2026-03-26 01:00:00,24.1,96,,0.0,7,,6.3,13.7,0,Dong Thap,10.4939,105.6882,Open-Meteo-Historical,
2026-03-26 02:00:00,24.0,97,,0.0,17,,5.8,10.4,0,Dong Thap,10.4939,105.6882,Open-Meteo-Historical,
2026-03-26 03:00:00,23.9,98,,0.0,100,,6.7,11.2,3,Dong Thap,10.4939,105.6882,Open-Meteo-Historical,
2026-03-26 04:00:00,24.1,96,,0.0,2,,7.5,13.7,0,Dong Thap,10.4939,105.6882,Open-Meteo-Historical,
2026-03-26 05:00:00,23.6,98,,0.0,2,,5.9,12.6,0,Dong Thap,10.4939,105.6882,Open-Meteo-Historical,
2026-03-26 06:00:00,23.1,98,,0.0,15,,4.6,10.1,0,Dong Thap,10.4939,105.6882,Open-Meteo-Historical,
2026-03-26 07:00:00,24.9,92,,0.0,70,,7.6,15.5,2,Dong Thap,10.4939,105.6882,Open-Meteo-Historical,
2026-03-26 08:00:00,26.4,83,,0.1,28,,12.3,24.1,51,Dong Thap,10.4939,105.6882,Open-Meteo-Historical,
2026-03-26 09:00:00,28.0,70,,0.0,4,,13.1,27.7,0,Dong Thap,10.4939,105.6882,Open-Meteo-Historical,
2026-03-26 10:00:00,29.4,61,,0.0,30,,13.5,29.2,1,Dong Thap,10.4939,105.6882,Open-Meteo-Historical,
2026-03-26 11:00:00,30.7,56,,0.0,100,,10.6,29.2,3,Dong Thap,10.4939,105.6882,Open-Meteo-Historical,
2026-03-26 12:00:00,31.0,55,,0.0,56,,11.0,25.2,2,Dong Thap,10.4939,105.6882,Open-Meteo-Historical,
2026-03-26 13:00:00,31.4,54,,0.0,62,,9.4,25.6,2,Dong Thap,10.4939,105.6882,Open-Meteo-Historical,
2026-03-26 14:00:00,32.0,51,,0.0,55,,9.1,22.7,2,Dong Thap,10.4939,105.6882,Open-Meteo-Historical,
2026-03-26 15:00:00,32.3,50,,0.0,39,,10.1,22.7,1,Dong Thap,10.4939,105.6882,Open-Meteo-Historical,
2026-03-26 16:00:00,31.9,51,,0.0,22,,10.4,22.7,1,Dong Thap,10.4939,105.6882,Open-Meteo-Historical,
2026-03-26 17:00:00,30.8,57,,0.0,26,,10.4,21.2,1,Dong Thap,10.4939,105.6882,Open-Meteo-Historical,
2026-03-26 18:00:00,28.9,64,,0.0,2,,5.3,18.7,0,Dong Thap,10.4939,105.6882,Open-Meteo-Historical,
2026-03-26 19:00:00,28.4,60,,0.0,9,,8.3,14.4,0,Dong Thap,10.4939,105.6882,Open-Meteo-Historical,
2026-03-26 20:00:00,27.6,65,,0.0,0,,14.2,24.5,0,Dong Thap,10.4939,105.6882,Open-Meteo-Historical,
2026-03-26 21:00:00,26.3,70,,0.0,0,,14.0,24.8,0,Dong Thap,10.4939,105.6882,Open-Meteo-Historical,
2026-03-26 22:00:00,25.4,78,,0.0,0,,12.6,24.1,0,Dong Thap,10.4939,105.6882,Open-Meteo-Historical,
2026-03-26 23:00:00,24.6,84,,0.0,0,,11.7,21.6,0,Dong Thap,10.4939,105.6882,Open-Meteo-Historical,
2026-03-27 00:00:00,24.2,89,,0.0,0,,11.3,20.5,0,Dong Thap,10.4939,105.6882,Open-Meteo-Historical,
2026-03-27 01:00:00,23.9,94,,0.0,10,,10.0,19.8,0,Dong Thap,10.4939,105.6882,Open-Meteo-Historical,
2026-03-27 02:00:00,23.7,96,,0.0,37,,8.8,16.9,1,Dong Thap,10.4939,105.6882,Open-Meteo-Historical,
2026-03-27 03:00:00,23.5,96,,0.0,66,,7.8,15.1,2,Dong Thap,10.4939,105.6882,Open-Meteo-Historical,
2026-03-27 04:00:00,23.5,96,,0.0,19,,8.9,15.1,0,Dong Thap,10.4939,105.6882,Open-Meteo-Historical,
2026-03-27 05:00:00,23.3,96,,0.0,15,,8.5,15.5,0,Dong Thap,10.4939,105.6882,Open-Meteo-Historical,
2026-03-27 06:00:00,23.0,96,,0.0,2,,6.3,14.4,0,Dong Thap,10.4939,105.6882,Open-Meteo-Historical,
2026-03-27 07:00:00,24.5,89,,0.0,22,,11.4,12.6,1,Dong Thap,10.4939,105.6882,Open-Meteo-Historical,
2026-03-27 08:00:00,26.3,78,,0.0,16,,12.7,26.3,0,Dong Thap,10.4939,105.6882,Open-Meteo-Historical,
2026-03-27 09:00:00,27.8,68,,0.0,20,,12.1,26.6,1,Dong Thap,10.4939,105.6882,Open-Meteo-Historical,
2026-03-27 10:00:00,29.2,60,,0.0,42,,12.3,27.7,1,Dong Thap,10.4939,105.6882,Open-Meteo-Historical,
2026-03-27 11:00:00,30.4,54,,0.0,100,,11.7,27.7,3,Dong Thap,10.4939,105.6882,Open-Meteo-Historical,
2026-03-27 12:00:00,30.6,54,,0.0,100,,9.9,27.0,3,Dong Thap,10.4939,105.6882,Open-Meteo-Historical,
2026-03-27 13:00:00,30.9,54,,0.0,43,,9.6,23.8,1,Dong Thap,10.4939,105.6882,Open-Meteo-Historical,
2026-03-27 14:00:00,31.6,51,,0.0,9,,8.6,23.8,0,Dong Thap,10.4939,105.6882,Open-Meteo-Historical,
2026-03-27 15:00:00,31.6,48,,0.0,3,,6.5,22.0,0,Dong Thap,10.4939,105.6882,Open-Meteo-Historical,
2026-03-27 16:00:00,31.4,48,,0.0,1,,5.6,17.6,0,Dong Thap,10.4939,105.6882,Open-Meteo-Historical,
2026-03-27 17:00:00,30.8,50,,0.0,0,,5.4,14.8,0,Dong Thap,10.4939,105.6882,Open-Meteo-Historical,
2026-03-27 18:00:00,28.6,62,,0.0,0,,4.5,10.8,0,Dong Thap,10.4939,105.6882,Open-Meteo-Historical,
2026-03-27 19:00:00,28.0,59,,0.0,0,,7.8,8.6,0,Dong Thap,10.4939,105.6882,Open-Meteo-Historical,
2026-03-27 20:00:00,27.2,63,,0.0,0,,11.5,18.4,0,Dong Thap,10.4939,105.6882,Open-Meteo-Historical,
2026-03-27 21:00:00,26.0,71,,0.0,0,,11.8,21.2,0,Dong Thap,10.4939,105.6882,Open-Meteo-Historical,
2026-03-27 22:00:00,25.1,75,,0.0,0,,11.2,20.5,0,Dong Thap,10.4939,105.6882,Open-Meteo-Historical,
2026-03-27 23:00:00,24.2,80,,0.0,0,,10.6,19.1,0,Dong Thap,10.4939,105.6882,Open-Meteo-Historical,
2026-03-28 00:00:00,23.5,86,,0.0,0,,9.9,18.0,0,Dong Thap,10.4939,105.6882,Open-Meteo-Historical,
2026-03-28 01:00:00,23.0,94,,0.0,0,,8.1,16.6,0,Dong Thap,10.4939,105.6882,Open-Meteo-Historical,
2026-03-28 02:00:00,22.8,96,,0.0,0,,6.5,13.7,0,Dong Thap,10.4939,105.6882,Open-Meteo-Historical,
2026-03-28 03:00:00,22.6,97,,0.0,4,,6.7,11.2,0,Dong Thap,10.4939,105.6882,Open-Meteo-Historical,
2026-03-28 04:00:00,22.5,97,,0.0,5,,6.4,11.5,0,Dong Thap,10.4939,105.6882,Open-Meteo-Historical,
2026-03-28 05:00:00,22.4,98,,0.0,2,,6.5,10.8,0,Dong Thap,10.4939,105.6882,Open-Meteo-Historical,
2026-03-28 06:00:00,22.4,98,,0.0,2,,6.1,11.2,0,Dong Thap,10.4939,105.6882,Open-Meteo-Historical,
2026-03-28 07:00:00,24.1,94,,0.0,14,,8.2,14.0,0,Dong Thap,10.4939,105.6882,Open-Meteo-Historical,
2026-03-28 08:00:00,26.4,81,,0.0,45,,13.3,26.3,1,Dong Thap,10.4939,105.6882,Open-Meteo-Historical,
2026-03-28 09:00:00,28.0,71,,0.0,23,,13.1,27.7,1,Dong Thap,10.4939,105.6882,Open-Meteo-Historical,
2026-03-28 10:00:00,29.5,62,,0.0,29,,13.3,29.2,1,Dong Thap,10.4939,105.6882,Open-Meteo-Historical,
2026-03-28 11:00:00,30.8,56,,0.0,6,,13.2,29.5,0,Dong Thap,10.4939,105.6882,Open-Meteo-Historical,
2026-03-28 12:00:00,31.8,52,,0.0,5,,12.1,29.5,0,Dong Thap,10.4939,105.6882,Open-Meteo-Historical,
2026-03-28 13:00:00,32.0,51,,0.0,40,,12.2,27.7,1,Dong Thap,10.4939,105.6882,Open-Meteo-Historical,
2026-03-28 14:00:00,32.5,49,,0.0,30,,12.2,27.0,1,Dong Thap,10.4939,105.6882,Open-Meteo-Historical,
2026-03-28 15:00:00,32.8,47,,0.0,48,,13.5,27.7,1,Dong Thap,10.4939,105.6882,Open-Meteo-Historical,
2026-03-28 16:00:00,31.9,50,,0.0,63,,14.7,29.2,2,Dong Thap,10.4939,105.6882,Open-Meteo-Historical,
2026-03-28 17:00:00,30.9,55,,0.0,8,,13.1,28.4,0,Dong Thap,10.4939,105.6882,Open-Meteo-Historical,
2026-03-28 18:00:00,29.1,61,,0.0,2,,11.6,23.4,0,Dong Thap,10.4939,105.6882,Open-Meteo-Historical,
2026-03-28 19:00:00,28.0,68,,0.0,13,,15.0,23.8,0,Dong Thap,10.4939,105.6882,Open-Meteo-Historical,
2026-03-28 20:00:00,27.0,72,,0.0,0,,14.6,26.6,0,Dong Thap,10.4939,105.6882,Open-Meteo-Historical,
2026-03-28 21:00:00,26.0,75,,0.0,0,,13.2,25.6,0,Dong Thap,10.4939,105.6882,Open-Meteo-Historical,
2026-03-28 22:00:00,25.2,79,,0.0,0,,11.0,22.7,0,Dong Thap,10.4939,105.6882,Open-Meteo-Historical,
2026-03-28 23:00:00,24.4,84,,0.0,76,,7.9,18.7,2,Dong Thap,10.4939,105.6882,Open-Meteo-Historical,
2026-03-29 00:00:00,23.9,88,,0.0,94,,6.6,13.3,3,Dong Thap,10.4939,105.6882,Open-Meteo-Historical,
2026-03-29 01:00:00,23.4,94,,0.0,100,,4.6,10.8,3,Dong Thap,10.4939,105.6882,Open-Meteo-Historical,
2026-03-29 02:00:00,23.3,94,,0.0,100,,3.1,6.5,3,Dong Thap,10.4939,105.6882,Open-Meteo-Historical,
2026-03-29 03:00:00,23.2,95,,0.0,100,,2.2,4.0,3,Dong Thap,10.4939,105.6882,Open-Meteo-Historical,
2026-03-29 04:00:00,23.0,96,,0.0,95,,3.8,4.7,3,Dong Thap,10.4939,105.6882,Open-Meteo-Historical,
2026-03-29 05:00:00,22.8,97,,0.0,95,,4.7,6.5,3,Dong Thap,10.4939,105.6882,Open-Meteo-Historical,
2026-03-29 06:00:00,22.8,97,,0.0,95,,6.1,9.7,3,Dong Thap,10.4939,105.6882,Open-Meteo-Historical,
2026-03-29 07:00:00,24.6,92,,0.0,84,,9.4,15.8,3,Dong Thap,10.4939,105.6882,Open-Meteo-Historical,
2026-03-29 08:00:00,27.0,82,,0.0,12,,10.5,22.0,0,Dong Thap,10.4939,105.6882,Open-Meteo-Historical,
2026-03-29 09:00:00,29.0,70,,0.0,34,,13.0,27.0,1,Dong Thap,10.4939,105.6882,Open-Meteo-Historical,
2026-03-29 10:00:00,30.6,61,,0.0,81,,13.5,30.2,3,Dong Thap,10.4939,105.6882,Open-Meteo-Historical,
2026-03-29 11:00:00,32.0,55,,0.0,29,,11.7,29.2,1,Dong Thap,10.4939,105.6882,Open-Meteo-Historical,
2026-03-29 12:00:00,32.8,53,,0.0,19,,10.5,26.6,0,Dong Thap,10.4939,105.6882,Open-Meteo-Historical,
2026-03-29 13:00:00,32.8,53,,0.0,16,,12.0,28.1,0,Dong Thap,10.4939,105.6882,Open-Meteo-Historical,
2026-03-29 14:00:00,33.0,51,,0.0,22,,10.7,27.0,1,Dong Thap,10.4939,105.6882,Open-Meteo-Historical,
2026-03-29 15:00:00,33.1,50,,0.0,23,,11.2,24.5,1,Dong Thap,10.4939,105.6882,Open-Meteo-Historical,
2026-03-29 16:00:00,32.8,50,,0.0,20,,12.2,24.5,1,Dong Thap,10.4939,105.6882,Open-Meteo-Historical,
2026-03-29 17:00:00,32.1,53,,0.0,5,,10.7,24.5,0,Dong Thap,10.4939,105.6882,Open-Meteo-Historical,
2026-03-29 18:00:00,30.1,61,,0.0,2,,8.8,19.1,0,Dong Thap,10.4939,105.6882,Open-Meteo-Historical,
2026-03-29 19:00:00,29.0,66,,0.0,12,,8.9,18.7,0,Dong Thap,10.4939,105.6882,Open-Meteo-Historical,
2026-03-29 20:00:00,28.3,70,,0.0,3,,10.8,18.0,0,Dong Thap,10.4939,105.6882,Open-Meteo-Historical,
2026-03-29 21:00:00,27.5,74,,0.0,2,,11.2,20.2,0,Dong Thap,10.4939,105.6882,Open-Meteo-Historical,
2026-03-29 22:00:00,26.5,79,,0.0,0,,8.9,19.4,0,Dong Thap,10.4939,105.6882,Open-Meteo-Historical,
2026-03-29 23:00:00,25.6,85,,0.0,2,,5.6,15.1,0,Dong Thap,10.4939,105.6882,Open-Meteo-Historical,
2026-03-30 00:00:00,25.0,90,,0.0,9,,5.3,9.4,0,Dong Thap,10.4939,105.6882,Open-Meteo-Historical,
2026-03-30 01:00:00,24.8,94,,0.0,36,,5.8,9.7,1,Dong Thap,10.4939,105.6882,Open-Meteo-Historical,
2026-03-30 02:00:00,24.7,96,,0.0,100,,6.1,10.4,3,Dong Thap,10.4939,105.6882,Open-Meteo-Historical,
2026-03-30 03:00:00,24.9,97,,0.0,100,,7.6,13.0,3,Dong Thap,10.4939,105.6882,Open-Meteo-Historical,
2026-03-30 04:00:00,25.1,95,,0.0,97,,8.4,16.2,3,Dong Thap,10.4939,105.6882,Open-Meteo-Historical,
2026-03-30 05:00:00,25.0,95,,0.0,100,,5.8,14.8,3,Dong Thap,10.4939,105.6882,Open-Meteo-Historical,
2026-03-30 06:00:00,25.0,95,,0.0,100,,5.7,10.1,3,Dong Thap,10.4939,105.6882,Open-Meteo-Historical,
2026-03-30 07:00:00,25.5,92,,0.0,62,,10.0,16.2,2,Dong Thap,10.4939,105.6882,Open-Meteo-Historical,
2026-03-30 08:00:00,27.2,81,,0.0,23,,8.9,21.2,1,Dong Thap,10.4939,105.6882,Open-Meteo-Historical,
2026-03-30 09:00:00,28.8,71,,0.1,15,,6.5,20.2,51,Dong Thap,10.4939,105.6882,Open-Meteo-Historical,
2026-03-30 10:00:00,30.0,64,,0.1,18,,5.5,18.4,51,Dong Thap,10.4939,105.6882,Open-Meteo-Historical,
2026-03-30 11:00:00,31.0,58,,0.0,15,,4.5,18.4,0,Dong Thap,10.4939,105.6882,Open-Meteo-Historical,
2026-03-30 12:00:00,32.0,55,,0.0,13,,3.4,17.3,0,Dong Thap,10.4939,105.6882,Open-Meteo-Historical,
2026-03-30 13:00:00,31.9,53,,0.0,20,,2.4,16.6,1,Dong Thap,10.4939,105.6882,Open-Meteo-Historical,
2026-03-30 14:00:00,32.5,50,,0.0,20,,3.4,14.8,1,Dong Thap,10.4939,105.6882,Open-Meteo-Historical,
2026-03-30 15:00:00,32.7,49,,0.0,16,,6.0,17.3,0,Dong Thap,10.4939,105.6882,Open-Meteo-Historical,
2026-03-30 16:00:00,32.0,52,,0.0,27,,10.9,22.7,1,Dong Thap,10.4939,105.6882,Open-Meteo-Historical,
2026-03-30 17:00:00,30.9,57,,0.0,13,,11.4,24.1,0,Dong Thap,10.4939,105.6882,Open-Meteo-Historical,
2026-03-30 18:00:00,29.2,64,,0.0,8,,7.3,22.0,0,Dong Thap,10.4939,105.6882,Open-Meteo-Historical,
2026-03-30 19:00:00,29.0,66,,0.0,3,,7.9,13.0,0,Dong Thap,10.4939,105.6882,Open-Meteo-Historical,
2026-03-30 20:00:00,28.3,69,,0.0,1,,10.6,17.3,0,Dong Thap,10.4939,105.6882,Open-Meteo-Historical,
2026-03-30 21:00:00,27.8,72,,0.0,1,,11.3,19.8,0,Dong Thap,10.4939,105.6882,Open-Meteo-Historical,
2026-03-30 22:00:00,27.0,76,,0.0,1,,11.3,19.4,0,Dong Thap,10.4939,105.6882,Open-Meteo-Historical,
2026-03-30 23:00:00,26.2,80,,0.0,1,,12.0,20.5,0,Dong Thap,10.4939,105.6882,Open-Meteo-Historical,
2026-03-31 00:00:00,25.5,85,,0.0,0,,12.1,20.9,0,Dong Thap,10.4939,105.6882,Open-Meteo-Historical,
2026-03-31 01:00:00,25.0,93,,0.0,1,,11.1,20.9,0,Dong Thap,10.4939,105.6882,Open-Meteo-Historical,
2026-03-31 02:00:00,24.5,96,,0.0,2,,10.1,19.1,0,Dong Thap,10.4939,105.6882,Open-Meteo-Historical,
2026-03-31 03:00:00,24.4,98,,0.0,5,,8.8,17.3,0,Dong Thap,10.4939,105.6882,Open-Meteo-Historical,
2026-03-31 04:00:00,24.1,98,,0.0,11,,6.6,15.1,0,Dong Thap,10.4939,105.6882,Open-Meteo-Historical,
2026-03-31 05:00:00,23.8,99,,0.0,98,,4.5,11.2,3,Dong Thap,10.4939,105.6882,Open-Meteo-Historical,
2026-03-31 06:00:00,23.8,99,,0.0,100,,3.9,7.6,3,Dong Thap,10.4939,105.6882,Open-Meteo-Historical,
2026-03-31 07:00:00,25.0,94,,0.0,80,,7.1,15.8,3,Dong Thap,10.4939,105.6882,Open-Meteo-Historical,
2026-03-31 08:00:00,27.0,81,,0.0,27,,8.2,20.2,1,Dong Thap,10.4939,105.6882,Open-Meteo-Historical,
2026-03-31 09:00:00,28.6,71,,0.0,33,,6.0,19.1,1,Dong Thap,10.4939,105.6882,Open-Meteo-Historical,
2026-03-31 10:00:00,30.1,63,,0.0,82,,3.7,17.6,3,Dong Thap,10.4939,105.6882,Open-Meteo-Historical,
2026-03-31 11:00:00,31.5,57,,0.0,87,,3.4,15.8,3,Dong Thap,10.4939,105.6882,Open-Meteo-Historical,
2026-03-31 12:00:00,32.3,54,,0.0,83,,3.3,16.2,3,Dong Thap,10.4939,105.6882,Open-Meteo-Historical,
2026-03-31 13:00:00,32.2,52,,0.0,61,,2.4,16.2,2,Dong Thap,10.4939,105.6882,Open-Meteo-Historical,
2026-03-31 14:00:00,33.0,49,,0.0,74,,1.5,14.0,2,Dong Thap,10.4939,105.6882,Open-Meteo-Historical,
2026-03-31 15:00:00,33.2,47,,0.0,81,,2.6,12.6,3,Dong Thap,10.4939,105.6882,Open-Meteo-Historical,
2026-03-31 16:00:00,32.9,47,,0.0,71,,4.0,12.6,2,Dong Thap,10.4939,105.6882,Open-Meteo-Historical,
2026-03-31 17:00:00,32.2,49,,0.0,76,,6.0,12.2,2,Dong Thap,10.4939,105.6882,Open-Meteo-Historical,
2026-03-31 18:00:00,30.2,57,,0.0,71,,8.3,13.7,2,Dong Thap,10.4939,105.6882,Open-Meteo-Historical,
2026-03-31 19:00:00,29.4,62,,0.0,78,,5.6,14.0,2,Dong Thap,10.4939,105.6882,Open-Meteo-Historical,
2026-03-31 20:00:00,28.8,64,,0.0,24,,6.0,10.1,1,Dong Thap,10.4939,105.6882,Open-Meteo-Historical,
2026-03-31 21:00:00,28.1,67,,0.0,13,,11.8,18.7,0,Dong Thap,10.4939,105.6882,Open-Meteo-Historical,
2026-03-31 22:00:00,27.4,74,,0.0,5,,11.7,22.0,0,Dong Thap,10.4939,105.6882,Open-Meteo-Historical,
2026-03-31 23:00:00,26.6,79,,0.0,0,,9.8,20.5,0,Dong Thap,10.4939,105.6882,Open-Meteo-Historical,
2026-04-01 00:00:00,25.9,84,,0.0,0,,8.4,16.9,0,Dong Thap,10.4939,105.6882,Open-Meteo-Historical,
2026-04-01 01:00:00,25.1,91,,0.0,62,,7.1,14.4,2,Dong Thap,10.4939,105.6882,Open-Meteo-Historical,
2026-04-01 02:00:00,24.9,92,,0.0,99,,6.2,11.9,3,Dong Thap,10.4939,105.6882,Open-Meteo-Historical,
2026-04-01 03:00:00,24.5,95,,0.0,95,,5.6,10.4,3,Dong Thap,10.4939,105.6882,Open-Meteo-Historical,
2026-04-01 04:00:00,24.2,96,,0.0,79,,5.5,9.4,2,Dong Thap,10.4939,105.6882,Open-Meteo-Historical,
2026-04-01 05:00:00,24.0,98,,0.0,79,,6.6,11.2,2,Dong Thap,10.4939,105.6882,Open-Meteo-Historical,
2026-04-01 06:00:00,24.0,98,,0.0,100,,6.9,11.9,3,Dong Thap,10.4939,105.6882,Open-Meteo-Historical,
2026-04-01 07:00:00,25.2,92,,0.0,53,,8.7,18.0,2,Dong Thap,10.4939,105.6882,Open-Meteo-Historical,
2026-04-01 08:00:00,27.1,80,,0.0,100,,8.1,19.8,3,Dong Thap,10.4939,105.6882,Open-Meteo-Historical,
2026-04-01 09:00:00,28.6,72,,0.0,100,,7.1,19.4,3,Dong Thap,10.4939,105.6882,Open-Meteo-Historical,
2026-04-01 10:00:00,30.4,63,,0.0,41,,6.3,19.1,1,Dong Thap,10.4939,105.6882,Open-Meteo-Historical,
2026-04-01 11:00:00,31.5,57,,0.0,18,,7.1,20.9,0,Dong Thap,10.4939,105.6882,Open-Meteo-Historical,
2026-04-01 12:00:00,32.6,50,,0.0,5,,7.7,22.0,0,Dong Thap,10.4939,105.6882,Open-Meteo-Historical,
2026-04-01 13:00:00,32.7,46,,0.0,0,,7.1,22.3,0,Dong Thap,10.4939,105.6882,Open-Meteo-Historical,
2026-04-01 14:00:00,33.2,42,,0.0,34,,7.5,20.9,1,Dong Thap,10.4939,105.6882,Open-Meteo-Historical,
2026-04-01 15:00:00,33.2,42,,0.0,8,,8.2,20.5,0,Dong Thap,10.4939,105.6882,Open-Meteo-Historical,
2026-04-01 16:00:00,32.8,45,,0.0,8,,9.0,20.5,0,Dong Thap,10.4939,105.6882,Open-Meteo-Historical,
2026-04-01 17:00:00,32.0,48,,0.0,2,,9.4,19.8,0,Dong Thap,10.4939,105.6882,Open-Meteo-Historical,
2026-04-01 18:00:00,30.3,56,,0.0,1,,6.3,17.6,0,Dong Thap,10.4939,105.6882,Open-Meteo-Historical,
2026-04-01 19:00:00,29.6,59,,0.0,1,,13.1,19.1,0,Dong Thap,10.4939,105.6882,Open-Meteo-Historical,
2026-04-01 20:00:00,28.4,66,,0.0,0,,16.0,28.1,0,Dong Thap,10.4939,105.6882,Open-Meteo-Historical,
2026-04-01 21:00:00,27.2,71,,0.0,0,,14.8,28.1,0,Dong Thap,10.4939,105.6882,Open-Meteo-Historical,
2026-04-01 22:00:00,26.4,76,,0.0,0,,12.6,25.9,0,Dong Thap,10.4939,105.6882,Open-Meteo-Historical,
2026-04-01 23:00:00,25.6,81,,0.0,0,,8.8,22.0,0,Dong Thap,10.4939,105.6882,Open-Meteo-Historical,
2026-04-02 00:00:00,25.0,85,,0.0,0,,7.2,15.1,0,Dong Thap,10.4939,105.6882,Open-Meteo-Historical,
2026-04-02 01:00:00,24.5,90,,0.0,6,,4.9,12.2,0,Dong Thap,10.4939,105.6882,Open-Meteo-Historical,
2026-04-02 02:00:00,24.1,92,,0.0,13,,4.2,7.9,0,Dong Thap,10.4939,105.6882,Open-Meteo-Historical,
2026-04-02 03:00:00,23.9,95,,0.0,6,,4.4,7.6,0,Dong Thap,10.4939,105.6882,Open-Meteo-Historical,
2026-04-02 04:00:00,23.6,97,,0.0,0,,4.6,7.6,0,Dong Thap,10.4939,105.6882,Open-Meteo-Historical,
2026-04-02 05:00:00,23.5,97,,0.0,4,,4.6,7.2,0,Dong Thap,10.4939,105.6882,Open-Meteo-Historical,
2026-04-02 06:00:00,23.4,97,,0.0,20,,4.3,7.9,1,Dong Thap,10.4939,105.6882,Open-Meteo-Historical,
2026-04-02 07:00:00,25.0,89,,0.0,0,,4.6,12.2,0,Dong Thap,10.4939,105.6882,Open-Meteo-Historical,
2026-04-02 08:00:00,27.2,79,,0.0,6,,8.2,18.7,0,Dong Thap,10.4939,105.6882,Open-Meteo-Historical,
2026-04-02 09:00:00,29.0,63,,0.0,0,,9.3,22.7,0,Dong Thap,10.4939,105.6882,Open-Meteo-Historical,
2026-04-02 10:00:00,30.4,58,,0.0,18,,8.7,23.0,0,Dong Thap,10.4939,105.6882,Open-Meteo-Historical,
2026-04-02 11:00:00,31.5,54,,0.0,9,,8.4,23.0,0,Dong Thap,10.4939,105.6882,Open-Meteo-Historical,
2026-04-02 12:00:00,32.8,49,,0.0,41,,10.8,26.3,1,Dong Thap,10.4939,105.6882,Open-Meteo-Historical,
2026-04-02 13:00:00,32.7,46,,0.0,45,,10.0,26.3,1,Dong Thap,10.4939,105.6882,Open-Meteo-Historical,
2026-04-02 14:00:00,33.2,44,,0.0,70,,10.7,24.8,2,Dong Thap,10.4939,105.6882,Open-Meteo-Historical,
2026-04-02 15:00:00,33.5,42,,0.0,73,,10.2,24.1,2,Dong Thap,10.4939,105.6882,Open-Meteo-Historical,
2026-04-02 16:00:00,33.0,43,,0.0,37,,11.4,23.0,1,Dong Thap,10.4939,105.6882,Open-Meteo-Historical,
2026-04-02 17:00:00,31.8,48,,0.0,5,,13.9,25.6,0,Dong Thap,10.4939,105.6882,Open-Meteo-Historical,
2026-04-02 18:00:00,30.1,54,,0.0,0,,14.8,26.3,0,Dong Thap,10.4939,105.6882,Open-Meteo-Historical,
2026-04-02 19:00:00,29.0,57,,0.0,0,,15.2,25.9,0,Dong Thap,10.4939,105.6882,Open-Meteo-Historical,
2026-04-02 20:00:00,28.1,62,,0.0,0,,15.0,27.0,0,Dong Thap,10.4939,105.6882,Open-Meteo-Historical,
2026-04-02 21:00:00,27.2,69,,0.0,0,,13.3,25.9,0,Dong Thap,10.4939,105.6882,Open-Meteo-Historical,
2026-04-02 22:00:00,26.4,75,,0.0,0,,12.8,23.0,0,Dong Thap,10.4939,105.6882,Open-Meteo-Historical,
2026-04-02 23:00:00,25.8,81,,0.0,0,,11.2,22.3,0,Dong Thap,10.4939,105.6882,Open-Meteo-Historical,
2026-04-03 00:00:00,25.5,84,,0.0,1,,10.8,19.4,0,Dong Thap,10.4939,105.6882,Open-Meteo-Historical,
2026-04-03 01:00:00,25.0,88,,0.0,61,,8.8,18.7,2,Dong Thap,10.4939,105.6882,Open-Meteo-Historical,
2026-04-03 02:00:00,24.6,91,,0.0,100,,5.5,14.8,3,Dong Thap,10.4939,105.6882,Open-Meteo-Historical,
2026-04-03 03:00:00,24.5,91,,0.0,72,,4.6,9.0,2,Dong Thap,10.4939,105.6882,Open-Meteo-Historical,
2026-04-03 04:00:00,24.2,93,,0.0,54,,3.8,7.6,2,Dong Thap,10.4939,105.6882,Open-Meteo-Historical,
2026-04-03 05:00:00,24.0,94,,0.0,38,,4.6,7.2,1,Dong Thap,10.4939,105.6882,Open-Meteo-Historical,
2026-04-03 06:00:00,24.0,94,,0.0,28,,6.7,11.2,1,Dong Thap,10.4939,105.6882,Open-Meteo-Historical,
2026-04-03 07:00:00,25.2,90,,0.0,16,,5.2,15.1,0,Dong Thap,10.4939,105.6882,Open-Meteo-Historical,
2026-04-03 08:00:00,27.4,75,,0.0,30,,11.1,23.4,1,Dong Thap,10.4939,105.6882,Open-Meteo-Historical,
2026-04-03 09:00:00,28.8,66,,0.0,22,,12.0,27.0,1,Dong Thap,10.4939,105.6882,Open-Meteo-Historical,
2026-04-03 10:00:00,30.4,58,,0.0,22,,12.0,28.1,1,Dong Thap,10.4939,105.6882,Open-Meteo-Historical,
2026-04-03 11:00:00,31.5,54,,0.0,10,,11.4,28.1,0,Dong Thap,10.4939,105.6882,Open-Meteo-Historical,
2026-04-03 12:00:00,32.5,50,,0.0,12,,9.5,27.7,0,Dong Thap,10.4939,105.6882,Open-Meteo-Historical,
2026-04-03 13:00:00,32.0,50,,0.0,42,,7.2,25.2,1,Dong Thap,10.4939,105.6882,Open-Meteo-Historical,
2026-04-03 14:00:00,32.7,48,,0.0,23,,5.9,20.2,1,Dong Thap,10.4939,105.6882,Open-Meteo-Historical,
2026-04-03 15:00:00,33.0,46,,0.0,0,,7.0,19.1,0,Dong Thap,10.4939,105.6882,Open-Meteo-Historical,
2026-04-03 16:00:00,32.8,45,,0.0,7,,9.0,20.5,0,Dong Thap,10.4939,105.6882,Open-Meteo-Historical,
2026-04-03 17:00:00,31.9,47,,0.0,62,,10.0,20.5,2,Dong Thap,10.4939,105.6882,Open-Meteo-Historical,
2026-04-03 18:00:00,30.0,54,,0.0,29,,8.3,19.1,1,Dong Thap,10.4939,105.6882,Open-Meteo-Historical,
2026-04-03 19:00:00,29.1,57,,0.0,0,,9.1,15.1,0,Dong Thap,10.4939,105.6882,Open-Meteo-Historical,
2026-04-03 20:00:00,28.1,62,,0.0,0,,12.6,20.5,0,Dong Thap,10.4939,105.6882,Open-Meteo-Historical,
2026-04-03 21:00:00,27.1,68,,0.0,0,,15.8,27.7,0,Dong Thap,10.4939,105.6882,Open-Meteo-Historical,
2026-04-03 22:00:00,26.1,72,,0.0,0,,12.6,27.7,0,Dong Thap,10.4939,105.6882,Open-Meteo-Historical,
2026-04-03 23:00:00,25.4,77,,0.0,65,,10.7,21.6,2,Dong Thap,10.4939,105.6882,Open-Meteo-Historical,
2026-04-04 00:00:00,24.6,82,,0.0,87,,9.4,18.0,3,Dong Thap,10.4939,105.6882,Open-Meteo-Historical,
2026-04-04 01:00:00,24.0,90,,0.0,63,,7.8,15.8,2,Dong Thap,10.4939,105.6882,Open-Meteo-Historical,
2026-04-04 02:00:00,23.5,93,,0.0,20,,6.6,13.0,1,Dong Thap,10.4939,105.6882,Open-Meteo-Historical,
2026-04-04 03:00:00,23.0,96,,0.0,9,,5.2,11.2,0,Dong Thap,10.4939,105.6882,Open-Meteo-Historical,
2026-04-04 04:00:00,22.6,97,,0.0,6,,4.5,8.3,0,Dong Thap,10.4939,105.6882,Open-Meteo-Historical,
2026-04-04 05:00:00,22.2,98,,0.0,98,,3.1,6.5,3,Dong Thap,10.4939,105.6882,Open-Meteo-Historical,
2026-04-04 06:00:00,21.9,99,,0.0,98,,3.1,4.3,3,Dong Thap,10.4939,105.6882,Open-Meteo-Historical,
2026-04-04 07:00:00,24.5,91,,0.0,100,,5.6,12.2,3,Dong Thap,10.4939,105.6882,Open-Meteo-Historical,
2026-04-04 08:00:00,26.8,80,,0.0,100,,4.9,14.8,3,Dong Thap,10.4939,105.6882,Open-Meteo-Historical,
2026-04-04 09:00:00,28.8,67,,0.0,99,,5.0,16.9,3,Dong Thap,10.4939,105.6882,Open-Meteo-Historical,
2026-04-04 10:00:00,30.2,58,,0.0,99,,3.7,16.9,3,Dong Thap,10.4939,105.6882,Open-Meteo-Historical,
2026-04-04 11:00:00,31.5,50,,0.0,99,,3.4,16.6,3,Dong Thap,10.4939,105.6882,Open-Meteo-Historical,
2026-04-04 12:00:00,32.5,47,,0.0,96,,4.3,18.0,3,Dong Thap,10.4939,105.6882,Open-Meteo-Historical,
2026-04-04 13:00:00,32.8,45,,0.0,96,,5.8,19.8,3,Dong Thap,10.4939,105.6882,Open-Meteo-Historical,
2026-04-04 14:00:00,33.2,43,,0.0,92,,8.2,22.3,3,Dong Thap,10.4939,105.6882,Open-Meteo-Historical,
2026-04-04 15:00:00,33.0,41,,0.0,83,,10.8,25.2,3,Dong Thap,10.4939,105.6882,Open-Meteo-Historical,
2026-04-04 16:00:00,32.6,41,,0.0,95,,10.9,25.6,3,Dong Thap,10.4939,105.6882,Open-Meteo-Historical,
2026-04-04 17:00:00,31.5,44,,0.0,96,,9.2,23.8,3,Dong Thap,10.4939,105.6882,Open-Meteo-Historical,
2026-04-04 18:00:00,29.6,57,,0.0,60,,2.1,18.0,2,Dong Thap,10.4939,105.6882,Open-Meteo-Historical,
2026-04-04 19:00:00,29.3,58,,0.0,50,,0.8,4.7,2,Dong Thap,10.4939,105.6882,Open-Meteo-Historical,
2026-04-04 20:00:00,28.6,58,,0.0,3,,1.9,2.9,0,Dong Thap,10.4939,105.6882,Open-Meteo-Historical,
2026-04-04 21:00:00,27.6,61,,0.0,4,,8.4,10.8,0,Dong Thap,10.4939,105.6882,Open-Meteo-Historical,
2026-04-04 22:00:00,26.9,71,,0.0,0,,10.9,19.8,0,Dong Thap,10.4939,105.6882,Open-Meteo-Historical,
2026-04-04 23:00:00,26.2,77,,0.0,22,,9.4,18.7,1,Dong Thap,10.4939,105.6882,Open-Meteo-Historical,
2026-04-05 00:00:00,25.6,82,,0.0,16,,8.6,15.8,0,Dong Thap,10.4939,105.6882,Open-Meteo-Historical,
2026-04-05 01:00:00,25.0,87,,0.0,7,,8.3,15.1,0,Dong Thap,10.4939,105.6882,Open-Meteo-Historical,
2026-04-05 02:00:00,24.6,89,,0.0,2,,7.4,13.7,0,Dong Thap,10.4939,105.6882,Open-Meteo-Historical,
2026-04-05 03:00:00,24.3,92,,0.0,0,,7.8,13.0,0,Dong Thap,10.4939,105.6882,Open-Meteo-Historical,
2026-04-05 04:00:00,24.1,93,,0.0,0,,7.5,13.3,0,Dong Thap,10.4939,105.6882,Open-Meteo-Historical,
2026-04-05 05:00:00,23.8,95,,0.0,0,,5.4,12.6,0,Dong Thap,10.4939,105.6882,Open-Meteo-Historical,
2026-04-05 06:00:00,23.5,96,,0.0,2,,5.2,9.0,0,Dong Thap,10.4939,105.6882,Open-Meteo-Historical,
2026-04-05 07:00:00,25.5,87,,0.0,2,,7.0,13.7,0,Dong Thap,10.4939,105.6882,Open-Meteo-Historical,
2026-04-05 08:00:00,27.9,75,,0.0,0,,8.7,19.8,0,Dong Thap,10.4939,105.6882,Open-Meteo-Historical,
2026-04-05 09:00:00,29.8,67,,0.0,1,,10.0,24.5,0,Dong Thap,10.4939,105.6882,Open-Meteo-Historical,
2026-04-05 10:00:00,31.4,59,,0.0,34,,8.6,24.5,1,Dong Thap,10.4939,105.6882,Open-Meteo-Historical,
2026-04-05 11:00:00,32.7,53,,0.0,38,,7.8,23.0,1,Dong Thap,10.4939,105.6882,Open-Meteo-Historical,
2026-04-05 12:00:00,33.8,49,,0.0,26,,8.8,23.8,1,Dong Thap,10.4939,105.6882,Open-Meteo-Historical,
2026-04-05 13:00:00,34.0,47,,0.0,20,,9.0,25.6,1,Dong Thap,10.4939,105.6882,Open-Meteo-Historical,
2026-04-05 14:00:00,34.3,45,,0.0,5,,9.9,24.8,0,Dong Thap,10.4939,105.6882,Open-Meteo-Historical,
2026-04-05 15:00:00,34.2,45,,0.0,5,,9.9,24.8,0,Dong Thap,10.4939,105.6882,Open-Meteo-Historical,
2026-04-05 16:00:00,33.8,46,,0.0,5,,9.4,24.1,0,Dong Thap,10.4939,105.6882,Open-Meteo-Historical,
2026-04-05 17:00:00,33.3,48,,0.0,6,,7.9,21.2,0,Dong Thap,10.4939,105.6882,Open-Meteo-Historical,
2026-04-05 18:00:00,31.6,57,,0.0,12,,3.8,16.2,0,Dong Thap,10.4939,105.6882,Open-Meteo-Historical,
2026-04-05 19:00:00,31.0,53,,0.0,10,,7.0,7.9,0,Dong Thap,10.4939,105.6882,Open-Meteo-Historical,
2026-04-05 20:00:00,29.8,62,,0.0,29,,11.3,18.7,1,Dong Thap,10.4939,105.6882,Open-Meteo-Historical,
2026-04-05 21:00:00,28.6,69,,0.0,6,,11.2,19.8,0,Dong Thap,10.4939,105.6882,Open-Meteo-Historical,
2026-04-05 22:00:00,27.9,71,,0.0,3,,10.3,19.4,0,Dong Thap,10.4939,105.6882,Open-Meteo-Historical,
2026-04-05 23:00:00,27.0,74,,0.0,0,,10.8,18.7,0,Dong Thap,10.4939,105.6882,Open-Meteo-Historical,
2026-04-06 00:00:00,26.1,81,,0.0,1,,11.1,19.4,0,Dong Thap,10.4939,105.6882,Open-Meteo-Historical,
2026-04-06 01:00:00,25.5,88,,0.0,2,,9.2,19.4,0,Dong Thap,10.4939,105.6882,Open-Meteo-Historical,
2026-04-06 02:00:00,25.3,91,,0.0,0,,8.7,15.8,0,Dong Thap,10.4939,105.6882,Open-Meteo-Historical,
2026-04-06 03:00:00,25.0,93,,0.0,0,,8.1,15.1,0,Dong Thap,10.4939,105.6882,Open-Meteo-Historical,
2026-04-06 04:00:00,24.5,96,,0.0,0,,6.7,13.7,0,Dong Thap,10.4939,105.6882,Open-Meteo-Historical,
2026-04-06 05:00:00,24.1,97,,0.0,0,,6.2,11.5,0,Dong Thap,10.4939,105.6882,Open-Meteo-Historical,
2026-04-06 06:00:00,23.9,97,,0.0,0,,6.2,10.4,0,Dong Thap,10.4939,105.6882,Open-Meteo-Historical,
2026-04-06 07:00:00,25.4,90,,0.0,2,,7.2,14.8,0,Dong Thap,10.4939,105.6882,Open-Meteo-Historical,
2026-04-06 08:00:00,27.7,77,,0.0,20,,12.5,26.3,1,Dong Thap,10.4939,105.6882,Open-Meteo-Historical,
2026-04-06 09:00:00,29.5,67,,0.0,27,,12.5,28.1,1,Dong Thap,10.4939,105.6882,Open-Meteo-Historical,
2026-04-06 10:00:00,31.0,60,,0.0,23,,11.0,28.1,1,Dong Thap,10.4939,105.6882,Open-Meteo-Historical,
2026-04-06 11:00:00,32.2,56,,0.0,23,,9.6,26.6,1,Dong Thap,10.4939,105.6882,Open-Meteo-Historical,
2026-04-06 12:00:00,33.3,52,,0.0,5,,9.0,25.2,0,Dong Thap,10.4939,105.6882,Open-Meteo-Historical,
2026-04-06 13:00:00,33.5,48,,0.0,1,,9.3,24.8,0,Dong Thap,10.4939,105.6882,Open-Meteo-Historical,
2026-04-06 14:00:00,33.9,47,,0.0,1,,9.0,24.8,0,Dong Thap,10.4939,105.6882,Open-Meteo-Historical,
2026-04-06 15:00:00,34.0,48,,0.0,0,,9.1,23.8,0,Dong Thap,10.4939,105.6882,Open-Meteo-Historical,
2026-04-06 16:00:00,33.8,45,,0.0,0,,9.6,23.0,0,Dong Thap,10.4939,105.6882,Open-Meteo-Historical,
2026-04-06 17:00:00,33.3,42,,0.0,1,,9.9,22.3,0,Dong Thap,10.4939,105.6882,Open-Meteo-Historical,
2026-04-06 18:00:00,31.5,49,,0.0,3,,6.0,19.4,0,Dong Thap,10.4939,105.6882,Open-Meteo-Historical,
2026-04-06 19:00:00,30.9,53,,0.0,2,,5.9,10.1,0,Dong Thap,10.4939,105.6882,Open-Meteo-Historical,
2026-04-06 20:00:00,29.7,60,,0.0,2,,9.9,16.6,0,Dong Thap,10.4939,105.6882,Open-Meteo-Historical,
2026-04-06 21:00:00,28.4,63,,0.0,1,,11.7,20.9,0,Dong Thap,10.4939,105.6882,Open-Meteo-Historical,
2026-04-06 22:00:00,27.5,70,,0.0,0,,11.2,20.5,0,Dong Thap,10.4939,105.6882,Open-Meteo-Historical,
2026-04-06 23:00:00,27.0,77,,0.0,5,,10.8,19.8,0,Dong Thap,10.4939,105.6882,Open-Meteo-Historical,
2026-04-07 00:00:00,26.5,79,,0.0,14,,10.6,18.7,0,Dong Thap,10.4939,105.6882,Open-Meteo-Historical,
2026-04-07 01:00:00,26.1,84,,0.0,0,,9.6,18.4,0,Dong Thap,10.4939,105.6882,Open-Meteo-Historical,
2026-04-07 02:00:00,25.7,87,,0.0,0,,10.6,17.6,0,Dong Thap,10.4939,105.6882,Open-Meteo-Historical,
2026-04-07 03:00:00,25.4,90,,0.0,0,,11.6,19.8,0,Dong Thap,10.4939,105.6882,Open-Meteo-Historical,
2026-04-07 04:00:00,25.0,91,,0.0,0,,10.7,19.8,0,Dong Thap,10.4939,105.6882,Open-Meteo-Historical,
2026-04-07 05:00:00,24.6,94,,0.0,0,,9.5,18.4,0,Dong Thap,10.4939,105.6882,Open-Meteo-Historical,
2026-04-07 06:00:00,24.2,96,,0.0,0,,8.2,16.2,0,Dong Thap,10.4939,105.6882,Open-Meteo-Historical,
2026-04-07 07:00:00,25.9,88,,0.0,0,,7.9,16.2,0,Dong Thap,10.4939,105.6882,Open-Meteo-Historical,
2026-04-07 08:00:00,28.1,77,,0.0,0,,8.3,19.8,0,Dong Thap,10.4939,105.6882,Open-Meteo-Historical,
2026-04-07 09:00:00,30.1,64,,0.0,0,,8.7,22.3,0,Dong Thap,10.4939,105.6882,Open-Meteo-Historical,
2026-04-07 10:00:00,31.5,58,,0.0,6,,9.2,24.5,0,Dong Thap,10.4939,105.6882,Open-Meteo-Historical,
2026-04-07 11:00:00,32.7,53,,0.0,59,,9.1,24.8,2,Dong Thap,10.4939,105.6882,Open-Meteo-Historical,
2026-04-07 12:00:00,33.8,48,,0.0,86,,8.8,24.8,3,Dong Thap,10.4939,105.6882,Open-Meteo-Historical,
2026-04-07 13:00:00,33.9,46,,0.0,86,,8.9,24.5,3,Dong Thap,10.4939,105.6882,Open-Meteo-Historical,
2026-04-07 14:00:00,34.9,41,,0.0,97,,7.7,23.8,3,Dong Thap,10.4939,105.6882,Open-Meteo-Historical,
2026-04-07 15:00:00,35.2,38,,0.0,23,,8.5,22.0,1,Dong Thap,10.4939,105.6882,Open-Meteo-Historical,
2026-04-07 16:00:00,34.7,39,,0.0,77,,9.5,21.6,2,Dong Thap,10.4939,105.6882,Open-Meteo-Historical,
2026-04-07 17:00:00,33.8,41,,0.0,98,,10.0,21.6,3,Dong Thap,10.4939,105.6882,Open-Meteo-Historical,
2026-04-07 18:00:00,31.6,50,,0.0,2,,9.5,19.8,0,Dong Thap,10.4939,105.6882,Open-Meteo-Historical,
2026-04-07 19:00:00,30.5,46,,0.0,65,,10.5,18.4,2,Dong Thap,10.4939,105.6882,Open-Meteo-Historical,
2026-04-07 20:00:00,29.3,56,,0.0,1,,10.3,18.4,0,Dong Thap,10.4939,105.6882,Open-Meteo-Historical,
2026-04-07 21:00:00,27.6,72,,0.0,55,,9.8,17.6,2,Dong Thap,10.4939,105.6882,Open-Meteo-Historical,
2026-04-07 22:00:00,26.6,83,,0.0,100,,10.6,18.4,3,Dong Thap,10.4939,105.6882,Open-Meteo-Historical,
2026-04-07 23:00:00,25.9,89,,0.0,98,,10.9,19.1,3,Dong Thap,10.4939,105.6882,Open-Meteo-Historical,
2026-04-08 00:00:00,25.6,93,,0.0,94,,10.7,18.7,3,Dong Thap,10.4939,105.6882,Open-Meteo-Historical,
2026-04-08 01:00:00,25.4,96,,0.0,31,,10.0,18.4,1,Dong Thap,10.4939,105.6882,Open-Meteo-Historical,
2026-04-08 02:00:00,25.4,97,,0.0,21,,9.1,16.9,1,Dong Thap,10.4939,105.6882,Open-Meteo-Historical,
2026-04-08 03:00:00,25.2,98,,0.0,4,,9.1,15.8,0,Dong Thap,10.4939,105.6882,Open-Meteo-Historical,
2026-04-08 04:00:00,25.1,98,,0.0,2,,8.4,15.5,0,Dong Thap,10.4939,105.6882,Open-Meteo-Historical,
2026-04-08 05:00:00,25.0,98,,0.0,7,,8.3,14.4,0,Dong Thap,10.4939,105.6882,Open-Meteo-Historical,
2026-04-08 06:00:00,24.8,98,,0.0,12,,6.5,14.0,0,Dong Thap,10.4939,105.6882,Open-Meteo-Historical,
2026-04-08 07:00:00,26.2,92,,0.0,35,,9.1,17.3,1,Dong Thap,10.4939,105.6882,Open-Meteo-Historical,
2026-04-08 08:00:00,28.5,80,,0.0,45,,10.7,23.4,1,Dong Thap,10.4939,105.6882,Open-Meteo-Historical,
2026-04-08 09:00:00,30.1,69,,0.0,41,,8.3,23.8,1,Dong Thap,10.4939,105.6882,Open-Meteo-Historical,
2026-04-08 10:00:00,31.9,60,,0.0,83,,7.4,21.6,3,Dong Thap,10.4939,105.6882,Open-Meteo-Historical,
2026-04-08 11:00:00,33.3,52,,0.0,76,,7.2,22.3,2,Dong Thap,10.4939,105.6882,Open-Meteo-Historical,
2026-04-08 12:00:00,34.4,46,,0.0,55,,6.7,22.0,2,Dong Thap,10.4939,105.6882,Open-Meteo-Historical,
2026-04-08 13:00:00,33.9,47,,0.0,43,,3.4,21.2,1,Dong Thap,10.4939,105.6882,Open-Meteo-Historical,
2026-04-08 14:00:00,34.7,44,,0.0,19,,2.4,15.8,0,Dong Thap,10.4939,105.6882,Open-Meteo-Historical,
2026-04-08 15:00:00,34.8,44,,0.0,17,,3.5,14.8,0,Dong Thap,10.4939,105.6882,Open-Meteo-Historical,
2026-04-08 16:00:00,34.5,43,,0.0,28,,5.5,15.5,1,Dong Thap,10.4939,105.6882,Open-Meteo-Historical,
2026-04-08 17:00:00,34.0,45,,0.0,16,,7.0,15.8,0,Dong Thap,10.4939,105.6882,Open-Meteo-Historical,
2026-04-08 18:00:00,32.3,51,,0.0,4,,8.7,15.5,0,Dong Thap,10.4939,105.6882,Open-Meteo-Historical,
2026-04-08 19:00:00,31.4,54,,0.0,29,,11.1,18.0,1,Dong Thap,10.4939,105.6882,Open-Meteo-Historical,
2026-04-08 20:00:00,30.6,56,,0.0,2,,11.4,19.1,0,Dong Thap,10.4939,105.6882,Open-Meteo-Historical,
2026-04-08 21:00:00,29.6,64,,0.0,0,,13.7,23.0,0,Dong Thap,10.4939,105.6882,Open-Meteo-Historical,
2026-04-08 22:00:00,28.9,69,,0.0,0,,15.0,26.6,0,Dong Thap,10.4939,105.6882,Open-Meteo-Historical,
2026-04-08 23:00:00,27.8,76,,0.0,0,,13.5,26.3,0,Dong Thap,10.4939,105.6882,Open-Meteo-Historical,
2026-04-09 00:00:00,26.9,84,,0.0,0,,12.1,23.4,0,Dong Thap,10.4939,105.6882,Open-Meteo-Historical,
2026-04-09 01:00:00,26.0,91,,0.0,5,,9.9,20.9,0,Dong Thap,10.4939,105.6882,Open-Meteo-Historical,
2026-04-09 02:00:00,25.5,94,,0.0,20,,8.9,16.9,1,Dong Thap,10.4939,105.6882,Open-Meteo-Historical,
2026-04-09 03:00:00,25.5,95,,0.0,77,,7.9,15.5,2,Dong Thap,10.4939,105.6882,Open-Meteo-Historical,
2026-04-09 04:00:00,25.6,94,,0.0,41,,9.3,16.6,1,Dong Thap,10.4939,105.6882,Open-Meteo-Historical,
2026-04-09 05:00:00,25.5,94,,0.0,56,,8.7,16.6,2,Dong Thap,10.4939,105.6882,Open-Meteo-Historical,
2026-04-09 06:00:00,25.5,94,,0.0,100,,7.6,15.1,3,Dong Thap,10.4939,105.6882,Open-Meteo-Historical,
2026-04-09 07:00:00,26.8,87,,0.0,37,,10.1,20.2,1,Dong Thap,10.4939,105.6882,Open-Meteo-Historical,
2026-04-09 08:00:00,28.5,77,,0.0,16,,10.0,22.7,0,Dong Thap,10.4939,105.6882,Open-Meteo-Historical,
2026-04-09 09:00:00,30.2,65,,0.0,20,,10.2,24.5,1,Dong Thap,10.4939,105.6882,Open-Meteo-Historical,
2026-04-09 10:00:00,31.8,58,,0.0,16,,9.7,25.2,0,Dong Thap,10.4939,105.6882,Open-Meteo-Historical,
2026-04-09 11:00:00,32.8,52,,0.0,9,,9.8,25.6,0,Dong Thap,10.4939,105.6882,Open-Meteo-Historical,
2026-04-09 12:00:00,33.8,48,,0.0,9,,9.9,25.9,0,Dong Thap,10.4939,105.6882,Open-Meteo-Historical,
2026-04-09 13:00:00,33.8,47,,0.0,22,,8.8,26.6,1,Dong Thap,10.4939,105.6882,Open-Meteo-Historical,
2026-04-09 14:00:00,34.3,44,,0.0,24,,9.0,24.1,1,Dong Thap,10.4939,105.6882,Open-Meteo-Historical,
2026-04-09 15:00:00,34.5,43,,0.0,37,,10.3,24.8,1,Dong Thap,10.4939,105.6882,Open-Meteo-Historical,
2026-04-09 16:00:00,34.1,44,,0.0,59,,10.2,24.8,2,Dong Thap,10.4939,105.6882,Open-Meteo-Historical,
2026-04-09 17:00:00,33.2,45,,0.0,10,,11.2,23.0,0,Dong Thap,10.4939,105.6882,Open-Meteo-Historical,
2026-04-09 18:00:00,31.8,50,,0.0,5,,10.5,22.7,0,Dong Thap,10.4939,105.6882,Open-Meteo-Historical,
2026-04-09 19:00:00,30.6,56,,0.0,5,,6.5,18.4,0,Dong Thap,10.4939,105.6882,Open-Meteo-Historical,
2026-04-09 20:00:00,30.0,58,,0.0,3,,8.3,13.7,0,Dong Thap,10.4939,105.6882,Open-Meteo-Historical,
2026-04-09 21:00:00,29.1,62,,0.0,0,,11.8,19.8,0,Dong Thap,10.4939,105.6882,Open-Meteo-Historical,
2026-04-09 22:00:00,28.4,66,,0.0,0,,11.8,21.6,0,Dong Thap,10.4939,105.6882,Open-Meteo-Historical,
2026-04-09 23:00:00,27.5,71,,0.0,0,,10.1,20.5,0,Dong Thap,10.4939,105.6882,Open-Meteo-Historical,
2026-04-10 00:00:00,26.6,77,,0.0,0,,10.5,18.4,0,Dong Thap,10.4939,105.6882,Open-Meteo-Historical,
2026-04-10 01:00:00,25.8,83,,0.0,0,,8.6,18.0,0,Dong Thap,10.4939,105.6882,Open-Meteo-Historical,
2026-04-10 02:00:00,25.4,86,,0.0,0,,7.1,14.4,0,Dong Thap,10.4939,105.6882,Open-Meteo-Historical,
2026-04-10 03:00:00,25.0,89,,0.0,34,,6.2,11.9,1,Dong Thap,10.4939,105.6882,Open-Meteo-Historical,
2026-04-10 04:00:00,24.6,92,,0.0,65,,7.6,12.6,2,Dong Thap,10.4939,105.6882,Open-Meteo-Historical,
2026-04-10 05:00:00,24.4,94,,0.0,0,,8.2,14.0,0,Dong Thap,10.4939,105.6882,Open-Meteo-Historical,
2026-04-10 06:00:00,24.1,95,,0.0,0,,7.4,14.0,0,Dong Thap,10.4939,105.6882,Open-Meteo-Historical,
2026-04-10 07:00:00,25.9,86,,0.0,0,,6.7,15.1,0,Dong Thap,10.4939,105.6882,Open-Meteo-Historical,
2026-04-10 08:00:00,28.4,73,,0.0,0,,10.1,22.3,0,Dong Thap,10.4939,105.6882,Open-Meteo-Historical,
2026-04-10 09:00:00,30.4,63,,0.0,37,,10.4,25.9,1,Dong Thap,10.4939,105.6882,Open-Meteo-Historical,
2026-04-10 10:00:00,31.9,56,,0.0,39,,8.1,25.2,1,Dong Thap,10.4939,105.6882,Open-Meteo-Historical,
2026-04-10 11:00:00,33.2,50,,0.0,96,,6.0,22.3,3,Dong Thap,10.4939,105.6882,Open-Meteo-Historical,
2026-04-10 12:00:00,34.0,47,,0.0,54,,6.3,20.5,2,Dong Thap,10.4939,105.6882,Open-Meteo-Historical,
2026-04-10 13:00:00,33.8,46,,0.0,95,,3.1,20.2,3,Dong Thap,10.4939,105.6882,Open-Meteo-Historical,
2026-04-10 14:00:00,34.5,45,,0.0,71,,3.3,15.8,2,Dong Thap,10.4939,105.6882,Open-Meteo-Historical,
2026-04-10 15:00:00,34.5,45,,0.0,48,,3.1,15.8,1,Dong Thap,10.4939,105.6882,Open-Meteo-Historical,
2026-04-10 16:00:00,34.3,45,,0.0,23,,3.5,14.4,1,Dong Thap,10.4939,105.6882,Open-Meteo-Historical,
2026-04-10 17:00:00,33.9,46,,0.0,8,,3.9,13.3,0,Dong Thap,10.4939,105.6882,Open-Meteo-Historical,
2026-04-10 18:00:00,32.5,51,,0.0,2,,6.7,10.8,0,Dong Thap,10.4939,105.6882,Open-Meteo-Historical,
2026-04-10 19:00:00,31.8,52,,0.0,14,,7.3,15.1,0,Dong Thap,10.4939,105.6882,Open-Meteo-Historical,
2026-04-10 20:00:00,30.7,56,,0.0,19,,8.9,15.8,0,Dong Thap,10.4939,105.6882,Open-Meteo-Historical,
2026-04-10 21:00:00,29.6,61,,0.0,16,,11.6,18.4,0,Dong Thap,10.4939,105.6882,Open-Meteo-Historical,
2026-04-10 22:00:00,28.6,67,,0.0,0,,14.1,25.6,0,Dong Thap,10.4939,105.6882,Open-Meteo-Historical,
2026-04-10 23:00:00,27.8,71,,0.0,15,,10.5,24.5,0,Dong Thap,10.4939,105.6882,Open-Meteo-Historical,
2026-04-11 00:00:00,27.0,75,,0.0,20,,11.2,19.4,1,Dong Thap,10.4939,105.6882,Open-Meteo-Historical,
2026-04-11 01:00:00,26.4,80,,0.0,0,,9.1,19.4,0,Dong Thap,10.4939,105.6882,Open-Meteo-Historical,
2026-04-11 02:00:00,26.1,81,,0.0,16,,9.8,16.6,0,Dong Thap,10.4939,105.6882,Open-Meteo-Historical,
2026-04-11 03:00:00,25.9,83,,0.0,5,,9.7,17.3,0,Dong Thap,10.4939,105.6882,Open-Meteo-Historical,
2026-04-11 04:00:00,25.6,87,,0.0,1,,9.1,16.9,0,Dong Thap,10.4939,105.6882,Open-Meteo-Historical,
2026-04-11 05:00:00,25.3,90,,0.0,2,,7.2,15.5,0,Dong Thap,10.4939,105.6882,Open-Meteo-Historical,
2026-04-11 06:00:00,25.1,92,,0.0,9,,6.9,12.2,0,Dong Thap,10.4939,105.6882,Open-Meteo-Historical,
2026-04-11 07:00:00,26.5,85,,0.0,53,,7.9,16.9,2,Dong Thap,10.4939,105.6882,Open-Meteo-Historical,
2026-04-11 08:00:00,28.8,74,,0.0,27,,12.5,25.6,1,Dong Thap,10.4939,105.6882,Open-Meteo-Historical,
2026-04-11 09:00:00,30.5,65,,0.0,51,,11.6,27.4,2,Dong Thap,10.4939,105.6882,Open-Meteo-Historical,
2026-04-11 10:00:00,31.8,60,,0.1,40,,9.9,27.0,51,Dong Thap,10.4939,105.6882,Open-Meteo-Historical,
2026-04-11 11:00:00,33.0,54,,0.0,13,,9.6,25.6,0,Dong Thap,10.4939,105.6882,Open-Meteo-Historical,
2026-04-11 12:00:00,34.2,49,,0.0,13,,9.5,25.6,0,Dong Thap,10.4939,105.6882,Open-Meteo-Historical,
2026-04-11 13:00:00,34.8,44,,0.0,9,,8.4,25.6,0,Dong Thap,10.4939,105.6882,Open-Meteo-Historical,
2026-04-11 14:00:00,35.4,40,,0.0,16,,7.7,23.0,0,Dong Thap,10.4939,105.6882,Open-Meteo-Historical,
2026-04-11 15:00:00,35.2,40,,0.0,11,,8.0,22.0,0,Dong Thap,10.4939,105.6882,Open-Meteo-Historical,
2026-04-11 16:00:00,35.2,39,,0.0,6,,8.4,20.9,0,Dong Thap,10.4939,105.6882,Open-Meteo-Historical,
2026-04-11 17:00:00,34.3,43,,0.0,8,,11.2,22.3,0,Dong Thap,10.4939,105.6882,Open-Meteo-Historical,
2026-04-11 18:00:00,32.3,53,,0.0,14,,13.9,24.1,0,Dong Thap,10.4939,105.6882,Open-Meteo-Historical,
2026-04-11 19:00:00,31.0,59,,0.0,1,,14.2,27.0,0,Dong Thap,10.4939,105.6882,Open-Meteo-Historical,
2026-04-11 20:00:00,30.1,64,,0.0,2,,12.8,24.8,0,Dong Thap,10.4939,105.6882,Open-Meteo-Historical,
2026-04-11 21:00:00,29.2,68,,0.0,0,,13.6,24.1,0,Dong Thap,10.4939,105.6882,Open-Meteo-Historical,
2026-04-11 22:00:00,28.6,73,,0.0,0,,12.6,24.1,0,Dong Thap,10.4939,105.6882,Open-Meteo-Historical,
2026-04-11 23:00:00,28.0,77,,0.0,0,,11.7,22.0,0,Dong Thap,10.4939,105.6882,Open-Meteo-Historical,
2026-04-12 00:00:00,27.5,79,,0.0,0,,9.7,20.5,0,Dong Thap,10.4939,105.6882,Open-Meteo-Historical,
2026-04-12 01:00:00,26.8,84,,0.0,0,,8.4,16.6,0,Dong Thap,10.4939,105.6882,Open-Meteo-Historical,
2026-04-12 02:00:00,26.5,85,,0.0,0,,7.7,14.4,0,Dong Thap,10.4939,105.6882,Open-Meteo-Historical,
2026-04-12 03:00:00,26.0,88,,0.0,0,,6.5,13.0,0,Dong Thap,10.4939,105.6882,Open-Meteo-Historical,
2026-04-12 04:00:00,25.5,91,,0.0,0,,4.9,10.8,0,Dong Thap,10.4939,105.6882,Open-Meteo-Historical,
2026-04-12 05:00:00,25.0,95,,0.0,0,,4.3,7.9,0,Dong Thap,10.4939,105.6882,Open-Meteo-Historical,
2026-04-12 06:00:00,24.8,96,,0.0,0,,5.2,8.3,0,Dong Thap,10.4939,105.6882,Open-Meteo-Historical,
2026-04-12 07:00:00,26.8,87,,0.0,0,,7.1,15.5,0,Dong Thap,10.4939,105.6882,Open-Meteo-Historical,
2026-04-12 08:00:00,29.0,77,,0.0,0,,8.6,20.5,0,Dong Thap,10.4939,105.6882,Open-Meteo-Historical,
2026-04-12 09:00:00,31.0,65,,0.0,0,,9.2,23.0,0,Dong Thap,10.4939,105.6882,Open-Meteo-Historical,
2026-04-12 10:00:00,32.7,56,,0.0,0,,9.7,24.8,0,Dong Thap,10.4939,105.6882,Open-Meteo-Historical,
2026-04-12 11:00:00,34.2,48,,0.0,5,,10.9,27.0,0,Dong Thap,10.4939,105.6882,Open-Meteo-Historical,
2026-04-12 12:00:00,35.2,42,,0.0,13,,11.4,28.1,0,Dong Thap,10.4939,105.6882,Open-Meteo-Historical,
2026-04-12 13:00:00,34.8,42,,0.0,11,,10.8,28.1,0,Dong Thap,10.4939,105.6882,Open-Meteo-Historical,
2026-04-12 14:00:00,35.2,40,,0.0,13,,10.0,26.6,0,Dong Thap,10.4939,105.6882,Open-Meteo-Historical,
2026-04-12 15:00:00,35.2,39,,0.0,4,,9.8,25.2,0,Dong Thap,10.4939,105.6882,Open-Meteo-Historical,
2026-04-12 16:00:00,34.9,40,,0.0,7,,9.3,23.8,0,Dong Thap,10.4939,105.6882,Open-Meteo-Historical,
2026-04-12 17:00:00,34.3,41,,0.0,11,,7.8,21.2,0,Dong Thap,10.4939,105.6882,Open-Meteo-Historical,
2026-04-12 18:00:00,32.6,49,,0.0,27,,5.0,15.8,1,Dong Thap,10.4939,105.6882,Open-Meteo-Historical,
2026-04-12 19:00:00,31.5,52,,0.0,24,,13.2,13.3,1,Dong Thap,10.4939,105.6882,Open-Meteo-Historical,
2026-04-12 20:00:00,30.3,59,,0.0,23,,13.1,24.5,1,Dong Thap,10.4939,105.6882,Open-Meteo-Historical,
2026-04-12 21:00:00,29.3,63,,0.0,1,,9.7,22.7,0,Dong Thap,10.4939,105.6882,Open-Meteo-Historical,
2026-04-12 22:00:00,28.5,66,,0.0,0,,9.2,16.6,0,Dong Thap,10.4939,105.6882,Open-Meteo-Historical,
2026-04-12 23:00:00,27.8,71,,0.0,0,,10.5,17.6,0,Dong Thap,10.4939,105.6882,Open-Meteo-Historical,
2026-04-13 00:00:00,27.1,74,,0.0,0,,10.3,18.7,0,Dong Thap,10.4939,105.6882,Open-Meteo-Historical,
2026-04-13 01:00:00,26.5,79,,0.0,0,,8.1,17.6,0,Dong Thap,10.4939,105.6882,Open-Meteo-Historical,
2026-04-13 02:00:00,26.0,82,,0.0,17,,7.4,13.7,0,Dong Thap,10.4939,105.6882,Open-Meteo-Historical,
2026-04-13 03:00:00,25.6,85,,0.0,2,,7.7,13.0,0,Dong Thap,10.4939,105.6882,Open-Meteo-Historical,
2026-04-13 04:00:00,25.4,87,,0.0,1,,8.4,14.0,0,Dong Thap,10.4939,105.6882,Open-Meteo-Historical,
2026-04-13 05:00:00,25.1,89,,0.0,2,,8.3,14.4,0,Dong Thap,10.4939,105.6882,Open-Meteo-Historical,
2026-04-13 06:00:00,25.0,91,,0.0,13,,6.8,14.0,0,Dong Thap,10.4939,105.6882,Open-Meteo-Historical,
2026-04-13 07:00:00,26.8,85,,0.0,0,,6.2,14.4,0,Dong Thap,10.4939,105.6882,Open-Meteo-Historical,
2026-04-13 08:00:00,29.0,74,,0.0,9,,10.1,22.0,0,Dong Thap,10.4939,105.6882,Open-Meteo-Historical,
2026-04-13 09:00:00,30.9,64,,0.0,5,,10.5,25.6,0,Dong Thap,10.4939,105.6882,Open-Meteo-Historical,
2026-04-13 10:00:00,32.4,55,,0.0,7,,10.4,26.3,0,Dong Thap,10.4939,105.6882,Open-Meteo-Historical,
2026-04-13 11:00:00,33.8,49,,0.0,9,,10.3,27.0,0,Dong Thap,10.4939,105.6882,Open-Meteo-Historical,
2026-04-13 12:00:00,34.8,43,,0.0,4,,10.2,27.0,0,Dong Thap,10.4939,105.6882,Open-Meteo-Historical,
2026-04-13 13:00:00,34.5,46,,0.0,14,,9.4,26.6,0,Dong Thap,10.4939,105.6882,Open-Meteo-Historical,
2026-04-13 14:00:00,34.8,43,,0.0,13,,8.6,24.8,0,Dong Thap,10.4939,105.6882,Open-Meteo-Historical,
2026-04-13 15:00:00,35.0,41,,0.0,15,,7.4,23.4,0,Dong Thap,10.4939,105.6882,Open-Meteo-Historical,
2026-04-13 16:00:00,34.8,42,,0.0,23,,8.7,20.9,1,Dong Thap,10.4939,105.6882,Open-Meteo-Historical,
2026-04-13 17:00:00,33.8,44,,0.0,15,,9.7,20.9,0,Dong Thap,10.4939,105.6882,Open-Meteo-Historical,
2026-04-13 18:00:00,32.6,48,,0.0,12,,8.2,20.2,0,Dong Thap,10.4939,105.6882,Open-Meteo-Historical,
2026-04-13 19:00:00,31.0,53,,0.0,3,,4.5,16.6,0,Dong Thap,10.4939,105.6882,Open-Meteo-Historical,
2026-04-13 20:00:00,30.3,56,,0.0,5,,6.7,10.8,0,Dong Thap,10.4939,105.6882,Open-Meteo-Historical,
2026-04-13 21:00:00,29.6,63,,0.0,2,,8.0,13.3,0,Dong Thap,10.4939,105.6882,Open-Meteo-Historical,
2026-04-13 22:00:00,29.0,68,,0.0,1,,8.7,15.1,0,Dong Thap,10.4939,105.6882,Open-Meteo-Historical,
2026-04-13 23:00:00,28.3,72,,0.0,0,,8.5,15.1,0,Dong Thap,10.4939,105.6882,Open-Meteo-Historical,
2026-04-14 00:00:00,27.6,75,,0.0,0,,8.3,14.4,0,Dong Thap,10.4939,105.6882,Open-Meteo-Historical,
2026-04-14 01:00:00,27.0,81,,0.0,0,,8.2,14.4,0,Dong Thap,10.4939,105.6882,Open-Meteo-Historical,
2026-04-14 02:00:00,26.6,84,,0.0,0,,6.6,14.0,0,Dong Thap,10.4939,105.6882,Open-Meteo-Historical,
2026-04-14 03:00:00,26.1,87,,0.0,0,,6.3,11.2,0,Dong Thap,10.4939,105.6882,Open-Meteo-Historical,
2026-04-14 04:00:00,25.8,90,,0.0,91,,6.9,11.9,3,Dong Thap,10.4939,105.6882,Open-Meteo-Historical,
2026-04-14 05:00:00,25.5,92,,0.0,25,,5.5,11.9,1,Dong Thap,10.4939,105.6882,Open-Meteo-Historical,
2026-04-14 06:00:00,25.2,94,,0.0,0,,4.8,9.4,0,Dong Thap,10.4939,105.6882,Open-Meteo-Historical,
2026-04-14 07:00:00,27.0,85,,0.0,1,,5.0,13.0,0,Dong Thap,10.4939,105.6882,Open-Meteo-Historical,
2026-04-14 08:00:00,29.2,73,,0.0,11,,7.5,19.1,0,Dong Thap,10.4939,105.6882,Open-Meteo-Historical,
2026-04-14 09:00:00,30.9,63,,0.0,14,,5.9,19.4,0,Dong Thap,10.4939,105.6882,Open-Meteo-Historical,
2026-04-14 10:00:00,32.3,57,,0.0,13,,6.3,22.0,0,Dong Thap,10.4939,105.6882,Open-Meteo-Historical,
2026-04-14 11:00:00,33.5,52,,0.0,17,,6.4,20.9,0,Dong Thap,10.4939,105.6882,Open-Meteo-Historical,
2026-04-14 12:00:00,34.4,48,,0.0,26,,6.9,21.6,1,Dong Thap,10.4939,105.6882,Open-Meteo-Historical,
2026-04-14 13:00:00,33.9,51,,0.0,42,,6.4,21.6,1,Dong Thap,10.4939,105.6882,Open-Meteo-Historical,
2026-04-14 14:00:00,34.8,49,,0.0,100,,5.7,20.2,3,Dong Thap,10.4939,105.6882,Open-Meteo-Historical,
2026-04-14 15:00:00,34.2,49,,0.0,100,,7.1,19.1,3,Dong Thap,10.4939,105.6882,Open-Meteo-Historical,
2026-04-14 16:00:00,32.0,56,,0.1,30,,10.0,24.1,51,Dong Thap,10.4939,105.6882,Open-Meteo-Historical,
2026-04-14 17:00:00,32.5,55,,0.0,26,,6.6,21.2,1,Dong Thap,10.4939,105.6882,Open-Meteo-Historical,
2026-04-14 18:00:00,31.8,58,,0.0,16,,3.3,14.8,0,Dong Thap,10.4939,105.6882,Open-Meteo-Historical,
2026-04-14 19:00:00,31.2,60,,0.0,6,,7.0,8.6,0,Dong Thap,10.4939,105.6882,Open-Meteo-Historical,
2026-04-14 20:00:00,30.6,63,,0.0,17,,8.6,13.7,0,Dong Thap,10.4939,105.6882,Open-Meteo-Historical,
2026-04-14 21:00:00,29.7,68,,0.0,18,,10.0,18.7,0,Dong Thap,10.4939,105.6882,Open-Meteo-Historical,
2026-04-14 22:00:00,29.0,70,,0.0,16,,8.5,17.3,0,Dong Thap,10.4939,105.6882,Open-Meteo-Historical,
2026-04-14 23:00:00,28.5,72,,0.0,5,,9.3,15.8,0,Dong Thap,10.4939,105.6882,Open-Meteo-Historical,
2026-04-15 00:00:00,28.0,75,,0.0,0,,9.7,16.9,0,Dong Thap,10.4939,105.6882,Open-Meteo-Historical,
2026-04-15 01:00:00,27.0,82,,0.0,3,,7.9,16.9,0,Dong Thap,10.4939,105.6882,Open-Meteo-Historical,
2026-04-15 02:00:00,26.7,84,,0.0,13,,7.0,13.7,0,Dong Thap,10.4939,105.6882,Open-Meteo-Historical,
2026-04-15 03:00:00,26.2,86,,0.0,96,,6.9,12.2,3,Dong Thap,10.4939,105.6882,Open-Meteo-Historical,
2026-04-15 04:00:00,25.9,88,,0.0,95,,6.5,11.9,3,Dong Thap,10.4939,105.6882,Open-Meteo-Historical,
2026-04-15 05:00:00,25.6,90,,0.0,69,,5.4,11.2,2,Dong Thap,10.4939,105.6882,Open-Meteo-Historical,
2026-04-15 06:00:00,25.5,90,,0.0,8,,4.3,9.0,0,Dong Thap,10.4939,105.6882,Open-Meteo-Historical,
2026-04-15 07:00:00,27.1,81,,0.0,23,,6.5,14.0,1,Dong Thap,10.4939,105.6882,Open-Meteo-Historical,
2026-04-15 08:00:00,29.0,72,,0.0,30,,9.9,22.0,1,Dong Thap,10.4939,105.6882,Open-Meteo-Historical,
2026-04-15 09:00:00,30.7,63,,0.0,38,,9.6,24.1,1,Dong Thap,10.4939,105.6882,Open-Meteo-Historical,
2026-04-15 10:00:00,32.0,58,,0.0,19,,9.2,23.8,0,Dong Thap,10.4939,105.6882,Open-Meteo-Historical,
2026-04-15 11:00:00,33.0,52,,0.0,32,,9.9,25.6,1,Dong Thap,10.4939,105.6882,Open-Meteo-Historical,
2026-04-15 12:00:00,34.0,48,,0.0,95,,10.2,25.9,3,Dong Thap,10.4939,105.6882,Open-Meteo-Historical,
2026-04-15 13:00:00,33.7,48,,0.0,95,,11.1,27.4,3,Dong Thap,10.4939,105.6882,Open-Meteo-Historical,
2026-04-15 14:00:00,33.4,48,,0.0,96,,11.7,27.0,3,Dong Thap,10.4939,105.6882,Open-Meteo-Historical,
2026-04-15 15:00:00,31.6,52,,0.0,97,,19.1,38.2,3,Dong Thap,10.4939,105.6882,Open-Meteo-Historical,
2026-04-15 16:00:00,31.1,51,,0.0,97,,7.7,39.2,3,Dong Thap,10.4939,105.6882,Open-Meteo-Historical,
2026-04-15 17:00:00,30.8,53,,0.0,82,,7.1,18.4,3,Dong Thap,10.4939,105.6882,Open-Meteo-Historical,
2026-04-15 18:00:00,29.9,58,,0.0,25,,4.7,15.8,1,Dong Thap,10.4939,105.6882,Open-Meteo-Historical,
2026-04-15 19:00:00,29.5,65,,0.0,7,,4.0,10.4,0,Dong Thap,10.4939,105.6882,Open-Meteo-Historical,
2026-04-15 20:00:00,29.0,68,,0.0,4,,5.6,8.3,0,Dong Thap,10.4939,105.6882,Open-Meteo-Historical,
2026-04-15 21:00:00,28.5,70,,0.0,9,,8.2,14.4,0,Dong Thap,10.4939,105.6882,Open-Meteo-Historical,
2026-04-15 22:00:00,28.0,72,,0.0,9,,8.0,14.0,0,Dong Thap,10.4939,105.6882,Open-Meteo-Historical,
2026-04-15 23:00:00,27.5,76,,0.0,0,,8.4,14.0,0,Dong Thap,10.4939,105.6882,Open-Meteo-Historical,
2026-04-16 00:00:00,27.0,76,,0.0,0,,8.9,15.1,0,Dong Thap,10.4939,105.6882,Open-Meteo-Historical,
2026-04-16 01:00:00,26.5,80,,0.0,29,,8.1,15.1,1,Dong Thap,10.4939,105.6882,Open-Meteo-Historical,
2026-04-16 02:00:00,26.1,81,,0.0,27,,8.8,15.1,1,Dong Thap,10.4939,105.6882,Open-Meteo-Historical,
2026-04-16 03:00:00,25.8,82,,0.0,70,,7.1,15.1,2,Dong Thap,10.4939,105.6882,Open-Meteo-Historical,
2026-04-16 04:00:00,25.4,85,,0.0,94,,4.5,11.9,3,Dong Thap,10.4939,105.6882,Open-Meteo-Historical,
2026-04-16 05:00:00,25.0,87,,0.0,22,,4.4,7.6,1,Dong Thap,10.4939,105.6882,Open-Meteo-Historical,
2026-04-16 06:00:00,24.9,88,,0.0,2,,4.0,7.2,0,Dong Thap,10.4939,105.6882,Open-Meteo-Historical,
2026-04-16 07:00:00,26.6,78,,0.0,4,,4.5,11.9,0,Dong Thap,10.4939,105.6882,Open-Meteo-Historical,
2026-04-16 08:00:00,29.0,69,,0.0,0,,7.0,18.0,0,Dong Thap,10.4939,105.6882,Open-Meteo-Historical,
2026-04-16 09:00:00,30.6,61,,0.0,0,,7.2,20.9,0,Dong Thap,10.4939,105.6882,Open-Meteo-Historical,
2026-04-16 10:00:00,32.0,55,,0.0,0,,6.5,20.5,0,Dong Thap,10.4939,105.6882,Open-Meteo-Historical,
2026-04-16 11:00:00,33.4,49,,0.0,0,,7.3,22.3,0,Dong Thap,10.4939,105.6882,Open-Meteo-Historical,
2026-04-16 12:00:00,34.5,45,,0.0,9,,8.0,23.0,0,Dong Thap,10.4939,105.6882,Open-Meteo-Historical,
2026-04-16 13:00:00,35.2,42,,0.0,11,,9.5,26.3,0,Dong Thap,10.4939,105.6882,Open-Meteo-Historical,
2026-04-16 14:00:00,35.7,41,,0.0,7,,8.2,24.5,0,Dong Thap,10.4939,105.6882,Open-Meteo-Historical,
2026-04-16 15:00:00,35.5,41,,0.0,45,,8.5,22.7,1,Dong Thap,10.4939,105.6882,Open-Meteo-Historical,
2026-04-16 16:00:00,35.0,42,,0.0,53,,10.7,23.4,2,Dong Thap,10.4939,105.6882,Open-Meteo-Historical,
2026-04-16 17:00:00,34.3,43,,0.0,5,,9.7,23.0,0,Dong Thap,10.4939,105.6882,Open-Meteo-Historical,
2026-04-16 18:00:00,32.8,48,,0.0,6,,6.6,19.1,0,Dong Thap,10.4939,105.6882,Open-Meteo-Historical,
2026-04-16 19:00:00,31.4,51,,0.0,13,,12.2,23.0,0,Dong Thap,10.4939,105.6882,Open-Meteo-Historical,
2026-04-16 20:00:00,30.6,59,,0.0,2,,13.4,24.1,0,Dong Thap,10.4939,105.6882,Open-Meteo-Historical,
2026-04-16 21:00:00,29.5,64,,0.0,1,,13.5,23.8,0,Dong Thap,10.4939,105.6882,Open-Meteo-Historical,
2026-04-16 22:00:00,28.6,68,,0.0,0,,12.4,23.8,0,Dong Thap,10.4939,105.6882,Open-Meteo-Historical,
2026-04-16 23:00:00,27.9,72,,0.0,1,,10.9,22.0,0,Dong Thap,10.4939,105.6882,Open-Meteo-Historical,
2026-04-17 00:00:00,27.3,76,,0.0,0,,11.2,19.8,0,Dong Thap,10.4939,105.6882,Open-Meteo-Historical,
2026-04-17 01:00:00,27.0,82,,0.0,0,,10.0,19.4,0,Dong Thap,10.4939,105.6882,Open-Meteo-Historical,
2026-04-17 02:00:00,26.8,84,,0.0,0,,9.2,17.3,0,Dong Thap,10.4939,105.6882,Open-Meteo-Historical,
2026-04-17 03:00:00,26.4,85,,0.0,0,,7.9,15.8,0,Dong Thap,10.4939,105.6882,Open-Meteo-Historical,
2026-04-17 04:00:00,25.9,87,,0.0,0,,7.1,13.3,0,Dong Thap,10.4939,105.6882,Open-Meteo-Historical,
2026-04-17 05:00:00,25.5,90,,0.0,0,,5.8,11.9,0,Dong Thap,10.4939,105.6882,Open-Meteo-Historical,
2026-04-17 06:00:00,25.2,91,,0.0,0,,5.0,9.7,0,Dong Thap,10.4939,105.6882,Open-Meteo-Historical,
2026-04-17 07:00:00,26.6,83,,0.0,0,,4.2,13.0,0,Dong Thap,10.4939,105.6882,Open-Meteo-Historical,
2026-04-17 08:00:00,29.0,68,,0.0,4,,8.5,19.8,0,Dong Thap,10.4939,105.6882,Open-Meteo-Historical,
2026-04-17 09:00:00,30.6,60,,0.0,13,,9.3,23.8,0,Dong Thap,10.4939,105.6882,Open-Meteo-Historical,
2026-04-17 10:00:00,32.2,53,,0.0,4,,7.9,23.8,0,Dong Thap,10.4939,105.6882,Open-Meteo-Historical,
2026-04-17 11:00:00,33.4,47,,0.0,5,,6.2,22.7,0,Dong Thap,10.4939,105.6882,Open-Meteo-Historical,
2026-04-17 12:00:00,34.7,43,,0.0,53,,5.7,20.9,2,Dong Thap,10.4939,105.6882,Open-Meteo-Historical,
2026-04-17 13:00:00,35.2,38,,0.0,44,,6.5,20.5,1,Dong Thap,10.4939,105.6882,Open-Meteo-Historical,
2026-04-17 14:00:00,35.7,36,,0.0,13,,6.9,20.2,0,Dong Thap,10.4939,105.6882,Open-Meteo-Historical,
2026-04-17 15:00:00,36.0,35,,0.0,39,,8.0,20.9,1,Dong Thap,10.4939,105.6882,Open-Meteo-Historical,
2026-04-17 16:00:00,35.6,35,,0.0,33,,9.4,22.3,1,Dong Thap,10.4939,105.6882,Open-Meteo-Historical,
2026-04-17 17:00:00,35.1,36,,0.0,26,,7.4,21.6,1,Dong Thap,10.4939,105.6882,Open-Meteo-Historical,
2026-04-17 18:00:00,33.2,43,,0.0,45,,6.4,14.8,1,Dong Thap,10.4939,105.6882,Open-Meteo-Historical,
2026-04-17 19:00:00,31.4,50,,0.0,10,,5.6,12.6,0,Dong Thap,10.4939,105.6882,Open-Meteo-Historical,
2026-04-17 20:00:00,31.0,51,,0.0,9,,8.1,11.9,0,Dong Thap,10.4939,105.6882,Open-Meteo-Historical,
2026-04-17 21:00:00,29.8,59,,0.0,0,,14.5,25.6,0,Dong Thap,10.4939,105.6882,Open-Meteo-Historical,
2026-04-17 22:00:00,28.7,65,,0.0,0,,12.5,25.6,0,Dong Thap,10.4939,105.6882,Open-Meteo-Historical,
2026-04-17 23:00:00,27.8,69,,0.0,0,,10.3,21.6,0,Dong Thap,10.4939,105.6882,Open-Meteo-Historical,
2026-04-18 00:00:00,27.1,73,,0.0,21,,8.9,17.6,1,Dong Thap,10.4939,105.6882,Open-Meteo-Historical,
2026-04-18 01:00:00,26.6,80,,0.0,95,,7.4,15.1,3,Dong Thap,10.4939,105.6882,Open-Meteo-Historical,
2026-04-18 02:00:00,26.4,83,,0.0,100,,6.8,12.6,3,Dong Thap,10.4939,105.6882,Open-Meteo-Historical,
2026-04-18 03:00:00,26.0,85,,0.0,100,,6.8,12.2,3,Dong Thap,10.4939,105.6882,Open-Meteo-Historical,
2026-04-18 04:00:00,25.7,87,,0.0,85,,6.4,11.5,3,Dong Thap,10.4939,105.6882,Open-Meteo-Historical,
2026-04-18 05:00:00,25.5,87,,0.0,16,,6.2,11.2,0,Dong Thap,10.4939,105.6882,Open-Meteo-Historical,
2026-04-18 06:00:00,25.3,88,,0.0,4,,5.6,10.8,0,Dong Thap,10.4939,105.6882,Open-Meteo-Historical,
2026-04-18 07:00:00,26.9,80,,0.0,0,,6.9,14.8,0,Dong Thap,10.4939,105.6882,Open-Meteo-Historical,
2026-04-18 08:00:00,29.0,69,,0.0,3,,8.7,20.5,0,Dong Thap,10.4939,105.6882,Open-Meteo-Historical,
2026-04-18 09:00:00,30.7,61,,0.0,30,,7.1,20.9,1,Dong Thap,10.4939,105.6882,Open-Meteo-Historical,
2026-04-18 10:00:00,32.0,54,,0.0,9,,7.4,21.2,0,Dong Thap,10.4939,105.6882,Open-Meteo-Historical,
2026-04-18 11:00:00,33.3,48,,0.0,2,,7.8,22.7,0,Dong Thap,10.4939,105.6882,Open-Meteo-Historical,
2026-04-18 12:00:00,34.7,42,,0.0,47,,8.8,24.5,1,Dong Thap,10.4939,105.6882,Open-Meteo-Historical,
2026-04-18 13:00:00,34.6,39,,0.0,58,,7.1,24.1,2,Dong Thap,10.4939,105.6882,Open-Meteo-Historical,
2026-04-18 14:00:00,35.2,39,,0.0,39,,11.1,25.9,1,Dong Thap,10.4939,105.6882,Open-Meteo-Historical,
2026-04-18 15:00:00,34.0,45,,0.0,13,,14.0,31.0,0,Dong Thap,10.4939,105.6882,Open-Meteo-Historical,
2026-04-18 16:00:00,33.3,47,,0.0,5,,10.5,30.2,0,Dong Thap,10.4939,105.6882,Open-Meteo-Historical,
2026-04-18 17:00:00,33.0,47,,0.0,5,,9.5,22.3,0,Dong Thap,10.4939,105.6882,Open-Meteo-Historical,
2026-04-18 18:00:00,31.5,51,,0.0,8,,7.2,19.4,0,Dong Thap,10.4939,105.6882,Open-Meteo-Historical,
2026-04-18 19:00:00,30.1,63,,0.0,9,,3.8,11.9,0,Dong Thap,10.4939,105.6882,Open-Meteo-Historical,
2026-04-18 20:00:00,30.0,62,,0.0,9,,7.5,11.2,0,Dong Thap,10.4939,105.6882,Open-Meteo-Historical,
2026-04-18 21:00:00,29.5,62,,0.0,3,,14.1,24.8,0,Dong Thap,10.4939,105.6882,Open-Meteo-Historical,
2026-04-18 22:00:00,28.6,67,,0.0,1,,12.5,24.5,0,Dong Thap,10.4939,105.6882,Open-Meteo-Historical,
2026-04-18 23:00:00,27.9,71,,0.0,0,,10.9,21.6,0,Dong Thap,10.4939,105.6882,Open-Meteo-Historical,
2026-04-19 00:00:00,27.5,75,,0.0,53,,10.7,19.1,2,Dong Thap,10.4939,105.6882,Open-Meteo-Historical,
2026-04-19 01:00:00,27.0,81,,0.0,79,,8.7,18.4,2,Dong Thap,10.4939,105.6882,Open-Meteo-Historical,
2026-04-19 02:00:00,26.9,82,,0.0,70,,6.5,15.1,2,Dong Thap,10.4939,105.6882,Open-Meteo-Historical,
2026-04-19 03:00:00,26.5,84,,0.0,64,,4.5,10.8,2,Dong Thap,10.4939,105.6882,Open-Meteo-Historical,
2026-04-19 04:00:00,26.2,86,,0.0,60,,3.1,7.6,2,Dong Thap,10.4939,105.6882,Open-Meteo-Historical,
2026-04-19 05:00:00,26.1,87,,0.0,24,,2.7,4.7,1,Dong Thap,10.4939,105.6882,Open-Meteo-Historical,
2026-04-19 06:00:00,26.3,86,,0.0,21,,5.7,9.0,1,Dong Thap,10.4939,105.6882,Open-Meteo-Historical,
2026-04-19 07:00:00,27.5,80,,0.0,38,,3.8,18.7,1,Dong Thap,10.4939,105.6882,Open-Meteo-Historical,
2026-04-19 08:00:00,28.9,73,,0.2,23,,8.7,19.1,51,Dong Thap,10.4939,105.6882,Open-Meteo-Historical,
2026-04-19 09:00:00,30.1,67,,0.1,11,,9.9,24.5,51,Dong Thap,10.4939,105.6882,Open-Meteo-Historical,
2026-04-19 10:00:00,31.8,59,,0.0,17,,8.5,24.1,0,Dong Thap,10.4939,105.6882,Open-Meteo-Historical,
2026-04-19 11:00:00,32.9,53,,0.1,23,,8.2,23.4,51,Dong Thap,10.4939,105.6882,Open-Meteo-Historical,
2026-04-19 12:00:00,33.7,51,,0.0,26,,7.8,23.4,1,Dong Thap,10.4939,105.6882,Open-Meteo-Historical,
2026-04-19 13:00:00,33.7,50,,0.0,11,,9.0,23.4,0,Dong Thap,10.4939,105.6882,Open-Meteo-Historical,
2026-04-19 14:00:00,34.2,48,,0.0,14,,10.1,24.8,0,Dong Thap,10.4939,105.6882,Open-Meteo-Historical,
2026-04-19 15:00:00,34.2,48,,0.0,19,,12.0,27.0,0,Dong Thap,10.4939,105.6882,Open-Meteo-Historical,
2026-04-19 16:00:00,33.5,49,,0.0,21,,10.8,26.6,1,Dong Thap,10.4939,105.6882,Open-Meteo-Historical,
2026-04-19 17:00:00,32.8,50,,0.0,12,,10.3,23.8,0,Dong Thap,10.4939,105.6882,Open-Meteo-Historical,
2026-04-19 18:00:00,31.5,55,,0.0,38,,10.4,21.2,1,Dong Thap,10.4939,105.6882,Open-Meteo-Historical,
2026-04-19 19:00:00,30.0,65,,0.0,16,,9.0,18.7,0,Dong Thap,10.4939,105.6882,Open-Meteo-Historical,
2026-04-19 20:00:00,29.2,69,,0.0,30,,7.6,15.8,1,Dong Thap,10.4939,105.6882,Open-Meteo-Historical,
2026-04-19 21:00:00,28.8,69,,0.0,99,,11.0,19.1,3,Dong Thap,10.4939,105.6882,Open-Meteo-Historical,
2026-04-19 22:00:00,28.0,70,,0.0,100,,10.4,19.8,3,Dong Thap,10.4939,105.6882,Open-Meteo-Historical,
2026-04-19 23:00:00,27.5,77,,0.0,100,,2.7,18.0,3,Dong Thap,10.4939,105.6882,Open-Meteo-Historical,
2026-04-20 00:00:00,27.2,77,,0.0,94,,1.2,3.2,3,Dong Thap,10.4939,105.6882,Open-Meteo-Historical,
2026-04-20 01:00:00,25.8,89,,0.0,100,,1.7,3.2,3,Dong Thap,10.4939,105.6882,Open-Meteo-Historical,
2026-04-20 02:00:00,25.9,90,,0.0,100,,0.0,4.3,3,Dong Thap,10.4939,105.6882,Open-Meteo-Historical,
2026-04-20 03:00:00,26.0,90,,0.0,62,,0.8,1.4,2,Dong Thap,10.4939,105.6882,Open-Meteo-Historical,
2026-04-20 04:00:00,25.7,90,,0.0,99,,2.3,3.2,3,Dong Thap,10.4939,105.6882,Open-Meteo-Historical,
2026-04-20 05:00:00,25.6,89,,0.0,86,,1.6,2.9,3,Dong Thap,10.4939,105.6882,Open-Meteo-Historical,
2026-04-20 06:00:00,25.6,88,,0.0,88,,4.1,5.8,3,Dong Thap,10.4939,105.6882,Open-Meteo-Historical,
2026-04-20 07:00:00,27.4,79,,0.0,95,,6.2,8.6,3,Dong Thap,10.4939,105.6882,Open-Meteo-Historical,
2026-04-20 08:00:00,29.1,68,,0.0,17,,11.2,22.3,0,Dong Thap,10.4939,105.6882,Open-Meteo-Historical,
2026-04-20 09:00:00,30.4,61,,0.0,6,,12.9,27.4,0,Dong Thap,10.4939,105.6882,Open-Meteo-Historical,
2026-04-20 10:00:00,31.6,55,,0.0,19,,10.9,27.4,0,Dong Thap,10.4939,105.6882,Open-Meteo-Historical,
2026-04-20 11:00:00,32.6,53,,0.0,27,,8.3,25.2,1,Dong Thap,10.4939,105.6882,Open-Meteo-Historical,
2026-04-20 12:00:00,33.4,51,,0.0,8,,8.7,22.7,0,Dong Thap,10.4939,105.6882,Open-Meteo-Historical,
2026-04-20 13:00:00,33.0,52,,0.0,98,,9.6,24.1,3,Dong Thap,10.4939,105.6882,Open-Meteo-Historical,
2026-04-20 14:00:00,32.0,54,,0.1,58,,14.0,30.6,51,Dong Thap,10.4939,105.6882,Open-Meteo-Historical,
2026-04-20 15:00:00,31.8,56,,0.0,29,,8.9,30.2,1,Dong Thap,10.4939,105.6882,Open-Meteo-Historical,
2026-04-20 16:00:00,31.9,56,,0.0,42,,12.0,25.2,1,Dong Thap,10.4939,105.6882,Open-Meteo-Historical,
2026-04-20 17:00:00,31.2,57,,0.0,23,,9.9,25.2,1,Dong Thap,10.4939,105.6882,Open-Meteo-Historical,
2026-04-20 18:00:00,30.0,61,,0.0,16,,5.0,18.4,0,Dong Thap,10.4939,105.6882,Open-Meteo-Historical,
2026-04-20 19:00:00,29.0,63,,0.0,9,,8.7,7.9,0,Dong Thap,10.4939,105.6882,Open-Meteo-Historical,
2026-04-20 20:00:00,28.5,63,,0.0,7,,11.9,20.5,0,Dong Thap,10.4939,105.6882,Open-Meteo-Historical,
2026-04-20 21:00:00,27.8,64,,0.0,96,,13.6,23.8,3,Dong Thap,10.4939,105.6882,Open-Meteo-Historical,
2026-04-20 22:00:00,27.1,66,,0.0,90,,13.1,23.8,3,Dong Thap,10.4939,105.6882,Open-Meteo-Historical,
2026-04-20 23:00:00,26.5,70,,0.0,90,,11.1,22.7,3,Dong Thap,10.4939,105.6882,Open-Meteo-Historical,
2026-04-21 00:00:00,25.9,73,,0.0,100,,8.2,19.1,3,Dong Thap,10.4939,105.6882,Open-Meteo-Historical,
2026-04-21 01:00:00,25.2,80,,0.0,98,,5.8,14.0,3,Dong Thap,10.4939,105.6882,Open-Meteo-Historical,
2026-04-21 02:00:00,25.0,81,,0.0,100,,6.2,10.4,3,Dong Thap,10.4939,105.6882,Open-Meteo-Historical,
2026-04-21 03:00:00,24.6,82,,0.0,100,,5.2,10.1,3,Dong Thap,10.4939,105.6882,Open-Meteo-Historical,
2026-04-21 04:00:00,24.1,84,,0.0,100,,4.5,8.3,3,Dong Thap,10.4939,105.6882,Open-Meteo-Historical,
2026-04-21 05:00:00,24.1,83,,0.0,100,,2.9,6.1,3,Dong Thap,10.4939,105.6882,Open-Meteo-Historical,
2026-04-21 06:00:00,24.0,84,,0.0,97,,4.1,5.8,3,Dong Thap,10.4939,105.6882,Open-Meteo-Historical,
2026-04-21 07:00:00,26.0,78,,0.0,1,,5.9,11.5,0,Dong Thap,10.4939,105.6882,Open-Meteo-Historical,
2026-04-21 08:00:00,28.1,70,,0.0,1,,8.2,18.4,0,Dong Thap,10.4939,105.6882,Open-Meteo-Historical,
2026-04-21 09:00:00,29.9,62,,0.0,1,,12.8,27.0,0,Dong Thap,10.4939,105.6882,Open-Meteo-Historical,
2026-04-21 10:00:00,31.2,54,,0.0,1,,13.0,28.4,0,Dong Thap,10.4939,105.6882,Open-Meteo-Historical,
2026-04-21 11:00:00,32.5,50,,0.0,100,,11.9,28.4,3,Dong Thap,10.4939,105.6882,Open-Meteo-Historical,
2026-04-21 12:00:00,32.4,50,,0.0,75,,12.9,27.0,2,Dong Thap,10.4939,105.6882,Open-Meteo-Historical,
2026-04-21 13:00:00,31.7,53,,0.0,100,,11.4,27.4,3,Dong Thap,10.4939,105.6882,Open-Meteo-Historical,
2026-04-21 14:00:00,31.9,53,,0.0,88,,13.4,27.4,3,Dong Thap,10.4939,105.6882,Open-Meteo-Historical,
2026-04-21 15:00:00,31.7,53,,0.0,30,,12.2,28.8,1,Dong Thap,10.4939,105.6882,Open-Meteo-Historical,
2026-04-21 16:00:00,32.0,51,,0.0,38,,11.6,25.9,1,Dong Thap,10.4939,105.6882,Open-Meteo-Historical,
2026-04-21 17:00:00,31.1,55,,0.0,6,,10.2,24.1,0,Dong Thap,10.4939,105.6882,Open-Meteo-Historical,
2026-04-21 18:00:00,30.0,58,,0.0,11,,6.9,18.4,0,Dong Thap,10.4939,105.6882,Open-Meteo-Historical,
2026-04-21 19:00:00,28.9,61,,0.0,12,,9.6,15.8,0,Dong Thap,10.4939,105.6882,Open-Meteo-Historical,
2026-04-21 20:00:00,28.2,61,,0.0,9,,12.6,22.7,0,Dong Thap,10.4939,105.6882,Open-Meteo-Historical,
2026-04-21 21:00:00,27.5,63,,0.0,5,,11.0,21.6,0,Dong Thap,10.4939,105.6882,Open-Meteo-Historical,
2026-04-21 22:00:00,26.9,66,,0.0,2,,10.2,18.7,0,Dong Thap,10.4939,105.6882,Open-Meteo-Historical,
2026-04-21 23:00:00,26.2,70,,0.0,1,,9.8,17.6,0,Dong Thap,10.4939,105.6882,Open-Meteo-Historical,
2026-04-22 00:00:00,25.7,73,,0.0,19,,9.5,16.9,0,Dong Thap,10.4939,105.6882,Open-Meteo-Historical,
2026-04-22 01:00:00,25.1,78,,0.0,2,,7.9,15.8,0,Dong Thap,10.4939,105.6882,Open-Meteo-Historical,
2026-04-22 02:00:00,24.6,80,,0.0,1,,7.5,13.0,0,Dong Thap,10.4939,105.6882,Open-Meteo-Historical,
2026-04-22 03:00:00,24.2,82,,0.0,0,,6.9,12.6,0,Dong Thap,10.4939,105.6882,Open-Meteo-Historical,
2026-04-22 04:00:00,23.8,84,,0.0,0,,6.3,11.5,0,Dong Thap,10.4939,105.6882,Open-Meteo-Historical,
2026-04-22 05:00:00,23.6,85,,0.0,1,,6.9,11.5,0,Dong Thap,10.4939,105.6882,Open-Meteo-Historical,
2026-04-22 06:00:00,23.5,86,,0.0,0,,6.2,11.5,0,Dong Thap,10.4939,105.6882,Open-Meteo-Historical,
2026-04-22 07:00:00,25.5,83,,0.0,0,,5.7,11.9,0,Dong Thap,10.4939,105.6882,Open-Meteo-Historical,
2026-04-22 08:00:00,27.9,75,,0.0,0,,6.2,14.8,0,Dong Thap,10.4939,105.6882,Open-Meteo-Historical,
2026-04-22 09:00:00,29.6,63,,0.0,0,,9.7,22.0,0,Dong Thap,10.4939,105.6882,Open-Meteo-Historical,
2026-04-22 10:00:00,30.9,58,,0.0,1,,10.1,23.4,0,Dong Thap,10.4939,105.6882,Open-Meteo-Historical,
2026-04-22 11:00:00,32.2,53,,0.0,63,,8.3,23.8,2,Dong Thap,10.4939,105.6882,Open-Meteo-Historical,
2026-04-22 12:00:00,32.1,54,,0.0,97,,10.6,22.7,3,Dong Thap,10.4939,105.6882,Open-Meteo-Historical,
2026-04-22 13:00:00,31.9,56,,0.0,38,,6.9,24.5,1,Dong Thap,10.4939,105.6882,Open-Meteo-Historical,
2026-04-22 14:00:00,32.4,55,,0.0,33,,6.1,18.0,1,Dong Thap,10.4939,105.6882,Open-Meteo-Historical,
2026-04-22 15:00:00,32.5,53,,0.0,60,,6.1,16.6,2,Dong Thap,10.4939,105.6882,Open-Meteo-Historical,
2026-04-22 16:00:00,32.2,54,,0.0,90,,6.7,15.8,3,Dong Thap,10.4939,105.6882,Open-Meteo-Historical,
2026-04-22 17:00:00,31.8,58,,0.0,55,,5.0,14.4,2,Dong Thap,10.4939,105.6882,Open-Meteo-Historical,
2026-04-22 18:00:00,30.8,66,,0.0,29,,1.4,9.0,1,Dong Thap,10.4939,105.6882,Open-Meteo-Historical,
2026-04-22 19:00:00,29.4,67,,0.0,16,,6.0,10.1,0,Dong Thap,10.4939,105.6882,Open-Meteo-Historical,
2026-04-22 20:00:00,29.0,67,,0.0,6,,9.1,14.4,0,Dong Thap,10.4939,105.6882,Open-Meteo-Historical,
2026-04-22 21:00:00,28.3,67,,0.0,0,,12.3,21.6,0,Dong Thap,10.4939,105.6882,Open-Meteo-Historical,
2026-04-22 22:00:00,27.2,71,,0.0,0,,11.8,21.6,0,Dong Thap,10.4939,105.6882,Open-Meteo-Historical,
2026-04-22 23:00:00,26.4,74,,0.0,0,,10.7,20.2,0,Dong Thap,10.4939,105.6882,Open-Meteo-Historical,
2026-04-23 00:00:00,25.8,77,,0.0,0,,9.6,18.4,0,Dong Thap,10.4939,105.6882,Open-Meteo-Historical,
2026-04-23 01:00:00,25.3,84,,0.0,0,,7.4,16.2,0,Dong Thap,10.4939,105.6882,Open-Meteo-Historical,
2026-04-23 02:00:00,24.9,86,,0.0,0,,6.3,12.2,0,Dong Thap,10.4939,105.6882,Open-Meteo-Historical,
2026-04-23 03:00:00,24.5,89,,0.0,0,,6.1,10.4,0,Dong Thap,10.4939,105.6882,Open-Meteo-Historical,
2026-04-23 04:00:00,24.2,91,,0.0,0,,5.4,10.1,0,Dong Thap,10.4939,105.6882,Open-Meteo-Historical,
2026-04-23 05:00:00,23.8,93,,0.0,0,,4.8,8.6,0,Dong Thap,10.4939,105.6882,Open-Meteo-Historical,
2026-04-23 06:00:00,23.8,93,,0.0,0,,4.8,7.6,0,Dong Thap,10.4939,105.6882,Open-Meteo-Historical,
2026-04-23 07:00:00,25.8,84,,0.0,0,,6.1,13.0,0,Dong Thap,10.4939,105.6882,Open-Meteo-Historical,
2026-04-23 08:00:00,28.0,75,,0.0,0,,9.1,19.1,0,Dong Thap,10.4939,105.6882,Open-Meteo-Historical,
2026-04-23 09:00:00,29.6,66,,0.0,0,,11.5,25.6,0,Dong Thap,10.4939,105.6882,Open-Meteo-Historical,
2026-04-23 10:00:00,31.0,58,,0.0,15,,10.9,25.6,0,Dong Thap,10.4939,105.6882,Open-Meteo-Historical,
2026-04-23 11:00:00,32.2,53,,0.0,22,,9.5,24.8,1,Dong Thap,10.4939,105.6882,Open-Meteo-Historical,
2026-04-23 12:00:00,33.0,49,,0.0,60,,9.1,23.0,2,Dong Thap,10.4939,105.6882,Open-Meteo-Historical,
2026-04-23 13:00:00,33.2,51,,0.0,55,,8.4,22.3,2,Dong Thap,10.4939,105.6882,Open-Meteo-Historical,
2026-04-23 14:00:00,33.4,49,,0.0,46,,8.5,20.5,1,Dong Thap,10.4939,105.6882,Open-Meteo-Historical,
2026-04-23 15:00:00,33.5,49,,0.0,23,,10.3,22.0,1,Dong Thap,10.4939,105.6882,Open-Meteo-Historical,
2026-04-23 16:00:00,33.0,50,,0.0,17,,11.1,22.7,0,Dong Thap,10.4939,105.6882,Open-Meteo-Historical,
2026-04-23 17:00:00,32.2,53,,0.0,11,,9.5,22.0,0,Dong Thap,10.4939,105.6882,Open-Meteo-Historical,
2026-04-23 18:00:00,30.6,58,,0.0,13,,6.1,16.9,0,Dong Thap,10.4939,105.6882,Open-Meteo-Historical,
2026-04-23 19:00:00,29.4,63,,0.0,29,,7.0,21.2,1,Dong Thap,10.4939,105.6882,Open-Meteo-Historical,
2026-04-23 20:00:00,29.1,64,,0.0,3,,10.4,17.6,0,Dong Thap,10.4939,105.6882,Open-Meteo-Historical,
2026-04-23 21:00:00,28.4,65,,0.0,86,,10.5,18.7,3,Dong Thap,10.4939,105.6882,Open-Meteo-Historical,
2026-04-23 22:00:00,27.2,69,,0.0,2,,8.1,18.0,0,Dong Thap,10.4939,105.6882,Open-Meteo-Historical,
2026-04-23 23:00:00,26.1,75,,0.0,0,,6.3,13.7,0,Dong Thap,10.4939,105.6882,Open-Meteo-Historical,
2026-04-24 00:00:00,25.5,80,,0.0,0,,6.7,10.8,0,Dong Thap,10.4939,105.6882,Open-Meteo-Historical,
2026-04-24 01:00:00,25.0,87,,0.0,0,,7.5,13.3,0,Dong Thap,10.4939,105.6882,Open-Meteo-Historical,
2026-04-24 02:00:00,24.6,91,,0.0,26,,8.0,13.7,1,Dong Thap,10.4939,105.6882,Open-Meteo-Historical,
2026-04-24 03:00:00,24.2,95,,0.0,100,,5.5,13.3,3,Dong Thap,10.4939,105.6882,Open-Meteo-Historical,
2026-04-24 04:00:00,23.9,96,,0.0,89,,4.8,8.6,3,Dong Thap,10.4939,105.6882,Open-Meteo-Historical,
2026-04-24 05:00:00,23.6,97,,0.0,91,,5.1,7.9,3,Dong Thap,10.4939,105.6882,Open-Meteo-Historical,
2026-04-24 06:00:00,23.7,97,,0.0,99,,5.7,8.6,3,Dong Thap,10.4939,105.6882,Open-Meteo-Historical,
2026-04-24 07:00:00,25.6,90,,0.0,33,,4.8,12.6,1,Dong Thap,10.4939,105.6882,Open-Meteo-Historical,
2026-04-24 08:00:00,28.0,79,,0.0,8,,5.6,14.8,0,Dong Thap,10.4939,105.6882,Open-Meteo-Historical,
2026-04-24 09:00:00,29.6,67,,0.0,62,,6.0,17.3,2,Dong Thap,10.4939,105.6882,Open-Meteo-Historical,
2026-04-24 10:00:00,30.9,58,,0.0,88,,5.4,17.3,3,Dong Thap,10.4939,105.6882,Open-Meteo-Historical,
2026-04-24 11:00:00,31.9,52,,0.0,100,,4.5,17.3,3,Dong Thap,10.4939,105.6882,Open-Meteo-Historical,
2026-04-24 12:00:00,32.8,48,,0.0,100,,5.5,18.0,3,Dong Thap,10.4939,105.6882,Open-Meteo-Historical,
2026-04-24 13:00:00,32.8,45,,0.0,100,,8.2,19.4,3,Dong Thap,10.4939,105.6882,Open-Meteo-Historical,
2026-04-24 14:00:00,33.2,45,,0.0,100,,8.8,22.0,3,Dong Thap,10.4939,105.6882,Open-Meteo-Historical,
2026-04-24 15:00:00,33.3,46,,0.0,100,,5.9,21.2,3,Dong Thap,10.4939,105.6882,Open-Meteo-Historical,
2026-04-24 16:00:00,33.5,44,,0.0,100,,2.2,15.8,3,Dong Thap,10.4939,105.6882,Open-Meteo-Historical,
2026-04-24 17:00:00,33.5,44,,0.0,100,,1.1,8.6,3,Dong Thap,10.4939,105.6882,Open-Meteo-Historical,
2026-04-24 18:00:00,31.6,56,,0.0,100,,0.8,3.2,3,Dong Thap,10.4939,105.6882,Open-Meteo-Historical,
2026-04-24 19:00:00,29.5,60,,0.0,100,,6.4,10.4,3,Dong Thap,10.4939,105.6882,Open-Meteo-Historical,
2026-04-24 20:00:00,28.9,61,,0.0,100,,10.8,18.7,3,Dong Thap,10.4939,105.6882,Open-Meteo-Historical,
2026-04-24 21:00:00,27.6,68,,0.0,100,,10.1,18.7,3,Dong Thap,10.4939,105.6882,Open-Meteo-Historical,
2026-04-24 22:00:00,26.6,72,,0.0,100,,9.0,17.3,3,Dong Thap,10.4939,105.6882,Open-Meteo-Historical,
2026-04-24 23:00:00,25.9,76,,0.0,97,,8.5,15.1,3,Dong Thap,10.4939,105.6882,Open-Meteo-Historical,
2026-04-25 00:00:00,25.0,82,,0.0,24,,7.0,14.0,1,Dong Thap,10.4939,105.6882,Open-Meteo-Historical,
2026-04-25 01:00:00,24.5,89,,0.0,63,,7.2,11.5,2,Dong Thap,10.4939,105.6882,Open-Meteo-Historical,
2026-04-25 02:00:00,24.0,92,,0.0,95,,5.7,11.9,3,Dong Thap,10.4939,105.6882,Open-Meteo-Historical,
2026-04-25 03:00:00,23.8,94,,0.0,100,,5.0,8.6,3,Dong Thap,10.4939,105.6882,Open-Meteo-Historical,
2026-04-25 04:00:00,23.9,94,,0.0,96,,4.5,6.8,3,Dong Thap,10.4939,105.6882,Open-Meteo-Historical,
2026-04-25 05:00:00,23.9,94,,0.0,100,,5.1,7.6,3,Dong Thap,10.4939,105.6882,Open-Meteo-Historical,
2026-04-25 06:00:00,24.1,94,,0.0,100,,5.4,8.3,3,Dong Thap,10.4939,105.6882,Open-Meteo-Historical,
2026-04-25 07:00:00,26.4,86,,0.0,100,,5.1,12.2,3,Dong Thap,10.4939,105.6882,Open-Meteo-Historical,
2026-04-25 08:00:00,28.5,79,,0.0,74,,7.4,16.9,2,Dong Thap,10.4939,105.6882,Open-Meteo-Historical,
2026-04-25 09:00:00,30.3,69,,0.0,27,,13.2,29.2,1,Dong Thap,10.4939,105.6882,Open-Meteo-Historical,
2026-04-25 10:00:00,31.5,65,,0.0,27,,11.8,29.9,1,Dong Thap,10.4939,105.6882,Open-Meteo-Historical,
2026-04-25 11:00:00,32.7,62,,0.0,12,,10.5,28.4,0,Dong Thap,10.4939,105.6882,Open-Meteo-Historical,
2026-04-25 12:00:00,33.5,57,,0.0,100,,11.4,27.0,3,Dong Thap,10.4939,105.6882,Open-Meteo-Historical,
2026-04-25 13:00:00,33.1,55,,0.6,23,,10.4,27.0,53,Dong Thap,10.4939,105.6882,Open-Meteo-Historical,
2026-04-25 14:00:00,32.0,58,,0.4,60,,13.3,25.9,51,Dong Thap,10.4939,105.6882,Open-Meteo-Historical,
2026-04-25 15:00:00,29.8,65,,0.2,56,,6.4,32.0,51,Dong Thap,10.4939,105.6882,Open-Meteo-Historical,
2026-04-25 16:00:00,30.6,64,,0.0,73,,2.7,15.8,2,Dong Thap,10.4939,105.6882,Open-Meteo-Historical,
2026-04-25 17:00:00,30.4,66,,0.0,43,,3.1,10.8,1,Dong Thap,10.4939,105.6882,Open-Meteo-Historical,
2026-04-25 18:00:00,29.7,75,,0.0,31,,1.7,7.9,1,Dong Thap,10.4939,105.6882,Open-Meteo-Historical,
2026-04-25 19:00:00,28.4,72,,0.0,48,,5.6,2.5,1,Dong Thap,10.4939,105.6882,Open-Meteo-Historical,
2026-04-25 20:00:00,29.0,67,,0.0,57,,11.5,18.7,2,Dong Thap,10.4939,105.6882,Open-Meteo-Historical,
2026-04-25 21:00:00,28.5,69,,0.0,16,,12.8,22.0,0,Dong Thap,10.4939,105.6882,Open-Meteo-Historical,
2026-04-25 22:00:00,27.8,76,,0.0,27,,11.0,22.0,1,Dong Thap,10.4939,105.6882,Open-Meteo-Historical,
2026-04-25 23:00:00,27.2,81,,0.0,2,,8.9,18.7,0,Dong Thap,10.4939,105.6882,Open-Meteo-Historical,
2026-04-26 00:00:00,26.8,84,,0.0,0,,8.3,15.1,0,Dong Thap,10.4939,105.6882,Open-Meteo-Historical,
2026-04-26 01:00:00,26.5,89,,0.0,1,,7.8,14.0,0,Dong Thap,10.4939,105.6882,Open-Meteo-Historical,
2026-04-26 02:00:00,26.2,91,,0.0,1,,6.2,13.0,0,Dong Thap,10.4939,105.6882,Open-Meteo-Historical,
2026-04-26 03:00:00,25.7,93,,0.0,7,,4.9,10.4,0,Dong Thap,10.4939,105.6882,Open-Meteo-Historical,
2026-04-26 04:00:00,25.5,94,,0.0,1,,4.7,7.9,0,Dong Thap,10.4939,105.6882,Open-Meteo-Historical,
2026-04-26 05:00:00,25.1,94,,0.0,38,,4.5,7.6,1,Dong Thap,10.4939,105.6882,Open-Meteo-Historical,
2026-04-26 06:00:00,25.4,93,,0.0,96,,5.4,8.3,3,Dong Thap,10.4939,105.6882,Open-Meteo-Historical,
2026-04-26 07:00:00,27.1,88,,0.0,100,,7.4,12.6,3,Dong Thap,10.4939,105.6882,Open-Meteo-Historical,
2026-04-26 08:00:00,28.9,76,,0.0,100,,12.9,26.3,3,Dong Thap,10.4939,105.6882,Open-Meteo-Historical,
2026-04-26 09:00:00,30.2,66,,0.0,88,,12.7,27.0,3,Dong Thap,10.4939,105.6882,Open-Meteo-Historical,
2026-04-26 10:00:00,31.7,58,,0.0,54,,13.4,28.8,2,Dong Thap,10.4939,105.6882,Open-Meteo-Historical,
2026-04-26 11:00:00,32.9,52,,0.0,53,,12.6,28.8,2,Dong Thap,10.4939,105.6882,Open-Meteo-Historical,
2026-04-26 12:00:00,33.8,47,,0.0,72,,11.2,27.7,2,Dong Thap,10.4939,105.6882,Open-Meteo-Historical,
2026-04-26 13:00:00,34.0,47,,0.0,100,,8.6,25.6,3,Dong Thap,10.4939,105.6882,Open-Meteo-Historical,
2026-04-26 14:00:00,33.8,46,,0.0,100,,8.3,21.2,3,Dong Thap,10.4939,105.6882,Open-Meteo-Historical,
2026-04-26 15:00:00,33.4,47,,0.0,99,,8.7,20.2,3,Dong Thap,10.4939,105.6882,Open-Meteo-Historical,
2026-04-26 16:00:00,33.0,48,,0.0,100,,8.0,19.4,3,Dong Thap,10.4939,105.6882,Open-Meteo-Historical,
2026-04-26 17:00:00,32.2,55,,0.0,100,,5.2,16.2,3,Dong Thap,10.4939,105.6882,Open-Meteo-Historical,
2026-04-26 18:00:00,31.2,62,,0.0,100,,3.1,9.4,3,Dong Thap,10.4939,105.6882,Open-Meteo-Historical,
2026-04-26 19:00:00,29.8,59,,0.0,82,,7.9,9.4,3,Dong Thap,10.4939,105.6882,Open-Meteo-Historical,
2026-04-26 20:00:00,29.2,65,,0.0,27,,12.9,21.6,1,Dong Thap,10.4939,105.6882,Open-Meteo-Historical,
2026-04-26 21:00:00,28.5,71,,0.0,77,,12.5,22.7,2,Dong Thap,10.4939,105.6882,Open-Meteo-Historical,
2026-04-26 22:00:00,27.8,77,,0.0,82,,12.5,22.3,3,Dong Thap,10.4939,105.6882,Open-Meteo-Historical,
2026-04-26 23:00:00,27.1,83,,0.0,83,,10.6,22.0,3,Dong Thap,10.4939,105.6882,Open-Meteo-Historical,
2026-04-27 00:00:00,26.7,87,,0.0,37,,9.3,18.4,1,Dong Thap,10.4939,105.6882,Open-Meteo-Historical,
2026-04-27 01:00:00,26.2,91,,0.0,34,,5.4,15.8,1,Dong Thap,10.4939,105.6882,Open-Meteo-Historical,
2026-04-27 02:00:00,25.8,94,,0.0,96,,4.3,8.6,3,Dong Thap,10.4939,105.6882,Open-Meteo-Historical,
2026-04-27 03:00:00,25.7,95,,0.0,99,,4.7,7.6,3,Dong Thap,10.4939,105.6882,Open-Meteo-Historical,
2026-04-27 04:00:00,25.7,95,,0.0,98,,4.4,8.3,3,Dong Thap,10.4939,105.6882,Open-Meteo-Historical,
2026-04-27 05:00:00,25.4,96,,0.0,100,,5.2,8.3,3,Dong Thap,10.4939,105.6882,Open-Meteo-Historical,
2026-04-27 06:00:00,25.5,96,,0.0,98,,5.1,8.3,3,Dong Thap,10.4939,105.6882,Open-Meteo-Historical,
2026-04-27 07:00:00,27.2,88,,0.0,2,,6.3,12.6,0,Dong Thap,10.4939,105.6882,Open-Meteo-Historical,
2026-04-27 08:00:00,29.1,78,,0.0,12,,12.4,25.2,0,Dong Thap,10.4939,105.6882,Open-Meteo-Historical,
2026-04-27 09:00:00,30.7,68,,0.0,9,,12.8,27.0,0,Dong Thap,10.4939,105.6882,Open-Meteo-Historical,
2026-04-27 10:00:00,32.1,61,,0.0,11,,12.0,27.0,0,Dong Thap,10.4939,105.6882,Open-Meteo-Historical,
2026-04-27 11:00:00,33.2,52,,0.0,13,,12.4,27.4,0,Dong Thap,10.4939,105.6882,Open-Meteo-Historical,
2026-04-27 12:00:00,33.8,50,,0.0,9,,11.5,27.7,0,Dong Thap,10.4939,105.6882,Open-Meteo-Historical,
2026-04-27 13:00:00,34.0,48,,0.0,15,,11.1,27.0,0,Dong Thap,10.4939,105.6882,Open-Meteo-Historical,
2026-04-27 14:00:00,34.0,48,,0.0,15,,10.3,25.2,0,Dong Thap,10.4939,105.6882,Open-Meteo-Historical,
2026-04-27 15:00:00,33.8,48,,0.0,4,,11.0,23.8,0,Dong Thap,10.4939,105.6882,Open-Meteo-Historical,
2026-04-27 16:00:00,33.4,49,,0.0,5,,11.7,23.0,0,Dong Thap,10.4939,105.6882,Open-Meteo-Historical,
2026-04-27 17:00:00,32.5,55,,0.0,19,,10.0,22.0,0,Dong Thap,10.4939,105.6882,Open-Meteo-Historical,
2026-04-27 18:00:00,31.0,58,,0.0,83,,9.1,17.6,3,Dong Thap,10.4939,105.6882,Open-Meteo-Historical,
2026-04-27 19:00:00,30.4,58,,0.0,44,,10.6,17.3,1,Dong Thap,10.4939,105.6882,Open-Meteo-Historical,
2026-04-27 20:00:00,29.9,63,,0.0,66,,13.4,23.0,2,Dong Thap,10.4939,105.6882,Open-Meteo-Historical,
2026-04-27 21:00:00,28.9,73,,0.0,93,,11.6,23.0,3,Dong Thap,10.4939,105.6882,Open-Meteo-Historical,
2026-04-27 22:00:00,28.1,80,,0.0,100,,11.7,20.2,3,Dong Thap,10.4939,105.6882,Open-Meteo-Historical,
2026-04-27 23:00:00,27.5,85,,0.0,100,,10.4,20.2,3,Dong Thap,10.4939,105.6882,Open-Meteo-Historical,
2026-04-28 00:00:00,27.0,89,,0.0,84,,10.1,18.0,3,Dong Thap,10.4939,105.6882,Open-Meteo-Historical,
2026-04-28 01:00:00,26.8,92,,0.0,84,,8.3,17.3,3,Dong Thap,10.4939,105.6882,Open-Meteo-Historical,
2026-04-28 02:00:00,26.4,94,,0.0,95,,5.9,14.0,3,Dong Thap,10.4939,105.6882,Open-Meteo-Historical,
2026-04-28 03:00:00,26.1,96,,0.0,21,,6.5,11.2,1,Dong Thap,10.4939,105.6882,Open-Meteo-Historical,
2026-04-28 04:00:00,26.1,95,,0.0,31,,6.2,11.5,1,Dong Thap,10.4939,105.6882,Open-Meteo-Historical,
2026-04-28 05:00:00,26.0,96,,0.0,89,,5.5,10.4,3,Dong Thap,10.4939,105.6882,Open-Meteo-Historical,
2026-04-28 06:00:00,25.9,96,,0.0,100,,6.2,10.1,3,Dong Thap,10.4939,105.6882,Open-Meteo-Historical,
2026-04-28 07:00:00,27.8,86,,0.0,73,,10.2,14.8,2,Dong Thap,10.4939,105.6882,Open-Meteo-Historical,
2026-04-28 08:00:00,29.5,77,,0.0,48,,11.0,23.8,1,Dong Thap,10.4939,105.6882,Open-Meteo-Historical,
2026-04-28 09:00:00,31.2,66,,0.0,98,,11.1,24.8,3,Dong Thap,10.4939,105.6882,Open-Meteo-Historical,
2026-04-28 10:00:00,32.5,58,,0.0,99,,11.4,25.9,3,Dong Thap,10.4939,105.6882,Open-Meteo-Historical,
2026-04-28 11:00:00,33.5,53,,0.0,14,,11.1,25.9,0,Dong Thap,10.4939,105.6882,Open-Meteo-Historical,
2026-04-28 12:00:00,34.2,50,,0.0,17,,10.8,25.9,0,Dong Thap,10.4939,105.6882,Open-Meteo-Historical,
2026-04-28 13:00:00,34.5,48,,0.0,16,,11.8,25.2,0,Dong Thap,10.4939,105.6882,Open-Meteo-Historical,
2026-04-28 14:00:00,34.5,47,,0.0,13,,8.2,25.6,0,Dong Thap,10.4939,105.6882,Open-Meteo-Historical,
2026-04-28 15:00:00,34.6,45,,0.0,7,,7.8,19.8,0,Dong Thap,10.4939,105.6882,Open-Meteo-Historical,
2026-04-28 16:00:00,34.5,45,,0.0,2,,7.9,18.4,0,Dong Thap,10.4939,105.6882,Open-Meteo-Historical,
2026-04-28 17:00:00,33.5,49,,0.0,2,,9.1,16.9,0,Dong Thap,10.4939,105.6882,Open-Meteo-Historical,
2026-04-28 18:00:00,31.8,52,,0.0,5,,10.0,16.9,0,Dong Thap,10.4939,105.6882,Open-Meteo-Historical,
2026-04-28 19:00:00,31.0,55,,0.0,8,,12.5,19.1,0,Dong Thap,10.4939,105.6882,Open-Meteo-Historical,
2026-04-28 20:00:00,30.0,59,,0.0,2,,13.2,24.5,0,Dong Thap,10.4939,105.6882,Open-Meteo-Historical,
2026-04-28 21:00:00,28.8,66,,0.0,5,,12.7,23.0,0,Dong Thap,10.4939,105.6882,Open-Meteo-Historical,
2026-04-28 22:00:00,27.5,76,,0.0,2,,4.9,22.3,0,Dong Thap,10.4939,105.6882,Open-Meteo-Historical,
2026-04-28 23:00:00,26.7,80,,0.0,35,,2.8,6.5,1,Dong Thap,10.4939,105.6882,Open-Meteo-Historical,
2026-04-29 00:00:00,26.3,83,,0.0,92,,2.6,5.0,3,Dong Thap,10.4939,105.6882,Open-Meteo-Historical,
2026-04-29 01:00:00,26.2,86,,0.0,81,,1.8,3.6,3,Dong Thap,10.4939,105.6882,Open-Meteo-Historical,
2026-04-29 02:00:00,26.1,88,,0.0,34,,2.1,2.5,1,Dong Thap,10.4939,105.6882,Open-Meteo-Historical,
2026-04-29 03:00:00,25.5,93,,0.0,48,,3.9,6.1,1,Dong Thap,10.4939,105.6882,Open-Meteo-Historical,
2026-04-29 04:00:00,25.0,95,,0.0,91,,2.3,6.1,3,Dong Thap,10.4939,105.6882,Open-Meteo-Historical,
2026-04-29 05:00:00,24.8,96,,0.0,99,,1.1,2.9,3,Dong Thap,10.4939,105.6882,Open-Meteo-Historical,
2026-04-29 06:00:00,24.5,98,,0.0,80,,1.7,2.2,3,Dong Thap,10.4939,105.6882,Open-Meteo-Historical,
2026-04-29 07:00:00,27.0,90,,0.0,2,,5.1,9.0,0,Dong Thap,10.4939,105.6882,Open-Meteo-Historical,
2026-04-29 08:00:00,29.0,76,,0.0,13,,7.6,18.0,0,Dong Thap,10.4939,105.6882,Open-Meteo-Historical,
2026-04-29 09:00:00,30.4,67,,0.0,42,,7.1,19.1,1,Dong Thap,10.4939,105.6882,Open-Meteo-Historical,
2026-04-29 10:00:00,31.8,58,,0.0,98,,4.7,19.1,3,Dong Thap,10.4939,105.6882,Open-Meteo-Historical,
2026-04-29 11:00:00,33.0,52,,0.0,84,,3.6,16.2,3,Dong Thap,10.4939,105.6882,Open-Meteo-Historical,
2026-04-29 12:00:00,33.8,50,,0.0,23,,3.9,15.8,1,Dong Thap,10.4939,105.6882,Open-Meteo-Historical,
2026-04-29 13:00:00,33.9,47,,0.0,53,,7.7,17.3,2,Dong Thap,10.4939,105.6882,Open-Meteo-Historical,
2026-04-29 14:00:00,33.8,48,,0.0,47,,7.0,19.4,1,Dong Thap,10.4939,105.6882,Open-Meteo-Historical,
2026-04-29 15:00:00,34.2,47,,0.0,85,,7.2,19.1,3,Dong Thap,10.4939,105.6882,Open-Meteo-Historical,
2026-04-29 16:00:00,33.7,49,,0.0,20,,7.4,17.6,1,Dong Thap,10.4939,105.6882,Open-Meteo-Historical,
2026-04-29 17:00:00,33.0,52,,0.0,23,,7.8,16.2,1,Dong Thap,10.4939,105.6882,Open-Meteo-Historical,
2026-04-29 18:00:00,31.6,54,,0.0,18,,7.7,14.8,0,Dong Thap,10.4939,105.6882,Open-Meteo-Historical,
2026-04-29 19:00:00,30.6,57,,0.0,9,,6.3,17.6,0,Dong Thap,10.4939,105.6882,Open-Meteo-Historical,
2026-04-29 20:00:00,30.2,60,,0.0,50,,5.7,11.9,2,Dong Thap,10.4939,105.6882,Open-Meteo-Historical,
2026-04-29 21:00:00,29.5,63,,0.0,98,,6.1,7.9,3,Dong Thap,10.4939,105.6882,Open-Meteo-Historical,
2026-04-29 22:00:00,29.0,67,,0.0,41,,11.6,20.5,1,Dong Thap,10.4939,105.6882,Open-Meteo-Historical,
2026-04-29 23:00:00,28.4,67,,0.0,11,,9.0,19.8,0,Dong Thap,10.4939,105.6882,Open-Meteo-Historical,
2026-04-30 00:00:00,27.7,69,,0.0,37,,7.6,15.5,1,Dong Thap,10.4939,105.6882,Open-Meteo-Historical,
2026-04-30 01:00:00,27.1,75,,0.0,26,,6.3,13.3,1,Dong Thap,10.4939,105.6882,Open-Meteo-Historical,
2026-04-30 02:00:00,26.8,80,,0.0,81,,6.1,10.8,3,Dong Thap,10.4939,105.6882,Open-Meteo-Historical,
2026-04-30 03:00:00,26.1,84,,0.0,9,,4.6,10.4,0,Dong Thap,10.4939,105.6882,Open-Meteo-Historical,
2026-04-30 04:00:00,25.9,86,,0.0,2,,4.9,8.3,0,Dong Thap,10.4939,105.6882,Open-Meteo-Historical,
2026-04-30 05:00:00,25.4,90,,0.0,2,,3.6,7.9,0,Dong Thap,10.4939,105.6882,Open-Meteo-Historical,
2026-04-30 06:00:00,25.5,91,,0.0,4,,2.6,4.7,0,Dong Thap,10.4939,105.6882,Open-Meteo-Historical,
2026-04-30 07:00:00,27.4,87,,0.0,2,,4.0,12.6,0,Dong Thap,10.4939,105.6882,Open-Meteo-Historical,
2026-04-30 08:00:00,29.5,77,,0.0,21,,9.6,22.0,1,Dong Thap,10.4939,105.6882,Open-Meteo-Historical,
2026-04-30 09:00:00,31.0,69,,0.0,9,,8.6,24.8,0,Dong Thap,10.4939,105.6882,Open-Meteo-Historical,
2026-04-30 10:00:00,32.4,61,,0.0,22,,8.5,25.9,1,Dong Thap,10.4939,105.6882,Open-Meteo-Historical,
2026-04-30 11:00:00,33.2,59,,0.1,34,,9.4,27.0,51,Dong Thap,10.4939,105.6882,Open-Meteo-Historical,
2026-04-30 12:00:00,34.0,56,,0.0,16,,9.4,27.0,0,Dong Thap,10.4939,105.6882,Open-Meteo-Historical,
2026-04-30 13:00:00,33.9,55,,0.0,83,,9.2,25.6,3,Dong Thap,10.4939,105.6882,Open-Meteo-Historical,
2026-04-30 14:00:00,34.4,52,,0.0,98,,9.4,24.1,3,Dong Thap,10.4939,105.6882,Open-Meteo-Historical,
2026-04-30 15:00:00,34.2,51,,0.0,48,,11.8,24.8,1,Dong Thap,10.4939,105.6882,Open-Meteo-Historical,
2026-04-30 16:00:00,33.2,54,,0.7,51,,11.5,25.6,53,Dong Thap,10.4939,105.6882,Open-Meteo-Historical,
2026-04-30 17:00:00,32.8,55,,0.0,9,,10.6,21.6,0,Dong Thap,10.4939,105.6882,Open-Meteo-Historical,
2026-04-30 18:00:00,31.5,56,,0.0,9,,11.2,19.4,0,Dong Thap,10.4939,105.6882,Open-Meteo-Historical,
2026-04-30 19:00:00,30.8,57,,0.0,71,,11.1,21.6,2,Dong Thap,10.4939,105.6882,Open-Meteo-Historical,
2026-04-30 20:00:00,29.9,61,,0.0,90,,10.7,19.4,3,Dong Thap,10.4939,105.6882,Open-Meteo-Historical,
2026-04-30 21:00:00,29.0,65,,0.0,93,,11.3,19.8,3,Dong Thap,10.4939,105.6882,Open-Meteo-Historical,
2026-04-30 22:00:00,28.1,73,,0.0,91,,9.2,19.4,3,Dong Thap,10.4939,105.6882,Open-Meteo-Historical,
2026-04-30 23:00:00,27.6,79,,0.0,99,,6.9,15.5,3,Dong Thap,10.4939,105.6882,Open-Meteo-Historical,
2026-05-01 00:00:00,27.1,84,,0.0,100,,6.7,11.9,3,Dong Thap,10.4939,105.6882,Open-Meteo-Historical,
2026-05-01 01:00:00,27.0,84,,0.0,100,,7.3,11.5,3,Dong Thap,10.4939,105.6882,Open-Meteo-Historical,
2026-05-01 02:00:00,26.8,86,,0.0,100,,6.7,12.2,3,Dong Thap,10.4939,105.6882,Open-Meteo-Historical,
2026-05-01 03:00:00,26.5,88,,0.0,100,,6.8,11.9,3,Dong Thap,10.4939,105.6882,Open-Meteo-Historical,
2026-05-01 04:00:00,26.1,91,,0.0,61,,4.0,11.2,2,Dong Thap,10.4939,105.6882,Open-Meteo-Historical,
2026-05-01 05:00:00,26.1,91,,0.0,48,,1.3,5.4,1,Dong Thap,10.4939,105.6882,Open-Meteo-Historical,
2026-05-01 06:00:00,26.3,92,,0.0,23,,0.8,1.8,1,Dong Thap,10.4939,105.6882,Open-Meteo-Historical,
2026-05-01 07:00:00,28.5,79,,0.0,12,,6.7,10.4,0,Dong Thap,10.4939,105.6882,Open-Meteo-Historical,
2026-05-01 08:00:00,30.2,68,,0.0,14,,11.4,23.0,0,Dong Thap,10.4939,105.6882,Open-Meteo-Historical,
2026-05-01 09:00:00,31.8,54,,0.0,5,,13.6,28.1,0,Dong Thap,10.4939,105.6882,Open-Meteo-Historical,
2026-05-01 10:00:00,33.1,49,,0.0,0,,12.8,28.1,0,Dong Thap,10.4939,105.6882,Open-Meteo-Historical,
2026-05-01 11:00:00,34.4,45,,0.0,13,,12.4,27.4,0,Dong Thap,10.4939,105.6882,Open-Meteo-Historical,
2026-05-01 12:00:00,35.2,41,,0.0,95,,13.4,28.4,3,Dong Thap,10.4939,105.6882,Open-Meteo-Historical,
2026-05-01 13:00:00,35.3,40,,0.0,100,,13.9,30.2,3,Dong Thap,10.4939,105.6882,Open-Meteo-Historical,
2026-05-01 14:00:00,35.2,40,,0.0,100,,14.9,30.6,3,Dong Thap,10.4939,105.6882,Open-Meteo-Historical,
2026-05-01 15:00:00,34.7,41,,0.0,100,,15.7,29.9,3,Dong Thap,10.4939,105.6882,Open-Meteo-Historical,
2026-05-01 16:00:00,34.0,44,,0.0,97,,14.2,30.6,3,Dong Thap,10.4939,105.6882,Open-Meteo-Historical,
2026-05-01 17:00:00,33.1,47,,0.0,93,,14.4,25.9,3,Dong Thap,10.4939,105.6882,Open-Meteo-Historical,
2026-05-01 18:00:00,31.3,53,,0.0,99,,17.4,32.4,3,Dong Thap,10.4939,105.6882,Open-Meteo-Historical,
2026-05-01 19:00:00,30.6,58,,0.0,100,,12.4,31.0,3,Dong Thap,10.4939,105.6882,Open-Meteo-Historical,
2026-05-01 20:00:00,29.6,67,,0.0,99,,13.3,23.0,3,Dong Thap,10.4939,105.6882,Open-Meteo-Historical,
2026-05-01 21:00:00,28.7,77,,0.0,100,,10.6,23.4,3,Dong Thap,10.4939,105.6882,Open-Meteo-Historical,
2026-05-01 22:00:00,28.1,80,,0.0,95,,7.9,18.4,3,Dong Thap,10.4939,105.6882,Open-Meteo-Historical,
2026-05-01 23:00:00,27.9,83,,0.0,94,,7.8,13.7,3,Dong Thap,10.4939,105.6882,Open-Meteo-Historical,
2026-05-02 00:00:00,27.6,83,,0.0,5,,7.9,14.0,0,Dong Thap,10.4939,105.6882,Open-Meteo-Historical,
2026-05-02 01:00:00,27.2,85,,0.0,98,,7.1,13.7,3,Dong Thap,10.4939,105.6882,Open-Meteo-Historical,
2026-05-02 02:00:00,27.0,86,,0.0,99,,5.6,11.9,3,Dong Thap,10.4939,105.6882,Open-Meteo-Historical,
2026-05-02 03:00:00,26.6,88,,0.0,95,,4.6,9.4,3,Dong Thap,10.4939,105.6882,Open-Meteo-Historical,
2026-05-02 04:00:00,26.4,89,,0.0,98,,5.0,8.3,3,Dong Thap,10.4939,105.6882,Open-Meteo-Historical,
2026-05-02 05:00:00,26.2,90,,0.0,9,,4.6,7.9,0,Dong Thap,10.4939,105.6882,Open-Meteo-Historical,
2026-05-02 06:00:00,26.2,91,,0.0,5,,3.6,7.2,0,Dong Thap,10.4939,105.6882,Open-Meteo-Historical,
2026-05-02 07:00:00,28.3,82,,0.0,31,,7.4,10.8,1,Dong Thap,10.4939,105.6882,Open-Meteo-Historical,
2026-05-02 08:00:00,28.7,74,,0.9,82,,11.9,25.6,53,Dong Thap,10.4939,105.6882,Open-Meteo-Historical,
2026-05-02 09:00:00,29.9,74,,0.2,43,,8.3,24.1,51,Dong Thap,10.4939,105.6882,Open-Meteo-Historical,
2026-05-02 10:00:00,31.2,68,,0.0,96,,7.9,24.5,3,Dong Thap,10.4939,105.6882,Open-Meteo-Historical,
2026-05-02 11:00:00,29.9,69,,1.1,98,,15.2,29.9,55,Dong Thap,10.4939,105.6882,Open-Meteo-Historical,
2026-05-02 12:00:00,30.0,72,,0.4,100,,13.1,31.7,51,Dong Thap,10.4939,105.6882,Open-Meteo-Historical,
2026-05-02 13:00:00,31.6,61,,0.1,100,,12.4,33.5,51,Dong Thap,10.4939,105.6882,Open-Meteo-Historical,
2026-05-02 14:00:00,32.0,60,,0.1,81,,9.3,26.6,51,Dong Thap,10.4939,105.6882,Open-Meteo-Historical,
2026-05-02 15:00:00,32.4,59,,0.0,95,,6.5,22.0,3,Dong Thap,10.4939,105.6882,Open-Meteo-Historical,
2026-05-02 16:00:00,31.6,62,,0.1,99,,8.0,19.8,51,Dong Thap,10.4939,105.6882,Open-Meteo-Historical,
2026-05-02 17:00:00,29.4,70,,1.0,100,,14.2,25.6,55,Dong Thap,10.4939,105.6882,Open-Meteo-Historical,
2026-05-02 18:00:00,27.9,82,,0.2,100,,5.6,26.3,51,Dong Thap,10.4939,105.6882,Open-Meteo-Historical,
2026-05-02 19:00:00,29.0,76,,0.0,99,,8.7,11.2,3,Dong Thap,10.4939,105.6882,Open-Meteo-Historical,
2026-05-02 20:00:00,28.6,76,,0.0,98,,9.4,17.6,3,Dong Thap,10.4939,105.6882,Open-Meteo-Historical,
2026-05-02 21:00:00,28.4,77,,0.0,100,,8.8,15.8,3,Dong Thap,10.4939,105.6882,Open-Meteo-Historical,
2026-05-02 22:00:00,28.0,80,,0.0,100,,6.7,15.5,3,Dong Thap,10.4939,105.6882,Open-Meteo-Historical,
2026-05-02 23:00:00,27.4,85,,0.0,100,,3.7,11.2,3,Dong Thap,10.4939,105.6882,Open-Meteo-Historical,
2026-05-03 00:00:00,27.2,87,,0.0,100,,2.8,5.0,3,Dong Thap,10.4939,105.6882,Open-Meteo-Historical,
2026-05-03 01:00:00,27.0,88,,0.0,100,,0.6,4.0,3,Dong Thap,10.4939,105.6882,Open-Meteo-Historical,
2026-05-03 02:00:00,26.1,90,,3.9,100,,3.0,5.8,63,Dong Thap,10.4939,105.6882,Open-Meteo-Historical,
2026-05-03 03:00:00,25.9,94,,0.1,100,,3.1,6.5,51,Dong Thap,10.4939,105.6882,Open-Meteo-Historical,
2026-05-03 04:00:00,25.8,95,,0.0,100,,4.7,8.6,3,Dong Thap,10.4939,105.6882,Open-Meteo-Historical,
2026-05-03 05:00:00,25.8,94,,0.0,100,,1.3,7.9,3,Dong Thap,10.4939,105.6882,Open-Meteo-Historical,
2026-05-03 06:00:00,25.9,95,,0.0,100,,0.5,1.8,3,Dong Thap,10.4939,105.6882,Open-Meteo-Historical,
2026-05-03 07:00:00,27.8,87,,0.0,100,,2.9,7.9,3,Dong Thap,10.4939,105.6882,Open-Meteo-Historical,
2026-05-03 08:00:00,29.5,77,,0.1,100,,8.7,19.4,51,Dong Thap,10.4939,105.6882,Open-Meteo-Historical,
2026-05-03 09:00:00,30.8,72,,0.1,100,,11.2,25.2,51,Dong Thap,10.4939,105.6882,Open-Meteo-Historical,
2026-05-03 10:00:00,31.7,66,,0.1,100,,13.0,29.5,51,Dong Thap,10.4939,105.6882,Open-Meteo-Historical,
2026-05-03 11:00:00,32.5,63,,0.0,100,,12.9,31.7,3,Dong Thap,10.4939,105.6882,Open-Meteo-Historical,
2026-05-03 12:00:00,33.2,59,,0.0,99,,10.3,31.3,3,Dong Thap,10.4939,105.6882,Open-Meteo-Historical,
2026-05-03 13:00:00,30.0,72,,0.0,100,,13.4,28.4,3,Dong Thap,10.4939,105.6882,Open-Meteo-Historical,
2026-05-03 14:00:00,31.0,68,,0.5,100,,10.7,26.6,53,Dong Thap,10.4939,105.6882,Open-Meteo-Historical,
2026-05-03 15:00:00,31.5,62,,0.3,100,,10.1,23.8,51,Dong Thap,10.4939,105.6882,Open-Meteo-Historical,
2026-05-03 16:00:00,30.5,69,,0.0,100,,9.3,22.7,3,Dong Thap,10.4939,105.6882,Open-Meteo-Historical,
2026-05-03 17:00:00,30.2,67,,0.6,100,,6.9,19.1,53,Dong Thap,10.4939,105.6882,Open-Meteo-Historical,
2026-05-03 18:00:00,29.2,74,,0.0,100,,5.0,14.4,3,Dong Thap,10.4939,105.6882,Open-Meteo-Historical,
2026-05-03 19:00:00,27.6,87,,0.0,100,,4.3,8.3,3,Dong Thap,10.4939,105.6882,Open-Meteo-Historical,
2026-05-03 20:00:00,27.5,88,,0.0,100,,6.7,12.2,3,Dong Thap,10.4939,105.6882,Open-Meteo-Historical,
2026-05-03 21:00:00,27.1,90,,0.0,100,,2.7,11.5,3,Dong Thap,10.4939,105.6882,Open-Meteo-Historical,
2026-05-03 22:00:00,27.0,92,,0.0,100,,2.2,4.0,3,Dong Thap,10.4939,105.6882,Open-Meteo-Historical,
2026-05-03 23:00:00,27.0,93,,0.0,100,,1.1,3.2,3,Dong Thap,10.4939,105.6882,Open-Meteo-Historical,
2026-05-04 00:00:00,26.4,95,,0.0,100,,2.3,4.0,3,Dong Thap,10.4939,105.6882,Open-Meteo-Historical,
2026-05-04 01:00:00,25.8,96,,0.0,90,,2.8,6.8,3,Dong Thap,10.4939,105.6882,Open-Meteo-Historical,
2026-05-04 02:00:00,25.9,96,,0.0,59,,4.5,8.3,2,Dong Thap,10.4939,105.6882,Open-Meteo-Historical,
2026-05-04 03:00:00,25.7,96,,0.0,98,,4.9,9.4,3,Dong Thap,10.4939,105.6882,Open-Meteo-Historical,
2026-05-04 04:00:00,25.5,97,,0.0,22,,3.9,9.0,1,Dong Thap,10.4939,105.6882,Open-Meteo-Historical,
2026-05-04 05:00:00,25.4,97,,0.0,49,,5.0,9.4,1,Dong Thap,10.4939,105.6882,Open-Meteo-Historical,
2026-05-04 06:00:00,25.5,96,,0.0,97,,6.1,9.0,3,Dong Thap,10.4939,105.6882,Open-Meteo-Historical,
2026-05-04 07:00:00,25.4,93,,0.0,100,,10.2,18.7,3,Dong Thap,10.4939,105.6882,Open-Meteo-Historical,
2026-05-04 08:00:00,26.1,91,,0.0,99,,8.7,20.2,3,Dong Thap,10.4939,105.6882,Open-Meteo-Historical,
2026-05-04 09:00:00,28.4,81,,0.0,100,,7.8,19.8,3,Dong Thap,10.4939,105.6882,Open-Meteo-Historical,
2026-05-04 10:00:00,30.4,76,,0.0,100,,6.2,24.5,3,Dong Thap,10.4939,105.6882,Open-Meteo-Historical,
2026-05-04 11:00:00,32.2,68,,0.1,100,,7.8,26.6,51,Dong Thap,10.4939,105.6882,Open-Meteo-Historical,
2026-05-04 12:00:00,33.2,60,,0.1,100,,8.8,26.3,51,Dong Thap,10.4939,105.6882,Open-Meteo-Historical,
2026-05-04 13:00:00,30.1,70,,0.0,100,,5.1,23.4,3,Dong Thap,10.4939,105.6882,Open-Meteo-Historical,
2026-05-04 14:00:00,29.0,77,,2.2,100,,4.0,18.0,61,Dong Thap,10.4939,105.6882,Open-Meteo-Historical,
2026-05-04 15:00:00,30.1,74,,0.0,100,,5.5,13.7,3,Dong Thap,10.4939,105.6882,Open-Meteo-Historical,
2026-05-04 16:00:00,29.5,75,,0.1,100,,2.7,16.2,51,Dong Thap,10.4939,105.6882,Open-Meteo-Historical,
2026-05-04 17:00:00,29.0,76,,0.1,100,,7.9,14.8,51,Dong Thap,10.4939,105.6882,Open-Meteo-Historical,
2026-05-04 18:00:00,27.8,82,,0.0,100,,6.0,16.6,3,Dong Thap,10.4939,105.6882,Open-Meteo-Historical,
2026-05-04 19:00:00,28.8,81,,0.0,100,,2.6,9.7,3,Dong Thap,10.4939,105.6882,Open-Meteo-Historical,
2026-05-04 20:00:00,28.2,82,,0.0,100,,5.4,9.0,3,Dong Thap,10.4939,105.6882,Open-Meteo-Historical,
2026-05-04 21:00:00,28.1,81,,0.0,100,,5.4,8.6,3,Dong Thap,10.4939,105.6882,Open-Meteo-Historical,
2026-05-04 22:00:00,28.0,80,,0.0,100,,7.1,11.9,3,Dong Thap,10.4939,105.6882,Open-Meteo-Historical,
2026-05-04 23:00:00,27.6,84,,0.0,100,,4.8,11.9,3,Dong Thap,10.4939,105.6882,Open-Meteo-Historical,
2026-05-05 00:00:00,26.9,89,,0.0,100,,4.3,7.9,3,Dong Thap,10.4939,105.6882,Open-Meteo-Historical,
2026-05-05 01:00:00,26.2,93,,0.0,100,,3.5,6.5,3,Dong Thap,10.4939,105.6882,Open-Meteo-Historical,
2026-05-05 02:00:00,26.4,93,,0.0,100,,2.8,5.0,3,Dong Thap,10.4939,105.6882,Open-Meteo-Historical,
2026-05-05 03:00:00,26.1,94,,0.0,100,,3.1,5.4,3,Dong Thap,10.4939,105.6882,Open-Meteo-Historical,
2026-05-05 04:00:00,26.0,94,,0.0,100,,1.0,5.0,3,Dong Thap,10.4939,105.6882,Open-Meteo-Historical,
2026-05-05 05:00:00,25.9,94,,0.0,100,,3.1,3.6,3,Dong Thap,10.4939,105.6882,Open-Meteo-Historical,
2026-05-05 06:00:00,26.1,92,,0.0,100,,5.4,8.3,3,Dong Thap,10.4939,105.6882,Open-Meteo-Historical,
2026-05-05 07:00:00,28.0,82,,0.0,98,,9.0,14.4,3,Dong Thap,10.4939,105.6882,Open-Meteo-Historical,
2026-05-05 08:00:00,29.6,75,,0.0,100,,13.9,27.0,3,Dong Thap,10.4939,105.6882,Open-Meteo-Historical,
2026-05-05 09:00:00,30.9,68,,0.0,100,,17.0,35.3,3,Dong Thap,10.4939,105.6882,Open-Meteo-Historical,
2026-05-05 10:00:00,31.9,61,,0.0,100,,16.9,34.9,3,Dong Thap,10.4939,105.6882,Open-Meteo-Historical,
2026-05-05 11:00:00,32.8,58,,0.0,100,,15.6,34.2,3,Dong Thap,10.4939,105.6882,Open-Meteo-Historical,
2026-05-05 12:00:00,33.5,56,,0.3,100,,14.4,32.4,51,Dong Thap,10.4939,105.6882,Open-Meteo-Historical,
2026-05-05 13:00:00,34.2,52,,0.1,100,,12.2,31.7,51,Dong Thap,10.4939,105.6882,Open-Meteo-Historical,
2026-05-05 14:00:00,34.5,51,,0.0,100,,11.2,27.4,3,Dong Thap,10.4939,105.6882,Open-Meteo-Historical,
2026-05-05 15:00:00,28.0,82,,4.2,100,,3.5,38.2,63,Dong Thap,10.4939,105.6882,Open-Meteo-Historical,
2026-05-05 16:00:00,29.2,79,,0.1,100,,9.9,22.0,51,Dong Thap,10.4939,105.6882,Open-Meteo-Historical,
2026-05-05 17:00:00,29.6,77,,0.0,100,,8.9,19.4,3,Dong Thap,10.4939,105.6882,Open-Meteo-Historical,
2026-05-05 18:00:00,28.5,81,,0.0,100,,5.3,18.7,3,Dong Thap,10.4939,105.6882,Open-Meteo-Historical,
2026-05-05 19:00:00,28.6,77,,0.0,100,,6.4,9.0,3,Dong Thap,10.4939,105.6882,Open-Meteo-Historical,
2026-05-05 20:00:00,28.5,75,,0.0,99,,7.0,11.9,3,Dong Thap,10.4939,105.6882,Open-Meteo-Historical,
2026-05-05 21:00:00,28.4,75,,0.0,100,,9.8,16.9,3,Dong Thap,10.4939,105.6882,Open-Meteo-Historical,
2026-05-05 22:00:00,27.8,79,,0.0,100,,10.0,16.9,3,Dong Thap,10.4939,105.6882,Open-Meteo-Historical,
2026-05-05 23:00:00,27.5,82,,0.0,100,,9.4,17.3,3,Dong Thap,10.4939,105.6882,Open-Meteo-Historical,
2026-05-06 00:00:00,27.1,84,,0.0,100,,10.1,17.6,3,Dong Thap,10.4939,105.6882,Open-Meteo-Historical,
2026-05-06 01:00:00,26.2,86,,0.0,100,,8.0,17.6,3,Dong Thap,10.4939,105.6882,Open-Meteo-Historical,
2026-05-06 02:00:00,26.1,86,,0.0,100,,6.9,14.0,3,Dong Thap,10.4939,105.6882,Open-Meteo-Historical,
2026-05-06 03:00:00,26.0,87,,0.0,100,,5.6,12.2,3,Dong Thap,10.4939,105.6882,Open-Meteo-Historical,
2026-05-06 04:00:00,25.8,89,,0.0,100,,5.5,9.4,3,Dong Thap,10.4939,105.6882,Open-Meteo-Historical,
2026-05-06 05:00:00,25.8,90,,0.0,100,,6.7,11.2,3,Dong Thap,10.4939,105.6882,Open-Meteo-Historical,
2026-05-06 06:00:00,26.0,91,,0.0,100,,8.6,14.0,3,Dong Thap,10.4939,105.6882,Open-Meteo-Historical,
2026-05-06 07:00:00,27.1,82,,0.0,93,,13.6,18.4,3,Dong Thap,10.4939,105.6882,Open-Meteo-Historical,
2026-05-06 08:00:00,28.5,75,,0.0,76,,12.3,27.4,2,Dong Thap,10.4939,105.6882,Open-Meteo-Historical,
2026-05-06 09:00:00,30.5,69,,0.0,99,,16.8,34.2,3,Dong Thap,10.4939,105.6882,Open-Meteo-Historical,
2026-05-06 10:00:00,31.5,65,,0.0,100,,15.5,37.8,3,Dong Thap,10.4939,105.6882,Open-Meteo-Historical,
2026-05-06 11:00:00,32.3,62,,0.1,100,,13.9,36.4,51,Dong Thap,10.4939,105.6882,Open-Meteo-Historical,
2026-05-06 12:00:00,33.8,55,,0.1,100,,14.2,34.2,51,Dong Thap,10.4939,105.6882,Open-Meteo-Historical,
2026-05-06 13:00:00,35.0,49,,5.0,100,,11.2,36.4,63,Dong Thap,10.4939,105.6882,Open-Meteo-Historical,
2026-05-06 14:00:00,29.3,76,,2.2,99,,4.7,26.6,61,Dong Thap,10.4939,105.6882,Open-Meteo-Historical,
2026-05-06 15:00:00,30.8,71,,0.0,100,,7.7,17.6,3,Dong Thap,10.4939,105.6882,Open-Meteo-Historical,
2026-05-06 16:00:00,29.8,72,,0.2,100,,15.3,28.1,51,Dong Thap,10.4939,105.6882,Open-Meteo-Historical,
2026-05-06 17:00:00,28.1,79,,0.9,100,,9.1,30.2,53,Dong Thap,10.4939,105.6882,Open-Meteo-Historical,
2026-05-06 18:00:00,28.0,83,,0.0,100,,4.2,16.6,3,Dong Thap,10.4939,105.6882,Open-Meteo-Historical,
2026-05-06 19:00:00,26.6,93,,0.0,100,,11.8,8.6,3,Dong Thap,10.4939,105.6882,Open-Meteo-Historical,
2026-05-06 20:00:00,26.6,93,,0.3,100,,6.3,20.2,51,Dong Thap,10.4939,105.6882,Open-Meteo-Historical,
2026-05-06 21:00:00,26.6,95,,0.1,100,,5.5,10.8,51,Dong Thap,10.4939,105.6882,Open-Meteo-Historical,
2026-05-06 22:00:00,26.5,94,,0.0,100,,3.7,9.0,3,Dong Thap,10.4939,105.6882,Open-Meteo-Historical,
2026-05-06 23:00:00,26.5,93,,0.0,100,,5.4,8.6,3,Dong Thap,10.4939,105.6882,Open-Meteo-Historical,
2026-05-07 00:00:00,26.2,94,,0.0,100,,5.3,9.4,3,Dong Thap,10.4939,105.6882,Open-Meteo-Historical,
2026-05-07 01:00:00,26.2,94,,0.0,100,,3.8,8.6,3,Dong Thap,10.4939,105.6882,Open-Meteo-Historical,
2026-05-07 02:00:00,26.0,95,,0.0,100,,4.5,7.2,3,Dong Thap,10.4939,105.6882,Open-Meteo-Historical,
2026-05-07 03:00:00,26.0,96,,0.0,100,,4.4,7.6,3,Dong Thap,10.4939,105.6882,Open-Meteo-Historical,
2026-05-07 04:00:00,25.8,96,,0.0,100,,3.8,7.2,3,Dong Thap,10.4939,105.6882,Open-Meteo-Historical,
2026-05-07 05:00:00,25.8,96,,0.0,100,,4.5,7.2,3,Dong Thap,10.4939,105.6882,Open-Meteo-Historical,
2026-05-07 06:00:00,26.1,94,,0.0,98,,8.3,13.0,3,Dong Thap,10.4939,105.6882,Open-Meteo-Historical,
2026-05-07 07:00:00,27.9,86,,0.0,31,,10.1,20.2,1,Dong Thap,10.4939,105.6882,Open-Meteo-Historical,
2026-05-07 08:00:00,29.3,78,,0.1,20,,14.2,27.4,51,Dong Thap,10.4939,105.6882,Open-Meteo-Historical,
2026-05-07 09:00:00,30.5,74,,0.1,55,,13.9,29.2,51,Dong Thap,10.4939,105.6882,Open-Meteo-Historical,
2026-05-07 10:00:00,31.7,68,,0.0,93,,14.3,31.0,3,Dong Thap,10.4939,105.6882,Open-Meteo-Historical,
2026-05-07 11:00:00,32.7,64,,0.0,27,,13.5,31.0,1,Dong Thap,10.4939,105.6882,Open-Meteo-Historical,
2026-05-07 12:00:00,33.2,61,,0.0,20,,11.7,30.2,1,Dong Thap,10.4939,105.6882,Open-Meteo-Historical,
2026-05-07 13:00:00,33.3,59,,0.0,38,,11.2,28.1,1,Dong Thap,10.4939,105.6882,Open-Meteo-Historical,
2026-05-07 14:00:00,33.8,58,,0.0,19,,9.8,26.6,0,Dong Thap,10.4939,105.6882,Open-Meteo-Historical,
2026-05-07 15:00:00,34.0,55,,0.0,81,,10.2,24.1,3,Dong Thap,10.4939,105.6882,Open-Meteo-Historical,
2026-05-07 16:00:00,33.2,56,,0.0,97,,6.8,23.4,3,Dong Thap,10.4939,105.6882,Open-Meteo-Historical,
2026-05-07 17:00:00,32.4,59,,0.0,100,,6.2,16.9,3,Dong Thap,10.4939,105.6882,Open-Meteo-Historical,
2026-05-07 18:00:00,31.0,63,,0.0,66,,4.7,13.0,2,Dong Thap,10.4939,105.6882,Open-Meteo-Historical,
2026-05-07 19:00:00,30.2,66,,0.0,98,,7.8,7.9,3,Dong Thap,10.4939,105.6882,Open-Meteo-Historical,
2026-05-07 20:00:00,29.8,68,,0.0,97,,11.2,19.4,3,Dong Thap,10.4939,105.6882,Open-Meteo-Historical,
2026-05-07 21:00:00,28.9,73,,0.0,98,,8.5,19.1,3,Dong Thap,10.4939,105.6882,Open-Meteo-Historical,
2026-05-07 22:00:00,28.1,79,,0.0,100,,5.5,14.4,3,Dong Thap,10.4939,105.6882,Open-Meteo-Historical,
2026-05-07 23:00:00,27.5,83,,0.0,100,,4.4,8.6,3,Dong Thap,10.4939,105.6882,Open-Meteo-Historical,
2026-05-08 00:00:00,27.0,86,,0.0,100,,4.3,6.5,3,Dong Thap,10.4939,105.6882,Open-Meteo-Historical,
2026-05-08 01:00:00,24.9,87,,0.0,100,,8.1,6.1,3,Dong Thap,10.4939,105.6882,Open-Meteo-Historical,
2026-05-08 02:00:00,24.3,90,,0.9,95,,2.5,16.6,53,Dong Thap,10.4939,105.6882,Open-Meteo-Historical,
2026-05-08 03:00:00,24.5,91,,0.0,87,,2.4,6.5,3,Dong Thap,10.4939,105.6882,Open-Meteo-Historical,
2026-05-08 04:00:00,24.4,93,,0.0,98,,2.3,5.4,3,Dong Thap,10.4939,105.6882,Open-Meteo-Historical,
2026-05-08 05:00:00,24.5,94,,0.0,100,,0.5,5.4,3,Dong Thap,10.4939,105.6882,Open-Meteo-Historical,
2026-05-08 06:00:00,24.7,95,,0.0,100,,3.0,3.2,3,Dong Thap,10.4939,105.6882,Open-Meteo-Historical,
2026-05-08 07:00:00,27.8,85,,0.0,100,,1.8,9.0,3,Dong Thap,10.4939,105.6882,Open-Meteo-Historical,
2026-05-08 08:00:00,28.5,78,,0.4,100,,6.7,14.0,51,Dong Thap,10.4939,105.6882,Open-Meteo-Historical,
2026-05-08 09:00:00,28.9,77,,0.6,100,,7.0,22.3,53,Dong Thap,10.4939,105.6882,Open-Meteo-Historical,
2026-05-08 10:00:00,31.0,67,,0.1,99,,9.1,21.6,51,Dong Thap,10.4939,105.6882,Open-Meteo-Historical,
2026-05-08 11:00:00,32.2,62,,0.1,100,,10.9,24.8,51,Dong Thap,10.4939,105.6882,Open-Meteo-Historical,
2026-05-08 12:00:00,33.1,61,,0.2,100,,9.9,27.4,51,Dong Thap,10.4939,105.6882,Open-Meteo-Historical,
2026-05-08 13:00:00,33.1,53,,0.2,100,,9.0,24.1,51,Dong Thap,10.4939,105.6882,Open-Meteo-Historical,
2026-05-08 14:00:00,33.2,53,,0.2,100,,8.2,22.0,51,Dong Thap,10.4939,105.6882,Open-Meteo-Historical,
2026-05-08 15:00:00,33.2,54,,0.1,100,,6.9,21.2,51,Dong Thap,10.4939,105.6882,Open-Meteo-Historical,
2026-05-08 16:00:00,32.8,55,,0.1,100,,4.9,19.1,51,Dong Thap,10.4939,105.6882,Open-Meteo-Historical,
2026-05-08 17:00:00,32.4,56,,0.1,100,,3.8,12.2,51,Dong Thap,10.4939,105.6882,Open-Meteo-Historical,
2026-05-08 18:00:00,30.9,64,,0.0,100,,4.8,7.9,3,Dong Thap,10.4939,105.6882,Open-Meteo-Historical,
2026-05-08 19:00:00,30.3,65,,0.0,100,,10.4,15.8,3,Dong Thap,10.4939,105.6882,Open-Meteo-Historical,
2026-05-08 20:00:00,29.9,68,,0.0,100,,16.0,27.7,3,Dong Thap,10.4939,105.6882,Open-Meteo-Historical,
2026-05-08 21:00:00,29.0,73,,0.0,100,,13.1,28.1,3,Dong Thap,10.4939,105.6882,Open-Meteo-Historical,
2026-05-08 22:00:00,28.5,76,,0.0,100,,12.1,23.0,3,Dong Thap,10.4939,105.6882,Open-Meteo-Historical,
2026-05-08 23:00:00,28.3,77,,0.0,88,,11.1,21.2,3,Dong Thap,10.4939,105.6882,Open-Meteo-Historical,
2026-05-09 00:00:00,27.9,79,,0.0,91,,9.2,19.4,3,Dong Thap,10.4939,105.6882,Open-Meteo-Historical,
2026-05-09 01:00:00,27.9,80,,0.0,81,,6.8,15.5,3,Dong Thap,10.4939,105.6882,Open-Meteo-Historical,
2026-05-09 02:00:00,27.8,81,,0.0,18,,6.1,11.5,0,Dong Thap,10.4939,105.6882,Open-Meteo-Historical,
2026-05-09 03:00:00,26.9,86,,0.0,12,,4.2,10.4,0,Dong Thap,10.4939,105.6882,Open-Meteo-Historical,
2026-05-09 04:00:00,26.4,90,,0.0,2,,4.2,6.8,0,Dong Thap,10.4939,105.6882,Open-Meteo-Historical,
2026-05-09 05:00:00,26.1,91,,0.0,3,,4.0,6.1,0,Dong Thap,10.4939,105.6882,Open-Meteo-Historical,
2026-05-09 06:00:00,26.3,90,,0.0,0,,4.0,5.4,0,Dong Thap,10.4939,105.6882,Open-Meteo-Historical,
2026-05-09 07:00:00,28.2,82,,0.0,5,,2.3,13.7,0,Dong Thap,10.4939,105.6882,Open-Meteo-Historical,
2026-05-09 08:00:00,30.0,72,,0.0,75,,8.4,19.8,2,Dong Thap,10.4939,105.6882,Open-Meteo-Historical,
2026-05-09 09:00:00,31.7,58,,0.0,80,,10.6,23.8,3,Dong Thap,10.4939,105.6882,Open-Meteo-Historical,
2026-05-09 10:00:00,33.0,50,,0.1,94,,12.9,27.7,51,Dong Thap,10.4939,105.6882,Open-Meteo-Historical,
2026-05-09 11:00:00,34.2,48,,0.1,100,,12.4,28.8,51,Dong Thap,10.4939,105.6882,Open-Meteo-Historical,
2026-05-09 12:00:00,35.2,45,,0.0,100,,11.1,29.2,3,Dong Thap,10.4939,105.6882,Open-Meteo-Historical,
2026-05-09 13:00:00,34.8,46,,0.0,99,,13.2,26.3,3,Dong Thap,10.4939,105.6882,Open-Meteo-Historical,
2026-05-09 14:00:00,34.4,48,,0.0,100,,11.2,28.4,3,Dong Thap,10.4939,105.6882,Open-Meteo-Historical,
2026-05-09 15:00:00,34.7,48,,0.0,100,,7.1,24.8,3,Dong Thap,10.4939,105.6882,Open-Meteo-Historical,
2026-05-09 16:00:00,34.7,48,,0.0,100,,6.6,19.1,3,Dong Thap,10.4939,105.6882,Open-Meteo-Historical,
2026-05-09 17:00:00,31.5,60,,0.3,73,,14.6,27.7,51,Dong Thap,10.4939,105.6882,Open-Meteo-Historical,
2026-05-09 18:00:00,30.0,64,,0.0,27,,3.3,27.4,1,Dong Thap,10.4939,105.6882,Open-Meteo-Historical,
2026-05-09 19:00:00,31.0,57,,0.0,83,,12.2,6.5,3,Dong Thap,10.4939,105.6882,Open-Meteo-Historical,
2026-05-09 20:00:00,30.5,59,,0.0,82,,15.1,25.9,3,Dong Thap,10.4939,105.6882,Open-Meteo-Historical,
2026-05-09 21:00:00,29.9,63,,0.0,100,,15.8,28.8,3,Dong Thap,10.4939,105.6882,Open-Meteo-Historical,
2026-05-09 22:00:00,29.2,71,,0.0,99,,15.0,27.7,3,Dong Thap,10.4939,105.6882,Open-Meteo-Historical,
2026-05-09 23:00:00,28.7,76,,0.0,100,,13.5,26.3,3,Dong Thap,10.4939,105.6882,Open-Meteo-Historical,
2026-05-10 00:00:00,28.3,78,,0.0,99,,12.8,23.8,3,Dong Thap,10.4939,105.6882,Open-Meteo-Historical,
2026-05-10 01:00:00,27.9,83,,0.0,100,,7.9,22.7,3,Dong Thap,10.4939,105.6882,Open-Meteo-Historical,
2026-05-10 02:00:00,27.8,83,,0.0,100,,6.5,13.7,3,Dong Thap,10.4939,105.6882,Open-Meteo-Historical,
2026-05-10 03:00:00,27.6,82,,0.0,30,,6.9,11.9,1,Dong Thap,10.4939,105.6882,Open-Meteo-Historical,
2026-05-10 04:00:00,27.4,82,,0.0,80,,7.6,12.6,3,Dong Thap,10.4939,105.6882,Open-Meteo-Historical,
2026-05-10 05:00:00,27.4,80,,0.0,64,,8.5,14.4,2,Dong Thap,10.4939,105.6882,Open-Meteo-Historical,
2026-05-10 06:00:00,27.4,79,,0.0,95,,8.3,14.4,3,Dong Thap,10.4939,105.6882,Open-Meteo-Historical,
2026-05-10 07:00:00,29.5,69,,0.0,91,,10.9,15.5,3,Dong Thap,10.4939,105.6882,Open-Meteo-Historical,
2026-05-10 08:00:00,31.0,61,,0.0,49,,13.6,26.6,1,Dong Thap,10.4939,105.6882,Open-Meteo-Historical,
2026-05-10 09:00:00,33.0,53,,0.0,46,,15.0,30.2,1,Dong Thap,10.4939,105.6882,Open-Meteo-Historical,
2026-05-10 10:00:00,34.3,47,,0.0,68,,17.6,42.1,2,Dong Thap,10.4939,105.6882,Open-Meteo-Historical,
2026-05-10 11:00:00,35.4,46,,0.0,100,,17.6,42.5,3,Dong Thap,10.4939,105.6882,Open-Meteo-Historical,
2026-05-10 12:00:00,35.7,47,,0.0,100,,17.5,38.5,3,Dong Thap,10.4939,105.6882,Open-Meteo-Historical,
2026-05-10 13:00:00,28.4,81,,3.6,98,,8.9,42.5,63,Dong Thap,10.4939,105.6882,Open-Meteo-Historical,
2026-05-10 14:00:00,31.7,70,,0.1,88,,4.5,21.6,51,Dong Thap,10.4939,105.6882,Open-Meteo-Historical,
2026-05-10 15:00:00,30.7,69,,4.2,99,,17.6,34.2,63,Dong Thap,10.4939,105.6882,Open-Meteo-Historical,
2026-05-10 16:00:00,30.0,76,,1.6,99,,5.7,35.3,61,Dong Thap,10.4939,105.6882,Open-Meteo-Historical,
2026-05-10 17:00:00,29.5,77,,1.1,100,,3.7,15.8,55,Dong Thap,10.4939,105.6882,Open-Meteo-Historical,
2026-05-10 18:00:00,28.9,79,,0.6,100,,4.6,15.5,53,Dong Thap,10.4939,105.6882,Open-Meteo-Historical,
2026-05-10 19:00:00,26.1,90,,0.0,99,,4.8,11.9,3,Dong Thap,10.4939,105.6882,Open-Meteo-Historical,
2026-05-10 20:00:00,26.5,89,,0.0,98,,5.2,12.2,3,Dong Thap,10.4939,105.6882,Open-Meteo-Historical,
2026-05-10 21:00:00,26.5,90,,0.0,98,,4.9,10.8,3,Dong Thap,10.4939,105.6882,Open-Meteo-Historical,
2026-05-10 22:00:00,25.5,95,,0.7,99,,7.6,15.5,53,Dong Thap,10.4939,105.6882,Open-Meteo-Historical,
2026-05-10 23:00:00,25.6,96,,0.2,100,,1.3,12.2,51,Dong Thap,10.4939,105.6882,Open-Meteo-Historical,
2026-05-11 00:00:00,25.5,97,,0.0,100,,0.4,4.3,3,Dong Thap,10.4939,105.6882,Open-Meteo-Historical,
2026-05-11 01:00:00,25.9,93,,0.0,100,,4.4,1.8,3,Dong Thap,10.4939,105.6882,Open-Meteo-Historical,
2026-05-11 02:00:00,25.7,93,,0.0,100,,8.0,14.0,3,Dong Thap,10.4939,105.6882,Open-Meteo-Historical,
2026-05-11 03:00:00,25.9,93,,0.1,100,,1.4,14.0,51,Dong Thap,10.4939,105.6882,Open-Meteo-Historical,
2026-05-11 04:00:00,25.6,93,,0.4,100,,5.5,12.2,51,Dong Thap,10.4939,105.6882,Open-Meteo-Historical,
2026-05-11 05:00:00,25.2,92,,0.3,100,,2.5,11.5,51,Dong Thap,10.4939,105.6882,Open-Meteo-Historical,
2026-05-11 06:00:00,25.4,93,,0.0,100,,6.0,9.4,3,Dong Thap,10.4939,105.6882,Open-Meteo-Historical,
2026-05-11 07:00:00,27.0,90,,0.0,98,,9.5,16.6,3,Dong Thap,10.4939,105.6882,Open-Meteo-Historical,
2026-05-11 08:00:00,28.4,82,,0.0,98,,10.9,22.7,3,Dong Thap,10.4939,105.6882,Open-Meteo-Historical,
2026-05-11 09:00:00,29.9,75,,0.0,98,,13.7,27.0,3,Dong Thap,10.4939,105.6882,Open-Meteo-Historical,
2026-05-11 10:00:00,31.6,64,,0.0,100,,17.7,34.6,3,Dong Thap,10.4939,105.6882,Open-Meteo-Historical,
2026-05-11 11:00:00,32.9,58,,0.0,100,,18.3,37.4,3,Dong Thap,10.4939,105.6882,Open-Meteo-Historical,
2026-05-11 12:00:00,33.5,56,,0.0,100,,17.3,36.4,3,Dong Thap,10.4939,105.6882,Open-Meteo-Historical,
2026-05-11 13:00:00,33.8,54,,0.0,100,,17.9,35.6,3,Dong Thap,10.4939,105.6882,Open-Meteo-Historical,
2026-05-11 14:00:00,33.7,55,,0.0,99,,18.2,38.2,3,Dong Thap,10.4939,105.6882,Open-Meteo-Historical,
2026-05-11 15:00:00,33.0,56,,0.0,61,,17.5,36.7,2,Dong Thap,10.4939,105.6882,Open-Meteo-Historical,
2026-05-11 16:00:00,32.8,57,,0.0,88,,17.9,33.1,3,Dong Thap,10.4939,105.6882,Open-Meteo-Historical,
2026-05-11 17:00:00,31.8,61,,0.0,63,,14.1,32.8,2,Dong Thap,10.4939,105.6882,Open-Meteo-Historical,
2026-05-11 18:00:00,30.4,66,,0.0,89,,14.3,25.9,3,Dong Thap,10.4939,105.6882,Open-Meteo-Historical,
2026-05-11 19:00:00,29.6,73,,0.0,76,,11.2,25.2,2,Dong Thap,10.4939,105.6882,Open-Meteo-Historical,
2026-05-11 20:00:00,29.0,77,,0.0,100,,11.6,19.8,3,Dong Thap,10.4939,105.6882,Open-Meteo-Historical,
2026-05-11 21:00:00,28.5,79,,0.0,78,,10.9,21.2,2,Dong Thap,10.4939,105.6882,Open-Meteo-Historical,
2026-05-11 22:00:00,28.0,83,,0.0,15,,8.1,18.7,0,Dong Thap,10.4939,105.6882,Open-Meteo-Historical,
2026-05-11 23:00:00,27.5,86,,0.0,2,,7.8,13.7,0,Dong Thap,10.4939,105.6882,Open-Meteo-Historical,
2026-05-12 00:00:00,27.2,88,,0.0,77,,7.8,13.7,2,Dong Thap,10.4939,105.6882,Open-Meteo-Historical,
2026-05-12 01:00:00,27.3,89,,0.0,76,,9.2,13.3,2,Dong Thap,10.4939,105.6882,Open-Meteo-Historical,
2026-05-12 02:00:00,27.2,89,,0.0,94,,8.5,15.8,3,Dong Thap,10.4939,105.6882,Open-Meteo-Historical,
2026-05-12 03:00:00,27.0,89,,0.0,40,,8.7,15.1,1,Dong Thap,10.4939,105.6882,Open-Meteo-Historical,
2026-05-12 04:00:00,26.9,90,,0.0,16,,8.6,15.1,0,Dong Thap,10.4939,105.6882,Open-Meteo-Historical,
2026-05-12 05:00:00,26.7,89,,0.0,38,,8.3,14.8,1,Dong Thap,10.4939,105.6882,Open-Meteo-Historical,
2026-05-12 06:00:00,26.8,88,,0.0,77,,8.0,14.4,2,Dong Thap,10.4939,105.6882,Open-Meteo-Historical,
2026-05-12 07:00:00,28.9,81,,0.0,100,,9.1,22.7,3,Dong Thap,10.4939,105.6882,Open-Meteo-Historical,
2026-05-12 08:00:00,30.1,72,,0.0,95,,12.5,23.8,3,Dong Thap,10.4939,105.6882,Open-Meteo-Historical,
2026-05-12 09:00:00,31.5,64,,0.0,95,,13.4,29.5,3,Dong Thap,10.4939,105.6882,Open-Meteo-Historical,
2026-05-12 10:00:00,32.7,57,,0.0,92,,13.5,31.0,3,Dong Thap,10.4939,105.6882,Open-Meteo-Historical,
2026-05-12 11:00:00,33.6,54,,0.0,95,,12.9,30.6,3,Dong Thap,10.4939,105.6882,Open-Meteo-Historical,
2026-05-12 12:00:00,34.0,52,,0.0,100,,11.8,28.1,3,Dong Thap,10.4939,105.6882,Open-Meteo-Historical,
2026-05-12 13:00:00,35.5,45,,0.0,100,,11.3,27.0,3,Dong Thap,10.4939,105.6882,Open-Meteo-Historical,
2026-05-12 14:00:00,34.8,47,,0.0,100,,12.5,26.6,3,Dong Thap,10.4939,105.6882,Open-Meteo-Historical,
2026-05-12 15:00:00,34.3,49,,0.2,100,,11.5,27.7,51,Dong Thap,10.4939,105.6882,Open-Meteo-Historical,
2026-05-12 16:00:00,33.8,51,,0.3,99,,9.9,24.5,51,Dong Thap,10.4939,105.6882,Open-Meteo-Historical,
2026-05-12 17:00:00,33.2,51,,0.0,94,,9.3,20.2,3,Dong Thap,10.4939,105.6882,Open-Meteo-Historical,
2026-05-12 18:00:00,32.2,54,,0.0,98,,7.3,17.3,3,Dong Thap,10.4939,105.6882,Open-Meteo-Historical,
2026-05-12 19:00:00,30.9,66,,0.0,95,,5.0,13.3,3,Dong Thap,10.4939,105.6882,Open-Meteo-Historical,
2026-05-12 20:00:00,29.9,72,,0.0,98,,6.3,10.8,3,Dong Thap,10.4939,105.6882,Open-Meteo-Historical,
2026-05-12 21:00:00,29.2,77,,0.0,95,,5.8,11.2,3,Dong Thap,10.4939,105.6882,Open-Meteo-Historical,
2026-05-12 22:00:00,28.7,82,,0.2,95,,4.0,9.7,51,Dong Thap,10.4939,105.6882,Open-Meteo-Historical,
2026-05-12 23:00:00,28.2,84,,0.0,98,,6.0,10.1,3,Dong Thap,10.4939,105.6882,Open-Meteo-Historical,
2026-05-13 00:00:00,27.9,83,,0.0,92,,6.1,10.4,3,Dong Thap,10.4939,105.6882,Open-Meteo-Historical,
2026-05-13 01:00:00,27.2,85,,0.0,99,,5.1,10.1,3,Dong Thap,10.4939,105.6882,Open-Meteo-Historical,
2026-05-13 02:00:00,26.8,86,,0.0,98,,4.8,8.6,3,Dong Thap,10.4939,105.6882,Open-Meteo-Historical,
2026-05-13 03:00:00,26.5,87,,0.0,98,,5.4,9.4,3,Dong Thap,10.4939,105.6882,Open-Meteo-Historical,
2026-05-13 04:00:00,26.2,89,,0.0,97,,4.8,9.0,3,Dong Thap,10.4939,105.6882,Open-Meteo-Historical,
2026-05-13 05:00:00,26.0,90,,0.0,91,,4.0,7.9,3,Dong Thap,10.4939,105.6882,Open-Meteo-Historical,
2026-05-13 06:00:00,26.2,90,,0.0,80,,4.5,6.5,3,Dong Thap,10.4939,105.6882,Open-Meteo-Historical,
2026-05-13 07:00:00,28.1,82,,0.0,64,,3.6,12.2,2,Dong Thap,10.4939,105.6882,Open-Meteo-Historical,
2026-05-13 08:00:00,29.9,75,,0.0,67,,5.2,15.1,2,Dong Thap,10.4939,105.6882,Open-Meteo-Historical,
2026-05-13 09:00:00,31.0,69,,0.0,84,,4.3,15.5,3,Dong Thap,10.4939,105.6882,Open-Meteo-Historical,
2026-05-13 10:00:00,32.3,61,,0.0,91,,5.0,16.9,3,Dong Thap,10.4939,105.6882,Open-Meteo-Historical,
2026-05-13 11:00:00,33.5,55,,0.0,71,,6.0,18.7,2,Dong Thap,10.4939,105.6882,Open-Meteo-Historical,
2026-05-13 12:00:00,34.2,52,,0.1,70,,5.8,18.7,51,Dong Thap,10.4939,105.6882,Open-Meteo-Historical,
2026-05-13 13:00:00,34.5,51,,0.1,47,,3.9,20.5,51,Dong Thap,10.4939,105.6882,Open-Meteo-Historical,
2026-05-13 14:00:00,34.8,51,,0.0,75,,6.1,18.4,2,Dong Thap,10.4939,105.6882,Open-Meteo-Historical,
2026-05-13 15:00:00,34.7,51,,0.0,95,,5.6,19.1,3,Dong Thap,10.4939,105.6882,Open-Meteo-Historical,
2026-05-13 16:00:00,34.5,51,,0.0,76,,4.9,16.6,2,Dong Thap,10.4939,105.6882,Open-Meteo-Historical,
2026-05-13 17:00:00,33.5,55,,0.1,59,,8.3,14.4,51,Dong Thap,10.4939,105.6882,Open-Meteo-Historical,
2026-05-13 18:00:00,30.2,71,,0.4,50,,13.8,24.5,51,Dong Thap,10.4939,105.6882,Open-Meteo-Historical,
2026-05-13 19:00:00,30.5,71,,0.1,74,,9.2,24.8,51,Dong Thap,10.4939,105.6882,Open-Meteo-Historical,
2026-05-13 20:00:00,29.5,74,,0.0,94,,14.5,27.7,3,Dong Thap,10.4939,105.6882,Open-Meteo-Historical,
2026-05-13 21:00:00,28.8,74,,0.0,100,,10.4,26.3,3,Dong Thap,10.4939,105.6882,Open-Meteo-Historical,
2026-05-13 22:00:00,28.5,74,,0.0,100,,9.7,18.0,3,Dong Thap,10.4939,105.6882,Open-Meteo-Historical,
2026-05-13 23:00:00,28.4,77,,0.0,100,,9.8,17.3,3,Dong Thap,10.4939,105.6882,Open-Meteo-Historical,
2026-05-14 00:00:00,28.1,79,,0.0,98,,8.7,17.3,3,Dong Thap,10.4939,105.6882,Open-Meteo-Historical,
2026-05-14 01:00:00,27.5,83,,0.0,95,,8.9,14.8,3,Dong Thap,10.4939,105.6882,Open-Meteo-Historical,
2026-05-14 02:00:00,27.2,85,,0.0,100,,8.0,15.8,3,Dong Thap,10.4939,105.6882,Open-Meteo-Historical,
2026-05-14 03:00:00,27.0,87,,0.0,100,,7.3,14.0,3,Dong Thap,10.4939,105.6882,Open-Meteo-Historical,
2026-05-14 04:00:00,26.7,89,,0.0,100,,6.3,12.6,3,Dong Thap,10.4939,105.6882,Open-Meteo-Historical,
2026-05-14 05:00:00,26.5,89,,0.0,100,,5.7,11.2,3,Dong Thap,10.4939,105.6882,Open-Meteo-Historical,
2026-05-14 06:00:00,26.7,89,,0.0,100,,6.0,9.7,3,Dong Thap,10.4939,105.6882,Open-Meteo-Historical,
2026-05-14 07:00:00,28.6,80,,0.0,100,,6.3,13.7,3,Dong Thap,10.4939,105.6882,Open-Meteo-Historical,
2026-05-14 08:00:00,30.7,70,,0.0,100,,8.3,20.2,3,Dong Thap,10.4939,105.6882,Open-Meteo-Historical,
2026-05-14 09:00:00,32.3,61,,0.0,100,,8.9,23.0,3,Dong Thap,10.4939,105.6882,Open-Meteo-Historical,
2026-05-14 10:00:00,33.8,54,,0.0,98,,8.6,23.4,3,Dong Thap,10.4939,105.6882,Open-Meteo-Historical,
2026-05-14 11:00:00,35.0,48,,0.0,77,,8.4,24.1,2,Dong Thap,10.4939,105.6882,Open-Meteo-Historical,
2026-05-14 12:00:00,36.1,44,,0.0,100,,9.1,24.8,3,Dong Thap,10.4939,105.6882,Open-Meteo-Historical,
2026-05-14 13:00:00,36.5,42,,0.0,95,,9.1,25.9,3,Dong Thap,10.4939,105.6882,Open-Meteo-Historical,
2026-05-14 14:00:00,36.5,42,,0.0,90,,10.5,25.6,3,Dong Thap,10.4939,105.6882,Open-Meteo-Historical,
2026-05-14 15:00:00,34.7,46,,0.0,97,,20.6,40.3,3,Dong Thap,10.4939,105.6882,Open-Meteo-Historical,
2026-05-14 16:00:00,32.7,57,,0.0,93,,17.0,43.6,3,Dong Thap,10.4939,105.6882,Open-Meteo-Historical,
2026-05-14 17:00:00,32.3,60,,0.0,95,,17.0,34.6,3,Dong Thap,10.4939,105.6882,Open-Meteo-Historical,
2026-05-14 18:00:00,31.6,62,,0.0,98,,15.4,32.8,3,Dong Thap,10.4939,105.6882,Open-Meteo-Historical,
2026-05-14 19:00:00,29.6,79,,0.0,97,,9.2,28.4,3,Dong Thap,10.4939,105.6882,Open-Meteo-Historical,
2026-05-14 20:00:00,29.4,79,,0.0,98,,9.2,19.1,3,Dong Thap,10.4939,105.6882,Open-Meteo-Historical,
2026-05-14 21:00:00,29.1,78,,0.0,99,,7.9,15.5,3,Dong Thap,10.4939,105.6882,Open-Meteo-Historical,
2026-05-14 22:00:00,28.9,80,,0.0,98,,7.7,13.7,3,Dong Thap,10.4939,105.6882,Open-Meteo-Historical,
2026-05-14 23:00:00,28.6,81,,0.0,97,,7.1,13.0,3,Dong Thap,10.4939,105.6882,Open-Meteo-Historical,
2026-05-15 00:00:00,28.3,83,,0.0,91,,5.7,12.2,3,Dong Thap,10.4939,105.6882,Open-Meteo-Historical,
2026-05-15 01:00:00,28.0,87,,0.0,100,,6.2,9.4,3,Dong Thap,10.4939,105.6882,Open-Meteo-Historical,
2026-05-15 02:00:00,27.7,87,,0.0,100,,6.9,11.5,3,Dong Thap,10.4939,105.6882,Open-Meteo-Historical,
2026-05-15 03:00:00,27.5,86,,0.0,100,,7.8,13.3,3,Dong Thap,10.4939,105.6882,Open-Meteo-Historical,
2026-05-15 04:00:00,27.4,87,,0.0,100,,8.1,14.0,3,Dong Thap,10.4939,105.6882,Open-Meteo-Historical,
2026-05-15 05:00:00,27.2,87,,0.0,95,,7.5,14.0,3,Dong Thap,10.4939,105.6882,Open-Meteo-Historical,
2026-05-15 06:00:00,27.4,87,,0.0,99,,6.7,13.0,3,Dong Thap,10.4939,105.6882,Open-Meteo-Historical,
2026-05-15 07:00:00,29.0,80,,0.0,100,,4.9,14.0,3,Dong Thap,10.4939,105.6882,Open-Meteo-Historical,
2026-05-15 08:00:00,30.5,75,,0.0,99,,6.6,16.6,3,Dong Thap,10.4939,105.6882,Open-Meteo-Historical,
2026-05-15 09:00:00,31.7,69,,0.1,98,,9.5,22.3,51,Dong Thap,10.4939,105.6882,Open-Meteo-Historical,
2026-05-15 10:00:00,32.7,64,,0.1,93,,9.6,23.4,51,Dong Thap,10.4939,105.6882,Open-Meteo-Historical,
2026-05-15 11:00:00,33.8,59,,0.1,24,,9.4,23.8,51,Dong Thap,10.4939,105.6882,Open-Meteo-Historical,
2026-05-15 12:00:00,34.7,56,,0.1,25,,10.1,24.5,51,Dong Thap,10.4939,105.6882,Open-Meteo-Historical,
2026-05-15 13:00:00,35.0,51,,0.0,29,,12.0,25.6,1,Dong Thap,10.4939,105.6882,Open-Meteo-Historical,
2026-05-15 14:00:00,35.2,50,,0.1,22,,11.8,27.4,51,Dong Thap,10.4939,105.6882,Open-Meteo-Historical,
2026-05-15 15:00:00,35.3,49,,0.0,94,,11.2,27.0,3,Dong Thap,10.4939,105.6882,Open-Meteo-Historical,
2026-05-15 16:00:00,35.3,48,,0.0,85,,12.2,25.9,3,Dong Thap,10.4939,105.6882,Open-Meteo-Historical,
2026-05-15 17:00:00,31.8,64,,0.9,95,,12.9,28.1,53,Dong Thap,10.4939,105.6882,Open-Meteo-Historical,
2026-05-15 18:00:00,28.6,79,,1.1,98,,12.8,23.0,55,Dong Thap,10.4939,105.6882,Open-Meteo-Historical,
2026-05-15 19:00:00,29.9,76,,2.1,84,,7.2,23.0,61,Dong Thap,10.4939,105.6882,Open-Meteo-Historical,
2026-05-15 20:00:00,29.8,74,,0.0,90,,10.1,16.6,3,Dong Thap,10.4939,105.6882,Open-Meteo-Historical,
2026-05-15 21:00:00,29.6,73,,0.0,86,,10.0,16.9,3,Dong Thap,10.4939,105.6882,Open-Meteo-Historical,
2026-05-15 22:00:00,29.2,74,,0.0,98,,7.9,16.6,3,Dong Thap,10.4939,105.6882,Open-Meteo-Historical,
2026-05-15 23:00:00,28.8,76,,0.0,98,,7.2,13.0,3,Dong Thap,10.4939,105.6882,Open-Meteo-Historical,
2026-05-16 00:00:00,28.4,78,,0.0,96,,5.3,12.2,3,Dong Thap,10.4939,105.6882,Open-Meteo-Historical,
2026-05-16 01:00:00,28.0,83,,0.0,99,,6.5,9.0,3,Dong Thap,10.4939,105.6882,Open-Meteo-Historical,
2026-05-16 02:00:00,27.6,85,,0.0,100,,5.9,11.2,3,Dong Thap,10.4939,105.6882,Open-Meteo-Historical,
2026-05-16 03:00:00,27.5,86,,0.0,100,,3.3,9.7,3,Dong Thap,10.4939,105.6882,Open-Meteo-Historical,
2026-05-16 04:00:00,27.5,86,,0.0,100,,3.8,6.5,3,Dong Thap,10.4939,105.6882,Open-Meteo-Historical,
2026-05-16 05:00:00,27.1,88,,0.0,96,,3.3,6.8,3,Dong Thap,10.4939,105.6882,Open-Meteo-Historical,
2026-05-16 06:00:00,27.2,88,,0.0,99,,3.6,5.4,3,Dong Thap,10.4939,105.6882,Open-Meteo-Historical,
2026-05-16 07:00:00,28.3,85,,0.0,98,,4.0,9.7,3,Dong Thap,10.4939,105.6882,Open-Meteo-Historical,
2026-05-16 08:00:00,29.7,75,,0.0,89,,4.7,13.0,3,Dong Thap,10.4939,105.6882,Open-Meteo-Historical,
2026-05-16 09:00:00,31.0,68,,0.0,93,,5.0,15.5,3,Dong Thap,10.4939,105.6882,Open-Meteo-Historical,
2026-05-16 10:00:00,32.5,61,,0.0,97,,4.2,15.8,3,Dong Thap,10.4939,105.6882,Open-Meteo-Historical,
2026-05-16 11:00:00,33.6,57,,0.0,100,,3.7,16.2,3,Dong Thap,10.4939,105.6882,Open-Meteo-Historical,
2026-05-16 12:00:00,34.7,55,,0.0,98,,4.6,18.0,3,Dong Thap,10.4939,105.6882,Open-Meteo-Historical,
2026-05-16 13:00:00,35.2,53,,0.0,96,,4.5,18.0,3,Dong Thap,10.4939,105.6882,Open-Meteo-Historical,
2026-05-16 14:00:00,34.9,53,,0.0,60,,5.8,18.4,2,Dong Thap,10.4939,105.6882,Open-Meteo-Historical,
2026-05-16 15:00:00,34.5,52,,0.0,61,,5.2,18.7,2,Dong Thap,10.4939,105.6882,Open-Meteo-Historical,
2026-05-16 16:00:00,32.7,60,,0.4,91,,10.7,22.3,51,Dong Thap,10.4939,105.6882,Open-Meteo-Historical,
2026-05-16 17:00:00,31.9,65,,0.2,73,,11.1,23.8,51,Dong Thap,10.4939,105.6882,Open-Meteo-Historical,
2026-05-16 18:00:00,30.0,72,,0.3,100,,14.2,24.1,51,Dong Thap,10.4939,105.6882,Open-Meteo-Historical,
2026-05-16 19:00:00,28.7,78,,3.0,75,,5.7,26.6,63,Dong Thap,10.4939,105.6882,Open-Meteo-Historical,
2026-05-16 20:00:00,28.4,80,,0.2,89,,4.9,9.7,51,Dong Thap,10.4939,105.6882,Open-Meteo-Historical,
2026-05-16 21:00:00,28.5,83,,0.0,98,,3.7,8.6,3,Dong Thap,10.4939,105.6882,Open-Meteo-Historical,
2026-05-16 22:00:00,28.7,84,,0.0,99,,7.7,12.2,3,Dong Thap,10.4939,105.6882,Open-Meteo-Historical,
2026-05-16 23:00:00,28.5,86,,0.0,99,,8.7,14.8,3,Dong Thap,10.4939,105.6882,Open-Meteo-Historical,
2026-05-17 00:00:00,28.5,84,,0.0,94,,8.3,15.1,3,Dong Thap,10.4939,105.6882,Open-Meteo-Historical,
2026-05-17 01:00:00,28.1,83,,0.0,100,,11.3,14.4,3,Dong Thap,10.4939,105.6882,Open-Meteo-Historical,
2026-05-17 02:00:00,28.0,83,,0.0,100,,10.2,19.8,3,Dong Thap,10.4939,105.6882,Open-Meteo-Historical,
2026-05-17 03:00:00,28.0,84,,0.0,100,,5.0,17.3,3,Dong Thap,10.4939,105.6882,Open-Meteo-Historical,
2026-05-17 04:00:00,27.8,87,,0.0,99,,1.1,7.9,3,Dong Thap,10.4939,105.6882,Open-Meteo-Historical,
2026-05-17 05:00:00,27.5,88,,0.0,99,,0.7,1.8,3,Dong Thap,10.4939,105.6882,Open-Meteo-Historical,
2026-05-17 06:00:00,27.5,89,,0.0,99,,2.2,4.0,3,Dong Thap,10.4939,105.6882,Open-Meteo-Historical,
2026-05-17 07:00:00,28.7,84,,0.0,86,,4.0,7.6,3,Dong Thap,10.4939,105.6882,Open-Meteo-Historical,
2026-05-17 08:00:00,30.2,76,,0.0,36,,5.6,15.1,1,Dong Thap,10.4939,105.6882,Open-Meteo-Historical,
2026-05-17 09:00:00,31.5,69,,0.0,55,,5.2,16.6,2,Dong Thap,10.4939,105.6882,Open-Meteo-Historical,
2026-05-17 10:00:00,32.5,64,,0.0,92,,4.2,17.6,3,Dong Thap,10.4939,105.6882,Open-Meteo-Historical,
2026-05-17 11:00:00,33.5,62,,0.0,81,,5.9,20.9,3,Dong Thap,10.4939,105.6882,Open-Meteo-Historical,
2026-05-17 12:00:00,34.3,59,,0.0,93,,6.5,22.7,3,Dong Thap,10.4939,105.6882,Open-Meteo-Historical,
2026-05-17 13:00:00,31.4,69,,0.8,98,,12.2,22.7,53,Dong Thap,10.4939,105.6882,Open-Meteo-Historical,
2026-05-17 14:00:00,30.9,72,,1.1,98,,9.2,28.4,55,Dong Thap,10.4939,105.6882,Open-Meteo-Historical,
2026-05-17 15:00:00,30.3,73,,0.7,95,,9.4,23.8,53,Dong Thap,10.4939,105.6882,Open-Meteo-Historical,
2026-05-17 16:00:00,28.4,84,,1.6,95,,9.3,23.8,61,Dong Thap,10.4939,105.6882,Open-Meteo-Historical,
2026-05-17 17:00:00,28.9,82,,0.4,99,,1.7,19.4,51,Dong Thap,10.4939,105.6882,Open-Meteo-Historical,
2026-05-17 18:00:00,28.6,84,,0.1,92,,1.5,7.9,51,Dong Thap,10.4939,105.6882,Open-Meteo-Historical,
2026-05-17 19:00:00,28.1,90,,0.0,97,,8.5,7.6,3,Dong Thap,10.4939,105.6882,Open-Meteo-Historical,
2026-05-17 20:00:00,28.0,90,,0.0,98,,10.0,16.2,3,Dong Thap,10.4939,105.6882,Open-Meteo-Historical,
2026-05-17 21:00:00,27.8,90,,0.0,100,,9.6,18.0,3,Dong Thap,10.4939,105.6882,Open-Meteo-Historical,
2026-05-17 22:00:00,28.0,89,,0.1,100,,1.5,16.6,51,Dong Thap,10.4939,105.6882,Open-Meteo-Historical,
2026-05-17 23:00:00,27.1,94,,0.0,91,,6.2,11.5,3,Dong Thap,10.4939,105.6882,Open-Meteo-Historical,
2026-05-18 00:00:00,27.0,95,,0.0,99,,4.4,10.4,3,Dong Thap,10.4939,105.6882,Open-Meteo-Historical,
2026-05-18 01:00:00,27.1,94,,0.0,100,,2.3,7.6,3,Dong Thap,10.4939,105.6882,Open-Meteo-Historical,
2026-05-18 02:00:00,27.0,93,,0.0,99,,1.3,3.6,3,Dong Thap,10.4939,105.6882,Open-Meteo-Historical,
2026-05-18 03:00:00,26.9,93,,0.0,96,,2.9,4.7,3,Dong Thap,10.4939,105.6882,Open-Meteo-Historical,
2026-05-18 04:00:00,26.7,93,,0.0,61,,2.5,5.4,2,Dong Thap,10.4939,105.6882,Open-Meteo-Historical,
2026-05-18 05:00:00,26.5,93,,0.0,22,,3.9,6.5,1,Dong Thap,10.4939,105.6882,Open-Meteo-Historical,
2026-05-18 06:00:00,26.8,90,,0.0,61,,5.2,7.2,2,Dong Thap,10.4939,105.6882,Open-Meteo-Historical,
2026-05-18 07:00:00,28.5,80,,0.0,65,,12.2,13.7,2,Dong Thap,10.4939,105.6882,Open-Meteo-Historical,
2026-05-18 08:00:00,29.6,75,,0.0,79,,9.8,23.4,2,Dong Thap,10.4939,105.6882,Open-Meteo-Historical,
2026-05-18 09:00:00,30.7,72,,0.0,70,,11.6,25.9,2,Dong Thap,10.4939,105.6882,Open-Meteo-Historical,
2026-05-18 10:00:00,32.2,63,,0.0,78,,12.8,28.4,2,Dong Thap,10.4939,105.6882,Open-Meteo-Historical,
2026-05-18 11:00:00,33.1,59,,0.1,97,,13.2,29.9,51,Dong Thap,10.4939,105.6882,Open-Meteo-Historical,
2026-05-18 12:00:00,33.3,59,,0.2,85,,12.9,29.9,51,Dong Thap,10.4939,105.6882,Open-Meteo-Historical,
2026-05-18 13:00:00,34.7,51,,1.5,91,,16.8,42.8,61,Dong Thap,10.4939,105.6882,Open-Meteo-Historical,
2026-05-18 14:00:00,34.3,52,,0.3,87,,19.7,40.3,51,Dong Thap,10.4939,105.6882,Open-Meteo-Historical,
2026-05-18 15:00:00,31.5,66,,0.8,94,,22.9,48.2,53,Dong Thap,10.4939,105.6882,Open-Meteo-Historical,
2026-05-18 16:00:00,32.4,58,,0.3,89,,18.7,43.2,51,Dong Thap,10.4939,105.6882,Open-Meteo-Historical,
2026-05-18 17:00:00,30.5,68,,0.4,91,,15.8,36.4,51,Dong Thap,10.4939,105.6882,Open-Meteo-Historical,
2026-05-18 18:00:00,26.2,91,,2.1,99,,15.7,32.8,61,Dong Thap,10.4939,105.6882,Open-Meteo-Historical,
2026-05-18 19:00:00,29.2,75,,0.6,98,,10.9,27.7,53,Dong Thap,10.4939,105.6882,Open-Meteo-Historical,
2026-05-18 20:00:00,28.7,77,,0.0,93,,12.1,19.8,3,Dong Thap,10.4939,105.6882,Open-Meteo-Historical,
2026-05-18 21:00:00,27.1,84,,0.5,97,,13.8,28.8,53,Dong Thap,10.4939,105.6882,Open-Meteo-Historical,
2026-05-18 22:00:00,26.6,89,,0.2,76,,11.0,23.0,51,Dong Thap,10.4939,105.6882,Open-Meteo-Historical,
2026-05-18 23:00:00,26.5,90,,0.0,98,,7.3,18.4,3,Dong Thap,10.4939,105.6882,Open-Meteo-Historical,
2026-05-19 00:00:00,26.4,91,,0.0,99,,7.3,12.6,3,Dong Thap,10.4939,105.6882,Open-Meteo-Historical,
2026-05-19 01:00:00,26.9,91,,0.0,100,,7.5,13.7,3,Dong Thap,10.4939,105.6882,Open-Meteo-Historical,
2026-05-19 02:00:00,26.5,92,,0.0,99,,7.4,13.0,3,Dong Thap,10.4939,105.6882,Open-Meteo-Historical,
2026-05-19 03:00:00,26.4,92,,0.0,98,,8.1,13.3,3,Dong Thap,10.4939,105.6882,Open-Meteo-Historical,
2026-05-19 04:00:00,26.4,90,,0.0,97,,11.1,18.7,3,Dong Thap,10.4939,105.6882,Open-Meteo-Historical,
2026-05-19 05:00:00,26.2,90,,0.0,67,,11.5,21.6,2,Dong Thap,10.4939,105.6882,Open-Meteo-Historical,
2026-05-19 06:00:00,26.1,90,,0.0,48,,10.9,19.8,1,Dong Thap,10.4939,105.6882,Open-Meteo-Historical,
2026-05-19 07:00:00,27.9,88,,0.3,85,,7.9,29.2,51,Dong Thap,10.4939,105.6882,Open-Meteo-Historical,
2026-05-19 08:00:00,28.7,82,,0.7,90,,11.2,22.7,53,Dong Thap,10.4939,105.6882,Open-Meteo-Historical,
2026-05-19 09:00:00,29.0,81,,0.4,90,,10.7,24.1,51,Dong Thap,10.4939,105.6882,Open-Meteo-Historical,
2026-05-19 10:00:00,30.2,77,,0.3,99,,14.5,31.0,51,Dong Thap,10.4939,105.6882,Open-Meteo-Historical,
2026-05-19 11:00:00,29.0,81,,2.3,99,,14.7,37.8,61,Dong Thap,10.4939,105.6882,Open-Meteo-Historical,
2026-05-19 12:00:00,29.8,76,,0.4,100,,19.3,37.4,51,Dong Thap,10.4939,105.6882,Open-Meteo-Historical,
2026-05-19 13:00:00,31.9,66,,0.3,98,,17.9,37.8,51,Dong Thap,10.4939,105.6882,Open-Meteo-Historical,
2026-05-19 14:00:00,32.0,64,,0.1,95,,18.1,37.4,51,Dong Thap,10.4939,105.6882,Open-Meteo-Historical,
2026-05-19 15:00:00,31.2,64,,0.0,99,,18.7,36.0,3,Dong Thap,10.4939,105.6882,Open-Meteo-Historical,
2026-05-19 16:00:00,30.0,72,,0.5,98,,16.1,40.0,53,Dong Thap,10.4939,105.6882,Open-Meteo-Historical,
2026-05-19 17:00:00,29.3,77,,0.0,99,,14.5,29.9,3,Dong Thap,10.4939,105.6882,Open-Meteo-Historical,
2026-05-19 18:00:00,28.5,81,,0.1,99,,9.9,26.6,51,Dong Thap,10.4939,105.6882,Open-Meteo-Historical,
2026-05-19 19:00:00,27.5,87,,0.0,99,,5.5,17.3,3,Dong Thap,10.4939,105.6882,Open-Meteo-Historical,
2026-05-19 20:00:00,27.4,89,,0.0,99,,5.0,9.0,3,Dong Thap,10.4939,105.6882,Open-Meteo-Historical,
2026-05-19 21:00:00,27.5,90,,0.0,99,,5.2,8.3,3,Dong Thap,10.4939,105.6882,Open-Meteo-Historical,
2026-05-19 22:00:00,27.5,90,,0.0,99,,6.6,11.2,3,Dong Thap,10.4939,105.6882,Open-Meteo-Historical,
2026-05-19 23:00:00,27.4,90,,0.0,100,,6.9,11.5,3,Dong Thap,10.4939,105.6882,Open-Meteo-Historical,
2026-05-20 00:00:00,27.1,90,,0.0,100,,6.7,11.5,3,Dong Thap,10.4939,105.6882,Open-Meteo-Historical,
2026-05-20 01:00:00,27.3,90,,0.0,100,,7.5,11.2,3,Dong Thap,10.4939,105.6882,Open-Meteo-Historical,
2026-05-20 02:00:00,27.2,90,,0.0,100,,8.9,14.4,3,Dong Thap,10.4939,105.6882,Open-Meteo-Historical,
2026-05-20 03:00:00,27.1,89,,0.0,100,,10.4,18.0,3,Dong Thap,10.4939,105.6882,Open-Meteo-Historical,
2026-05-20 04:00:00,26.7,89,,0.0,99,,10.1,18.0,3,Dong Thap,10.4939,105.6882,Open-Meteo-Historical,
2026-05-20 05:00:00,26.2,90,,0.0,99,,8.8,16.9,3,Dong Thap,10.4939,105.6882,Open-Meteo-Historical,
2026-05-20 06:00:00,25.5,94,,2.0,98,,11.0,18.7,61,Dong Thap,10.4939,105.6882,Open-Meteo-Historical,
2026-05-20 07:00:00,27.4,87,,0.8,91,,9.8,18.7,53,Dong Thap,10.4939,105.6882,Open-Meteo-Historical,
2026-05-20 08:00:00,28.5,82,,0.0,86,,9.1,20.5,3,Dong Thap,10.4939,105.6882,Open-Meteo-Historical,
2026-05-20 09:00:00,30.4,74,,0.0,84,,9.8,22.0,3,Dong Thap,10.4939,105.6882,Open-Meteo-Historical,
2026-05-20 10:00:00,31.6,65,,0.1,96,,12.8,28.1,51,Dong Thap,10.4939,105.6882,Open-Meteo-Historical,
2026-05-20 11:00:00,32.3,61,,0.1,98,,13.7,29.9,51,Dong Thap,10.4939,105.6882,Open-Meteo-Historical,
2026-05-20 12:00:00,32.8,59,,0.1,98,,13.9,30.2,51,Dong Thap,10.4939,105.6882,Open-Meteo-Historical,
2026-05-20 13:00:00,33.2,57,,0.1,98,,13.3,30.2,51,Dong Thap,10.4939,105.6882,Open-Meteo-Historical,
2026-05-20 14:00:00,33.5,56,,0.2,99,,14.4,29.9,51,Dong Thap,10.4939,105.6882,Open-Meteo-Historical,
2026-05-20 15:00:00,29.4,78,,1.8,98,,17.7,35.3,61,Dong Thap,10.4939,105.6882,Open-Meteo-Historical,
2026-05-20 16:00:00,27.4,90,,4.2,99,,15.1,34.2,63,Dong Thap,10.4939,105.6882,Open-Meteo-Historical,
2026-05-20 17:00:00,26.6,92,,1.6,100,,13.1,27.7,61,Dong Thap,10.4939,105.6882,Open-Meteo-Historical,
2026-05-20 18:00:00,26.3,95,,2.0,99,,9.2,23.4,61,Dong Thap,10.4939,105.6882,Open-Meteo-Historical,
2026-05-20 19:00:00,26.2,94,,0.6,98,,7.9,15.5,53,Dong Thap,10.4939,105.6882,Open-Meteo-Historical,
2026-05-20 20:00:00,26.2,95,,0.0,99,,5.7,13.3,3,Dong Thap,10.4939,105.6882,Open-Meteo-Historical,
2026-05-20 21:00:00,26.1,95,,0.0,94,,5.7,10.1,3,Dong Thap,10.4939,105.6882,Open-Meteo-Historical,
2026-05-20 22:00:00,26.0,96,,0.0,98,,5.7,10.1,3,Dong Thap,10.4939,105.6882,Open-Meteo-Historical,
2026-05-20 23:00:00,26.1,96,,0.0,100,,6.2,10.8,3,Dong Thap,10.4939,105.6882,Open-Meteo-Historical,
2026-03-21 00:00:00,24.6,88,,0.0,70,,9.1,16.6,2,Long An,10.536,106.4052,Open-Meteo-Historical,
2026-03-21 01:00:00,24.4,88,,0.0,2,,8.7,16.6,0,Long An,10.536,106.4052,Open-Meteo-Historical,
2026-03-21 02:00:00,24.2,88,,0.0,1,,8.1,15.5,0,Long An,10.536,106.4052,Open-Meteo-Historical,
2026-03-21 03:00:00,23.6,91,,0.0,38,,4.9,14.0,1,Long An,10.536,106.4052,Open-Meteo-Historical,
2026-03-21 04:00:00,23.2,94,,0.0,75,,4.3,7.9,2,Long An,10.536,106.4052,Open-Meteo-Historical,
2026-03-21 05:00:00,23.1,95,,0.0,31,,4.6,7.6,1,Long An,10.536,106.4052,Open-Meteo-Historical,
2026-03-21 06:00:00,23.0,95,,0.0,38,,4.0,7.6,1,Long An,10.536,106.4052,Open-Meteo-Historical,
2026-03-21 07:00:00,25.2,87,,0.0,74,,7.8,12.6,2,Long An,10.536,106.4052,Open-Meteo-Historical,
2026-03-21 08:00:00,26.9,78,,0.0,59,,12.0,24.5,2,Long An,10.536,106.4052,Open-Meteo-Historical,
2026-03-21 09:00:00,28.5,68,,0.1,48,,13.9,29.5,51,Long An,10.536,106.4052,Open-Meteo-Historical,
2026-03-21 10:00:00,29.9,61,,0.0,5,,14.8,32.4,0,Long An,10.536,106.4052,Open-Meteo-Historical,
2026-03-21 11:00:00,30.9,58,,0.0,37,,15.4,33.8,1,Long An,10.536,106.4052,Open-Meteo-Historical,
2026-03-21 12:00:00,30.9,57,,0.2,34,,15.4,33.8,51,Long An,10.536,106.4052,Open-Meteo-Historical,
2026-03-21 13:00:00,30.5,57,,0.2,31,,14.9,34.2,51,Long An,10.536,106.4052,Open-Meteo-Historical,
2026-03-21 14:00:00,31.0,56,,0.1,20,,14.9,32.8,51,Long An,10.536,106.4052,Open-Meteo-Historical,
2026-03-21 15:00:00,30.5,56,,0.0,23,,15.2,32.8,1,Long An,10.536,106.4052,Open-Meteo-Historical,
2026-03-21 16:00:00,30.1,56,,0.0,70,,14.9,32.0,2,Long An,10.536,106.4052,Open-Meteo-Historical,
2026-03-21 17:00:00,28.6,58,,0.0,33,,14.3,30.2,1,Long An,10.536,106.4052,Open-Meteo-Historical,
2026-03-21 18:00:00,27.5,65,,0.0,2,,13.2,27.0,0,Long An,10.536,106.4052,Open-Meteo-Historical,
2026-03-21 19:00:00,26.5,72,,0.0,5,,13.2,28.8,0,Long An,10.536,106.4052,Open-Meteo-Historical,
2026-03-21 20:00:00,25.9,81,,0.0,3,,10.5,24.1,0,Long An,10.536,106.4052,Open-Meteo-Historical,
2026-03-21 21:00:00,25.5,85,,0.0,4,,11.0,19.4,0,Long An,10.536,106.4052,Open-Meteo-Historical,
2026-03-21 22:00:00,25.3,87,,0.0,5,,13.2,24.1,0,Long An,10.536,106.4052,Open-Meteo-Historical,
2026-03-21 23:00:00,25.1,88,,0.0,7,,12.7,24.1,0,Long An,10.536,106.4052,Open-Meteo-Historical,
2026-03-22 00:00:00,25.0,89,,0.0,14,,12.7,23.0,0,Long An,10.536,106.4052,Open-Meteo-Historical,
2026-03-22 01:00:00,25.0,88,,0.0,30,,12.4,24.1,1,Long An,10.536,106.4052,Open-Meteo-Historical,
2026-03-22 02:00:00,25.2,85,,0.0,34,,13.4,24.1,1,Long An,10.536,106.4052,Open-Meteo-Historical,
2026-03-22 03:00:00,25.1,83,,0.0,23,,12.6,24.1,1,Long An,10.536,106.4052,Open-Meteo-Historical,
2026-03-22 04:00:00,25.0,83,,0.0,24,,12.0,22.7,1,Long An,10.536,106.4052,Open-Meteo-Historical,
2026-03-22 05:00:00,24.9,83,,0.0,2,,11.5,21.6,0,Long An,10.536,106.4052,Open-Meteo-Historical,
2026-03-22 06:00:00,24.4,87,,0.0,0,,10.6,20.9,0,Long An,10.536,106.4052,Open-Meteo-Historical,
2026-03-22 07:00:00,25.7,83,,0.0,17,,12.6,22.0,0,Long An,10.536,106.4052,Open-Meteo-Historical,
2026-03-22 08:00:00,27.4,73,,0.0,70,,16.5,32.4,2,Long An,10.536,106.4052,Open-Meteo-Historical,
2026-03-22 09:00:00,28.9,65,,0.0,81,,16.7,34.2,3,Long An,10.536,106.4052,Open-Meteo-Historical,
2026-03-22 10:00:00,30.2,58,,0.0,67,,17.6,36.7,2,Long An,10.536,106.4052,Open-Meteo-Historical,
2026-03-22 11:00:00,31.3,52,,0.0,44,,17.8,37.8,1,Long An,10.536,106.4052,Open-Meteo-Historical,
2026-03-22 12:00:00,32.2,48,,0.0,72,,17.2,37.8,2,Long An,10.536,106.4052,Open-Meteo-Historical,
2026-03-22 13:00:00,32.0,48,,0.0,89,,17.3,37.1,3,Long An,10.536,106.4052,Open-Meteo-Historical,
2026-03-22 14:00:00,30.9,53,,0.0,67,,19.0,38.9,2,Long An,10.536,106.4052,Open-Meteo-Historical,
2026-03-22 15:00:00,30.6,54,,0.0,79,,19.0,39.2,2,Long An,10.536,106.4052,Open-Meteo-Historical,
2026-03-22 16:00:00,30.0,55,,0.0,6,,19.4,38.5,0,Long An,10.536,106.4052,Open-Meteo-Historical,
2026-03-22 17:00:00,28.3,59,,0.0,1,,18.1,39.2,0,Long An,10.536,106.4052,Open-Meteo-Historical,
2026-03-22 18:00:00,27.5,65,,0.0,1,,14.5,33.5,0,Long An,10.536,106.4052,Open-Meteo-Historical,
2026-03-22 19:00:00,26.4,75,,0.0,4,,14.1,27.0,0,Long An,10.536,106.4052,Open-Meteo-Historical,
2026-03-22 20:00:00,25.9,81,,0.0,2,,12.7,25.6,0,Long An,10.536,106.4052,Open-Meteo-Historical,
2026-03-22 21:00:00,25.5,84,,0.0,16,,12.4,23.0,0,Long An,10.536,106.4052,Open-Meteo-Historical,
2026-03-22 22:00:00,25.4,87,,0.0,35,,14.2,25.9,1,Long An,10.536,106.4052,Open-Meteo-Historical,
2026-03-22 23:00:00,25.5,86,,0.0,38,,10.4,25.9,1,Long An,10.536,106.4052,Open-Meteo-Historical,
2026-03-23 00:00:00,25.2,86,,0.0,15,,10.7,19.1,0,Long An,10.536,106.4052,Open-Meteo-Historical,
2026-03-23 01:00:00,24.8,88,,0.0,7,,9.5,19.1,0,Long An,10.536,106.4052,Open-Meteo-Historical,
2026-03-23 02:00:00,24.7,88,,0.0,66,,9.6,17.6,2,Long An,10.536,106.4052,Open-Meteo-Historical,
2026-03-23 03:00:00,24.5,89,,0.0,77,,7.6,16.9,2,Long An,10.536,106.4052,Open-Meteo-Historical,
2026-03-23 04:00:00,24.3,89,,0.0,61,,8.3,14.4,2,Long An,10.536,106.4052,Open-Meteo-Historical,
2026-03-23 05:00:00,24.2,89,,0.0,11,,8.8,15.8,0,Long An,10.536,106.4052,Open-Meteo-Historical,
2026-03-23 06:00:00,24.0,90,,0.0,70,,8.5,15.8,2,Long An,10.536,106.4052,Open-Meteo-Historical,
2026-03-23 07:00:00,25.8,82,,0.0,17,,12.4,23.8,0,Long An,10.536,106.4052,Open-Meteo-Historical,
2026-03-23 08:00:00,27.5,73,,0.0,5,,14.3,29.2,0,Long An,10.536,106.4052,Open-Meteo-Historical,
2026-03-23 09:00:00,29.1,64,,0.0,75,,14.6,31.7,2,Long An,10.536,106.4052,Open-Meteo-Historical,
2026-03-23 10:00:00,30.6,57,,0.0,54,,14.8,32.8,2,Long An,10.536,106.4052,Open-Meteo-Historical,
2026-03-23 11:00:00,31.6,53,,0.0,27,,14.7,33.5,1,Long An,10.536,106.4052,Open-Meteo-Historical,
2026-03-23 12:00:00,32.4,50,,0.0,30,,12.6,33.1,1,Long An,10.536,106.4052,Open-Meteo-Historical,
2026-03-23 13:00:00,31.8,51,,0.0,31,,11.0,29.2,1,Long An,10.536,106.4052,Open-Meteo-Historical,
2026-03-23 14:00:00,32.4,48,,0.0,34,,9.9,25.9,1,Long An,10.536,106.4052,Open-Meteo-Historical,
2026-03-23 15:00:00,31.8,50,,0.0,49,,12.3,27.0,1,Long An,10.536,106.4052,Open-Meteo-Historical,
2026-03-23 16:00:00,30.6,53,,0.0,23,,15.5,31.3,1,Long An,10.536,106.4052,Open-Meteo-Historical,
2026-03-23 17:00:00,29.9,54,,0.0,73,,17.0,32.0,2,Long An,10.536,106.4052,Open-Meteo-Historical,
2026-03-23 18:00:00,27.4,60,,0.0,16,,16.2,33.1,0,Long An,10.536,106.4052,Open-Meteo-Historical,
2026-03-23 19:00:00,26.5,72,,0.0,2,,13.7,29.2,0,Long An,10.536,106.4052,Open-Meteo-Historical,
2026-03-23 20:00:00,25.6,81,,0.0,2,,14.0,25.6,0,Long An,10.536,106.4052,Open-Meteo-Historical,
2026-03-23 21:00:00,25.4,85,,0.0,13,,14.0,25.6,0,Long An,10.536,106.4052,Open-Meteo-Historical,
2026-03-23 22:00:00,25.1,85,,0.0,3,,12.9,25.9,0,Long An,10.536,106.4052,Open-Meteo-Historical,
2026-03-23 23:00:00,25.0,86,,0.0,16,,11.8,23.4,0,Long An,10.536,106.4052,Open-Meteo-Historical,
2026-03-24 00:00:00,24.9,86,,0.0,18,,12.2,22.3,0,Long An,10.536,106.4052,Open-Meteo-Historical,
2026-03-24 01:00:00,24.9,86,,0.0,13,,10.2,22.0,0,Long An,10.536,106.4052,Open-Meteo-Historical,
2026-03-24 02:00:00,24.6,86,,0.0,8,,9.6,18.4,0,Long An,10.536,106.4052,Open-Meteo-Historical,
2026-03-24 03:00:00,24.4,86,,0.0,12,,9.4,16.9,0,Long An,10.536,106.4052,Open-Meteo-Historical,
2026-03-24 04:00:00,24.2,86,,0.0,26,,9.6,17.6,1,Long An,10.536,106.4052,Open-Meteo-Historical,
2026-03-24 05:00:00,24.0,86,,0.0,18,,8.9,17.3,0,Long An,10.536,106.4052,Open-Meteo-Historical,
2026-03-24 06:00:00,23.8,87,,0.0,23,,8.4,15.8,1,Long An,10.536,106.4052,Open-Meteo-Historical,
2026-03-24 07:00:00,25.6,82,,0.0,9,,11.6,22.3,0,Long An,10.536,106.4052,Open-Meteo-Historical,
2026-03-24 08:00:00,27.2,72,,0.0,17,,15.1,30.2,0,Long An,10.536,106.4052,Open-Meteo-Historical,
2026-03-24 09:00:00,28.8,64,,0.0,23,,15.0,32.4,1,Long An,10.536,106.4052,Open-Meteo-Historical,
2026-03-24 10:00:00,30.0,60,,0.0,4,,13.8,32.0,0,Long An,10.536,106.4052,Open-Meteo-Historical,
2026-03-24 11:00:00,31.0,55,,0.0,4,,13.3,31.0,0,Long An,10.536,106.4052,Open-Meteo-Historical,
2026-03-24 12:00:00,31.8,50,,0.0,5,,13.8,31.7,0,Long An,10.536,106.4052,Open-Meteo-Historical,
2026-03-24 13:00:00,31.6,50,,0.0,32,,12.9,31.7,1,Long An,10.536,106.4052,Open-Meteo-Historical,
2026-03-24 14:00:00,31.7,49,,0.0,16,,12.3,29.9,0,Long An,10.536,106.4052,Open-Meteo-Historical,
2026-03-24 15:00:00,31.5,49,,0.0,23,,12.5,28.4,1,Long An,10.536,106.4052,Open-Meteo-Historical,
2026-03-24 16:00:00,30.9,51,,0.0,12,,13.5,28.1,0,Long An,10.536,106.4052,Open-Meteo-Historical,
2026-03-24 17:00:00,29.2,58,,0.0,2,,14.9,29.2,0,Long An,10.536,106.4052,Open-Meteo-Historical,
2026-03-24 18:00:00,27.6,67,,0.0,1,,13.0,29.2,0,Long An,10.536,106.4052,Open-Meteo-Historical,
2026-03-24 19:00:00,26.5,75,,0.0,2,,12.5,23.8,0,Long An,10.536,106.4052,Open-Meteo-Historical,
2026-03-24 20:00:00,25.6,81,,0.0,0,,12.4,22.7,0,Long An,10.536,106.4052,Open-Meteo-Historical,
2026-03-24 21:00:00,25.0,87,,0.0,5,,9.5,22.0,0,Long An,10.536,106.4052,Open-Meteo-Historical,
2026-03-24 22:00:00,24.8,88,,0.0,20,,9.4,17.6,1,Long An,10.536,106.4052,Open-Meteo-Historical,
2026-03-24 23:00:00,24.5,89,,0.0,25,,8.6,17.3,1,Long An,10.536,106.4052,Open-Meteo-Historical,
2026-03-25 00:00:00,24.4,89,,0.0,23,,9.0,16.6,1,Long An,10.536,106.4052,Open-Meteo-Historical,
2026-03-25 01:00:00,24.2,92,,0.0,9,,7.3,16.2,0,Long An,10.536,106.4052,Open-Meteo-Historical,
2026-03-25 02:00:00,23.9,93,,0.0,16,,5.9,13.0,0,Long An,10.536,106.4052,Open-Meteo-Historical,
2026-03-25 03:00:00,23.4,95,,0.0,26,,4.7,10.1,1,Long An,10.536,106.4052,Open-Meteo-Historical,
2026-03-25 04:00:00,23.0,96,,0.0,9,,4.6,7.6,0,Long An,10.536,106.4052,Open-Meteo-Historical,
2026-03-25 05:00:00,22.9,95,,0.0,3,,3.0,7.2,0,Long An,10.536,106.4052,Open-Meteo-Historical,
2026-03-25 06:00:00,22.7,96,,0.0,2,,1.3,4.0,0,Long An,10.536,106.4052,Open-Meteo-Historical,
2026-03-25 07:00:00,24.7,89,,0.0,1,,5.6,9.7,0,Long An,10.536,106.4052,Open-Meteo-Historical,
2026-03-25 08:00:00,27.0,76,,0.0,5,,11.4,24.1,0,Long An,10.536,106.4052,Open-Meteo-Historical,
2026-03-25 09:00:00,28.9,63,,0.0,0,,13.1,28.8,0,Long An,10.536,106.4052,Open-Meteo-Historical,
2026-03-25 10:00:00,30.6,52,,0.0,17,,13.2,30.2,0,Long An,10.536,106.4052,Open-Meteo-Historical,
2026-03-25 11:00:00,31.8,48,,0.0,54,,12.6,30.2,2,Long An,10.536,106.4052,Open-Meteo-Historical,
2026-03-25 12:00:00,32.7,47,,0.0,60,,11.6,29.5,2,Long An,10.536,106.4052,Open-Meteo-Historical,
2026-03-25 13:00:00,33.4,43,,0.0,91,,12.8,28.1,3,Long An,10.536,106.4052,Open-Meteo-Historical,
2026-03-25 14:00:00,33.3,42,,0.0,93,,14.6,31.7,3,Long An,10.536,106.4052,Open-Meteo-Historical,
2026-03-25 15:00:00,32.0,45,,0.0,89,,17.8,36.7,3,Long An,10.536,106.4052,Open-Meteo-Historical,
2026-03-25 16:00:00,31.3,44,,0.0,68,,17.5,37.1,2,Long An,10.536,106.4052,Open-Meteo-Historical,
2026-03-25 17:00:00,29.3,51,,0.0,37,,17.3,34.9,1,Long An,10.536,106.4052,Open-Meteo-Historical,
2026-03-25 18:00:00,28.1,63,,0.0,17,,13.8,32.4,0,Long An,10.536,106.4052,Open-Meteo-Historical,
2026-03-25 19:00:00,26.8,77,,0.0,0,,16.2,27.4,0,Long An,10.536,106.4052,Open-Meteo-Historical,
2026-03-25 20:00:00,25.9,84,,0.0,3,,14.7,29.5,0,Long An,10.536,106.4052,Open-Meteo-Historical,
2026-03-25 21:00:00,25.5,87,,0.0,5,,14.1,27.0,0,Long An,10.536,106.4052,Open-Meteo-Historical,
2026-03-25 22:00:00,25.2,89,,0.0,7,,10.5,25.2,0,Long An,10.536,106.4052,Open-Meteo-Historical,
2026-03-25 23:00:00,25.1,90,,0.0,16,,10.1,18.7,0,Long An,10.536,106.4052,Open-Meteo-Historical,
2026-03-26 00:00:00,24.9,90,,0.0,16,,9.2,18.0,0,Long An,10.536,106.4052,Open-Meteo-Historical,
2026-03-26 01:00:00,25.0,90,,0.0,18,,10.9,17.3,0,Long An,10.536,106.4052,Open-Meteo-Historical,
2026-03-26 02:00:00,24.7,91,,0.0,81,,11.3,20.5,3,Long An,10.536,106.4052,Open-Meteo-Historical,
2026-03-26 03:00:00,24.5,91,,0.0,22,,9.7,20.2,1,Long An,10.536,106.4052,Open-Meteo-Historical,
2026-03-26 04:00:00,24.3,91,,0.0,18,,8.8,17.3,0,Long An,10.536,106.4052,Open-Meteo-Historical,
2026-03-26 05:00:00,24.1,90,,0.0,10,,9.3,16.2,0,Long An,10.536,106.4052,Open-Meteo-Historical,
2026-03-26 06:00:00,24.0,86,,0.0,31,,9.1,17.3,1,Long An,10.536,106.4052,Open-Meteo-Historical,
2026-03-26 07:00:00,25.7,79,,0.0,9,,11.1,23.0,0,Long An,10.536,106.4052,Open-Meteo-Historical,
2026-03-26 08:00:00,27.4,69,,0.0,9,,15.1,30.6,0,Long An,10.536,106.4052,Open-Meteo-Historical,
2026-03-26 09:00:00,28.9,62,,0.0,5,,14.3,31.0,0,Long An,10.536,106.4052,Open-Meteo-Historical,
2026-03-26 10:00:00,30.5,55,,0.0,58,,14.5,32.4,2,Long An,10.536,106.4052,Open-Meteo-Historical,
2026-03-26 11:00:00,31.1,53,,0.0,100,,13.0,32.0,3,Long An,10.536,106.4052,Open-Meteo-Historical,
2026-03-26 12:00:00,31.8,51,,0.0,48,,10.6,29.9,1,Long An,10.536,106.4052,Open-Meteo-Historical,
2026-03-26 13:00:00,32.0,51,,0.0,42,,8.8,25.2,1,Long An,10.536,106.4052,Open-Meteo-Historical,
2026-03-26 14:00:00,32.5,49,,0.0,8,,6.8,20.9,0,Long An,10.536,106.4052,Open-Meteo-Historical,
2026-03-26 15:00:00,33.0,46,,0.0,34,,9.8,22.3,1,Long An,10.536,106.4052,Open-Meteo-Historical,
2026-03-26 16:00:00,31.4,52,,0.0,1,,16.4,32.4,0,Long An,10.536,106.4052,Open-Meteo-Historical,
2026-03-26 17:00:00,29.5,57,,0.0,2,,17.7,34.9,0,Long An,10.536,106.4052,Open-Meteo-Historical,
2026-03-26 18:00:00,27.5,62,,0.0,2,,13.8,34.2,0,Long An,10.536,106.4052,Open-Meteo-Historical,
2026-03-26 19:00:00,26.7,74,,0.0,0,,13.4,24.8,0,Long An,10.536,106.4052,Open-Meteo-Historical,
2026-03-26 20:00:00,25.8,78,,0.0,0,,13.9,25.9,0,Long An,10.536,106.4052,Open-Meteo-Historical,
2026-03-26 21:00:00,25.2,84,,0.0,3,,13.6,25.6,0,Long An,10.536,106.4052,Open-Meteo-Historical,
2026-03-26 22:00:00,25.0,87,,0.0,5,,11.9,24.8,0,Long An,10.536,106.4052,Open-Meteo-Historical,
2026-03-26 23:00:00,24.6,88,,0.0,21,,10.3,21.2,1,Long An,10.536,106.4052,Open-Meteo-Historical,
2026-03-27 00:00:00,24.5,89,,0.0,27,,10.2,18.7,1,Long An,10.536,106.4052,Open-Meteo-Historical,
2026-03-27 01:00:00,24.5,90,,0.0,35,,10.1,18.4,1,Long An,10.536,106.4052,Open-Meteo-Historical,
2026-03-27 02:00:00,24.4,89,,0.0,40,,8.8,18.4,1,Long An,10.536,106.4052,Open-Meteo-Historical,
2026-03-27 03:00:00,23.9,91,,0.0,19,,8.2,15.8,0,Long An,10.536,106.4052,Open-Meteo-Historical,
2026-03-27 04:00:00,23.5,92,,0.0,12,,8.6,15.1,0,Long An,10.536,106.4052,Open-Meteo-Historical,
2026-03-27 05:00:00,23.2,94,,0.0,15,,7.7,15.1,0,Long An,10.536,106.4052,Open-Meteo-Historical,
2026-03-27 06:00:00,23.1,94,,0.0,9,,7.0,13.3,0,Long An,10.536,106.4052,Open-Meteo-Historical,
2026-03-27 07:00:00,25.0,82,,0.0,9,,12.0,20.2,0,Long An,10.536,106.4052,Open-Meteo-Historical,
2026-03-27 08:00:00,27.0,71,,0.0,51,,15.5,31.0,2,Long An,10.536,106.4052,Open-Meteo-Historical,
2026-03-27 09:00:00,28.5,64,,0.0,27,,15.2,32.4,1,Long An,10.536,106.4052,Open-Meteo-Historical,
2026-03-27 10:00:00,30.0,57,,0.0,16,,13.8,32.0,0,Long An,10.536,106.4052,Open-Meteo-Historical,
2026-03-27 11:00:00,31.2,51,,0.0,14,,13.2,31.0,0,Long An,10.536,106.4052,Open-Meteo-Historical,
2026-03-27 12:00:00,31.8,49,,0.0,18,,11.8,30.2,0,Long An,10.536,106.4052,Open-Meteo-Historical,
2026-03-27 13:00:00,32.0,49,,0.0,9,,11.4,28.1,0,Long An,10.536,106.4052,Open-Meteo-Historical,
2026-03-27 14:00:00,32.0,47,,0.0,10,,10.6,27.4,0,Long An,10.536,106.4052,Open-Meteo-Historical,
2026-03-27 15:00:00,31.6,47,,0.0,20,,11.0,25.9,1,Long An,10.536,106.4052,Open-Meteo-Historical,
2026-03-27 16:00:00,31.1,48,,0.0,11,,10.9,25.6,0,Long An,10.536,106.4052,Open-Meteo-Historical,
2026-03-27 17:00:00,30.0,51,,0.0,0,,10.5,24.1,0,Long An,10.536,106.4052,Open-Meteo-Historical,
2026-03-27 18:00:00,28.0,59,,0.0,0,,11.9,21.2,0,Long An,10.536,106.4052,Open-Meteo-Historical,
2026-03-27 19:00:00,26.8,65,,0.0,0,,12.9,22.0,0,Long An,10.536,106.4052,Open-Meteo-Historical,
2026-03-27 20:00:00,25.8,70,,0.0,0,,12.7,23.0,0,Long An,10.536,106.4052,Open-Meteo-Historical,
2026-03-27 21:00:00,25.0,78,,0.0,0,,12.4,22.3,0,Long An,10.536,106.4052,Open-Meteo-Historical,
2026-03-27 22:00:00,24.4,82,,0.0,0,,11.9,22.0,0,Long An,10.536,106.4052,Open-Meteo-Historical,
2026-03-27 23:00:00,24.1,85,,0.0,0,,11.1,20.9,0,Long An,10.536,106.4052,Open-Meteo-Historical,
2026-03-28 00:00:00,23.8,90,,0.0,0,,8.4,19.4,0,Long An,10.536,106.4052,Open-Meteo-Historical,
2026-03-28 01:00:00,23.5,95,,0.0,1,,6.6,14.8,0,Long An,10.536,106.4052,Open-Meteo-Historical,
2026-03-28 02:00:00,23.2,96,,0.0,4,,6.0,11.2,0,Long An,10.536,106.4052,Open-Meteo-Historical,
2026-03-28 03:00:00,23.0,96,,0.0,10,,5.6,10.4,0,Long An,10.536,106.4052,Open-Meteo-Historical,
2026-03-28 04:00:00,22.6,97,,0.0,9,,4.7,9.4,0,Long An,10.536,106.4052,Open-Meteo-Historical,
2026-03-28 05:00:00,22.5,97,,0.0,80,,3.8,7.6,3,Long An,10.536,106.4052,Open-Meteo-Historical,
2026-03-28 06:00:00,22.4,97,,0.0,37,,3.6,5.0,1,Long An,10.536,106.4052,Open-Meteo-Historical,
2026-03-28 07:00:00,24.5,93,,0.0,42,,5.1,12.2,1,Long An,10.536,106.4052,Open-Meteo-Historical,
2026-03-28 08:00:00,26.9,79,,0.0,35,,12.4,24.5,1,Long An,10.536,106.4052,Open-Meteo-Historical,
2026-03-28 09:00:00,29.0,66,,0.0,30,,15.1,31.7,1,Long An,10.536,106.4052,Open-Meteo-Historical,
2026-03-28 10:00:00,30.4,59,,0.0,20,,15.1,33.1,1,Long An,10.536,106.4052,Open-Meteo-Historical,
2026-03-28 11:00:00,31.5,54,,0.0,45,,15.1,33.8,1,Long An,10.536,106.4052,Open-Meteo-Historical,
2026-03-28 12:00:00,32.2,51,,0.0,90,,15.3,34.2,3,Long An,10.536,106.4052,Open-Meteo-Historical,
2026-03-28 13:00:00,31.9,51,,0.0,91,,15.6,36.0,3,Long An,10.536,106.4052,Open-Meteo-Historical,
2026-03-28 14:00:00,31.8,48,,0.0,91,,16.7,36.0,3,Long An,10.536,106.4052,Open-Meteo-Historical,
2026-03-28 15:00:00,31.4,50,,0.0,97,,17.8,37.4,3,Long An,10.536,106.4052,Open-Meteo-Historical,
2026-03-28 16:00:00,30.1,55,,0.0,85,,17.6,37.4,3,Long An,10.536,106.4052,Open-Meteo-Historical,
2026-03-28 17:00:00,28.7,60,,0.0,55,,16.7,35.6,2,Long An,10.536,106.4052,Open-Meteo-Historical,
2026-03-28 18:00:00,27.2,66,,0.0,2,,13.5,32.0,0,Long An,10.536,106.4052,Open-Meteo-Historical,
2026-03-28 19:00:00,26.7,71,,0.0,2,,12.1,24.8,0,Long An,10.536,106.4052,Open-Meteo-Historical,
2026-03-28 20:00:00,26.1,75,,0.0,0,,10.0,22.0,0,Long An,10.536,106.4052,Open-Meteo-Historical,
2026-03-28 21:00:00,25.5,80,,0.0,0,,7.5,18.0,0,Long An,10.536,106.4052,Open-Meteo-Historical,
2026-03-28 22:00:00,25.0,83,,0.0,0,,7.9,13.7,0,Long An,10.536,106.4052,Open-Meteo-Historical,
2026-03-28 23:00:00,24.5,87,,0.0,9,,6.8,14.0,0,Long An,10.536,106.4052,Open-Meteo-Historical,
2026-03-29 00:00:00,24.1,91,,0.0,66,,7.1,11.9,2,Long An,10.536,106.4052,Open-Meteo-Historical,
2026-03-29 01:00:00,24.0,94,,0.0,80,,7.7,12.6,3,Long An,10.536,106.4052,Open-Meteo-Historical,
2026-03-29 02:00:00,23.8,96,,0.0,100,,5.2,13.0,3,Long An,10.536,106.4052,Open-Meteo-Historical,
2026-03-29 03:00:00,23.5,96,,0.0,100,,3.1,8.6,3,Long An,10.536,106.4052,Open-Meteo-Historical,
2026-03-29 04:00:00,23.4,96,,0.0,100,,2.2,4.3,3,Long An,10.536,106.4052,Open-Meteo-Historical,
2026-03-29 05:00:00,23.1,97,,0.0,99,,3.0,5.4,3,Long An,10.536,106.4052,Open-Meteo-Historical,
2026-03-29 06:00:00,23.1,97,,0.0,98,,2.1,5.4,3,Long An,10.536,106.4052,Open-Meteo-Historical,
2026-03-29 07:00:00,25.2,93,,0.0,22,,3.4,6.5,1,Long An,10.536,106.4052,Open-Meteo-Historical,
2026-03-29 08:00:00,27.6,81,,0.0,47,,13.6,26.3,1,Long An,10.536,106.4052,Open-Meteo-Historical,
2026-03-29 09:00:00,29.8,69,,0.0,11,,15.3,33.1,0,Long An,10.536,106.4052,Open-Meteo-Historical,
2026-03-29 10:00:00,31.5,61,,0.0,7,,14.5,32.4,0,Long An,10.536,106.4052,Open-Meteo-Historical,
2026-03-29 11:00:00,32.5,55,,0.0,5,,14.3,32.4,0,Long An,10.536,106.4052,Open-Meteo-Historical,
2026-03-29 12:00:00,33.2,51,,0.0,9,,14.0,32.8,0,Long An,10.536,106.4052,Open-Meteo-Historical,
2026-03-29 13:00:00,33.3,51,,0.0,51,,13.7,32.4,2,Long An,10.536,106.4052,Open-Meteo-Historical,
2026-03-29 14:00:00,33.3,49,,0.0,9,,14.5,32.4,0,Long An,10.536,106.4052,Open-Meteo-Historical,
2026-03-29 15:00:00,33.0,49,,0.0,3,,15.0,32.8,0,Long An,10.536,106.4052,Open-Meteo-Historical,
2026-03-29 16:00:00,32.1,51,,0.0,14,,16.3,33.5,0,Long An,10.536,106.4052,Open-Meteo-Historical,
2026-03-29 17:00:00,30.6,56,,0.0,0,,15.4,33.5,0,Long An,10.536,106.4052,Open-Meteo-Historical,
2026-03-29 18:00:00,28.7,65,,0.0,0,,11.9,29.9,0,Long An,10.536,106.4052,Open-Meteo-Historical,
2026-03-29 19:00:00,27.5,74,,0.0,0,,10.7,21.6,0,Long An,10.536,106.4052,Open-Meteo-Historical,
2026-03-29 20:00:00,26.5,82,,0.0,0,,10.3,19.1,0,Long An,10.536,106.4052,Open-Meteo-Historical,
2026-03-29 21:00:00,26.0,88,,0.0,10,,8.8,18.0,0,Long An,10.536,106.4052,Open-Meteo-Historical,
2026-03-29 22:00:00,25.6,93,,0.0,7,,8.7,15.8,0,Long An,10.536,106.4052,Open-Meteo-Historical,
2026-03-29 23:00:00,25.3,95,,0.0,5,,8.0,15.5,0,Long An,10.536,106.4052,Open-Meteo-Historical,
2026-03-30 00:00:00,25.0,96,,0.0,13,,7.3,14.4,0,Long An,10.536,106.4052,Open-Meteo-Historical,
2026-03-30 01:00:00,25.1,97,,0.0,20,,6.0,12.6,1,Long An,10.536,106.4052,Open-Meteo-Historical,
2026-03-30 02:00:00,24.8,98,,0.0,21,,5.1,10.4,1,Long An,10.536,106.4052,Open-Meteo-Historical,
2026-03-30 03:00:00,24.6,98,,0.0,23,,5.5,9.0,1,Long An,10.536,106.4052,Open-Meteo-Historical,
2026-03-30 04:00:00,24.5,98,,0.0,5,,7.6,13.3,0,Long An,10.536,106.4052,Open-Meteo-Historical,
2026-03-30 05:00:00,24.4,97,,0.0,5,,7.5,14.0,0,Long An,10.536,106.4052,Open-Meteo-Historical,
2026-03-30 06:00:00,24.0,98,,0.0,9,,5.1,13.0,0,Long An,10.536,106.4052,Open-Meteo-Historical,
2026-03-30 07:00:00,26.0,90,,0.0,30,,10.0,18.4,1,Long An,10.536,106.4052,Open-Meteo-Historical,
2026-03-30 08:00:00,28.0,77,,0.0,21,,10.9,24.1,1,Long An,10.536,106.4052,Open-Meteo-Historical,
2026-03-30 09:00:00,29.8,66,,0.0,20,,9.9,24.1,1,Long An,10.536,106.4052,Open-Meteo-Historical,
2026-03-30 10:00:00,30.9,61,,0.0,12,,9.4,24.1,0,Long An,10.536,106.4052,Open-Meteo-Historical,
2026-03-30 11:00:00,32.0,57,,0.0,13,,8.9,24.5,0,Long An,10.536,106.4052,Open-Meteo-Historical,
2026-03-30 12:00:00,32.8,52,,0.0,9,,8.5,24.5,0,Long An,10.536,106.4052,Open-Meteo-Historical,
2026-03-30 13:00:00,32.3,53,,0.0,34,,5.3,23.8,1,Long An,10.536,106.4052,Open-Meteo-Historical,
2026-03-30 14:00:00,32.7,52,,0.0,30,,6.3,19.4,1,Long An,10.536,106.4052,Open-Meteo-Historical,
2026-03-30 15:00:00,32.8,50,,0.0,23,,8.2,21.2,1,Long An,10.536,106.4052,Open-Meteo-Historical,
2026-03-30 16:00:00,32.0,52,,0.0,20,,11.2,24.8,1,Long An,10.536,106.4052,Open-Meteo-Historical,
2026-03-30 17:00:00,30.6,56,,0.0,7,,13.3,26.6,0,Long An,10.536,106.4052,Open-Meteo-Historical,
2026-03-30 18:00:00,29.2,61,,0.0,4,,12.9,26.6,0,Long An,10.536,106.4052,Open-Meteo-Historical,
2026-03-30 19:00:00,27.9,69,,0.0,2,,12.1,24.8,0,Long An,10.536,106.4052,Open-Meteo-Historical,
2026-03-30 20:00:00,26.6,79,,0.0,2,,12.3,22.0,0,Long An,10.536,106.4052,Open-Meteo-Historical,
2026-03-30 21:00:00,25.9,86,,0.0,0,,11.8,22.0,0,Long An,10.536,106.4052,Open-Meteo-Historical,
2026-03-30 22:00:00,25.5,89,,0.0,1,,10.8,21.2,0,Long An,10.536,106.4052,Open-Meteo-Historical,
2026-03-30 23:00:00,25.1,92,,0.0,5,,10.2,19.4,0,Long An,10.536,106.4052,Open-Meteo-Historical,
2026-03-31 00:00:00,25.0,93,,0.0,3,,9.4,18.0,0,Long An,10.536,106.4052,Open-Meteo-Historical,
2026-03-31 01:00:00,24.9,96,,0.0,1,,9.5,16.6,0,Long An,10.536,106.4052,Open-Meteo-Historical,
2026-03-31 02:00:00,24.6,96,,0.0,2,,9.4,16.9,0,Long An,10.536,106.4052,Open-Meteo-Historical,
2026-03-31 03:00:00,24.5,96,,0.0,8,,8.8,16.6,0,Long An,10.536,106.4052,Open-Meteo-Historical,
2026-03-31 04:00:00,24.2,97,,0.0,10,,8.0,15.5,0,Long An,10.536,106.4052,Open-Meteo-Historical,
2026-03-31 05:00:00,24.0,97,,0.0,8,,7.0,14.0,0,Long An,10.536,106.4052,Open-Meteo-Historical,
2026-03-31 06:00:00,23.6,97,,0.0,5,,5.5,12.2,0,Long An,10.536,106.4052,Open-Meteo-Historical,
2026-03-31 07:00:00,25.2,92,,0.0,6,,5.2,12.6,0,Long An,10.536,106.4052,Open-Meteo-Historical,
2026-03-31 08:00:00,27.5,79,,0.0,15,,9.3,21.6,0,Long An,10.536,106.4052,Open-Meteo-Historical,
2026-03-31 09:00:00,29.1,67,,0.0,11,,7.5,22.0,0,Long An,10.536,106.4052,Open-Meteo-Historical,
2026-03-31 10:00:00,30.6,60,,0.0,5,,5.6,20.9,0,Long An,10.536,106.4052,Open-Meteo-Historical,
2026-03-31 11:00:00,31.9,55,,0.0,2,,4.2,19.1,0,Long An,10.536,106.4052,Open-Meteo-Historical,
2026-03-31 12:00:00,33.0,49,,0.0,46,,3.9,17.6,1,Long An,10.536,106.4052,Open-Meteo-Historical,
2026-03-31 13:00:00,33.0,45,,0.0,79,,2.7,17.3,2,Long An,10.536,106.4052,Open-Meteo-Historical,
2026-03-31 14:00:00,32.9,46,,0.0,91,,2.9,14.0,3,Long An,10.536,106.4052,Open-Meteo-Historical,
2026-03-31 15:00:00,33.2,46,,0.0,54,,4.3,15.8,2,Long An,10.536,106.4052,Open-Meteo-Historical,
2026-03-31 16:00:00,32.9,47,,0.0,61,,6.0,16.2,2,Long An,10.536,106.4052,Open-Meteo-Historical,
2026-03-31 17:00:00,31.9,51,,0.0,71,,8.9,18.0,2,Long An,10.536,106.4052,Open-Meteo-Historical,
2026-03-31 18:00:00,29.6,61,,0.0,72,,15.0,26.6,2,Long An,10.536,106.4052,Open-Meteo-Historical,
2026-03-31 19:00:00,28.4,68,,0.0,77,,13.0,29.5,2,Long An,10.536,106.4052,Open-Meteo-Historical,
2026-03-31 20:00:00,27.1,75,,0.0,67,,11.9,23.0,2,Long An,10.536,106.4052,Open-Meteo-Historical,
2026-03-31 21:00:00,26.4,81,,0.0,49,,9.8,22.0,1,Long An,10.536,106.4052,Open-Meteo-Historical,
2026-03-31 22:00:00,25.9,85,,0.0,54,,10.0,18.4,2,Long An,10.536,106.4052,Open-Meteo-Historical,
2026-03-31 23:00:00,25.5,88,,0.0,62,,8.8,17.6,2,Long An,10.536,106.4052,Open-Meteo-Historical,
2026-04-01 00:00:00,25.0,91,,0.0,98,,7.6,15.8,3,Long An,10.536,106.4052,Open-Meteo-Historical,
2026-04-01 01:00:00,24.8,95,,0.0,97,,7.5,13.3,3,Long An,10.536,106.4052,Open-Meteo-Historical,
2026-04-01 02:00:00,24.6,96,,0.0,92,,6.9,13.3,3,Long An,10.536,106.4052,Open-Meteo-Historical,
2026-04-01 03:00:00,24.2,98,,0.0,88,,5.7,12.2,3,Long An,10.536,106.4052,Open-Meteo-Historical,
2026-04-01 04:00:00,24.0,98,,0.0,87,,4.0,9.7,3,Long An,10.536,106.4052,Open-Meteo-Historical,
2026-04-01 05:00:00,23.9,99,,0.0,86,,3.3,6.8,3,Long An,10.536,106.4052,Open-Meteo-Historical,
2026-04-01 06:00:00,24.0,98,,0.0,98,,2.9,5.0,3,Long An,10.536,106.4052,Open-Meteo-Historical,
2026-04-01 07:00:00,25.5,90,,0.0,98,,5.4,16.2,3,Long An,10.536,106.4052,Open-Meteo-Historical,
2026-04-01 08:00:00,27.2,78,,0.0,30,,7.1,18.4,1,Long An,10.536,106.4052,Open-Meteo-Historical,
2026-04-01 09:00:00,29.0,67,,0.0,8,,8.2,22.0,0,Long An,10.536,106.4052,Open-Meteo-Historical,
2026-04-01 10:00:00,30.7,59,,0.0,11,,8.6,23.0,0,Long An,10.536,106.4052,Open-Meteo-Historical,
2026-04-01 11:00:00,32.2,53,,0.0,6,,9.2,24.8,0,Long An,10.536,106.4052,Open-Meteo-Historical,
2026-04-01 12:00:00,33.2,49,,0.0,3,,10.3,26.6,0,Long An,10.536,106.4052,Open-Meteo-Historical,
2026-04-01 13:00:00,33.3,46,,0.0,1,,10.2,27.7,0,Long An,10.536,106.4052,Open-Meteo-Historical,
2026-04-01 14:00:00,33.4,45,,0.0,27,,11.0,27.0,1,Long An,10.536,106.4052,Open-Meteo-Historical,
2026-04-01 15:00:00,33.0,46,,0.0,23,,13.2,29.9,1,Long An,10.536,106.4052,Open-Meteo-Historical,
2026-04-01 16:00:00,32.0,49,,0.0,13,,13.2,29.9,0,Long An,10.536,106.4052,Open-Meteo-Historical,
2026-04-01 17:00:00,30.5,53,,0.0,3,,13.6,28.4,0,Long An,10.536,106.4052,Open-Meteo-Historical,
2026-04-01 18:00:00,28.8,60,,0.0,1,,13.7,27.4,0,Long An,10.536,106.4052,Open-Meteo-Historical,
2026-04-01 19:00:00,27.5,68,,0.0,0,,13.3,28.4,0,Long An,10.536,106.4052,Open-Meteo-Historical,
2026-04-01 20:00:00,26.4,78,,0.0,2,,12.9,24.5,0,Long An,10.536,106.4052,Open-Meteo-Historical,
2026-04-01 21:00:00,26.0,83,,0.0,1,,11.9,23.4,0,Long An,10.536,106.4052,Open-Meteo-Historical,
2026-04-01 22:00:00,25.6,85,,0.0,2,,9.9,21.2,0,Long An,10.536,106.4052,Open-Meteo-Historical,
2026-04-01 23:00:00,25.5,86,,0.0,1,,9.1,17.6,0,Long An,10.536,106.4052,Open-Meteo-Historical,
2026-04-02 00:00:00,25.4,87,,0.0,3,,9.5,16.9,0,Long An,10.536,106.4052,Open-Meteo-Historical,
2026-04-02 01:00:00,25.2,90,,0.0,37,,8.4,16.9,1,Long An,10.536,106.4052,Open-Meteo-Historical,
2026-04-02 02:00:00,25.2,89,,0.0,50,,8.2,15.8,2,Long An,10.536,106.4052,Open-Meteo-Historical,
2026-04-02 03:00:00,25.3,89,,0.0,10,,7.8,14.8,0,Long An,10.536,106.4052,Open-Meteo-Historical,
2026-04-02 04:00:00,24.8,91,,0.0,6,,6.1,14.0,0,Long An,10.536,106.4052,Open-Meteo-Historical,
2026-04-02 05:00:00,24.1,95,,0.0,16,,4.8,10.8,0,Long An,10.536,106.4052,Open-Meteo-Historical,
2026-04-02 06:00:00,24.0,96,,0.0,56,,4.6,8.3,2,Long An,10.536,106.4052,Open-Meteo-Historical,
2026-04-02 07:00:00,25.9,86,,0.0,2,,4.3,12.6,0,Long An,10.536,106.4052,Open-Meteo-Historical,
2026-04-02 08:00:00,28.0,74,,0.0,21,,8.8,20.5,1,Long An,10.536,106.4052,Open-Meteo-Historical,
2026-04-02 09:00:00,29.8,64,,0.0,13,,10.0,24.5,0,Long An,10.536,106.4052,Open-Meteo-Historical,
2026-04-02 10:00:00,31.4,56,,0.0,10,,11.3,27.4,0,Long An,10.536,106.4052,Open-Meteo-Historical,
2026-04-02 11:00:00,32.5,49,,0.0,7,,11.7,28.4,0,Long An,10.536,106.4052,Open-Meteo-Historical,
2026-04-02 12:00:00,33.5,45,,0.0,16,,13.5,31.7,0,Long An,10.536,106.4052,Open-Meteo-Historical,
2026-04-02 13:00:00,33.5,45,,0.0,20,,13.6,32.8,1,Long An,10.536,106.4052,Open-Meteo-Historical,
2026-04-02 14:00:00,33.4,45,,0.0,26,,13.4,31.3,1,Long An,10.536,106.4052,Open-Meteo-Historical,
2026-04-02 15:00:00,33.2,44,,0.0,27,,13.1,30.6,1,Long An,10.536,106.4052,Open-Meteo-Historical,
2026-04-02 16:00:00,32.5,46,,0.0,31,,13.8,29.5,1,Long An,10.536,106.4052,Open-Meteo-Historical,
2026-04-02 17:00:00,30.5,53,,0.0,0,,17.0,33.5,0,Long An,10.536,106.4052,Open-Meteo-Historical,
2026-04-02 18:00:00,28.9,59,,0.0,0,,14.9,33.5,0,Long An,10.536,106.4052,Open-Meteo-Historical,
2026-04-02 19:00:00,28.0,67,,0.0,0,,13.9,27.0,0,Long An,10.536,106.4052,Open-Meteo-Historical,
2026-04-02 20:00:00,27.1,74,,0.0,0,,13.4,25.6,0,Long An,10.536,106.4052,Open-Meteo-Historical,
2026-04-02 21:00:00,26.6,79,,0.0,1,,12.1,24.1,0,Long An,10.536,106.4052,Open-Meteo-Historical,
2026-04-02 22:00:00,26.4,83,,0.0,2,,12.7,23.0,0,Long An,10.536,106.4052,Open-Meteo-Historical,
2026-04-02 23:00:00,26.2,82,,0.0,5,,12.7,23.0,0,Long An,10.536,106.4052,Open-Meteo-Historical,
2026-04-03 00:00:00,26.0,80,,0.0,1,,12.4,23.0,0,Long An,10.536,106.4052,Open-Meteo-Historical,
2026-04-03 01:00:00,25.7,78,,0.0,31,,10.1,22.3,1,Long An,10.536,106.4052,Open-Meteo-Historical,
2026-04-03 02:00:00,25.2,80,,0.0,14,,8.2,18.0,0,Long An,10.536,106.4052,Open-Meteo-Historical,
2026-04-03 03:00:00,24.8,83,,0.0,7,,7.0,14.4,0,Long An,10.536,106.4052,Open-Meteo-Historical,
2026-04-03 04:00:00,24.1,86,,0.0,14,,5.0,12.2,0,Long An,10.536,106.4052,Open-Meteo-Historical,
2026-04-03 05:00:00,23.9,88,,0.0,44,,2.6,7.9,1,Long An,10.536,106.4052,Open-Meteo-Historical,
2026-04-03 06:00:00,23.7,89,,0.0,36,,2.0,3.6,1,Long An,10.536,106.4052,Open-Meteo-Historical,
2026-04-03 07:00:00,25.6,84,,0.0,56,,4.5,11.2,2,Long An,10.536,106.4052,Open-Meteo-Historical,
2026-04-03 08:00:00,28.0,70,,0.0,27,,10.3,21.2,1,Long An,10.536,106.4052,Open-Meteo-Historical,
2026-04-03 09:00:00,29.8,60,,0.0,9,,12.5,28.4,0,Long An,10.536,106.4052,Open-Meteo-Historical,
2026-04-03 10:00:00,31.0,53,,0.0,3,,12.9,30.2,0,Long An,10.536,106.4052,Open-Meteo-Historical,
2026-04-03 11:00:00,32.2,48,,0.0,5,,12.9,31.0,0,Long An,10.536,106.4052,Open-Meteo-Historical,
2026-04-03 12:00:00,33.0,45,,0.0,2,,12.4,31.0,0,Long An,10.536,106.4052,Open-Meteo-Historical,
2026-04-03 13:00:00,32.6,47,,0.0,31,,9.6,30.2,1,Long An,10.536,106.4052,Open-Meteo-Historical,
2026-04-03 14:00:00,32.8,45,,0.0,16,,7.7,24.8,0,Long An,10.536,106.4052,Open-Meteo-Historical,
2026-04-03 15:00:00,32.8,44,,0.0,6,,8.6,22.3,0,Long An,10.536,106.4052,Open-Meteo-Historical,
2026-04-03 16:00:00,32.4,44,,0.0,16,,9.7,22.7,0,Long An,10.536,106.4052,Open-Meteo-Historical,
2026-04-03 17:00:00,31.4,46,,0.0,54,,11.9,24.5,2,Long An,10.536,106.4052,Open-Meteo-Historical,
2026-04-03 18:00:00,29.4,54,,0.0,21,,13.6,24.5,1,Long An,10.536,106.4052,Open-Meteo-Historical,
2026-04-03 19:00:00,27.9,61,,0.0,3,,14.9,27.7,0,Long An,10.536,106.4052,Open-Meteo-Historical,
2026-04-03 20:00:00,26.7,69,,0.0,0,,13.9,27.0,0,Long An,10.536,106.4052,Open-Meteo-Historical,
2026-04-03 21:00:00,26.0,75,,0.0,0,,14.0,25.2,0,Long An,10.536,106.4052,Open-Meteo-Historical,
2026-04-03 22:00:00,25.5,78,,0.0,0,,12.4,25.2,0,Long An,10.536,106.4052,Open-Meteo-Historical,
2026-04-03 23:00:00,25.0,82,,0.0,10,,9.6,21.6,0,Long An,10.536,106.4052,Open-Meteo-Historical,
2026-04-04 00:00:00,24.3,85,,0.0,98,,7.2,16.9,3,Long An,10.536,106.4052,Open-Meteo-Historical,
2026-04-04 01:00:00,23.8,93,,0.0,98,,4.7,12.2,3,Long An,10.536,106.4052,Open-Meteo-Historical,
2026-04-04 02:00:00,23.2,96,,0.0,100,,3.9,7.9,3,Long An,10.536,106.4052,Open-Meteo-Historical,
2026-04-04 03:00:00,22.9,97,,0.0,97,,3.7,6.8,3,Long An,10.536,106.4052,Open-Meteo-Historical,
2026-04-04 04:00:00,22.4,98,,0.0,92,,3.5,6.5,3,Long An,10.536,106.4052,Open-Meteo-Historical,
2026-04-04 05:00:00,22.0,100,,0.0,98,,1.2,5.0,3,Long An,10.536,106.4052,Open-Meteo-Historical,
2026-04-04 06:00:00,21.8,100,,0.0,100,,0.5,1.8,3,Long An,10.536,106.4052,Open-Meteo-Historical,
2026-04-04 07:00:00,23.5,99,,0.0,100,,1.5,7.9,3,Long An,10.536,106.4052,Open-Meteo-Historical,
2026-04-04 08:00:00,26.7,83,,0.0,98,,1.0,9.7,3,Long An,10.536,106.4052,Open-Meteo-Historical,
2026-04-04 09:00:00,29.1,68,,0.0,98,,4.7,16.6,3,Long An,10.536,106.4052,Open-Meteo-Historical,
2026-04-04 10:00:00,30.8,58,,0.0,95,,5.7,19.1,3,Long An,10.536,106.4052,Open-Meteo-Historical,
2026-04-04 11:00:00,32.4,50,,0.0,95,,7.0,21.6,3,Long An,10.536,106.4052,Open-Meteo-Historical,
2026-04-04 12:00:00,33.5,45,,0.0,98,,7.2,22.0,3,Long An,10.536,106.4052,Open-Meteo-Historical,
2026-04-04 13:00:00,33.7,43,,0.0,79,,7.9,22.0,2,Long An,10.536,106.4052,Open-Meteo-Historical,
2026-04-04 14:00:00,34.0,43,,0.0,30,,8.1,22.3,1,Long An,10.536,106.4052,Open-Meteo-Historical,
2026-04-04 15:00:00,33.8,43,,0.0,31,,8.9,22.3,1,Long An,10.536,106.4052,Open-Meteo-Historical,
2026-04-04 16:00:00,33.4,43,,0.0,70,,8.8,22.7,2,Long An,10.536,106.4052,Open-Meteo-Historical,
2026-04-04 17:00:00,32.8,45,,0.0,84,,7.5,20.2,3,Long An,10.536,106.4052,Open-Meteo-Historical,
2026-04-04 18:00:00,30.5,56,,0.0,20,,4.7,15.1,1,Long An,10.536,106.4052,Open-Meteo-Historical,
2026-04-04 19:00:00,28.4,72,,0.0,63,,15.5,28.4,2,Long An,10.536,106.4052,Open-Meteo-Historical,
2026-04-04 20:00:00,27.8,75,,0.0,53,,13.3,27.7,2,Long An,10.536,106.4052,Open-Meteo-Historical,
2026-04-04 21:00:00,27.2,77,,0.0,20,,10.9,23.8,1,Long An,10.536,106.4052,Open-Meteo-Historical,
2026-04-04 22:00:00,26.6,80,,0.0,54,,8.7,19.1,2,Long An,10.536,106.4052,Open-Meteo-Historical,
2026-04-04 23:00:00,26.0,84,,0.0,73,,8.6,15.1,2,Long An,10.536,106.4052,Open-Meteo-Historical,
2026-04-05 00:00:00,25.5,87,,0.0,93,,8.3,15.1,3,Long An,10.536,106.4052,Open-Meteo-Historical,
2026-04-05 01:00:00,25.1,92,,0.0,40,,7.5,14.4,1,Long An,10.536,106.4052,Open-Meteo-Historical,
2026-04-05 02:00:00,24.6,95,,0.0,0,,6.1,13.0,0,Long An,10.536,106.4052,Open-Meteo-Historical,
2026-04-05 03:00:00,24.4,96,,0.0,0,,5.9,10.4,0,Long An,10.536,106.4052,Open-Meteo-Historical,
2026-04-05 04:00:00,24.1,97,,0.0,0,,5.0,10.4,0,Long An,10.536,106.4052,Open-Meteo-Historical,
2026-04-05 05:00:00,23.7,98,,0.0,3,,3.9,8.6,0,Long An,10.536,106.4052,Open-Meteo-Historical,
2026-04-05 06:00:00,23.5,99,,0.0,8,,1.8,6.1,0,Long An,10.536,106.4052,Open-Meteo-Historical,
2026-04-05 07:00:00,25.6,92,,0.0,3,,3.1,9.0,0,Long An,10.536,106.4052,Open-Meteo-Historical,
2026-04-05 08:00:00,28.2,77,,0.0,13,,8.2,20.2,0,Long An,10.536,106.4052,Open-Meteo-Historical,
2026-04-05 09:00:00,30.1,65,,0.0,13,,7.3,20.9,0,Long An,10.536,106.4052,Open-Meteo-Historical,
2026-04-05 10:00:00,31.8,56,,0.0,37,,7.2,21.6,1,Long An,10.536,106.4052,Open-Meteo-Historical,
2026-04-05 11:00:00,33.2,50,,0.0,61,,7.1,21.6,2,Long An,10.536,106.4052,Open-Meteo-Historical,
2026-04-05 12:00:00,34.0,46,,0.0,69,,8.1,22.7,2,Long An,10.536,106.4052,Open-Meteo-Historical,
2026-04-05 13:00:00,34.2,46,,0.0,16,,6.8,24.5,0,Long An,10.536,106.4052,Open-Meteo-Historical,
2026-04-05 14:00:00,34.5,45,,0.0,20,,8.7,23.8,1,Long An,10.536,106.4052,Open-Meteo-Historical,
2026-04-05 15:00:00,34.5,45,,0.0,13,,9.2,24.1,0,Long An,10.536,106.4052,Open-Meteo-Historical,
2026-04-05 16:00:00,34.3,45,,0.0,10,,9.1,23.4,0,Long An,10.536,106.4052,Open-Meteo-Historical,
2026-04-05 17:00:00,33.6,47,,0.0,10,,9.9,21.2,0,Long An,10.536,106.4052,Open-Meteo-Historical,
2026-04-05 18:00:00,30.7,61,,0.0,6,,16.2,29.5,0,Long An,10.536,106.4052,Open-Meteo-Historical,
2026-04-05 19:00:00,29.0,67,,0.0,3,,13.9,31.3,0,Long An,10.536,106.4052,Open-Meteo-Historical,
2026-04-05 20:00:00,27.8,73,,0.0,2,,13.9,26.3,0,Long An,10.536,106.4052,Open-Meteo-Historical,
2026-04-05 21:00:00,27.0,79,,0.0,0,,12.5,25.2,0,Long An,10.536,106.4052,Open-Meteo-Historical,
2026-04-05 22:00:00,26.5,82,,0.0,2,,11.2,22.3,0,Long An,10.536,106.4052,Open-Meteo-Historical,
2026-04-05 23:00:00,26.1,84,,0.0,0,,11.2,20.2,0,Long An,10.536,106.4052,Open-Meteo-Historical,
2026-04-06 00:00:00,25.7,85,,0.0,0,,10.8,19.8,0,Long An,10.536,106.4052,Open-Meteo-Historical,
2026-04-06 01:00:00,25.2,89,,0.0,0,,9.2,19.1,0,Long An,10.536,106.4052,Open-Meteo-Historical,
2026-04-06 02:00:00,25.0,92,,0.0,0,,7.0,15.8,0,Long An,10.536,106.4052,Open-Meteo-Historical,
2026-04-06 03:00:00,24.5,95,,0.0,0,,6.2,12.2,0,Long An,10.536,106.4052,Open-Meteo-Historical,
2026-04-06 04:00:00,24.2,97,,0.0,0,,5.8,10.8,0,Long An,10.536,106.4052,Open-Meteo-Historical,
2026-04-06 05:00:00,24.0,97,,0.0,0,,5.6,10.4,0,Long An,10.536,106.4052,Open-Meteo-Historical,
2026-04-06 06:00:00,23.9,97,,0.0,0,,5.3,9.7,0,Long An,10.536,106.4052,Open-Meteo-Historical,
2026-04-06 07:00:00,26.0,89,,0.0,1,,6.4,13.7,0,Long An,10.536,106.4052,Open-Meteo-Historical,
2026-04-06 08:00:00,28.6,73,,0.0,18,,10.8,24.8,0,Long An,10.536,106.4052,Open-Meteo-Historical,
2026-04-06 09:00:00,30.5,62,,0.0,41,,10.8,25.9,1,Long An,10.536,106.4052,Open-Meteo-Historical,
2026-04-06 10:00:00,32.0,56,,0.0,54,,9.5,26.3,2,Long An,10.536,106.4052,Open-Meteo-Historical,
2026-04-06 11:00:00,33.2,51,,0.0,20,,8.6,25.6,1,Long An,10.536,106.4052,Open-Meteo-Historical,
2026-04-06 12:00:00,34.5,46,,0.0,9,,7.9,24.5,0,Long An,10.536,106.4052,Open-Meteo-Historical,
2026-04-06 13:00:00,34.8,44,,0.0,9,,8.2,24.1,0,Long An,10.536,106.4052,Open-Meteo-Historical,
2026-04-06 14:00:00,35.3,41,,0.0,6,,8.7,24.1,0,Long An,10.536,106.4052,Open-Meteo-Historical,
2026-04-06 15:00:00,35.5,40,,0.0,5,,9.1,24.1,0,Long An,10.536,106.4052,Open-Meteo-Historical,
2026-04-06 16:00:00,35.2,40,,0.0,34,,9.8,23.4,1,Long An,10.536,106.4052,Open-Meteo-Historical,
2026-04-06 17:00:00,34.3,41,,0.0,20,,9.7,23.0,1,Long An,10.536,106.4052,Open-Meteo-Historical,
2026-04-06 18:00:00,32.3,47,,0.0,5,,6.8,19.8,0,Long An,10.536,106.4052,Open-Meteo-Historical,
2026-04-06 19:00:00,29.8,67,,0.0,8,,16.0,25.2,0,Long An,10.536,106.4052,Open-Meteo-Historical,
2026-04-06 20:00:00,29.0,68,,0.0,2,,12.0,29.2,0,Long An,10.536,106.4052,Open-Meteo-Historical,
2026-04-06 21:00:00,28.0,73,,0.0,4,,11.6,21.6,0,Long An,10.536,106.4052,Open-Meteo-Historical,
2026-04-06 22:00:00,27.2,77,,0.0,69,,12.1,21.6,2,Long An,10.536,106.4052,Open-Meteo-Historical,
2026-04-06 23:00:00,26.8,79,,0.0,0,,12.6,23.0,0,Long An,10.536,106.4052,Open-Meteo-Historical,
2026-04-07 00:00:00,26.4,83,,0.0,0,,11.5,22.7,0,Long An,10.536,106.4052,Open-Meteo-Historical,
2026-04-07 01:00:00,26.0,88,,0.0,3,,10.0,20.5,0,Long An,10.536,106.4052,Open-Meteo-Historical,
2026-04-07 02:00:00,25.8,90,,0.0,9,,9.3,17.6,0,Long An,10.536,106.4052,Open-Meteo-Historical,
2026-04-07 03:00:00,25.6,91,,0.0,8,,9.0,16.6,0,Long An,10.536,106.4052,Open-Meteo-Historical,
2026-04-07 04:00:00,25.2,94,,0.0,13,,7.4,15.5,0,Long An,10.536,106.4052,Open-Meteo-Historical,
2026-04-07 05:00:00,24.7,96,,0.0,0,,6.0,13.0,0,Long An,10.536,106.4052,Open-Meteo-Historical,
2026-04-07 06:00:00,24.4,98,,0.0,2,,4.7,10.4,0,Long An,10.536,106.4052,Open-Meteo-Historical,
2026-04-07 07:00:00,26.1,89,,0.0,0,,5.2,13.3,0,Long An,10.536,106.4052,Open-Meteo-Historical,
2026-04-07 08:00:00,28.4,74,,0.0,2,,7.8,19.8,0,Long An,10.536,106.4052,Open-Meteo-Historical,
2026-04-07 09:00:00,30.2,62,,0.0,2,,6.7,20.5,0,Long An,10.536,106.4052,Open-Meteo-Historical,
2026-04-07 10:00:00,32.0,55,,0.0,0,,6.5,20.9,0,Long An,10.536,106.4052,Open-Meteo-Historical,
2026-04-07 11:00:00,33.7,46,,0.0,35,,6.9,22.0,1,Long An,10.536,106.4052,Open-Meteo-Historical,
2026-04-07 12:00:00,35.0,38,,0.0,97,,7.3,22.7,3,Long An,10.536,106.4052,Open-Meteo-Historical,
2026-04-07 13:00:00,35.5,35,,0.0,95,,8.6,23.4,3,Long An,10.536,106.4052,Open-Meteo-Historical,
2026-04-07 14:00:00,35.9,33,,0.0,89,,9.6,25.2,3,Long An,10.536,106.4052,Open-Meteo-Historical,
2026-04-07 15:00:00,35.8,33,,0.0,95,,9.7,25.2,3,Long An,10.536,106.4052,Open-Meteo-Historical,
2026-04-07 16:00:00,35.0,35,,0.0,95,,10.2,24.5,3,Long An,10.536,106.4052,Open-Meteo-Historical,
2026-04-07 17:00:00,34.0,38,,0.0,80,,11.0,23.8,3,Long An,10.536,106.4052,Open-Meteo-Historical,
2026-04-07 18:00:00,32.5,41,,0.0,89,,9.6,22.3,3,Long An,10.536,106.4052,Open-Meteo-Historical,
2026-04-07 19:00:00,31.1,45,,0.0,53,,7.1,16.9,2,Long An,10.536,106.4052,Open-Meteo-Historical,
2026-04-07 20:00:00,28.8,68,,0.0,21,,13.4,23.4,1,Long An,10.536,106.4052,Open-Meteo-Historical,
2026-04-07 21:00:00,27.5,80,,0.0,8,,12.3,24.5,0,Long An,10.536,106.4052,Open-Meteo-Historical,
2026-04-07 22:00:00,27.0,84,,0.0,7,,12.1,22.0,0,Long An,10.536,106.4052,Open-Meteo-Historical,
2026-04-07 23:00:00,26.7,87,,0.0,52,,11.5,21.2,2,Long An,10.536,106.4052,Open-Meteo-Historical,
2026-04-08 00:00:00,26.3,90,,0.0,87,,12.1,21.6,3,Long An,10.536,106.4052,Open-Meteo-Historical,
2026-04-08 01:00:00,26.0,95,,0.0,100,,12.0,21.6,3,Long An,10.536,106.4052,Open-Meteo-Historical,
2026-04-08 02:00:00,26.0,96,,0.0,100,,11.5,21.6,3,Long An,10.536,106.4052,Open-Meteo-Historical,
2026-04-08 03:00:00,25.8,96,,0.0,98,,9.6,20.5,3,Long An,10.536,106.4052,Open-Meteo-Historical,
2026-04-08 04:00:00,25.7,97,,0.0,100,,6.7,16.9,3,Long An,10.536,106.4052,Open-Meteo-Historical,
2026-04-08 05:00:00,26.2,94,,0.0,100,,6.5,14.8,3,Long An,10.536,106.4052,Open-Meteo-Historical,
2026-04-08 06:00:00,25.5,98,,0.0,2,,2.4,12.2,0,Long An,10.536,106.4052,Open-Meteo-Historical,
2026-04-08 07:00:00,27.0,90,,0.0,27,,4.7,11.9,1,Long An,10.536,106.4052,Open-Meteo-Historical,
2026-04-08 08:00:00,29.0,77,,0.0,22,,4.6,15.1,1,Long An,10.536,106.4052,Open-Meteo-Historical,
2026-04-08 09:00:00,31.1,64,,0.0,27,,5.3,17.6,1,Long An,10.536,106.4052,Open-Meteo-Historical,
2026-04-08 10:00:00,33.0,53,,0.0,55,,6.3,20.2,2,Long An,10.536,106.4052,Open-Meteo-Historical,
2026-04-08 11:00:00,34.1,48,,0.0,22,,6.3,20.9,1,Long An,10.536,106.4052,Open-Meteo-Historical,
2026-04-08 12:00:00,34.7,45,,0.0,28,,5.6,20.9,1,Long An,10.536,106.4052,Open-Meteo-Historical,
2026-04-08 13:00:00,35.0,44,,0.0,14,,5.4,20.9,0,Long An,10.536,106.4052,Open-Meteo-Historical,
2026-04-08 14:00:00,35.5,42,,0.0,9,,4.9,19.8,0,Long An,10.536,106.4052,Open-Meteo-Historical,
2026-04-08 15:00:00,35.7,40,,0.0,21,,4.7,18.4,1,Long An,10.536,106.4052,Open-Meteo-Historical,
2026-04-08 16:00:00,35.5,39,,0.0,42,,5.1,16.9,1,Long An,10.536,106.4052,Open-Meteo-Historical,
2026-04-08 17:00:00,34.1,43,,0.0,44,,10.9,21.2,1,Long An,10.536,106.4052,Open-Meteo-Historical,
2026-04-08 18:00:00,31.1,63,,0.0,16,,17.1,32.4,0,Long An,10.536,106.4052,Open-Meteo-Historical,
2026-04-08 19:00:00,30.8,66,,0.0,3,,15.0,32.4,0,Long An,10.536,106.4052,Open-Meteo-Historical,
2026-04-08 20:00:00,29.5,71,,0.0,0,,15.4,28.4,0,Long An,10.536,106.4052,Open-Meteo-Historical,
2026-04-08 21:00:00,28.5,76,,0.0,0,,14.7,28.4,0,Long An,10.536,106.4052,Open-Meteo-Historical,
2026-04-08 22:00:00,27.7,81,,0.0,0,,13.8,26.6,0,Long An,10.536,106.4052,Open-Meteo-Historical,
2026-04-08 23:00:00,27.1,85,,0.0,0,,12.7,24.8,0,Long An,10.536,106.4052,Open-Meteo-Historical,
2026-04-09 00:00:00,26.8,88,,0.0,0,,11.8,23.0,0,Long An,10.536,106.4052,Open-Meteo-Historical,
2026-04-09 01:00:00,26.5,91,,0.0,2,,10.8,21.2,0,Long An,10.536,106.4052,Open-Meteo-Historical,
2026-04-09 02:00:00,26.2,92,,0.0,5,,10.0,19.4,0,Long An,10.536,106.4052,Open-Meteo-Historical,
2026-04-09 03:00:00,26.0,93,,0.0,13,,9.2,18.0,0,Long An,10.536,106.4052,Open-Meteo-Historical,
2026-04-09 04:00:00,25.6,95,,0.0,12,,8.8,16.6,0,Long An,10.536,106.4052,Open-Meteo-Historical,
2026-04-09 05:00:00,25.4,96,,0.0,16,,7.2,15.5,0,Long An,10.536,106.4052,Open-Meteo-Historical,
2026-04-09 06:00:00,25.1,97,,0.0,24,,4.4,12.6,1,Long An,10.536,106.4052,Open-Meteo-Historical,
2026-04-09 07:00:00,27.0,88,,0.0,32,,4.4,18.7,1,Long An,10.536,106.4052,Open-Meteo-Historical,
2026-04-09 08:00:00,29.0,75,,0.1,30,,10.7,24.1,51,Long An,10.536,106.4052,Open-Meteo-Historical,
2026-04-09 09:00:00,30.9,63,,0.0,16,,11.6,27.4,0,Long An,10.536,106.4052,Open-Meteo-Historical,
2026-04-09 10:00:00,32.3,54,,0.0,5,,12.3,29.9,0,Long An,10.536,106.4052,Open-Meteo-Historical,
2026-04-09 11:00:00,33.7,48,,0.0,2,,12.2,30.2,0,Long An,10.536,106.4052,Open-Meteo-Historical,
2026-04-09 12:00:00,34.8,42,,0.0,0,,11.7,30.2,0,Long An,10.536,106.4052,Open-Meteo-Historical,
2026-04-09 13:00:00,35.0,42,,0.0,23,,11.0,29.9,1,Long An,10.536,106.4052,Open-Meteo-Historical,
2026-04-09 14:00:00,35.0,41,,0.0,26,,10.9,28.1,1,Long An,10.536,106.4052,Open-Meteo-Historical,
2026-04-09 15:00:00,34.8,41,,0.0,39,,11.5,27.7,1,Long An,10.536,106.4052,Open-Meteo-Historical,
2026-04-09 16:00:00,34.1,41,,0.0,86,,12.9,28.8,3,Long An,10.536,106.4052,Open-Meteo-Historical,
2026-04-09 17:00:00,32.5,48,,0.0,10,,15.5,31.0,0,Long An,10.536,106.4052,Open-Meteo-Historical,
2026-04-09 18:00:00,30.2,56,,0.0,1,,16.3,32.8,0,Long An,10.536,106.4052,Open-Meteo-Historical,
2026-04-09 19:00:00,29.4,63,,0.0,0,,16.2,31.0,0,Long An,10.536,106.4052,Open-Meteo-Historical,
2026-04-09 20:00:00,28.0,71,,0.0,0,,14.8,29.9,0,Long An,10.536,106.4052,Open-Meteo-Historical,
2026-04-09 21:00:00,27.4,75,,0.0,0,,14.0,27.0,0,Long An,10.536,106.4052,Open-Meteo-Historical,
2026-04-09 22:00:00,26.8,79,,0.0,0,,11.7,25.2,0,Long An,10.536,106.4052,Open-Meteo-Historical,
2026-04-09 23:00:00,26.2,82,,0.0,0,,7.5,20.5,0,Long An,10.536,106.4052,Open-Meteo-Historical,
2026-04-10 00:00:00,25.8,85,,0.0,0,,6.1,13.0,0,Long An,10.536,106.4052,Open-Meteo-Historical,
2026-04-10 01:00:00,25.3,89,,0.0,0,,5.1,10.8,0,Long An,10.536,106.4052,Open-Meteo-Historical,
2026-04-10 02:00:00,25.1,90,,0.0,0,,5.6,9.7,0,Long An,10.536,106.4052,Open-Meteo-Historical,
2026-04-10 03:00:00,24.9,91,,0.0,0,,5.6,10.4,0,Long An,10.536,106.4052,Open-Meteo-Historical,
2026-04-10 04:00:00,24.5,93,,0.0,0,,5.5,9.7,0,Long An,10.536,106.4052,Open-Meteo-Historical,
2026-04-10 05:00:00,24.4,94,,0.0,0,,5.6,9.7,0,Long An,10.536,106.4052,Open-Meteo-Historical,
2026-04-10 06:00:00,24.3,94,,0.0,0,,6.6,11.2,0,Long An,10.536,106.4052,Open-Meteo-Historical,
2026-04-10 07:00:00,26.7,82,,0.0,1,,5.6,14.4,0,Long An,10.536,106.4052,Open-Meteo-Historical,
2026-04-10 08:00:00,29.1,69,,0.0,20,,8.3,20.9,1,Long An,10.536,106.4052,Open-Meteo-Historical,
2026-04-10 09:00:00,30.8,60,,0.0,98,,7.3,21.6,3,Long An,10.536,106.4052,Open-Meteo-Historical,
2026-04-10 10:00:00,31.8,56,,0.0,38,,6.2,21.2,1,Long An,10.536,106.4052,Open-Meteo-Historical,
2026-04-10 11:00:00,33.6,49,,0.0,30,,4.8,19.8,1,Long An,10.536,106.4052,Open-Meteo-Historical,
2026-04-10 12:00:00,34.5,45,,0.0,97,,3.8,18.7,3,Long An,10.536,106.4052,Open-Meteo-Historical,
2026-04-10 13:00:00,34.3,45,,0.0,95,,3.2,17.6,3,Long An,10.536,106.4052,Open-Meteo-Historical,
2026-04-10 14:00:00,34.8,44,,0.1,95,,3.7,16.6,51,Long An,10.536,106.4052,Open-Meteo-Historical,
2026-04-10 15:00:00,34.5,45,,0.1,77,,4.6,17.3,51,Long An,10.536,106.4052,Open-Meteo-Historical,
2026-04-10 16:00:00,34.2,46,,0.1,36,,4.8,16.9,51,Long An,10.536,106.4052,Open-Meteo-Historical,
2026-04-10 17:00:00,34.0,46,,0.0,12,,3.8,15.5,0,Long An,10.536,106.4052,Open-Meteo-Historical,
2026-04-10 18:00:00,32.0,54,,0.0,2,,12.5,21.2,0,Long An,10.536,106.4052,Open-Meteo-Historical,
2026-04-10 19:00:00,29.9,65,,0.0,2,,15.4,31.3,0,Long An,10.536,106.4052,Open-Meteo-Historical,
2026-04-10 20:00:00,28.7,70,,0.0,0,,14.1,27.7,0,Long An,10.536,106.4052,Open-Meteo-Historical,
2026-04-10 21:00:00,27.9,74,,0.0,0,,12.7,25.6,0,Long An,10.536,106.4052,Open-Meteo-Historical,
2026-04-10 22:00:00,27.4,77,,0.0,0,,11.7,23.0,0,Long An,10.536,106.4052,Open-Meteo-Historical,
2026-04-10 23:00:00,26.9,80,,0.0,0,,10.2,20.9,0,Long An,10.536,106.4052,Open-Meteo-Historical,
2026-04-11 00:00:00,26.4,83,,0.0,0,,8.8,18.0,0,Long An,10.536,106.4052,Open-Meteo-Historical,
2026-04-11 01:00:00,26.0,87,,0.0,0,,5.8,15.8,0,Long An,10.536,106.4052,Open-Meteo-Historical,
2026-04-11 02:00:00,25.7,88,,0.0,29,,5.5,9.7,1,Long An,10.536,106.4052,Open-Meteo-Historical,
2026-04-11 03:00:00,25.4,90,,0.0,90,,6.3,10.8,3,Long An,10.536,106.4052,Open-Meteo-Historical,
2026-04-11 04:00:00,25.1,92,,0.0,96,,6.5,11.2,3,Long An,10.536,106.4052,Open-Meteo-Historical,
2026-04-11 05:00:00,25.0,92,,0.0,95,,7.2,12.2,3,Long An,10.536,106.4052,Open-Meteo-Historical,
2026-04-11 06:00:00,24.9,93,,0.0,84,,5.2,12.2,3,Long An,10.536,106.4052,Open-Meteo-Historical,
2026-04-11 07:00:00,26.5,85,,0.0,33,,4.7,12.6,1,Long An,10.536,106.4052,Open-Meteo-Historical,
2026-04-11 08:00:00,28.5,75,,0.1,45,,10.6,23.8,51,Long An,10.536,106.4052,Open-Meteo-Historical,
2026-04-11 09:00:00,30.5,64,,0.1,25,,9.2,24.5,51,Long An,10.536,106.4052,Open-Meteo-Historical,
2026-04-11 10:00:00,32.2,57,,0.1,34,,8.2,23.8,51,Long An,10.536,106.4052,Open-Meteo-Historical,
2026-04-11 11:00:00,33.8,50,,0.0,33,,7.4,23.4,1,Long An,10.536,106.4052,Open-Meteo-Historical,
2026-04-11 12:00:00,34.8,45,,0.0,45,,6.2,23.0,1,Long An,10.536,106.4052,Open-Meteo-Historical,
2026-04-11 13:00:00,34.8,46,,0.0,42,,5.9,20.9,1,Long An,10.536,106.4052,Open-Meteo-Historical,
2026-04-11 14:00:00,35.0,45,,0.0,40,,5.8,19.8,1,Long An,10.536,106.4052,Open-Meteo-Historical,
2026-04-11 15:00:00,34.8,45,,0.0,22,,6.9,20.2,1,Long An,10.536,106.4052,Open-Meteo-Historical,
2026-04-11 16:00:00,34.3,45,,0.0,22,,7.4,20.5,1,Long An,10.536,106.4052,Open-Meteo-Historical,
2026-04-11 17:00:00,33.7,47,,0.0,28,,7.2,19.4,1,Long An,10.536,106.4052,Open-Meteo-Historical,
2026-04-11 18:00:00,32.6,49,,0.0,89,,8.5,16.6,3,Long An,10.536,106.4052,Open-Meteo-Historical,
2026-04-11 19:00:00,31.3,54,,0.0,20,,8.9,30.2,1,Long An,10.536,106.4052,Open-Meteo-Historical,
2026-04-11 20:00:00,29.6,66,,0.0,2,,12.0,21.2,0,Long An,10.536,106.4052,Open-Meteo-Historical,
2026-04-11 21:00:00,28.6,70,,0.0,4,,13.7,24.8,0,Long An,10.536,106.4052,Open-Meteo-Historical,
2026-04-11 22:00:00,28.0,69,,0.0,0,,13.3,25.2,0,Long An,10.536,106.4052,Open-Meteo-Historical,
2026-04-11 23:00:00,27.3,74,,0.0,0,,11.3,23.8,0,Long An,10.536,106.4052,Open-Meteo-Historical,
2026-04-12 00:00:00,26.9,77,,0.0,0,,9.9,20.2,0,Long An,10.536,106.4052,Open-Meteo-Historical,
2026-04-12 01:00:00,26.4,83,,0.0,0,,6.7,17.3,0,Long An,10.536,106.4052,Open-Meteo-Historical,
2026-04-12 02:00:00,26.1,85,,0.0,0,,5.8,11.5,0,Long An,10.536,106.4052,Open-Meteo-Historical,
2026-04-12 03:00:00,25.8,87,,0.0,2,,4.5,10.1,0,Long An,10.536,106.4052,Open-Meteo-Historical,
2026-04-12 04:00:00,25.5,90,,0.0,2,,3.7,7.9,0,Long An,10.536,106.4052,Open-Meteo-Historical,
2026-04-12 05:00:00,25.1,92,,0.0,2,,4.5,7.9,0,Long An,10.536,106.4052,Open-Meteo-Historical,
2026-04-12 06:00:00,25.0,94,,0.0,0,,4.9,7.9,0,Long An,10.536,106.4052,Open-Meteo-Historical,
2026-04-12 07:00:00,27.0,84,,0.0,0,,5.6,14.8,0,Long An,10.536,106.4052,Open-Meteo-Historical,
2026-04-12 08:00:00,29.3,73,,0.0,0,,7.3,19.4,0,Long An,10.536,106.4052,Open-Meteo-Historical,
2026-04-12 09:00:00,31.2,65,,0.0,1,,8.4,22.7,0,Long An,10.536,106.4052,Open-Meteo-Historical,
2026-04-12 10:00:00,33.0,56,,0.0,17,,8.0,23.4,0,Long An,10.536,106.4052,Open-Meteo-Historical,
2026-04-12 11:00:00,34.4,48,,0.0,20,,8.5,24.1,1,Long An,10.536,106.4052,Open-Meteo-Historical,
2026-04-12 12:00:00,35.2,42,,0.0,27,,9.5,25.6,1,Long An,10.536,106.4052,Open-Meteo-Historical,
2026-04-12 13:00:00,34.5,48,,0.0,34,,9.5,26.3,1,Long An,10.536,106.4052,Open-Meteo-Historical,
2026-04-12 14:00:00,33.5,51,,0.0,34,,16.0,35.3,1,Long An,10.536,106.4052,Open-Meteo-Historical,
2026-04-12 15:00:00,32.7,55,,0.0,22,,12.6,36.7,1,Long An,10.536,106.4052,Open-Meteo-Historical,
2026-04-12 16:00:00,32.8,52,,0.0,26,,13.2,28.4,1,Long An,10.536,106.4052,Open-Meteo-Historical,
2026-04-12 17:00:00,31.1,60,,0.0,20,,14.6,32.8,1,Long An,10.536,106.4052,Open-Meteo-Historical,
2026-04-12 18:00:00,30.5,63,,0.0,3,,10.5,29.2,0,Long An,10.536,106.4052,Open-Meteo-Historical,
2026-04-12 19:00:00,28.1,74,,0.0,5,,10.9,18.7,0,Long An,10.536,106.4052,Open-Meteo-Historical,
2026-04-12 20:00:00,28.2,75,,0.0,2,,11.4,20.9,0,Long An,10.536,106.4052,Open-Meteo-Historical,
2026-04-12 21:00:00,28.0,77,,0.0,1,,11.9,21.2,0,Long An,10.536,106.4052,Open-Meteo-Historical,
2026-04-12 22:00:00,27.5,78,,0.0,1,,11.3,21.2,0,Long An,10.536,106.4052,Open-Meteo-Historical,
2026-04-12 23:00:00,27.0,80,,0.0,2,,10.7,20.2,0,Long An,10.536,106.4052,Open-Meteo-Historical,
2026-04-13 00:00:00,26.6,83,,0.0,0,,9.6,19.1,0,Long An,10.536,106.4052,Open-Meteo-Historical,
2026-04-13 01:00:00,26.3,88,,0.0,2,,9.2,16.6,0,Long An,10.536,106.4052,Open-Meteo-Historical,
2026-04-13 02:00:00,26.0,90,,0.0,2,,7.6,15.8,0,Long An,10.536,106.4052,Open-Meteo-Historical,
2026-04-13 03:00:00,25.8,91,,0.0,0,,6.8,13.3,0,Long An,10.536,106.4052,Open-Meteo-Historical,
2026-04-13 04:00:00,25.5,92,,0.0,0,,6.3,11.9,0,Long An,10.536,106.4052,Open-Meteo-Historical,
2026-04-13 05:00:00,25.4,92,,0.0,0,,5.6,11.2,0,Long An,10.536,106.4052,Open-Meteo-Historical,
2026-04-13 06:00:00,25.2,92,,0.0,0,,5.0,9.4,0,Long An,10.536,106.4052,Open-Meteo-Historical,
2026-04-13 07:00:00,27.5,81,,0.0,0,,5.9,12.6,0,Long An,10.536,106.4052,Open-Meteo-Historical,
2026-04-13 08:00:00,29.7,69,,0.0,0,,9.6,22.7,0,Long An,10.536,106.4052,Open-Meteo-Historical,
2026-04-13 09:00:00,31.4,60,,0.0,6,,9.6,24.5,0,Long An,10.536,106.4052,Open-Meteo-Historical,
2026-04-13 10:00:00,32.9,53,,0.0,5,,8.7,24.5,0,Long An,10.536,106.4052,Open-Meteo-Historical,
2026-04-13 11:00:00,34.3,48,,0.0,9,,8.5,24.5,0,Long An,10.536,106.4052,Open-Meteo-Historical,
2026-04-13 12:00:00,35.2,44,,0.0,27,,8.4,24.5,1,Long An,10.536,106.4052,Open-Meteo-Historical,
2026-04-13 13:00:00,33.8,48,,0.0,38,,7.2,24.1,1,Long An,10.536,106.4052,Open-Meteo-Historical,
2026-04-13 14:00:00,34.1,47,,0.2,33,,8.3,23.4,51,Long An,10.536,106.4052,Open-Meteo-Historical,
2026-04-13 15:00:00,33.9,47,,0.3,39,,8.5,23.4,51,Long An,10.536,106.4052,Open-Meteo-Historical,
2026-04-13 16:00:00,33.5,49,,0.4,34,,9.9,23.0,51,Long An,10.536,106.4052,Open-Meteo-Historical,
2026-04-13 17:00:00,32.6,52,,0.1,27,,10.7,23.4,51,Long An,10.536,106.4052,Open-Meteo-Historical,
2026-04-13 18:00:00,31.4,58,,0.0,8,,9.9,22.0,0,Long An,10.536,106.4052,Open-Meteo-Historical,
2026-04-13 19:00:00,30.3,62,,0.0,11,,11.2,25.9,0,Long An,10.536,106.4052,Open-Meteo-Historical,
2026-04-13 20:00:00,28.9,71,,0.0,2,,12.1,23.0,0,Long An,10.536,106.4052,Open-Meteo-Historical,
2026-04-13 21:00:00,28.0,75,,0.0,0,,10.9,22.0,0,Long An,10.536,106.4052,Open-Meteo-Historical,
2026-04-13 22:00:00,27.5,77,,0.0,0,,10.6,19.4,0,Long An,10.536,106.4052,Open-Meteo-Historical,
2026-04-13 23:00:00,27.1,80,,0.0,0,,9.2,19.1,0,Long An,10.536,106.4052,Open-Meteo-Historical,
2026-04-14 00:00:00,26.6,83,,0.0,0,,5.9,16.2,0,Long An,10.536,106.4052,Open-Meteo-Historical,
2026-04-14 01:00:00,26.2,89,,0.0,0,,4.8,10.4,0,Long An,10.536,106.4052,Open-Meteo-Historical,
2026-04-14 02:00:00,26.0,91,,0.0,0,,3.6,8.3,0,Long An,10.536,106.4052,Open-Meteo-Historical,
2026-04-14 03:00:00,25.6,93,,0.0,0,,3.1,6.1,0,Long An,10.536,106.4052,Open-Meteo-Historical,
2026-04-14 04:00:00,25.5,94,,0.0,24,,3.3,5.8,1,Long An,10.536,106.4052,Open-Meteo-Historical,
2026-04-14 05:00:00,25.3,96,,0.0,2,,3.6,5.8,0,Long An,10.536,106.4052,Open-Meteo-Historical,
2026-04-14 06:00:00,25.3,96,,0.0,0,,3.3,5.8,0,Long An,10.536,106.4052,Open-Meteo-Historical,
2026-04-14 07:00:00,27.5,84,,0.0,0,,4.0,10.8,0,Long An,10.536,106.4052,Open-Meteo-Historical,
2026-04-14 08:00:00,29.6,71,,0.0,9,,7.1,19.1,0,Long An,10.536,106.4052,Open-Meteo-Historical,
2026-04-14 09:00:00,31.2,63,,0.0,13,,5.8,19.4,0,Long An,10.536,106.4052,Open-Meteo-Historical,
2026-04-14 10:00:00,32.7,56,,0.0,23,,6.1,20.2,1,Long An,10.536,106.4052,Open-Meteo-Historical,
2026-04-14 11:00:00,33.8,52,,0.1,36,,7.7,23.0,51,Long An,10.536,106.4052,Open-Meteo-Historical,
2026-04-14 12:00:00,34.5,49,,0.1,30,,8.0,23.8,51,Long An,10.536,106.4052,Open-Meteo-Historical,
2026-04-14 13:00:00,33.7,53,,0.0,97,,6.8,23.4,3,Long An,10.536,106.4052,Open-Meteo-Historical,
2026-04-14 14:00:00,34.2,50,,0.0,96,,8.2,22.3,3,Long An,10.536,106.4052,Open-Meteo-Historical,
2026-04-14 15:00:00,34.0,50,,0.0,59,,9.1,22.3,2,Long An,10.536,106.4052,Open-Meteo-Historical,
2026-04-14 16:00:00,33.6,50,,0.0,23,,9.0,23.8,1,Long An,10.536,106.4052,Open-Meteo-Historical,
2026-04-14 17:00:00,32.9,50,,0.0,15,,10.4,21.6,0,Long An,10.536,106.4052,Open-Meteo-Historical,
2026-04-14 18:00:00,31.1,55,,0.0,5,,13.0,23.8,0,Long An,10.536,106.4052,Open-Meteo-Historical,
2026-04-14 19:00:00,29.6,60,,0.0,5,,12.8,25.6,0,Long An,10.536,106.4052,Open-Meteo-Historical,
2026-04-14 20:00:00,28.5,66,,0.0,2,,12.7,23.8,0,Long An,10.536,106.4052,Open-Meteo-Historical,
2026-04-14 21:00:00,27.8,73,,0.0,1,,11.8,22.7,0,Long An,10.536,106.4052,Open-Meteo-Historical,
2026-04-14 22:00:00,27.2,77,,0.0,1,,10.1,20.9,0,Long An,10.536,106.4052,Open-Meteo-Historical,
2026-04-14 23:00:00,26.8,81,,0.0,1,,9.1,18.0,0,Long An,10.536,106.4052,Open-Meteo-Historical,
2026-04-15 00:00:00,26.4,84,,0.0,0,,8.4,16.2,0,Long An,10.536,106.4052,Open-Meteo-Historical,
2026-04-15 01:00:00,25.9,90,,0.0,3,,6.0,14.8,0,Long An,10.536,106.4052,Open-Meteo-Historical,
2026-04-15 02:00:00,25.6,92,,0.0,9,,6.0,10.4,0,Long An,10.536,106.4052,Open-Meteo-Historical,
2026-04-15 03:00:00,25.3,94,,0.0,20,,5.2,10.4,1,Long An,10.536,106.4052,Open-Meteo-Historical,
2026-04-15 04:00:00,25.0,96,,0.0,90,,3.8,9.0,3,Long An,10.536,106.4052,Open-Meteo-Historical,
2026-04-15 05:00:00,24.9,96,,0.0,28,,2.5,6.5,1,Long An,10.536,106.4052,Open-Meteo-Historical,
2026-04-15 06:00:00,24.9,97,,0.0,2,,2.8,4.3,0,Long An,10.536,106.4052,Open-Meteo-Historical,
2026-04-15 07:00:00,27.1,85,,0.0,2,,3.2,10.8,0,Long An,10.536,106.4052,Open-Meteo-Historical,
2026-04-15 08:00:00,29.5,70,,0.0,28,,9.7,22.3,1,Long An,10.536,106.4052,Open-Meteo-Historical,
2026-04-15 09:00:00,31.1,61,,0.0,18,,10.0,25.6,0,Long An,10.536,106.4052,Open-Meteo-Historical,
2026-04-15 10:00:00,32.2,56,,0.0,64,,10.2,26.3,2,Long An,10.536,106.4052,Open-Meteo-Historical,
2026-04-15 11:00:00,33.1,53,,0.1,39,,9.7,26.6,51,Long An,10.536,106.4052,Open-Meteo-Historical,
2026-04-15 12:00:00,34.0,50,,0.1,98,,8.8,26.3,51,Long An,10.536,106.4052,Open-Meteo-Historical,
2026-04-15 13:00:00,34.7,46,,0.1,100,,11.2,26.3,51,Long An,10.536,106.4052,Open-Meteo-Historical,
2026-04-15 14:00:00,34.5,46,,0.0,100,,13.5,31.3,3,Long An,10.536,106.4052,Open-Meteo-Historical,
2026-04-15 15:00:00,32.8,50,,0.3,97,,12.2,31.7,51,Long An,10.536,106.4052,Open-Meteo-Historical,
2026-04-15 16:00:00,32.5,50,,0.0,91,,12.5,29.2,3,Long An,10.536,106.4052,Open-Meteo-Historical,
2026-04-15 17:00:00,31.8,51,,0.0,91,,10.1,27.0,3,Long An,10.536,106.4052,Open-Meteo-Historical,
2026-04-15 18:00:00,31.0,53,,0.0,89,,10.3,21.2,3,Long An,10.536,106.4052,Open-Meteo-Historical,
2026-04-15 19:00:00,30.4,57,,0.0,23,,10.5,20.5,1,Long An,10.536,106.4052,Open-Meteo-Historical,
2026-04-15 20:00:00,29.3,64,,0.0,6,,11.5,21.2,0,Long An,10.536,106.4052,Open-Meteo-Historical,
2026-04-15 21:00:00,28.5,68,,0.0,7,,11.3,20.9,0,Long An,10.536,106.4052,Open-Meteo-Historical,
2026-04-15 22:00:00,27.9,71,,0.0,2,,9.9,20.2,0,Long An,10.536,106.4052,Open-Meteo-Historical,
2026-04-15 23:00:00,27.4,73,,0.0,0,,8.4,17.6,0,Long An,10.536,106.4052,Open-Meteo-Historical,
2026-04-16 00:00:00,26.9,74,,0.0,0,,7.9,15.1,0,Long An,10.536,106.4052,Open-Meteo-Historical,
2026-04-16 01:00:00,26.5,80,,0.0,0,,6.8,14.0,0,Long An,10.536,106.4052,Open-Meteo-Historical,
2026-04-16 02:00:00,26.1,83,,0.0,0,,7.2,12.6,0,Long An,10.536,106.4052,Open-Meteo-Historical,
2026-04-16 03:00:00,25.7,85,,0.0,2,,5.4,12.6,0,Long An,10.536,106.4052,Open-Meteo-Historical,
2026-04-16 04:00:00,25.1,88,,0.0,58,,3.8,9.4,2,Long An,10.536,106.4052,Open-Meteo-Historical,
2026-04-16 05:00:00,24.9,89,,0.0,100,,3.6,5.4,3,Long An,10.536,106.4052,Open-Meteo-Historical,
2026-04-16 06:00:00,25.0,89,,0.0,99,,2.0,5.0,3,Long An,10.536,106.4052,Open-Meteo-Historical,
2026-04-16 07:00:00,27.2,79,,0.0,0,,3.0,8.3,0,Long An,10.536,106.4052,Open-Meteo-Historical,
2026-04-16 08:00:00,29.6,66,,0.0,9,,6.7,18.4,0,Long An,10.536,106.4052,Open-Meteo-Historical,
2026-04-16 09:00:00,31.4,57,,0.0,57,,7.6,21.6,2,Long An,10.536,106.4052,Open-Meteo-Historical,
2026-04-16 10:00:00,33.2,49,,0.0,12,,8.7,24.1,0,Long An,10.536,106.4052,Open-Meteo-Historical,
2026-04-16 11:00:00,34.8,44,,0.0,45,,9.2,25.2,1,Long An,10.536,106.4052,Open-Meteo-Historical,
2026-04-16 12:00:00,35.4,43,,0.0,30,,9.5,26.3,1,Long An,10.536,106.4052,Open-Meteo-Historical,
2026-04-16 13:00:00,35.7,42,,0.0,34,,10.3,27.0,1,Long An,10.536,106.4052,Open-Meteo-Historical,
2026-04-16 14:00:00,35.8,41,,0.0,91,,12.6,29.9,3,Long An,10.536,106.4052,Open-Meteo-Historical,
2026-04-16 15:00:00,34.7,44,,0.0,23,,13.4,30.6,1,Long An,10.536,106.4052,Open-Meteo-Historical,
2026-04-16 16:00:00,33.8,45,,0.0,5,,13.4,30.6,0,Long An,10.536,106.4052,Open-Meteo-Historical,
2026-04-16 17:00:00,32.6,48,,0.0,6,,14.6,29.9,0,Long An,10.536,106.4052,Open-Meteo-Historical,
2026-04-16 18:00:00,30.7,53,,0.0,4,,15.5,30.6,0,Long An,10.536,106.4052,Open-Meteo-Historical,
2026-04-16 19:00:00,29.8,63,,0.0,9,,14.2,29.2,0,Long An,10.536,106.4052,Open-Meteo-Historical,
2026-04-16 20:00:00,28.9,68,,0.0,0,,13.9,25.9,0,Long An,10.536,106.4052,Open-Meteo-Historical,
2026-04-16 21:00:00,28.4,72,,0.0,0,,11.7,25.6,0,Long An,10.536,106.4052,Open-Meteo-Historical,
2026-04-16 22:00:00,28.0,74,,0.0,1,,10.3,21.2,0,Long An,10.536,106.4052,Open-Meteo-Historical,
2026-04-16 23:00:00,27.9,75,,0.0,1,,9.4,18.7,0,Long An,10.536,106.4052,Open-Meteo-Historical,
2026-04-17 00:00:00,27.5,78,,0.0,0,,9.0,16.9,0,Long An,10.536,106.4052,Open-Meteo-Historical,
2026-04-17 01:00:00,27.2,81,,0.0,5,,8.8,15.8,0,Long An,10.536,106.4052,Open-Meteo-Historical,
2026-04-17 02:00:00,27.1,81,,0.0,9,,7.9,15.5,0,Long An,10.536,106.4052,Open-Meteo-Historical,
2026-04-17 03:00:00,26.8,82,,0.0,7,,7.5,14.8,0,Long An,10.536,106.4052,Open-Meteo-Historical,
2026-04-17 04:00:00,26.4,84,,0.0,5,,4.7,13.3,0,Long An,10.536,106.4052,Open-Meteo-Historical,
2026-04-17 05:00:00,26.0,86,,0.0,10,,3.5,8.3,0,Long An,10.536,106.4052,Open-Meteo-Historical,
2026-04-17 06:00:00,26.0,86,,0.0,79,,4.0,6.5,2,Long An,10.536,106.4052,Open-Meteo-Historical,
2026-04-17 07:00:00,27.8,79,,0.0,81,,4.6,14.4,3,Long An,10.536,106.4052,Open-Meteo-Historical,
2026-04-17 08:00:00,30.0,67,,0.0,12,,10.5,24.1,0,Long An,10.536,106.4052,Open-Meteo-Historical,
2026-04-17 09:00:00,31.8,57,,0.0,12,,9.7,25.2,0,Long An,10.536,106.4052,Open-Meteo-Historical,
2026-04-17 10:00:00,33.5,50,,0.0,23,,8.8,25.2,1,Long An,10.536,106.4052,Open-Meteo-Historical,
2026-04-17 11:00:00,34.3,48,,0.0,31,,8.0,24.8,1,Long An,10.536,106.4052,Open-Meteo-Historical,
2026-04-17 12:00:00,34.8,46,,0.0,29,,7.4,24.1,1,Long An,10.536,106.4052,Open-Meteo-Historical,
2026-04-17 13:00:00,34.2,46,,0.0,25,,6.5,23.0,1,Long An,10.536,106.4052,Open-Meteo-Historical,
2026-04-17 14:00:00,34.8,44,,0.0,33,,4.1,20.9,1,Long An,10.536,106.4052,Open-Meteo-Historical,
2026-04-17 15:00:00,35.2,42,,0.0,25,,6.8,19.8,1,Long An,10.536,106.4052,Open-Meteo-Historical,
2026-04-17 16:00:00,34.5,42,,0.0,29,,12.3,27.4,1,Long An,10.536,106.4052,Open-Meteo-Historical,
2026-04-17 17:00:00,32.5,44,,0.0,11,,15.5,31.7,0,Long An,10.536,106.4052,Open-Meteo-Historical,
2026-04-17 18:00:00,31.1,43,,0.0,18,,14.1,31.7,0,Long An,10.536,106.4052,Open-Meteo-Historical,
2026-04-17 19:00:00,29.4,60,,0.0,2,,16.2,28.4,0,Long An,10.536,106.4052,Open-Meteo-Historical,
2026-04-17 20:00:00,28.4,67,,0.0,1,,13.3,29.5,0,Long An,10.536,106.4052,Open-Meteo-Historical,
2026-04-17 21:00:00,27.7,70,,0.0,26,,11.9,24.1,1,Long An,10.536,106.4052,Open-Meteo-Historical,
2026-04-17 22:00:00,27.2,73,,0.0,3,,9.8,21.2,0,Long An,10.536,106.4052,Open-Meteo-Historical,
2026-04-17 23:00:00,26.8,75,,0.0,3,,7.7,17.6,0,Long An,10.536,106.4052,Open-Meteo-Historical,
2026-04-18 00:00:00,26.1,79,,0.0,37,,5.1,13.3,1,Long An,10.536,106.4052,Open-Meteo-Historical,
2026-04-18 01:00:00,26.0,84,,0.0,100,,4.6,8.6,3,Long An,10.536,106.4052,Open-Meteo-Historical,
2026-04-18 02:00:00,25.7,86,,0.0,94,,4.4,8.3,3,Long An,10.536,106.4052,Open-Meteo-Historical,
2026-04-18 03:00:00,25.3,88,,0.0,99,,3.8,7.6,3,Long An,10.536,106.4052,Open-Meteo-Historical,
2026-04-18 04:00:00,25.0,89,,0.0,100,,4.2,7.6,3,Long An,10.536,106.4052,Open-Meteo-Historical,
2026-04-18 05:00:00,24.8,91,,0.0,80,,3.0,7.6,3,Long An,10.536,106.4052,Open-Meteo-Historical,
2026-04-18 06:00:00,24.9,91,,0.0,95,,1.7,5.0,3,Long An,10.536,106.4052,Open-Meteo-Historical,
2026-04-18 07:00:00,26.8,82,,0.0,64,,1.4,9.0,2,Long An,10.536,106.4052,Open-Meteo-Historical,
2026-04-18 08:00:00,29.3,70,,0.0,30,,5.8,15.5,1,Long An,10.536,106.4052,Open-Meteo-Historical,
2026-04-18 09:00:00,31.1,60,,0.0,16,,8.1,22.3,0,Long An,10.536,106.4052,Open-Meteo-Historical,
2026-04-18 10:00:00,32.7,52,,0.0,13,,8.5,24.1,0,Long An,10.536,106.4052,Open-Meteo-Historical,
2026-04-18 11:00:00,34.2,46,,0.0,25,,8.7,24.8,1,Long An,10.536,106.4052,Open-Meteo-Historical,
2026-04-18 12:00:00,34.6,44,,0.0,31,,9.7,26.3,1,Long An,10.536,106.4052,Open-Meteo-Historical,
2026-04-18 13:00:00,34.3,43,,0.0,38,,11.7,27.4,1,Long An,10.536,106.4052,Open-Meteo-Historical,
2026-04-18 14:00:00,34.7,41,,0.0,38,,8.7,28.8,1,Long An,10.536,106.4052,Open-Meteo-Historical,
2026-04-18 15:00:00,35.0,39,,0.0,32,,6.4,23.8,1,Long An,10.536,106.4052,Open-Meteo-Historical,
2026-04-18 16:00:00,34.8,39,,0.0,52,,7.6,19.1,2,Long An,10.536,106.4052,Open-Meteo-Historical,
2026-04-18 17:00:00,32.8,47,,0.0,68,,16.0,31.3,2,Long An,10.536,106.4052,Open-Meteo-Historical,
2026-04-18 18:00:00,30.6,54,,0.0,4,,17.7,34.2,0,Long An,10.536,106.4052,Open-Meteo-Historical,
2026-04-18 19:00:00,29.9,60,,0.0,10,,15.9,33.1,0,Long An,10.536,106.4052,Open-Meteo-Historical,
2026-04-18 20:00:00,29.0,67,,0.0,4,,14.0,29.2,0,Long An,10.536,106.4052,Open-Meteo-Historical,
2026-04-18 21:00:00,28.6,70,,0.0,2,,11.1,25.2,0,Long An,10.536,106.4052,Open-Meteo-Historical,
2026-04-18 22:00:00,28.4,71,,0.0,3,,10.0,20.2,0,Long An,10.536,106.4052,Open-Meteo-Historical,
2026-04-18 23:00:00,28.1,73,,0.0,3,,9.8,18.0,0,Long An,10.536,106.4052,Open-Meteo-Historical,
2026-04-19 00:00:00,27.7,76,,0.0,9,,8.5,18.0,0,Long An,10.536,106.4052,Open-Meteo-Historical,
2026-04-19 01:00:00,27.4,82,,0.0,85,,9.6,15.5,3,Long An,10.536,106.4052,Open-Meteo-Historical,
2026-04-19 02:00:00,27.1,84,,0.0,84,,9.4,17.3,3,Long An,10.536,106.4052,Open-Meteo-Historical,
2026-04-19 03:00:00,26.8,85,,0.0,71,,8.9,17.3,2,Long An,10.536,106.4052,Open-Meteo-Historical,
2026-04-19 04:00:00,26.5,86,,0.0,59,,8.5,16.2,2,Long An,10.536,106.4052,Open-Meteo-Historical,
2026-04-19 05:00:00,26.4,86,,0.0,61,,10.0,17.6,2,Long An,10.536,106.4052,Open-Meteo-Historical,
2026-04-19 06:00:00,26.1,86,,0.0,41,,9.2,18.4,1,Long An,10.536,106.4052,Open-Meteo-Historical,
2026-04-19 07:00:00,24.8,94,,0.0,63,,6.1,24.8,2,Long An,10.536,106.4052,Open-Meteo-Historical,
2026-04-19 08:00:00,28.0,81,,0.0,20,,9.4,21.6,1,Long An,10.536,106.4052,Open-Meteo-Historical,
2026-04-19 09:00:00,30.6,66,,0.1,23,,11.8,27.7,51,Long An,10.536,106.4052,Open-Meteo-Historical,
2026-04-19 10:00:00,32.0,59,,0.1,32,,13.0,30.6,51,Long An,10.536,106.4052,Open-Meteo-Historical,
2026-04-19 11:00:00,32.7,56,,0.1,23,,14.1,33.1,51,Long An,10.536,106.4052,Open-Meteo-Historical,
2026-04-19 12:00:00,33.5,53,,0.0,36,,11.9,33.8,1,Long An,10.536,106.4052,Open-Meteo-Historical,
2026-04-19 13:00:00,33.8,49,,0.0,18,,13.9,29.9,0,Long An,10.536,106.4052,Open-Meteo-Historical,
2026-04-19 14:00:00,33.6,49,,0.0,27,,14.3,33.1,1,Long An,10.536,106.4052,Open-Meteo-Historical,
2026-04-19 15:00:00,32.8,52,,0.0,20,,16.2,35.3,1,Long An,10.536,106.4052,Open-Meteo-Historical,
2026-04-19 16:00:00,32.2,53,,0.0,47,,15.5,35.3,1,Long An,10.536,106.4052,Open-Meteo-Historical,
2026-04-19 17:00:00,30.8,56,,0.0,34,,15.9,32.8,1,Long An,10.536,106.4052,Open-Meteo-Historical,
2026-04-19 18:00:00,29.5,58,,0.0,5,,14.6,31.7,0,Long An,10.536,106.4052,Open-Meteo-Historical,
2026-04-19 19:00:00,29.0,63,,0.0,3,,13.7,28.1,0,Long An,10.536,106.4052,Open-Meteo-Historical,
2026-04-19 20:00:00,28.5,66,,0.0,1,,13.0,25.2,0,Long An,10.536,106.4052,Open-Meteo-Historical,
2026-04-19 21:00:00,28.0,68,,0.0,9,,10.9,23.4,0,Long An,10.536,106.4052,Open-Meteo-Historical,
2026-04-19 22:00:00,27.6,69,,0.0,22,,9.2,19.1,1,Long An,10.536,106.4052,Open-Meteo-Historical,
2026-04-19 23:00:00,27.1,71,,0.0,99,,7.0,16.2,3,Long An,10.536,106.4052,Open-Meteo-Historical,
2026-04-20 00:00:00,26.9,72,,0.0,100,,6.5,12.2,3,Long An,10.536,106.4052,Open-Meteo-Historical,
2026-04-20 01:00:00,26.8,75,,0.0,100,,5.1,11.2,3,Long An,10.536,106.4052,Open-Meteo-Historical,
2026-04-20 02:00:00,27.0,74,,0.0,100,,7.3,12.6,3,Long An,10.536,106.4052,Open-Meteo-Historical,
2026-04-20 03:00:00,26.6,74,,0.0,100,,5.1,12.6,3,Long An,10.536,106.4052,Open-Meteo-Historical,
2026-04-20 04:00:00,26.5,75,,0.0,96,,6.4,10.8,3,Long An,10.536,106.4052,Open-Meteo-Historical,
2026-04-20 05:00:00,26.3,75,,0.0,97,,4.8,11.5,3,Long An,10.536,106.4052,Open-Meteo-Historical,
2026-04-20 06:00:00,26.0,79,,0.0,73,,2.6,7.6,2,Long An,10.536,106.4052,Open-Meteo-Historical,
2026-04-20 07:00:00,28.2,71,,0.0,98,,6.5,12.2,3,Long An,10.536,106.4052,Open-Meteo-Historical,
2026-04-20 08:00:00,29.6,64,,0.1,24,,13.9,28.8,51,Long An,10.536,106.4052,Open-Meteo-Historical,
2026-04-20 09:00:00,30.9,58,,0.1,13,,15.2,32.8,51,Long An,10.536,106.4052,Open-Meteo-Historical,
2026-04-20 10:00:00,32.2,54,,0.0,26,,14.3,33.5,1,Long An,10.536,106.4052,Open-Meteo-Historical,
2026-04-20 11:00:00,33.3,49,,0.0,16,,13.9,32.8,0,Long An,10.536,106.4052,Open-Meteo-Historical,
2026-04-20 12:00:00,33.9,47,,0.0,13,,16.2,36.4,0,Long An,10.536,106.4052,Open-Meteo-Historical,
2026-04-20 13:00:00,32.8,49,,0.0,77,,16.9,37.8,2,Long An,10.536,106.4052,Open-Meteo-Historical,
2026-04-20 14:00:00,32.6,49,,0.0,31,,12.4,36.7,1,Long An,10.536,106.4052,Open-Meteo-Historical,
2026-04-20 15:00:00,32.9,47,,0.0,47,,12.9,29.5,1,Long An,10.536,106.4052,Open-Meteo-Historical,
2026-04-20 16:00:00,31.9,50,,0.0,7,,15.3,32.8,0,Long An,10.536,106.4052,Open-Meteo-Historical,
2026-04-20 17:00:00,30.5,52,,0.0,0,,14.4,32.8,0,Long An,10.536,106.4052,Open-Meteo-Historical,
2026-04-20 18:00:00,29.0,56,,0.0,0,,14.0,29.2,0,Long An,10.536,106.4052,Open-Meteo-Historical,
2026-04-20 19:00:00,28.2,57,,0.0,7,,11.9,25.6,0,Long An,10.536,106.4052,Open-Meteo-Historical,
2026-04-20 20:00:00,27.5,61,,0.0,25,,10.6,21.6,1,Long An,10.536,106.4052,Open-Meteo-Historical,
2026-04-20 21:00:00,26.8,66,,0.0,1,,9.5,18.4,0,Long An,10.536,106.4052,Open-Meteo-Historical,
2026-04-20 22:00:00,26.4,69,,0.0,7,,8.1,16.6,0,Long An,10.536,106.4052,Open-Meteo-Historical,
2026-04-20 23:00:00,26.0,70,,0.0,7,,7.6,14.0,0,Long An,10.536,106.4052,Open-Meteo-Historical,
2026-04-21 00:00:00,25.4,72,,0.0,98,,6.0,13.0,3,Long An,10.536,106.4052,Open-Meteo-Historical,
2026-04-21 01:00:00,25.0,78,,0.0,94,,5.1,10.1,3,Long An,10.536,106.4052,Open-Meteo-Historical,
2026-04-21 02:00:00,24.9,79,,0.0,100,,4.5,8.3,3,Long An,10.536,106.4052,Open-Meteo-Historical,
2026-04-21 03:00:00,24.8,78,,0.0,98,,4.8,7.2,3,Long An,10.536,106.4052,Open-Meteo-Historical,
2026-04-21 04:00:00,24.6,77,,0.0,99,,5.1,8.6,3,Long An,10.536,106.4052,Open-Meteo-Historical,
2026-04-21 05:00:00,24.5,78,,0.0,100,,4.9,7.9,3,Long An,10.536,106.4052,Open-Meteo-Historical,
2026-04-21 06:00:00,24.6,79,,0.0,100,,4.9,7.9,3,Long An,10.536,106.4052,Open-Meteo-Historical,
2026-04-21 07:00:00,27.4,71,,0.0,34,,7.8,13.0,1,Long An,10.536,106.4052,Open-Meteo-Historical,
2026-04-21 08:00:00,29.6,59,,0.0,3,,14.4,29.9,0,Long An,10.536,106.4052,Open-Meteo-Historical,
2026-04-21 09:00:00,31.5,50,,0.0,55,,14.9,32.4,2,Long An,10.536,106.4052,Open-Meteo-Historical,
2026-04-21 10:00:00,32.4,48,,0.0,100,,15.7,34.2,3,Long An,10.536,106.4052,Open-Meteo-Historical,
2026-04-21 11:00:00,31.9,50,,0.0,100,,16.5,35.3,3,Long An,10.536,106.4052,Open-Meteo-Historical,
2026-04-21 12:00:00,33.2,46,,0.0,38,,13.2,35.3,1,Long An,10.536,106.4052,Open-Meteo-Historical,
2026-04-21 13:00:00,32.4,49,,0.0,89,,14.0,34.2,3,Long An,10.536,106.4052,Open-Meteo-Historical,
2026-04-21 14:00:00,32.0,50,,0.0,98,,13.9,32.0,3,Long An,10.536,106.4052,Open-Meteo-Historical,
2026-04-21 15:00:00,31.8,50,,0.0,28,,13.9,31.3,1,Long An,10.536,106.4052,Open-Meteo-Historical,
2026-04-21 16:00:00,31.6,48,,0.0,2,,13.9,31.3,0,Long An,10.536,106.4052,Open-Meteo-Historical,
2026-04-21 17:00:00,30.5,48,,0.0,2,,15.1,30.6,0,Long An,10.536,106.4052,Open-Meteo-Historical,
2026-04-21 18:00:00,29.0,52,,0.0,2,,12.1,29.9,0,Long An,10.536,106.4052,Open-Meteo-Historical,
2026-04-21 19:00:00,27.8,58,,0.0,0,,9.6,22.3,0,Long An,10.536,106.4052,Open-Meteo-Historical,
2026-04-21 20:00:00,26.9,67,,0.0,0,,8.8,16.9,0,Long An,10.536,106.4052,Open-Meteo-Historical,
2026-04-21 21:00:00,26.2,72,,0.0,0,,6.9,15.5,0,Long An,10.536,106.4052,Open-Meteo-Historical,
2026-04-21 22:00:00,25.8,76,,0.0,0,,7.7,13.3,0,Long An,10.536,106.4052,Open-Meteo-Historical,
2026-04-21 23:00:00,25.5,78,,0.0,0,,6.9,13.3,0,Long An,10.536,106.4052,Open-Meteo-Historical,
2026-04-22 00:00:00,25.2,79,,0.0,0,,6.9,12.2,0,Long An,10.536,106.4052,Open-Meteo-Historical,
2026-04-22 01:00:00,25.1,82,,0.0,0,,6.0,11.5,0,Long An,10.536,106.4052,Open-Meteo-Historical,
2026-04-22 02:00:00,24.7,84,,0.0,0,,5.2,10.1,0,Long An,10.536,106.4052,Open-Meteo-Historical,
2026-04-22 03:00:00,24.4,85,,0.0,0,,5.2,9.0,0,Long An,10.536,106.4052,Open-Meteo-Historical,
2026-04-22 04:00:00,24.1,85,,0.0,0,,4.8,8.6,0,Long An,10.536,106.4052,Open-Meteo-Historical,
2026-04-22 05:00:00,24.0,85,,0.0,0,,5.0,7.6,0,Long An,10.536,106.4052,Open-Meteo-Historical,
2026-04-22 06:00:00,24.2,85,,0.0,0,,4.4,7.9,0,Long An,10.536,106.4052,Open-Meteo-Historical,
2026-04-22 07:00:00,27.2,75,,0.0,5,,4.8,10.4,0,Long An,10.536,106.4052,Open-Meteo-Historical,
2026-04-22 08:00:00,29.3,66,,0.0,34,,12.1,25.2,1,Long An,10.536,106.4052,Open-Meteo-Historical,
2026-04-22 09:00:00,30.9,58,,0.0,27,,11.5,27.7,1,Long An,10.536,106.4052,Open-Meteo-Historical,
2026-04-22 10:00:00,32.2,53,,0.0,98,,10.9,27.0,3,Long An,10.536,106.4052,Open-Meteo-Historical,
2026-04-22 11:00:00,32.9,50,,0.0,80,,11.1,27.0,3,Long An,10.536,106.4052,Open-Meteo-Historical,
2026-04-22 12:00:00,34.0,46,,0.0,95,,11.2,27.7,3,Long An,10.536,106.4052,Open-Meteo-Historical,
2026-04-22 13:00:00,33.7,47,,0.0,59,,10.3,30.2,2,Long An,10.536,106.4052,Open-Meteo-Historical,
2026-04-22 14:00:00,33.8,46,,0.0,30,,11.0,27.4,1,Long An,10.536,106.4052,Open-Meteo-Historical,
2026-04-22 15:00:00,33.4,46,,0.0,77,,11.1,27.4,2,Long An,10.536,106.4052,Open-Meteo-Historical,
2026-04-22 16:00:00,32.9,48,,0.0,77,,12.2,26.6,2,Long An,10.536,106.4052,Open-Meteo-Historical,
2026-04-22 17:00:00,31.5,51,,0.0,34,,15.1,29.2,1,Long An,10.536,106.4052,Open-Meteo-Historical,
2026-04-22 18:00:00,29.2,59,,0.0,0,,15.1,31.0,0,Long An,10.536,106.4052,Open-Meteo-Historical,
2026-04-22 19:00:00,28.7,64,,0.0,11,,12.3,27.4,0,Long An,10.536,106.4052,Open-Meteo-Historical,
2026-04-22 20:00:00,27.8,68,,0.0,4,,11.9,22.7,0,Long An,10.536,106.4052,Open-Meteo-Historical,
2026-04-22 21:00:00,27.2,71,,0.0,0,,11.1,20.9,0,Long An,10.536,106.4052,Open-Meteo-Historical,
2026-04-22 22:00:00,26.8,74,,0.0,0,,10.9,19.8,0,Long An,10.536,106.4052,Open-Meteo-Historical,
2026-04-22 23:00:00,26.3,77,,0.0,0,,11.3,19.8,0,Long An,10.536,106.4052,Open-Meteo-Historical,
2026-04-23 00:00:00,25.9,80,,0.0,0,,10.2,20.2,0,Long An,10.536,106.4052,Open-Meteo-Historical,
2026-04-23 01:00:00,25.6,85,,0.0,0,,8.9,18.0,0,Long An,10.536,106.4052,Open-Meteo-Historical,
2026-04-23 02:00:00,25.4,86,,0.0,0,,8.1,15.1,0,Long An,10.536,106.4052,Open-Meteo-Historical,
2026-04-23 03:00:00,24.9,88,,0.0,0,,7.5,14.0,0,Long An,10.536,106.4052,Open-Meteo-Historical,
2026-04-23 04:00:00,24.4,90,,0.0,1,,5.4,13.0,0,Long An,10.536,106.4052,Open-Meteo-Historical,
2026-04-23 05:00:00,24.0,92,,0.0,2,,4.7,9.0,0,Long An,10.536,106.4052,Open-Meteo-Historical,
2026-04-23 06:00:00,24.2,92,,0.0,5,,3.9,7.2,0,Long An,10.536,106.4052,Open-Meteo-Historical,
2026-04-23 07:00:00,26.9,81,,0.0,18,,5.7,11.9,0,Long An,10.536,106.4052,Open-Meteo-Historical,
2026-04-23 08:00:00,29.0,70,,0.0,33,,12.9,26.6,1,Long An,10.536,106.4052,Open-Meteo-Historical,
2026-04-23 09:00:00,30.5,61,,0.0,24,,11.5,28.8,1,Long An,10.536,106.4052,Open-Meteo-Historical,
2026-04-23 10:00:00,31.9,55,,0.0,30,,10.6,27.0,1,Long An,10.536,106.4052,Open-Meteo-Historical,
2026-04-23 11:00:00,32.9,50,,0.0,44,,10.3,27.0,1,Long An,10.536,106.4052,Open-Meteo-Historical,
2026-04-23 12:00:00,33.8,47,,0.0,48,,9.8,26.6,1,Long An,10.536,106.4052,Open-Meteo-Historical,
2026-04-23 13:00:00,34.0,46,,0.0,20,,11.5,26.6,1,Long An,10.536,106.4052,Open-Meteo-Historical,
2026-04-23 14:00:00,34.2,45,,0.0,14,,13.0,30.2,0,Long An,10.536,106.4052,Open-Meteo-Historical,
2026-04-23 15:00:00,33.7,46,,0.0,28,,14.6,32.4,1,Long An,10.536,106.4052,Open-Meteo-Historical,
2026-04-23 16:00:00,32.6,47,,0.0,13,,15.5,33.5,0,Long An,10.536,106.4052,Open-Meteo-Historical,
2026-04-23 17:00:00,31.4,48,,0.0,1,,14.3,32.4,0,Long An,10.536,106.4052,Open-Meteo-Historical,
2026-04-23 18:00:00,29.6,53,,0.0,2,,13.8,28.4,0,Long An,10.536,106.4052,Open-Meteo-Historical,
2026-04-23 19:00:00,29.5,59,,0.0,0,,13.3,25.2,0,Long An,10.536,106.4052,Open-Meteo-Historical,
2026-04-23 20:00:00,28.5,66,,0.0,0,,12.9,23.8,0,Long An,10.536,106.4052,Open-Meteo-Historical,
2026-04-23 21:00:00,27.8,72,,0.0,0,,12.1,23.0,0,Long An,10.536,106.4052,Open-Meteo-Historical,
2026-04-23 22:00:00,27.2,76,,0.0,1,,10.1,21.6,0,Long An,10.536,106.4052,Open-Meteo-Historical,
2026-04-23 23:00:00,26.5,79,,0.0,0,,9.2,17.6,0,Long An,10.536,106.4052,Open-Meteo-Historical,
2026-04-24 00:00:00,26.1,81,,0.0,0,,8.8,16.2,0,Long An,10.536,106.4052,Open-Meteo-Historical,
2026-04-24 01:00:00,26.0,84,,0.0,0,,9.1,15.1,0,Long An,10.536,106.4052,Open-Meteo-Historical,
2026-04-24 02:00:00,25.6,85,,0.0,0,,8.1,15.5,0,Long An,10.536,106.4052,Open-Meteo-Historical,
2026-04-24 03:00:00,25.1,87,,0.0,3,,6.1,14.0,0,Long An,10.536,106.4052,Open-Meteo-Historical,
2026-04-24 04:00:00,24.4,90,,0.0,58,,4.8,10.4,2,Long An,10.536,106.4052,Open-Meteo-Historical,
2026-04-24 05:00:00,23.9,92,,0.0,84,,3.8,7.9,3,Long An,10.536,106.4052,Open-Meteo-Historical,
2026-04-24 06:00:00,24.0,92,,0.0,94,,2.1,5.0,3,Long An,10.536,106.4052,Open-Meteo-Historical,
2026-04-24 07:00:00,26.3,84,,0.0,0,,2.5,9.7,0,Long An,10.536,106.4052,Open-Meteo-Historical,
2026-04-24 08:00:00,29.0,69,,0.0,0,,6.7,17.6,0,Long An,10.536,106.4052,Open-Meteo-Historical,
2026-04-24 09:00:00,30.6,58,,0.0,17,,7.0,20.9,0,Long An,10.536,106.4052,Open-Meteo-Historical,
2026-04-24 10:00:00,32.1,52,,0.0,49,,7.2,22.0,1,Long An,10.536,106.4052,Open-Meteo-Historical,
2026-04-24 11:00:00,33.5,47,,0.0,100,,7.7,23.0,3,Long An,10.536,106.4052,Open-Meteo-Historical,
2026-04-24 12:00:00,34.7,41,,0.0,97,,9.0,24.8,3,Long An,10.536,106.4052,Open-Meteo-Historical,
2026-04-24 13:00:00,34.7,40,,0.0,100,,12.0,28.8,3,Long An,10.536,106.4052,Open-Meteo-Historical,
2026-04-24 14:00:00,34.5,40,,0.0,98,,12.9,30.6,3,Long An,10.536,106.4052,Open-Meteo-Historical,
2026-04-24 15:00:00,34.2,40,,0.0,99,,13.9,31.3,3,Long An,10.536,106.4052,Open-Meteo-Historical,
2026-04-24 16:00:00,33.2,43,,0.0,100,,14.3,31.3,3,Long An,10.536,106.4052,Open-Meteo-Historical,
2026-04-24 17:00:00,31.8,48,,0.0,100,,14.3,30.6,3,Long An,10.536,106.4052,Open-Meteo-Historical,
2026-04-24 18:00:00,29.9,55,,0.0,100,,13.1,28.8,3,Long An,10.536,106.4052,Open-Meteo-Historical,
2026-04-24 19:00:00,28.9,65,,0.0,100,,14.3,25.9,3,Long An,10.536,106.4052,Open-Meteo-Historical,
2026-04-24 20:00:00,27.8,71,,0.0,100,,13.4,25.6,3,Long An,10.536,106.4052,Open-Meteo-Historical,
2026-04-24 21:00:00,27.1,76,,0.0,100,,11.7,23.8,3,Long An,10.536,106.4052,Open-Meteo-Historical,
2026-04-24 22:00:00,26.5,79,,0.0,99,,8.7,20.5,3,Long An,10.536,106.4052,Open-Meteo-Historical,
2026-04-24 23:00:00,26.1,82,,0.0,99,,6.6,15.1,3,Long An,10.536,106.4052,Open-Meteo-Historical,
2026-04-25 00:00:00,25.9,84,,0.0,83,,8.1,14.0,3,Long An,10.536,106.4052,Open-Meteo-Historical,
2026-04-25 01:00:00,26.0,86,,0.0,54,,8.1,14.0,2,Long An,10.536,106.4052,Open-Meteo-Historical,
2026-04-25 02:00:00,25.9,87,,0.0,5,,6.4,13.7,0,Long An,10.536,106.4052,Open-Meteo-Historical,
2026-04-25 03:00:00,25.6,89,,0.0,41,,4.7,10.8,1,Long An,10.536,106.4052,Open-Meteo-Historical,
2026-04-25 04:00:00,25.4,91,,0.0,100,,4.0,7.9,3,Long An,10.536,106.4052,Open-Meteo-Historical,
2026-04-25 05:00:00,25.4,91,,0.0,100,,4.7,7.9,3,Long An,10.536,106.4052,Open-Meteo-Historical,
2026-04-25 06:00:00,25.7,90,,0.0,100,,7.0,10.8,3,Long An,10.536,106.4052,Open-Meteo-Historical,
2026-04-25 07:00:00,28.0,80,,0.0,16,,7.9,16.6,0,Long An,10.536,106.4052,Open-Meteo-Historical,
2026-04-25 08:00:00,30.0,68,,0.0,43,,15.6,31.0,1,Long An,10.536,106.4052,Open-Meteo-Historical,
2026-04-25 09:00:00,31.9,61,,0.0,7,,13.6,33.1,0,Long An,10.536,106.4052,Open-Meteo-Historical,
2026-04-25 10:00:00,33.2,56,,0.0,16,,15.0,34.2,0,Long An,10.536,106.4052,Open-Meteo-Historical,
2026-04-25 11:00:00,33.8,54,,0.0,27,,17.1,37.8,1,Long An,10.536,106.4052,Open-Meteo-Historical,
2026-04-25 12:00:00,34.1,52,,0.0,99,,17.5,38.5,3,Long An,10.536,106.4052,Open-Meteo-Historical,
2026-04-25 13:00:00,33.8,51,,0.0,32,,15.7,40.7,1,Long An,10.536,106.4052,Open-Meteo-Historical,
2026-04-25 14:00:00,33.8,49,,0.0,34,,15.2,35.3,1,Long An,10.536,106.4052,Open-Meteo-Historical,
2026-04-25 15:00:00,33.4,49,,0.0,27,,15.5,35.3,1,Long An,10.536,106.4052,Open-Meteo-Historical,
2026-04-25 16:00:00,32.8,48,,0.0,16,,13.8,33.5,0,Long An,10.536,106.4052,Open-Meteo-Historical,
2026-04-25 17:00:00,31.6,50,,0.0,14,,16.1,32.4,0,Long An,10.536,106.4052,Open-Meteo-Historical,
2026-04-25 18:00:00,30.4,54,,0.0,38,,13.3,32.0,1,Long An,10.536,106.4052,Open-Meteo-Historical,
2026-04-25 19:00:00,29.6,67,,0.0,35,,13.1,24.1,1,Long An,10.536,106.4052,Open-Meteo-Historical,
2026-04-25 20:00:00,29.0,73,,0.0,48,,10.3,23.4,1,Long An,10.536,106.4052,Open-Meteo-Historical,
2026-04-25 21:00:00,28.5,77,,0.0,48,,11.0,19.8,1,Long An,10.536,106.4052,Open-Meteo-Historical,
2026-04-25 22:00:00,28.4,79,,0.0,15,,10.1,19.8,0,Long An,10.536,106.4052,Open-Meteo-Historical,
2026-04-25 23:00:00,28.1,80,,0.0,42,,10.1,18.4,1,Long An,10.536,106.4052,Open-Meteo-Historical,
2026-04-26 00:00:00,27.7,83,,0.0,52,,9.3,18.4,2,Long An,10.536,106.4052,Open-Meteo-Historical,
2026-04-26 01:00:00,27.5,82,,0.0,14,,8.2,16.2,0,Long An,10.536,106.4052,Open-Meteo-Historical,
2026-04-26 02:00:00,27.1,83,,0.0,3,,5.9,14.0,0,Long An,10.536,106.4052,Open-Meteo-Historical,
2026-04-26 03:00:00,26.7,86,,0.0,5,,4.8,10.1,0,Long An,10.536,106.4052,Open-Meteo-Historical,
2026-04-26 04:00:00,26.4,87,,0.0,3,,6.3,10.4,0,Long An,10.536,106.4052,Open-Meteo-Historical,
2026-04-26 05:00:00,26.2,87,,0.0,1,,7.9,13.3,0,Long An,10.536,106.4052,Open-Meteo-Historical,
2026-04-26 06:00:00,26.2,86,,0.0,7,,9.5,15.5,0,Long An,10.536,106.4052,Open-Meteo-Historical,
2026-04-26 07:00:00,28.0,76,,0.0,95,,11.5,21.6,3,Long An,10.536,106.4052,Open-Meteo-Historical,
2026-04-26 08:00:00,30.0,62,,0.0,91,,14.6,30.6,3,Long An,10.536,106.4052,Open-Meteo-Historical,
2026-04-26 09:00:00,31.6,51,,0.0,99,,16.1,34.9,3,Long An,10.536,106.4052,Open-Meteo-Historical,
2026-04-26 10:00:00,33.0,48,,0.0,43,,14.6,34.9,1,Long An,10.536,106.4052,Open-Meteo-Historical,
2026-04-26 11:00:00,34.3,45,,0.0,33,,13.5,33.5,1,Long An,10.536,106.4052,Open-Meteo-Historical,
2026-04-26 12:00:00,35.2,40,,0.0,98,,13.9,33.1,3,Long An,10.536,106.4052,Open-Meteo-Historical,
2026-04-26 13:00:00,34.8,42,,0.0,100,,12.7,32.8,3,Long An,10.536,106.4052,Open-Meteo-Historical,
2026-04-26 14:00:00,34.7,41,,0.0,100,,12.7,29.9,3,Long An,10.536,106.4052,Open-Meteo-Historical,
2026-04-26 15:00:00,34.5,41,,0.0,100,,11.9,29.9,3,Long An,10.536,106.4052,Open-Meteo-Historical,
2026-04-26 16:00:00,33.7,42,,0.0,100,,13.5,28.8,3,Long An,10.536,106.4052,Open-Meteo-Historical,
2026-04-26 17:00:00,32.5,47,,0.0,97,,14.5,30.2,3,Long An,10.536,106.4052,Open-Meteo-Historical,
2026-04-26 18:00:00,31.0,57,,0.0,98,,12.5,29.2,3,Long An,10.536,106.4052,Open-Meteo-Historical,
2026-04-26 19:00:00,29.6,69,,0.0,14,,12.8,23.8,0,Long An,10.536,106.4052,Open-Meteo-Historical,
2026-04-26 20:00:00,28.5,77,,0.0,14,,10.9,23.0,0,Long An,10.536,106.4052,Open-Meteo-Historical,
2026-04-26 21:00:00,28.1,81,,0.0,29,,9.6,19.8,1,Long An,10.536,106.4052,Open-Meteo-Historical,
2026-04-26 22:00:00,27.8,83,,0.0,2,,10.2,17.6,0,Long An,10.536,106.4052,Open-Meteo-Historical,
2026-04-26 23:00:00,27.5,84,,0.0,8,,9.6,18.4,0,Long An,10.536,106.4052,Open-Meteo-Historical,
2026-04-27 00:00:00,27.0,86,,0.0,54,,9.4,16.9,2,Long An,10.536,106.4052,Open-Meteo-Historical,
2026-04-27 01:00:00,26.8,88,,0.0,23,,7.9,16.9,1,Long An,10.536,106.4052,Open-Meteo-Historical,
2026-04-27 02:00:00,26.5,88,,0.0,77,,6.2,13.7,2,Long An,10.536,106.4052,Open-Meteo-Historical,
2026-04-27 03:00:00,26.0,89,,0.0,91,,4.6,10.8,3,Long An,10.536,106.4052,Open-Meteo-Historical,
2026-04-27 04:00:00,25.8,90,,0.0,90,,4.4,7.9,3,Long An,10.536,106.4052,Open-Meteo-Historical,
2026-04-27 05:00:00,25.8,90,,0.0,100,,6.5,10.8,3,Long An,10.536,106.4052,Open-Meteo-Historical,
2026-04-27 06:00:00,26.0,88,,0.0,88,,8.5,14.0,3,Long An,10.536,106.4052,Open-Meteo-Historical,
2026-04-27 07:00:00,28.1,81,,0.0,80,,9.2,22.7,3,Long An,10.536,106.4052,Open-Meteo-Historical,
2026-04-27 08:00:00,30.0,70,,0.0,9,,14.1,29.9,0,Long An,10.536,106.4052,Open-Meteo-Historical,
2026-04-27 09:00:00,31.8,60,,0.0,9,,14.3,32.0,0,Long An,10.536,106.4052,Open-Meteo-Historical,
2026-04-27 10:00:00,33.2,52,,0.0,15,,14.1,32.4,0,Long An,10.536,106.4052,Open-Meteo-Historical,
2026-04-27 11:00:00,34.4,46,,0.0,17,,13.5,32.4,0,Long An,10.536,106.4052,Open-Meteo-Historical,
2026-04-27 12:00:00,35.0,44,,0.0,19,,13.8,32.4,0,Long An,10.536,106.4052,Open-Meteo-Historical,
2026-04-27 13:00:00,34.5,45,,0.0,27,,15.6,33.8,1,Long An,10.536,106.4052,Open-Meteo-Historical,
2026-04-27 14:00:00,34.3,45,,0.1,8,,14.5,34.6,51,Long An,10.536,106.4052,Open-Meteo-Historical,
2026-04-27 15:00:00,34.2,45,,0.0,9,,15.5,33.8,0,Long An,10.536,106.4052,Open-Meteo-Historical,
2026-04-27 16:00:00,33.3,45,,0.0,84,,16.0,34.2,3,Long An,10.536,106.4052,Open-Meteo-Historical,
2026-04-27 17:00:00,32.0,50,,0.0,93,,14.5,33.5,3,Long An,10.536,106.4052,Open-Meteo-Historical,
2026-04-27 18:00:00,30.4,62,,0.0,84,,12.0,28.8,3,Long An,10.536,106.4052,Open-Meteo-Historical,
2026-04-27 19:00:00,29.9,73,,0.0,92,,12.5,22.7,3,Long An,10.536,106.4052,Open-Meteo-Historical,
2026-04-27 20:00:00,29.0,79,,0.0,98,,11.6,22.7,3,Long An,10.536,106.4052,Open-Meteo-Historical,
2026-04-27 21:00:00,28.5,82,,0.0,37,,11.0,21.2,1,Long An,10.536,106.4052,Open-Meteo-Historical,
2026-04-27 22:00:00,28.2,84,,0.0,52,,10.5,19.8,2,Long An,10.536,106.4052,Open-Meteo-Historical,
2026-04-27 23:00:00,28.0,84,,0.0,48,,11.3,20.5,1,Long An,10.536,106.4052,Open-Meteo-Historical,
2026-04-28 00:00:00,27.7,86,,0.0,56,,10.1,20.5,2,Long An,10.536,106.4052,Open-Meteo-Historical,
2026-04-28 01:00:00,27.6,88,,0.0,83,,9.4,18.0,3,Long An,10.536,106.4052,Open-Meteo-Historical,
2026-04-28 02:00:00,27.5,87,,0.0,20,,8.7,16.6,1,Long An,10.536,106.4052,Open-Meteo-Historical,
2026-04-28 03:00:00,27.4,86,,0.1,20,,8.1,15.1,51,Long An,10.536,106.4052,Open-Meteo-Historical,
2026-04-28 04:00:00,26.6,90,,0.1,26,,5.9,14.0,51,Long An,10.536,106.4052,Open-Meteo-Historical,
2026-04-28 05:00:00,26.6,89,,0.1,19,,4.7,10.1,51,Long An,10.536,106.4052,Open-Meteo-Historical,
2026-04-28 06:00:00,26.7,88,,0.0,35,,6.2,9.4,1,Long An,10.536,106.4052,Open-Meteo-Historical,
2026-04-28 07:00:00,27.5,83,,0.0,63,,6.4,15.5,2,Long An,10.536,106.4052,Open-Meteo-Historical,
2026-04-28 08:00:00,29.7,73,,0.0,98,,9.2,21.6,3,Long An,10.536,106.4052,Open-Meteo-Historical,
2026-04-28 09:00:00,31.6,62,,0.0,89,,11.9,28.1,3,Long An,10.536,106.4052,Open-Meteo-Historical,
2026-04-28 10:00:00,33.6,51,,0.0,88,,11.9,28.8,3,Long An,10.536,106.4052,Open-Meteo-Historical,
2026-04-28 11:00:00,34.4,46,,0.0,13,,13.1,30.6,0,Long An,10.536,106.4052,Open-Meteo-Historical,
2026-04-28 12:00:00,35.3,42,,0.0,12,,13.4,32.0,0,Long An,10.536,106.4052,Open-Meteo-Historical,
2026-04-28 13:00:00,35.4,42,,0.0,9,,13.6,32.0,0,Long An,10.536,106.4052,Open-Meteo-Historical,
2026-04-28 14:00:00,35.3,42,,0.0,12,,12.5,32.0,0,Long An,10.536,106.4052,Open-Meteo-Historical,
2026-04-28 15:00:00,34.8,44,,0.0,13,,11.6,29.9,0,Long An,10.536,106.4052,Open-Meteo-Historical,
2026-04-28 16:00:00,34.2,45,,0.0,15,,13.1,28.4,0,Long An,10.536,106.4052,Open-Meteo-Historical,
2026-04-28 17:00:00,33.0,48,,0.0,2,,14.7,29.5,0,Long An,10.536,106.4052,Open-Meteo-Historical,
2026-04-28 18:00:00,31.0,54,,0.0,19,,14.4,29.5,0,Long An,10.536,106.4052,Open-Meteo-Historical,
2026-04-28 19:00:00,29.4,71,,0.0,15,,12.6,26.3,0,Long An,10.536,106.4052,Open-Meteo-Historical,
2026-04-28 20:00:00,28.1,81,,0.0,7,,9.9,22.3,0,Long An,10.536,106.4052,Open-Meteo-Historical,
2026-04-28 21:00:00,27.5,86,,0.0,1,,9.1,17.6,0,Long An,10.536,106.4052,Open-Meteo-Historical,
2026-04-28 22:00:00,27.0,89,,0.0,3,,4.6,15.8,0,Long An,10.536,106.4052,Open-Meteo-Historical,
2026-04-28 23:00:00,26.4,93,,0.0,4,,3.6,7.9,0,Long An,10.536,106.4052,Open-Meteo-Historical,
2026-04-29 00:00:00,26.2,94,,0.0,44,,5.6,9.7,1,Long An,10.536,106.4052,Open-Meteo-Historical,
2026-04-29 01:00:00,26.1,96,,0.0,100,,3.5,9.7,3,Long An,10.536,106.4052,Open-Meteo-Historical,
2026-04-29 02:00:00,26.4,95,,0.0,100,,2.9,5.0,3,Long An,10.536,106.4052,Open-Meteo-Historical,
2026-04-29 03:00:00,26.2,95,,0.0,100,,3.1,5.4,3,Long An,10.536,106.4052,Open-Meteo-Historical,
2026-04-29 04:00:00,26.4,94,,0.0,100,,1.0,4.7,3,Long An,10.536,106.4052,Open-Meteo-Historical,
2026-04-29 05:00:00,26.5,94,,0.0,99,,0.3,2.2,3,Long An,10.536,106.4052,Open-Meteo-Historical,
2026-04-29 06:00:00,26.5,93,,0.0,99,,1.7,4.0,3,Long An,10.536,106.4052,Open-Meteo-Historical,
2026-04-29 07:00:00,27.5,89,,0.0,100,,4.3,9.7,3,Long An,10.536,106.4052,Open-Meteo-Historical,
2026-04-29 08:00:00,29.3,78,,0.2,100,,7.1,18.4,51,Long An,10.536,106.4052,Open-Meteo-Historical,
2026-04-29 09:00:00,30.5,69,,0.2,74,,8.3,21.6,51,Long An,10.536,106.4052,Open-Meteo-Historical,
2026-04-29 10:00:00,32.3,59,,0.1,23,,7.7,23.0,51,Long An,10.536,106.4052,Open-Meteo-Historical,
2026-04-29 11:00:00,33.6,53,,0.0,63,,6.3,22.7,2,Long An,10.536,106.4052,Open-Meteo-Historical,
2026-04-29 12:00:00,34.8,48,,0.0,29,,6.1,20.9,1,Long An,10.536,106.4052,Open-Meteo-Historical,
2026-04-29 13:00:00,34.8,43,,0.0,42,,9.1,23.0,1,Long An,10.536,106.4052,Open-Meteo-Historical,
2026-04-29 14:00:00,34.9,42,,0.0,30,,8.3,24.8,1,Long An,10.536,106.4052,Open-Meteo-Historical,
2026-04-29 15:00:00,34.8,43,,0.0,25,,8.2,23.0,1,Long An,10.536,106.4052,Open-Meteo-Historical,
2026-04-29 16:00:00,34.5,44,,0.0,32,,10.7,24.5,1,Long An,10.536,106.4052,Open-Meteo-Historical,
2026-04-29 17:00:00,33.1,47,,0.0,10,,13.4,27.4,0,Long An,10.536,106.4052,Open-Meteo-Historical,
2026-04-29 18:00:00,31.1,49,,0.0,8,,13.5,27.7,0,Long An,10.536,106.4052,Open-Meteo-Historical,
2026-04-29 19:00:00,30.8,52,,0.0,25,,13.0,24.5,1,Long An,10.536,106.4052,Open-Meteo-Historical,
2026-04-29 20:00:00,29.6,60,,0.0,23,,8.3,23.0,1,Long An,10.536,106.4052,Open-Meteo-Historical,
2026-04-29 21:00:00,28.6,69,,0.0,9,,5.6,14.4,0,Long An,10.536,106.4052,Open-Meteo-Historical,
2026-04-29 22:00:00,28.0,76,,0.0,95,,4.5,10.1,3,Long An,10.536,106.4052,Open-Meteo-Historical,
2026-04-29 23:00:00,27.7,80,,0.0,66,,4.7,8.6,2,Long An,10.536,106.4052,Open-Meteo-Historical,
2026-04-30 00:00:00,27.4,83,,0.0,61,,5.1,8.6,2,Long An,10.536,106.4052,Open-Meteo-Historical,
2026-04-30 01:00:00,27.5,85,,0.0,48,,5.0,9.7,1,Long An,10.536,106.4052,Open-Meteo-Historical,
2026-04-30 02:00:00,27.2,87,,0.0,77,,5.9,10.4,2,Long An,10.536,106.4052,Open-Meteo-Historical,
2026-04-30 03:00:00,27.0,89,,0.0,99,,4.6,10.1,3,Long An,10.536,106.4052,Open-Meteo-Historical,
2026-04-30 04:00:00,26.9,90,,0.0,94,,5.9,10.1,3,Long An,10.536,106.4052,Open-Meteo-Historical,
2026-04-30 05:00:00,26.6,91,,0.0,70,,5.1,10.1,2,Long An,10.536,106.4052,Open-Meteo-Historical,
2026-04-30 06:00:00,26.6,92,,0.0,4,,6.6,10.1,0,Long An,10.536,106.4052,Open-Meteo-Historical,
2026-04-30 07:00:00,28.7,84,,0.0,6,,6.9,16.6,0,Long An,10.536,106.4052,Open-Meteo-Historical,
2026-04-30 08:00:00,30.8,70,,0.0,6,,10.5,26.3,0,Long An,10.536,106.4052,Open-Meteo-Historical,
2026-04-30 09:00:00,32.5,60,,0.0,9,,9.6,27.7,0,Long An,10.536,106.4052,Open-Meteo-Historical,
2026-04-30 10:00:00,33.8,54,,0.1,23,,11.4,27.7,51,Long An,10.536,106.4052,Open-Meteo-Historical,
2026-04-30 11:00:00,34.7,50,,0.0,23,,12.9,30.6,1,Long An,10.536,106.4052,Open-Meteo-Historical,
2026-04-30 12:00:00,35.0,48,,0.0,23,,15.0,34.2,1,Long An,10.536,106.4052,Open-Meteo-Historical,
2026-04-30 13:00:00,34.3,50,,0.0,100,,15.0,35.3,3,Long An,10.536,106.4052,Open-Meteo-Historical,
2026-04-30 14:00:00,34.8,48,,0.0,98,,16.0,35.3,3,Long An,10.536,106.4052,Open-Meteo-Historical,
2026-04-30 15:00:00,34.2,47,,0.0,23,,17.9,38.2,1,Long An,10.536,106.4052,Open-Meteo-Historical,
2026-04-30 16:00:00,33.2,47,,0.0,17,,17.1,38.2,0,Long An,10.536,106.4052,Open-Meteo-Historical,
2026-04-30 17:00:00,32.0,47,,0.0,9,,15.9,35.3,0,Long An,10.536,106.4052,Open-Meteo-Historical,
2026-04-30 18:00:00,30.5,53,,0.0,5,,12.3,31.7,0,Long An,10.536,106.4052,Open-Meteo-Historical,
2026-04-30 19:00:00,29.8,67,,0.0,24,,13.6,22.3,1,Long An,10.536,106.4052,Open-Meteo-Historical,
2026-04-30 20:00:00,29.1,74,,0.0,8,,12.5,24.8,0,Long An,10.536,106.4052,Open-Meteo-Historical,
2026-04-30 21:00:00,28.8,76,,0.0,56,,12.7,22.7,2,Long An,10.536,106.4052,Open-Meteo-Historical,
2026-04-30 22:00:00,28.4,80,,0.0,89,,11.5,23.0,3,Long An,10.536,106.4052,Open-Meteo-Historical,
2026-04-30 23:00:00,28.1,81,,0.0,84,,10.1,20.9,3,Long An,10.536,106.4052,Open-Meteo-Historical,
2026-05-01 00:00:00,27.8,83,,0.0,90,,8.0,17.6,3,Long An,10.536,106.4052,Open-Meteo-Historical,
2026-05-01 01:00:00,27.8,81,,0.0,100,,9.5,14.0,3,Long An,10.536,106.4052,Open-Meteo-Historical,
2026-05-01 02:00:00,27.7,84,,0.0,100,,9.4,16.9,3,Long An,10.536,106.4052,Open-Meteo-Historical,
2026-05-01 03:00:00,27.6,84,,0.0,100,,9.6,17.3,3,Long An,10.536,106.4052,Open-Meteo-Historical,
2026-05-01 04:00:00,27.6,80,,0.0,100,,9.7,17.3,3,Long An,10.536,106.4052,Open-Meteo-Historical,
2026-05-01 05:00:00,27.4,77,,0.0,55,,8.5,17.3,2,Long An,10.536,106.4052,Open-Meteo-Historical,
2026-05-01 06:00:00,26.9,76,,0.0,17,,7.6,14.8,0,Long An,10.536,106.4052,Open-Meteo-Historical,
2026-05-01 07:00:00,28.6,66,,0.0,1,,8.4,14.4,0,Long An,10.536,106.4052,Open-Meteo-Historical,
2026-05-01 08:00:00,30.5,56,,0.0,9,,10.2,23.0,0,Long An,10.536,106.4052,Open-Meteo-Historical,
2026-05-01 09:00:00,32.3,50,,0.0,2,,11.0,25.9,0,Long An,10.536,106.4052,Open-Meteo-Historical,
2026-05-01 10:00:00,34.1,43,,0.0,35,,13.1,30.6,1,Long An,10.536,106.4052,Open-Meteo-Historical,
2026-05-01 11:00:00,35.2,40,,0.0,88,,11.6,30.6,3,Long An,10.536,106.4052,Open-Meteo-Historical,
2026-05-01 12:00:00,36.0,38,,0.0,95,,10.1,28.4,3,Long An,10.536,106.4052,Open-Meteo-Historical,
2026-05-01 13:00:00,36.2,36,,0.1,65,,15.4,27.0,51,Long An,10.536,106.4052,Open-Meteo-Historical,
2026-05-01 14:00:00,34.9,41,,0.0,28,,18.0,40.0,1,Long An,10.536,106.4052,Open-Meteo-Historical,
2026-05-01 15:00:00,34.5,44,,0.0,78,,20.6,41.4,2,Long An,10.536,106.4052,Open-Meteo-Historical,
2026-05-01 16:00:00,33.0,50,,0.0,98,,20.2,44.3,3,Long An,10.536,106.4052,Open-Meteo-Historical,
2026-05-01 17:00:00,31.8,56,,0.0,94,,17.9,40.0,3,Long An,10.536,106.4052,Open-Meteo-Historical,
2026-05-01 18:00:00,30.1,66,,0.0,83,,14.9,34.9,3,Long An,10.536,106.4052,Open-Meteo-Historical,
2026-05-01 19:00:00,29.6,73,,0.0,100,,15.1,29.9,3,Long An,10.536,106.4052,Open-Meteo-Historical,
2026-05-01 20:00:00,29.2,77,,0.0,100,,13.4,28.1,3,Long An,10.536,106.4052,Open-Meteo-Historical,
2026-05-01 21:00:00,28.9,79,,0.0,90,,13.5,25.6,3,Long An,10.536,106.4052,Open-Meteo-Historical,
2026-05-01 22:00:00,28.6,80,,0.0,64,,11.9,24.5,2,Long An,10.536,106.4052,Open-Meteo-Historical,
2026-05-01 23:00:00,28.5,81,,0.0,40,,11.2,21.6,1,Long An,10.536,106.4052,Open-Meteo-Historical,
2026-05-02 00:00:00,28.2,82,,0.0,58,,9.7,20.2,2,Long An,10.536,106.4052,Open-Meteo-Historical,
2026-05-02 01:00:00,28.0,81,,0.0,23,,8.0,16.9,1,Long An,10.536,106.4052,Open-Meteo-Historical,
2026-05-02 02:00:00,28.0,80,,0.0,16,,8.0,14.4,0,Long An,10.536,106.4052,Open-Meteo-Historical,
2026-05-02 03:00:00,28.0,79,,0.0,19,,7.3,14.0,0,Long An,10.536,106.4052,Open-Meteo-Historical,
2026-05-02 04:00:00,27.7,81,,0.0,11,,7.6,13.7,0,Long An,10.536,106.4052,Open-Meteo-Historical,
2026-05-02 05:00:00,27.5,82,,0.0,12,,7.9,13.7,0,Long An,10.536,106.4052,Open-Meteo-Historical,
2026-05-02 06:00:00,27.5,83,,0.0,9,,9.1,15.5,0,Long An,10.536,106.4052,Open-Meteo-Historical,
2026-05-02 07:00:00,29.0,76,,0.0,66,,12.1,24.1,2,Long An,10.536,106.4052,Open-Meteo-Historical,
2026-05-02 08:00:00,30.6,69,,0.0,52,,11.4,28.1,2,Long An,10.536,106.4052,Open-Meteo-Historical,
2026-05-02 09:00:00,32.3,62,,0.0,55,,11.7,31.7,2,Long An,10.536,106.4052,Open-Meteo-Historical,
2026-05-02 10:00:00,33.6,56,,0.1,99,,13.6,32.0,51,Long An,10.536,106.4052,Open-Meteo-Historical,
2026-05-02 11:00:00,30.3,68,,2.2,100,,12.7,35.6,61,Long An,10.536,106.4052,Open-Meteo-Historical,
2026-05-02 12:00:00,30.5,67,,1.4,100,,15.8,32.8,61,Long An,10.536,106.4052,Open-Meteo-Historical,
2026-05-02 13:00:00,33.5,55,,2.8,100,,2.4,37.1,63,Long An,10.536,106.4052,Open-Meteo-Historical,
2026-05-02 14:00:00,31.1,63,,0.5,95,,13.9,30.2,53,Long An,10.536,106.4052,Open-Meteo-Historical,
2026-05-02 15:00:00,31.1,63,,0.9,100,,7.6,31.0,53,Long An,10.536,106.4052,Open-Meteo-Historical,
2026-05-02 16:00:00,29.8,70,,0.9,100,,6.8,22.3,53,Long An,10.536,106.4052,Open-Meteo-Historical,
2026-05-02 17:00:00,29.8,69,,0.0,100,,9.5,20.2,3,Long An,10.536,106.4052,Open-Meteo-Historical,
2026-05-02 18:00:00,29.2,72,,0.0,100,,11.5,21.6,3,Long An,10.536,106.4052,Open-Meteo-Historical,
2026-05-02 19:00:00,29.2,74,,0.0,100,,11.5,21.2,3,Long An,10.536,106.4052,Open-Meteo-Historical,
2026-05-02 20:00:00,28.6,79,,0.0,100,,11.4,20.9,3,Long An,10.536,106.4052,Open-Meteo-Historical,
2026-05-02 21:00:00,28.5,80,,0.0,100,,11.9,22.0,3,Long An,10.536,106.4052,Open-Meteo-Historical,
2026-05-02 22:00:00,28.1,82,,0.0,96,,9.9,21.6,3,Long An,10.536,106.4052,Open-Meteo-Historical,
2026-05-02 23:00:00,27.9,84,,0.0,98,,8.4,17.6,3,Long An,10.536,106.4052,Open-Meteo-Historical,
2026-05-03 00:00:00,27.4,86,,0.0,99,,6.8,14.4,3,Long An,10.536,106.4052,Open-Meteo-Historical,
2026-05-03 01:00:00,27.2,86,,0.0,97,,4.4,11.9,3,Long An,10.536,106.4052,Open-Meteo-Historical,
2026-05-03 02:00:00,26.9,88,,0.0,100,,2.9,7.2,3,Long An,10.536,106.4052,Open-Meteo-Historical,
2026-05-03 03:00:00,26.9,85,,0.0,100,,4.5,8.3,3,Long An,10.536,106.4052,Open-Meteo-Historical,
2026-05-03 04:00:00,26.9,86,,0.0,100,,2.2,7.9,3,Long An,10.536,106.4052,Open-Meteo-Historical,
2026-05-03 05:00:00,27.0,86,,0.0,100,,0.8,2.9,3,Long An,10.536,106.4052,Open-Meteo-Historical,
2026-05-03 06:00:00,27.1,85,,0.0,100,,2.9,4.0,3,Long An,10.536,106.4052,Open-Meteo-Historical,
2026-05-03 07:00:00,28.9,76,,0.0,100,,11.2,10.4,3,Long An,10.536,106.4052,Open-Meteo-Historical,
2026-05-03 08:00:00,29.8,70,,0.2,100,,18.0,36.0,51,Long An,10.536,106.4052,Open-Meteo-Historical,
2026-05-03 09:00:00,30.7,67,,0.0,100,,14.7,36.4,3,Long An,10.536,106.4052,Open-Meteo-Historical,
2026-05-03 10:00:00,32.0,62,,0.0,100,,15.7,34.6,3,Long An,10.536,106.4052,Open-Meteo-Historical,
2026-05-03 11:00:00,33.4,57,,0.0,99,,13.2,35.3,3,Long An,10.536,106.4052,Open-Meteo-Historical,
2026-05-03 12:00:00,34.0,54,,0.0,92,,13.5,33.1,3,Long An,10.536,106.4052,Open-Meteo-Historical,
2026-05-03 13:00:00,31.6,58,,0.0,84,,17.3,34.6,3,Long An,10.536,106.4052,Open-Meteo-Historical,
2026-05-03 14:00:00,32.9,54,,0.1,100,,14.2,36.0,51,Long An,10.536,106.4052,Open-Meteo-Historical,
2026-05-03 15:00:00,32.5,57,,0.5,100,,13.7,31.7,53,Long An,10.536,106.4052,Open-Meteo-Historical,
2026-05-03 16:00:00,32.3,56,,0.0,100,,13.5,31.0,3,Long An,10.536,106.4052,Open-Meteo-Historical,
2026-05-03 17:00:00,31.5,58,,0.0,99,,13.3,28.8,3,Long An,10.536,106.4052,Open-Meteo-Historical,
2026-05-03 18:00:00,30.4,64,,0.0,99,,10.5,26.6,3,Long An,10.536,106.4052,Open-Meteo-Historical,
2026-05-03 19:00:00,29.8,72,,0.0,100,,12.1,20.5,3,Long An,10.536,106.4052,Open-Meteo-Historical,
2026-05-03 20:00:00,29.0,77,,0.0,100,,10.3,21.6,3,Long An,10.536,106.4052,Open-Meteo-Historical,
2026-05-03 21:00:00,28.5,79,,0.0,100,,8.6,18.4,3,Long An,10.536,106.4052,Open-Meteo-Historical,
2026-05-03 22:00:00,28.2,81,,0.0,100,,7.1,15.1,3,Long An,10.536,106.4052,Open-Meteo-Historical,
2026-05-03 23:00:00,28.0,83,,0.0,100,,4.3,12.2,3,Long An,10.536,106.4052,Open-Meteo-Historical,
2026-05-04 00:00:00,27.6,84,,0.0,100,,4.0,6.8,3,Long An,10.536,106.4052,Open-Meteo-Historical,
2026-05-04 01:00:00,26.2,89,,0.6,100,,8.6,15.5,53,Long An,10.536,106.4052,Open-Meteo-Historical,
2026-05-04 02:00:00,26.4,91,,0.2,100,,1.0,15.5,51,Long An,10.536,106.4052,Open-Meteo-Historical,
2026-05-04 03:00:00,26.0,95,,0.0,100,,0.7,4.3,3,Long An,10.536,106.4052,Open-Meteo-Historical,
2026-05-04 04:00:00,25.9,96,,0.0,100,,1.5,4.0,3,Long An,10.536,106.4052,Open-Meteo-Historical,
2026-05-04 05:00:00,25.9,96,,0.0,100,,5.5,12.6,3,Long An,10.536,106.4052,Open-Meteo-Historical,
2026-05-04 06:00:00,25.6,91,,0.9,98,,9.6,17.6,53,Long An,10.536,106.4052,Open-Meteo-Historical,
2026-05-04 07:00:00,28.4,82,,0.3,94,,6.2,25.2,51,Long An,10.536,106.4052,Open-Meteo-Historical,
2026-05-04 08:00:00,30.4,68,,0.0,85,,7.1,18.4,3,Long An,10.536,106.4052,Open-Meteo-Historical,
2026-05-04 09:00:00,32.0,62,,0.0,100,,10.3,28.1,3,Long An,10.536,106.4052,Open-Meteo-Historical,
2026-05-04 10:00:00,33.4,57,,0.0,100,,9.3,30.2,3,Long An,10.536,106.4052,Open-Meteo-Historical,
2026-05-04 11:00:00,34.2,54,,0.0,100,,9.7,27.7,3,Long An,10.536,106.4052,Open-Meteo-Historical,
2026-05-04 12:00:00,34.3,52,,0.0,100,,10.6,27.4,3,Long An,10.536,106.4052,Open-Meteo-Historical,
2026-05-04 13:00:00,34.1,51,,0.0,100,,9.3,27.7,3,Long An,10.536,106.4052,Open-Meteo-Historical,
2026-05-04 14:00:00,34.8,49,,0.0,100,,9.9,24.8,3,Long An,10.536,106.4052,Open-Meteo-Historical,
2026-05-04 15:00:00,31.2,64,,0.7,100,,14.4,34.2,53,Long An,10.536,106.4052,Open-Meteo-Historical,
2026-05-04 16:00:00,32.0,59,,0.2,100,,15.3,31.3,51,Long An,10.536,106.4052,Open-Meteo-Historical,
2026-05-04 17:00:00,31.3,60,,0.0,100,,13.7,32.4,3,Long An,10.536,106.4052,Open-Meteo-Historical,
2026-05-04 18:00:00,30.3,65,,0.0,100,,13.9,28.4,3,Long An,10.536,106.4052,Open-Meteo-Historical,
2026-05-04 19:00:00,29.5,73,,0.0,100,,16.6,25.2,3,Long An,10.536,106.4052,Open-Meteo-Historical,
2026-05-04 20:00:00,29.0,77,,0.0,100,,15.6,31.0,3,Long An,10.536,106.4052,Open-Meteo-Historical,
2026-05-04 21:00:00,28.9,76,,0.0,100,,13.8,28.4,3,Long An,10.536,106.4052,Open-Meteo-Historical,
2026-05-04 22:00:00,28.8,76,,0.0,100,,13.5,24.8,3,Long An,10.536,106.4052,Open-Meteo-Historical,
2026-05-04 23:00:00,28.4,78,,0.0,100,,11.5,24.5,3,Long An,10.536,106.4052,Open-Meteo-Historical,
2026-05-05 00:00:00,28.1,78,,0.0,100,,11.2,20.5,3,Long An,10.536,106.4052,Open-Meteo-Historical,
2026-05-05 01:00:00,28.1,78,,0.0,100,,9.4,19.8,3,Long An,10.536,106.4052,Open-Meteo-Historical,
2026-05-05 02:00:00,28.0,79,,0.0,100,,9.9,17.6,3,Long An,10.536,106.4052,Open-Meteo-Historical,
2026-05-05 03:00:00,27.7,81,,0.0,100,,10.0,18.4,3,Long An,10.536,106.4052,Open-Meteo-Historical,
2026-05-05 04:00:00,27.4,82,,0.0,100,,7.7,17.6,3,Long An,10.536,106.4052,Open-Meteo-Historical,
2026-05-05 05:00:00,27.1,84,,0.0,100,,6.6,13.3,3,Long An,10.536,106.4052,Open-Meteo-Historical,
2026-05-05 06:00:00,27.3,83,,0.0,100,,9.6,15.8,3,Long An,10.536,106.4052,Open-Meteo-Historical,
2026-05-05 07:00:00,28.9,75,,0.0,100,,12.2,21.2,3,Long An,10.536,106.4052,Open-Meteo-Historical,
2026-05-05 08:00:00,30.8,62,,0.0,100,,15.3,32.0,3,Long An,10.536,106.4052,Open-Meteo-Historical,
2026-05-05 09:00:00,32.3,53,,0.0,100,,19.1,38.9,3,Long An,10.536,106.4052,Open-Meteo-Historical,
2026-05-05 10:00:00,33.5,49,,0.2,95,,16.9,39.6,51,Long An,10.536,106.4052,Open-Meteo-Historical,
2026-05-05 11:00:00,34.3,47,,0.3,75,,16.1,36.4,51,Long An,10.536,106.4052,Open-Meteo-Historical,
2026-05-05 12:00:00,34.3,49,,0.1,91,,17.3,36.0,51,Long An,10.536,106.4052,Open-Meteo-Historical,
2026-05-05 13:00:00,30.6,68,,1.4,89,,15.8,41.4,61,Long An,10.536,106.4052,Open-Meteo-Historical,
2026-05-05 14:00:00,33.4,54,,0.1,94,,9.9,30.6,51,Long An,10.536,106.4052,Open-Meteo-Historical,
2026-05-05 15:00:00,31.4,67,,2.0,90,,14.8,31.3,61,Long An,10.536,106.4052,Open-Meteo-Historical,
2026-05-05 16:00:00,32.0,61,,0.0,99,,11.0,32.0,3,Long An,10.536,106.4052,Open-Meteo-Historical,
2026-05-05 17:00:00,30.4,69,,0.4,90,,15.0,28.8,51,Long An,10.536,106.4052,Open-Meteo-Historical,
2026-05-05 18:00:00,29.5,74,,0.0,80,,13.3,28.8,3,Long An,10.536,106.4052,Open-Meteo-Historical,
2026-05-05 19:00:00,28.9,76,,3.1,95,,10.9,23.8,63,Long An,10.536,106.4052,Open-Meteo-Historical,
2026-05-05 20:00:00,28.5,79,,0.0,92,,9.4,19.8,3,Long An,10.536,106.4052,Open-Meteo-Historical,
2026-05-05 21:00:00,28.1,81,,0.0,77,,10.6,17.6,2,Long An,10.536,106.4052,Open-Meteo-Historical,
2026-05-05 22:00:00,27.8,81,,0.0,100,,12.6,25.2,3,Long An,10.536,106.4052,Open-Meteo-Historical,
2026-05-05 23:00:00,27.4,82,,0.0,100,,13.1,23.8,3,Long An,10.536,106.4052,Open-Meteo-Historical,
2026-05-06 00:00:00,27.0,84,,0.0,100,,10.8,23.4,3,Long An,10.536,106.4052,Open-Meteo-Historical,
2026-05-06 01:00:00,26.5,86,,0.0,100,,9.3,19.4,3,Long An,10.536,106.4052,Open-Meteo-Historical,
2026-05-06 02:00:00,26.6,86,,0.0,100,,9.3,17.6,3,Long An,10.536,106.4052,Open-Meteo-Historical,
2026-05-06 03:00:00,26.7,86,,0.0,100,,7.8,16.2,3,Long An,10.536,106.4052,Open-Meteo-Historical,
2026-05-06 04:00:00,26.5,87,,0.0,100,,5.6,13.7,3,Long An,10.536,106.4052,Open-Meteo-Historical,
2026-05-06 05:00:00,26.3,88,,0.1,100,,10.8,18.4,51,Long An,10.536,106.4052,Open-Meteo-Historical,
2026-05-06 06:00:00,25.8,87,,0.0,100,,9.4,20.2,3,Long An,10.536,106.4052,Open-Meteo-Historical,
2026-05-06 07:00:00,26.6,82,,0.0,100,,12.5,19.4,3,Long An,10.536,106.4052,Open-Meteo-Historical,
2026-05-06 08:00:00,29.0,75,,0.0,100,,13.8,28.8,3,Long An,10.536,106.4052,Open-Meteo-Historical,
2026-05-06 09:00:00,30.8,67,,0.1,100,,17.6,38.9,51,Long An,10.536,106.4052,Open-Meteo-Historical,
2026-05-06 10:00:00,31.8,63,,0.1,100,,16.8,38.2,51,Long An,10.536,106.4052,Open-Meteo-Historical,
2026-05-06 11:00:00,32.8,60,,0.2,100,,15.4,37.1,51,Long An,10.536,106.4052,Open-Meteo-Historical,
2026-05-06 12:00:00,31.1,67,,6.2,100,,16.9,36.4,63,Long An,10.536,106.4052,Open-Meteo-Historical,
2026-05-06 13:00:00,35.0,50,,0.3,100,,9.8,36.7,51,Long An,10.536,106.4052,Open-Meteo-Historical,
2026-05-06 14:00:00,29.8,73,,3.0,100,,11.7,30.6,63,Long An,10.536,106.4052,Open-Meteo-Historical,
2026-05-06 15:00:00,31.3,65,,0.1,97,,11.5,24.5,51,Long An,10.536,106.4052,Open-Meteo-Historical,
2026-05-06 16:00:00,31.4,62,,0.0,100,,10.5,28.8,3,Long An,10.536,106.4052,Open-Meteo-Historical,
2026-05-06 17:00:00,30.9,65,,0.0,100,,11.3,23.0,3,Long An,10.536,106.4052,Open-Meteo-Historical,
2026-05-06 18:00:00,29.8,70,,0.0,100,,11.7,22.7,3,Long An,10.536,106.4052,Open-Meteo-Historical,
2026-05-06 19:00:00,27.9,83,,0.0,100,,9.4,21.2,3,Long An,10.536,106.4052,Open-Meteo-Historical,
2026-05-06 20:00:00,28.1,84,,0.0,100,,6.7,15.8,3,Long An,10.536,106.4052,Open-Meteo-Historical,
2026-05-06 21:00:00,28.0,84,,0.0,100,,9.2,15.1,3,Long An,10.536,106.4052,Open-Meteo-Historical,
2026-05-06 22:00:00,28.1,82,,0.0,100,,10.7,19.1,3,Long An,10.536,106.4052,Open-Meteo-Historical,
2026-05-06 23:00:00,28.0,83,,0.0,100,,9.2,19.1,3,Long An,10.536,106.4052,Open-Meteo-Historical,
2026-05-07 00:00:00,27.9,83,,0.0,99,,9.2,16.2,3,Long An,10.536,106.4052,Open-Meteo-Historical,
2026-05-07 01:00:00,27.8,83,,0.0,86,,8.2,15.8,3,Long An,10.536,106.4052,Open-Meteo-Historical,
2026-05-07 02:00:00,27.5,84,,0.1,93,,6.9,14.4,51,Long An,10.536,106.4052,Open-Meteo-Historical,
2026-05-07 03:00:00,27.1,86,,0.0,94,,7.9,13.3,3,Long An,10.536,106.4052,Open-Meteo-Historical,
2026-05-07 04:00:00,27.0,86,,0.0,100,,8.7,15.1,3,Long An,10.536,106.4052,Open-Meteo-Historical,
2026-05-07 05:00:00,26.8,88,,0.0,100,,8.8,15.1,3,Long An,10.536,106.4052,Open-Meteo-Historical,
2026-05-07 06:00:00,27.0,87,,0.0,6,,10.8,18.0,0,Long An,10.536,106.4052,Open-Meteo-Historical,
2026-05-07 07:00:00,29.0,78,,0.0,73,,14.1,25.2,2,Long An,10.536,106.4052,Open-Meteo-Historical,
2026-05-07 08:00:00,30.8,69,,0.0,83,,16.3,33.8,3,Long An,10.536,106.4052,Open-Meteo-Historical,
2026-05-07 09:00:00,32.3,61,,0.0,72,,15.8,34.2,2,Long An,10.536,106.4052,Open-Meteo-Historical,
2026-05-07 10:00:00,33.8,54,,0.0,74,,16.7,37.1,2,Long An,10.536,106.4052,Open-Meteo-Historical,
2026-05-07 11:00:00,34.2,50,,0.0,80,,16.3,37.1,3,Long An,10.536,106.4052,Open-Meteo-Historical,
2026-05-07 12:00:00,34.9,47,,0.0,85,,15.9,36.4,3,Long An,10.536,106.4052,Open-Meteo-Historical,
2026-05-07 13:00:00,34.4,45,,0.0,75,,16.5,36.0,2,Long An,10.536,106.4052,Open-Meteo-Historical,
2026-05-07 14:00:00,34.8,45,,0.0,7,,14.8,36.7,0,Long An,10.536,106.4052,Open-Meteo-Historical,
2026-05-07 15:00:00,34.5,46,,0.0,14,,14.5,33.8,0,Long An,10.536,106.4052,Open-Meteo-Historical,
2026-05-07 16:00:00,33.3,49,,0.0,18,,15.6,33.1,0,Long An,10.536,106.4052,Open-Meteo-Historical,
2026-05-07 17:00:00,31.9,55,,0.0,14,,15.2,33.1,0,Long An,10.536,106.4052,Open-Meteo-Historical,
2026-05-07 18:00:00,30.5,62,,0.0,15,,12.1,30.2,0,Long An,10.536,106.4052,Open-Meteo-Historical,
2026-05-07 19:00:00,29.8,72,,0.0,93,,9.8,22.0,3,Long An,10.536,106.4052,Open-Meteo-Historical,
2026-05-07 20:00:00,29.3,75,,0.0,5,,10.8,19.1,0,Long An,10.536,106.4052,Open-Meteo-Historical,
2026-05-07 21:00:00,29.0,77,,0.0,7,,9.4,19.4,0,Long An,10.536,106.4052,Open-Meteo-Historical,
2026-05-07 22:00:00,28.5,79,,0.0,41,,7.5,16.6,1,Long An,10.536,106.4052,Open-Meteo-Historical,
2026-05-07 23:00:00,28.2,80,,0.0,98,,7.0,13.0,3,Long An,10.536,106.4052,Open-Meteo-Historical,
2026-05-08 00:00:00,27.9,80,,0.0,100,,7.0,12.6,3,Long An,10.536,106.4052,Open-Meteo-Historical,
2026-05-08 01:00:00,28.0,77,,0.0,99,,8.7,12.2,3,Long An,10.536,106.4052,Open-Meteo-Historical,
2026-05-08 02:00:00,28.0,77,,0.0,99,,7.4,15.8,3,Long An,10.536,106.4052,Open-Meteo-Historical,
2026-05-08 03:00:00,27.6,79,,0.0,88,,5.1,13.0,3,Long An,10.536,106.4052,Open-Meteo-Historical,
2026-05-08 04:00:00,27.4,82,,0.0,97,,4.0,8.3,3,Long An,10.536,106.4052,Open-Meteo-Historical,
2026-05-08 05:00:00,27.2,84,,0.0,100,,4.5,6.8,3,Long An,10.536,106.4052,Open-Meteo-Historical,
2026-05-08 06:00:00,27.5,83,,0.0,100,,8.6,13.7,3,Long An,10.536,106.4052,Open-Meteo-Historical,
2026-05-08 07:00:00,29.2,75,,0.0,100,,10.4,23.0,3,Long An,10.536,106.4052,Open-Meteo-Historical,
2026-05-08 08:00:00,30.2,71,,0.1,100,,12.2,25.9,51,Long An,10.536,106.4052,Open-Meteo-Historical,
2026-05-08 09:00:00,31.5,65,,0.3,96,,12.3,28.4,51,Long An,10.536,106.4052,Open-Meteo-Historical,
2026-05-08 10:00:00,32.7,58,,0.3,98,,12.3,29.2,51,Long An,10.536,106.4052,Open-Meteo-Historical,
2026-05-08 11:00:00,33.6,54,,0.1,100,,11.4,29.5,51,Long An,10.536,106.4052,Open-Meteo-Historical,
2026-05-08 12:00:00,34.1,52,,0.1,100,,10.7,28.8,51,Long An,10.536,106.4052,Open-Meteo-Historical,
2026-05-08 13:00:00,33.8,48,,0.0,100,,8.1,28.8,3,Long An,10.536,106.4052,Open-Meteo-Historical,
2026-05-08 14:00:00,34.7,47,,0.0,100,,7.5,25.9,3,Long An,10.536,106.4052,Open-Meteo-Historical,
2026-05-08 15:00:00,34.7,47,,0.0,100,,8.2,24.5,3,Long An,10.536,106.4052,Open-Meteo-Historical,
2026-05-08 16:00:00,33.0,52,,0.1,100,,12.4,27.0,51,Long An,10.536,106.4052,Open-Meteo-Historical,
2026-05-08 17:00:00,31.2,59,,0.1,98,,16.7,32.8,51,Long An,10.536,106.4052,Open-Meteo-Historical,
2026-05-08 18:00:00,30.1,64,,0.0,100,,15.7,32.8,3,Long An,10.536,106.4052,Open-Meteo-Historical,
2026-05-08 19:00:00,29.5,70,,0.0,100,,13.3,29.2,3,Long An,10.536,106.4052,Open-Meteo-Historical,
2026-05-08 20:00:00,29.1,74,,0.0,100,,11.1,24.5,3,Long An,10.536,106.4052,Open-Meteo-Historical,
2026-05-08 21:00:00,28.9,76,,0.0,100,,10.1,19.8,3,Long An,10.536,106.4052,Open-Meteo-Historical,
2026-05-08 22:00:00,28.8,76,,0.0,100,,9.6,18.0,3,Long An,10.536,106.4052,Open-Meteo-Historical,
2026-05-08 23:00:00,28.5,79,,0.0,98,,8.9,17.3,3,Long An,10.536,106.4052,Open-Meteo-Historical,
2026-05-09 00:00:00,27.9,81,,0.0,90,,5.9,15.8,3,Long An,10.536,106.4052,Open-Meteo-Historical,
2026-05-09 01:00:00,27.8,81,,0.0,55,,6.8,10.1,2,Long An,10.536,106.4052,Open-Meteo-Historical,
2026-05-09 02:00:00,27.7,81,,0.0,85,,6.0,11.9,3,Long An,10.536,106.4052,Open-Meteo-Historical,
2026-05-09 03:00:00,27.4,82,,0.0,2,,6.0,10.1,0,Long An,10.536,106.4052,Open-Meteo-Historical,
2026-05-09 04:00:00,27.0,84,,0.0,0,,5.6,10.1,0,Long An,10.536,106.4052,Open-Meteo-Historical,
2026-05-09 05:00:00,26.6,85,,0.0,1,,5.8,10.1,0,Long An,10.536,106.4052,Open-Meteo-Historical,
2026-05-09 06:00:00,26.8,84,,0.0,0,,8.2,12.6,0,Long An,10.536,106.4052,Open-Meteo-Historical,
2026-05-09 07:00:00,28.9,76,,0.0,1,,6.7,20.9,0,Long An,10.536,106.4052,Open-Meteo-Historical,
2026-05-09 08:00:00,30.9,60,,0.0,55,,12.0,26.6,2,Long An,10.536,106.4052,Open-Meteo-Historical,
2026-05-09 09:00:00,32.7,50,,0.0,84,,13.1,30.6,3,Long An,10.536,106.4052,Open-Meteo-Historical,
2026-05-09 10:00:00,34.1,45,,0.0,96,,12.2,33.1,3,Long An,10.536,106.4052,Open-Meteo-Historical,
2026-05-09 11:00:00,35.2,41,,0.0,100,,12.3,32.8,3,Long An,10.536,106.4052,Open-Meteo-Historical,
2026-05-09 12:00:00,36.0,39,,0.0,100,,11.5,31.7,3,Long An,10.536,106.4052,Open-Meteo-Historical,
2026-05-09 13:00:00,36.4,38,,0.0,97,,10.7,29.9,3,Long An,10.536,106.4052,Open-Meteo-Historical,
2026-05-09 14:00:00,36.2,39,,0.0,99,,9.6,28.1,3,Long An,10.536,106.4052,Open-Meteo-Historical,
2026-05-09 15:00:00,34.3,47,,0.5,100,,12.0,29.2,53,Long An,10.536,106.4052,Open-Meteo-Historical,
2026-05-09 16:00:00,35.1,42,,0.0,81,,7.2,28.1,3,Long An,10.536,106.4052,Open-Meteo-Historical,
2026-05-09 17:00:00,32.3,55,,0.0,25,,15.8,31.3,1,Long An,10.536,106.4052,Open-Meteo-Historical,
2026-05-09 18:00:00,31.1,61,,0.0,34,,13.8,31.7,1,Long An,10.536,106.4052,Open-Meteo-Historical,
2026-05-09 19:00:00,30.4,63,,0.0,38,,15.1,32.8,1,Long An,10.536,106.4052,Open-Meteo-Historical,
2026-05-09 20:00:00,29.8,72,,0.0,87,,15.2,27.7,3,Long An,10.536,106.4052,Open-Meteo-Historical,
2026-05-09 21:00:00,29.2,76,,0.0,73,,15.3,28.8,2,Long An,10.536,106.4052,Open-Meteo-Historical,
2026-05-09 22:00:00,29.0,78,,0.0,82,,15.5,28.8,3,Long An,10.536,106.4052,Open-Meteo-Historical,
2026-05-09 23:00:00,28.7,78,,0.0,99,,14.9,28.1,3,Long An,10.536,106.4052,Open-Meteo-Historical,
2026-05-10 00:00:00,28.5,79,,0.0,100,,14.2,27.0,3,Long An,10.536,106.4052,Open-Meteo-Historical,
2026-05-10 01:00:00,28.4,78,,0.0,100,,12.9,25.9,3,Long An,10.536,106.4052,Open-Meteo-Historical,
2026-05-10 02:00:00,28.6,75,,0.0,100,,12.5,23.4,3,Long An,10.536,106.4052,Open-Meteo-Historical,
2026-05-10 03:00:00,28.5,73,,0.0,55,,11.5,22.3,2,Long An,10.536,106.4052,Open-Meteo-Historical,
2026-05-10 04:00:00,28.1,72,,0.0,24,,10.4,20.5,1,Long An,10.536,106.4052,Open-Meteo-Historical,
2026-05-10 05:00:00,27.8,73,,0.0,5,,10.3,18.4,0,Long An,10.536,106.4052,Open-Meteo-Historical,
2026-05-10 06:00:00,27.7,73,,0.0,2,,11.7,20.5,0,Long An,10.536,106.4052,Open-Meteo-Historical,
2026-05-10 07:00:00,29.5,67,,0.0,93,,9.1,20.9,3,Long An,10.536,106.4052,Open-Meteo-Historical,
2026-05-10 08:00:00,31.4,58,,0.0,94,,12.6,28.1,3,Long An,10.536,106.4052,Open-Meteo-Historical,
2026-05-10 09:00:00,32.8,54,,0.0,16,,14.8,31.3,0,Long An,10.536,106.4052,Open-Meteo-Historical,
2026-05-10 10:00:00,34.5,51,,0.0,45,,15.8,42.1,1,Long An,10.536,106.4052,Open-Meteo-Historical,
2026-05-10 11:00:00,34.2,54,,0.0,100,,18.3,43.2,3,Long An,10.536,106.4052,Open-Meteo-Historical,
2026-05-10 12:00:00,35.0,50,,0.0,91,,22.7,45.4,3,Long An,10.536,106.4052,Open-Meteo-Historical,
2026-05-10 13:00:00,34.5,53,,1.0,28,,12.9,49.3,55,Long An,10.536,106.4052,Open-Meteo-Historical,
2026-05-10 14:00:00,33.8,55,,1.2,63,,18.3,41.4,55,Long An,10.536,106.4052,Open-Meteo-Historical,
2026-05-10 15:00:00,32.8,58,,1.9,100,,17.2,42.8,61,Long An,10.536,106.4052,Open-Meteo-Historical,
2026-05-10 16:00:00,33.2,54,,0.0,95,,22.4,43.9,3,Long An,10.536,106.4052,Open-Meteo-Historical,
2026-05-10 17:00:00,31.2,63,,0.1,100,,14.7,44.6,51,Long An,10.536,106.4052,Open-Meteo-Historical,
2026-05-10 18:00:00,30.5,67,,0.0,98,,14.7,28.8,3,Long An,10.536,106.4052,Open-Meteo-Historical,
2026-05-10 19:00:00,30.1,70,,0.0,98,,16.1,27.0,3,Long An,10.536,106.4052,Open-Meteo-Historical,
2026-05-10 20:00:00,29.6,74,,0.0,98,,13.3,29.5,3,Long An,10.536,106.4052,Open-Meteo-Historical,
2026-05-10 21:00:00,29.2,77,,0.0,95,,12.8,24.1,3,Long An,10.536,106.4052,Open-Meteo-Historical,
2026-05-10 22:00:00,29.0,78,,0.0,99,,11.0,23.0,3,Long An,10.536,106.4052,Open-Meteo-Historical,
2026-05-10 23:00:00,29.0,78,,0.0,100,,11.6,20.9,3,Long An,10.536,106.4052,Open-Meteo-Historical,
2026-05-11 00:00:00,28.8,78,,0.0,100,,12.5,22.7,3,Long An,10.536,106.4052,Open-Meteo-Historical,
2026-05-11 01:00:00,28.8,76,,0.0,100,,14.4,22.7,3,Long An,10.536,106.4052,Open-Meteo-Historical,
2026-05-11 02:00:00,28.6,78,,0.0,100,,14.6,26.3,3,Long An,10.536,106.4052,Open-Meteo-Historical,
2026-05-11 03:00:00,28.4,78,,0.0,100,,13.6,27.4,3,Long An,10.536,106.4052,Open-Meteo-Historical,
2026-05-11 04:00:00,27.2,82,,0.3,100,,8.4,24.5,51,Long An,10.536,106.4052,Open-Meteo-Historical,
2026-05-11 05:00:00,26.6,87,,0.0,100,,6.8,14.8,3,Long An,10.536,106.4052,Open-Meteo-Historical,
2026-05-11 06:00:00,26.5,90,,0.1,100,,5.4,11.5,51,Long An,10.536,106.4052,Open-Meteo-Historical,
2026-05-11 07:00:00,28.2,78,,0.1,99,,9.8,14.4,51,Long An,10.536,106.4052,Open-Meteo-Historical,
2026-05-11 08:00:00,30.2,70,,0.0,99,,13.3,28.1,3,Long An,10.536,106.4052,Open-Meteo-Historical,
2026-05-11 09:00:00,32.0,60,,0.0,98,,15.3,37.8,3,Long An,10.536,106.4052,Open-Meteo-Historical,
2026-05-11 10:00:00,33.2,55,,0.0,100,,17.3,39.2,3,Long An,10.536,106.4052,Open-Meteo-Historical,
2026-05-11 11:00:00,33.9,52,,0.0,96,,16.6,37.4,3,Long An,10.536,106.4052,Open-Meteo-Historical,
2026-05-11 12:00:00,34.8,49,,0.0,100,,16.7,38.2,3,Long An,10.536,106.4052,Open-Meteo-Historical,
2026-05-11 13:00:00,34.2,50,,0.0,99,,19.3,37.8,3,Long An,10.536,106.4052,Open-Meteo-Historical,
2026-05-11 14:00:00,33.7,53,,0.4,98,,20.4,42.1,51,Long An,10.536,106.4052,Open-Meteo-Historical,
2026-05-11 15:00:00,33.3,54,,0.4,40,,20.4,42.1,51,Long An,10.536,106.4052,Open-Meteo-Historical,
2026-05-11 16:00:00,32.3,56,,0.0,73,,20.4,41.8,2,Long An,10.536,106.4052,Open-Meteo-Historical,
2026-05-11 17:00:00,31.1,61,,0.0,100,,18.5,40.7,3,Long An,10.536,106.4052,Open-Meteo-Historical,
2026-05-11 18:00:00,30.0,68,,0.0,55,,16.4,35.6,2,Long An,10.536,106.4052,Open-Meteo-Historical,
2026-05-11 19:00:00,29.5,77,,0.0,2,,15.3,30.2,0,Long An,10.536,106.4052,Open-Meteo-Historical,
2026-05-11 20:00:00,29.0,81,,0.0,42,,14.3,28.1,1,Long An,10.536,106.4052,Open-Meteo-Historical,
2026-05-11 21:00:00,29.0,81,,0.0,88,,12.7,26.3,3,Long An,10.536,106.4052,Open-Meteo-Historical,
2026-05-11 22:00:00,28.8,82,,0.0,81,,11.6,23.4,3,Long An,10.536,106.4052,Open-Meteo-Historical,
2026-05-11 23:00:00,28.6,82,,0.0,90,,10.6,20.9,3,Long An,10.536,106.4052,Open-Meteo-Historical,
2026-05-12 00:00:00,28.4,82,,0.0,84,,10.9,19.8,3,Long An,10.536,106.4052,Open-Meteo-Historical,
2026-05-12 01:00:00,28.4,80,,0.0,88,,11.1,20.5,3,Long An,10.536,106.4052,Open-Meteo-Historical,
2026-05-12 02:00:00,28.4,79,,0.0,85,,11.2,20.5,3,Long An,10.536,106.4052,Open-Meteo-Historical,
2026-05-12 03:00:00,28.1,79,,0.0,36,,10.8,20.2,1,Long An,10.536,106.4052,Open-Meteo-Historical,
2026-05-12 04:00:00,28.1,78,,0.0,26,,10.8,19.8,1,Long An,10.536,106.4052,Open-Meteo-Historical,
2026-05-12 05:00:00,28.0,79,,0.0,86,,10.9,19.8,3,Long An,10.536,106.4052,Open-Meteo-Historical,
2026-05-12 06:00:00,28.0,79,,0.0,78,,10.8,19.8,2,Long An,10.536,106.4052,Open-Meteo-Historical,
2026-05-12 07:00:00,30.0,70,,0.0,100,,15.2,24.1,3,Long An,10.536,106.4052,Open-Meteo-Historical,
2026-05-12 08:00:00,31.5,61,,0.0,98,,16.9,34.6,3,Long An,10.536,106.4052,Open-Meteo-Historical,
2026-05-12 09:00:00,32.8,55,,0.0,88,,16.4,35.3,3,Long An,10.536,106.4052,Open-Meteo-Historical,
2026-05-12 10:00:00,34.0,51,,0.0,97,,15.6,35.3,3,Long An,10.536,106.4052,Open-Meteo-Historical,
2026-05-12 11:00:00,35.0,47,,0.0,98,,16.2,36.0,3,Long An,10.536,106.4052,Open-Meteo-Historical,
2026-05-12 12:00:00,35.2,46,,0.0,99,,15.7,36.4,3,Long An,10.536,106.4052,Open-Meteo-Historical,
2026-05-12 13:00:00,35.0,43,,0.0,99,,16.0,35.3,3,Long An,10.536,106.4052,Open-Meteo-Historical,
2026-05-12 14:00:00,35.0,44,,0.0,99,,14.3,34.9,3,Long An,10.536,106.4052,Open-Meteo-Historical,
2026-05-12 15:00:00,34.5,45,,0.0,97,,15.1,33.8,3,Long An,10.536,106.4052,Open-Meteo-Historical,
2026-05-12 16:00:00,33.7,47,,0.0,96,,15.4,33.5,3,Long An,10.536,106.4052,Open-Meteo-Historical,
2026-05-12 17:00:00,32.3,52,,0.0,94,,15.1,33.1,3,Long An,10.536,106.4052,Open-Meteo-Historical,
2026-05-12 18:00:00,31.0,57,,0.0,71,,13.4,30.2,2,Long An,10.536,106.4052,Open-Meteo-Historical,
2026-05-12 19:00:00,30.3,65,,0.0,84,,12.5,24.8,3,Long An,10.536,106.4052,Open-Meteo-Historical,
2026-05-12 20:00:00,29.8,70,,0.0,77,,12.2,23.0,2,Long An,10.536,106.4052,Open-Meteo-Historical,
2026-05-12 21:00:00,29.2,73,,0.0,92,,8.9,22.3,3,Long An,10.536,106.4052,Open-Meteo-Historical,
2026-05-12 22:00:00,28.9,75,,0.0,95,,7.6,15.8,3,Long An,10.536,106.4052,Open-Meteo-Historical,
2026-05-12 23:00:00,28.6,76,,0.0,95,,7.9,14.0,3,Long An,10.536,106.4052,Open-Meteo-Historical,
2026-05-13 00:00:00,28.4,78,,0.0,100,,7.2,14.4,3,Long An,10.536,106.4052,Open-Meteo-Historical,
2026-05-13 01:00:00,28.2,80,,0.0,100,,7.4,12.6,3,Long An,10.536,106.4052,Open-Meteo-Historical,
2026-05-13 02:00:00,28.0,81,,0.1,97,,6.8,13.3,51,Long An,10.536,106.4052,Open-Meteo-Historical,
2026-05-13 03:00:00,27.7,82,,0.0,96,,5.8,12.2,3,Long An,10.536,106.4052,Open-Meteo-Historical,
2026-05-13 04:00:00,27.5,83,,0.0,98,,4.8,10.1,3,Long An,10.536,106.4052,Open-Meteo-Historical,
2026-05-13 05:00:00,27.2,85,,0.0,99,,5.6,9.7,3,Long An,10.536,106.4052,Open-Meteo-Historical,
2026-05-13 06:00:00,27.4,85,,0.0,94,,6.3,10.1,3,Long An,10.536,106.4052,Open-Meteo-Historical,
2026-05-13 07:00:00,29.1,78,,0.0,93,,5.4,15.8,3,Long An,10.536,106.4052,Open-Meteo-Historical,
2026-05-13 08:00:00,30.8,70,,0.1,91,,7.8,20.5,51,Long An,10.536,106.4052,Open-Meteo-Historical,
2026-05-13 09:00:00,32.5,61,,0.0,98,,6.2,20.5,3,Long An,10.536,106.4052,Open-Meteo-Historical,
2026-05-13 10:00:00,33.8,54,,0.0,95,,6.6,20.9,3,Long An,10.536,106.4052,Open-Meteo-Historical,
2026-05-13 11:00:00,34.8,51,,0.1,97,,8.7,24.8,51,Long An,10.536,106.4052,Open-Meteo-Historical,
2026-05-13 12:00:00,35.8,48,,0.1,64,,9.8,26.6,51,Long An,10.536,106.4052,Open-Meteo-Historical,
2026-05-13 13:00:00,36.0,47,,0.0,59,,6.7,26.6,2,Long An,10.536,106.4052,Open-Meteo-Historical,
2026-05-13 14:00:00,36.2,46,,0.0,80,,7.3,22.3,3,Long An,10.536,106.4052,Open-Meteo-Historical,
2026-05-13 15:00:00,35.5,47,,0.1,98,,6.7,22.0,51,Long An,10.536,106.4052,Open-Meteo-Historical,
2026-05-13 16:00:00,34.9,49,,0.3,99,,7.9,20.2,51,Long An,10.536,106.4052,Open-Meteo-Historical,
2026-05-13 17:00:00,33.7,52,,0.1,98,,12.9,25.9,51,Long An,10.536,106.4052,Open-Meteo-Historical,
2026-05-13 18:00:00,31.8,59,,0.0,21,,15.9,29.5,1,Long An,10.536,106.4052,Open-Meteo-Historical,
2026-05-13 19:00:00,31.5,61,,0.0,28,,13.4,31.7,1,Long An,10.536,106.4052,Open-Meteo-Historical,
2026-05-13 20:00:00,30.2,68,,0.0,54,,13.9,27.7,2,Long An,10.536,106.4052,Open-Meteo-Historical,
2026-05-13 21:00:00,29.6,72,,0.0,73,,12.1,25.6,2,Long An,10.536,106.4052,Open-Meteo-Historical,
2026-05-13 22:00:00,29.3,73,,0.0,88,,10.8,22.0,3,Long An,10.536,106.4052,Open-Meteo-Historical,
2026-05-13 23:00:00,29.0,75,,0.0,98,,9.0,19.4,3,Long An,10.536,106.4052,Open-Meteo-Historical,
2026-05-14 00:00:00,28.6,77,,0.0,97,,8.0,16.2,3,Long An,10.536,106.4052,Open-Meteo-Historical,
2026-05-14 01:00:00,28.4,81,,0.0,94,,9.0,14.4,3,Long An,10.536,106.4052,Open-Meteo-Historical,
2026-05-14 02:00:00,27.9,83,,0.0,98,,8.3,16.2,3,Long An,10.536,106.4052,Open-Meteo-Historical,
2026-05-14 03:00:00,27.5,85,,0.0,96,,7.6,14.8,3,Long An,10.536,106.4052,Open-Meteo-Historical,
2026-05-14 04:00:00,27.1,88,,0.0,91,,6.7,13.3,3,Long An,10.536,106.4052,Open-Meteo-Historical,
2026-05-14 05:00:00,26.8,89,,0.0,96,,4.9,11.5,3,Long An,10.536,106.4052,Open-Meteo-Historical,
2026-05-14 06:00:00,26.9,89,,0.0,98,,5.5,10.1,3,Long An,10.536,106.4052,Open-Meteo-Historical,
2026-05-14 07:00:00,29.1,77,,0.0,96,,6.2,15.1,3,Long An,10.536,106.4052,Open-Meteo-Historical,
2026-05-14 08:00:00,31.1,66,,0.0,95,,8.5,22.0,3,Long An,10.536,106.4052,Open-Meteo-Historical,
2026-05-14 09:00:00,32.8,56,,0.0,74,,8.8,23.8,2,Long An,10.536,106.4052,Open-Meteo-Historical,
2026-05-14 10:00:00,34.4,50,,0.0,100,,7.2,24.1,3,Long An,10.536,106.4052,Open-Meteo-Historical,
2026-05-14 11:00:00,35.8,46,,0.0,100,,7.3,23.8,3,Long An,10.536,106.4052,Open-Meteo-Historical,
2026-05-14 12:00:00,36.5,43,,0.0,95,,7.4,24.1,3,Long An,10.536,106.4052,Open-Meteo-Historical,
2026-05-14 13:00:00,36.4,43,,0.0,96,,7.7,23.4,3,Long An,10.536,106.4052,Open-Meteo-Historical,
2026-05-14 14:00:00,36.5,43,,0.1,99,,8.7,24.1,51,Long An,10.536,106.4052,Open-Meteo-Historical,
2026-05-14 15:00:00,35.0,46,,0.1,100,,9.4,24.1,51,Long An,10.536,106.4052,Open-Meteo-Historical,
2026-05-14 16:00:00,32.8,56,,0.2,93,,18.0,35.6,51,Long An,10.536,106.4052,Open-Meteo-Historical,
2026-05-14 17:00:00,31.9,58,,0.1,90,,12.7,38.2,51,Long An,10.536,106.4052,Open-Meteo-Historical,
2026-05-14 18:00:00,31.2,61,,0.0,94,,11.1,26.6,3,Long An,10.536,106.4052,Open-Meteo-Historical,
2026-05-14 19:00:00,31.0,66,,0.0,100,,11.3,21.2,3,Long An,10.536,106.4052,Open-Meteo-Historical,
2026-05-14 20:00:00,30.1,70,,0.0,100,,8.0,21.2,3,Long An,10.536,106.4052,Open-Meteo-Historical,
2026-05-14 21:00:00,29.6,73,,0.0,99,,7.4,14.0,3,Long An,10.536,106.4052,Open-Meteo-Historical,
2026-05-14 22:00:00,29.2,75,,0.0,98,,7.3,13.0,3,Long An,10.536,106.4052,Open-Meteo-Historical,
2026-05-14 23:00:00,29.0,78,,0.0,100,,5.7,12.6,3,Long An,10.536,106.4052,Open-Meteo-Historical,
2026-05-15 00:00:00,28.8,80,,0.0,100,,4.8,9.7,3,Long An,10.536,106.4052,Open-Meteo-Historical,
2026-05-15 01:00:00,28.6,84,,0.0,99,,7.3,10.1,3,Long An,10.536,106.4052,Open-Meteo-Historical,
2026-05-15 02:00:00,28.1,86,,0.0,99,,7.3,13.0,3,Long An,10.536,106.4052,Open-Meteo-Historical,
2026-05-15 03:00:00,27.9,87,,0.0,98,,8.0,13.7,3,Long An,10.536,106.4052,Open-Meteo-Historical,
2026-05-15 04:00:00,27.6,88,,0.0,95,,7.0,14.0,3,Long An,10.536,106.4052,Open-Meteo-Historical,
2026-05-15 05:00:00,27.5,88,,0.0,70,,5.8,12.2,2,Long An,10.536,106.4052,Open-Meteo-Historical,
2026-05-15 06:00:00,27.5,87,,0.0,69,,5.5,10.1,2,Long An,10.536,106.4052,Open-Meteo-Historical,
2026-05-15 07:00:00,29.4,77,,0.0,96,,4.6,14.8,3,Long An,10.536,106.4052,Open-Meteo-Historical,
2026-05-15 08:00:00,31.2,68,,0.0,98,,7.0,18.7,3,Long An,10.536,106.4052,Open-Meteo-Historical,
2026-05-15 09:00:00,32.8,61,,0.0,80,,7.7,21.6,3,Long An,10.536,106.4052,Open-Meteo-Historical,
2026-05-15 10:00:00,34.2,55,,0.0,75,,7.0,21.6,2,Long An,10.536,106.4052,Open-Meteo-Historical,
2026-05-15 11:00:00,35.4,50,,0.0,34,,6.9,22.3,1,Long An,10.536,106.4052,Open-Meteo-Historical,
2026-05-15 12:00:00,36.2,48,,0.1,35,,6.9,22.3,51,Long An,10.536,106.4052,Open-Meteo-Historical,
2026-05-15 13:00:00,35.8,50,,0.1,98,,8.8,22.3,51,Long An,10.536,106.4052,Open-Meteo-Historical,
2026-05-15 14:00:00,35.8,49,,0.0,96,,11.2,27.7,3,Long An,10.536,106.4052,Open-Meteo-Historical,
2026-05-15 15:00:00,33.4,59,,0.6,99,,7.4,27.7,53,Long An,10.536,106.4052,Open-Meteo-Historical,
2026-05-15 16:00:00,34.5,53,,0.1,98,,5.4,19.4,51,Long An,10.536,106.4052,Open-Meteo-Historical,
2026-05-15 17:00:00,32.4,58,,0.1,98,,12.1,24.8,51,Long An,10.536,106.4052,Open-Meteo-Historical,
2026-05-15 18:00:00,28.5,84,,1.2,75,,7.2,24.8,55,Long An,10.536,106.4052,Open-Meteo-Historical,
2026-05-15 19:00:00,29.6,87,,0.2,94,,4.7,15.1,51,Long An,10.536,106.4052,Open-Meteo-Historical,
2026-05-15 20:00:00,29.6,82,,0.0,97,,5.1,10.1,3,Long An,10.536,106.4052,Open-Meteo-Historical,
2026-05-15 21:00:00,29.6,78,,0.0,98,,10.4,16.9,3,Long An,10.536,106.4052,Open-Meteo-Historical,
2026-05-15 22:00:00,29.5,75,,0.0,84,,10.4,18.7,3,Long An,10.536,106.4052,Open-Meteo-Historical,
2026-05-15 23:00:00,29.1,75,,0.0,100,,7.3,17.6,3,Long An,10.536,106.4052,Open-Meteo-Historical,
2026-05-16 00:00:00,28.8,77,,0.0,100,,4.7,11.9,3,Long An,10.536,106.4052,Open-Meteo-Historical,
2026-05-16 01:00:00,28.8,81,,0.0,100,,5.9,7.6,3,Long An,10.536,106.4052,Open-Meteo-Historical,
2026-05-16 02:00:00,28.5,82,,0.0,90,,6.7,11.5,3,Long An,10.536,106.4052,Open-Meteo-Historical,
2026-05-16 03:00:00,28.0,85,,0.0,98,,5.6,11.2,3,Long An,10.536,106.4052,Open-Meteo-Historical,
2026-05-16 04:00:00,27.6,87,,0.0,96,,6.4,10.8,3,Long An,10.536,106.4052,Open-Meteo-Historical,
2026-05-16 05:00:00,27.5,88,,0.0,99,,6.7,10.8,3,Long An,10.536,106.4052,Open-Meteo-Historical,
2026-05-16 06:00:00,27.5,87,,0.0,99,,6.5,11.5,3,Long An,10.536,106.4052,Open-Meteo-Historical,
2026-05-16 07:00:00,28.7,85,,0.0,100,,3.3,13.3,3,Long An,10.536,106.4052,Open-Meteo-Historical,
2026-05-16 08:00:00,29.9,78,,0.0,100,,2.5,11.5,3,Long An,10.536,106.4052,Open-Meteo-Historical,
2026-05-16 09:00:00,31.1,71,,0.0,97,,3.6,15.1,3,Long An,10.536,106.4052,Open-Meteo-Historical,
2026-05-16 10:00:00,32.3,65,,0.0,98,,4.4,16.2,3,Long An,10.536,106.4052,Open-Meteo-Historical,
2026-05-16 11:00:00,33.3,61,,0.0,98,,4.4,18.4,3,Long An,10.536,106.4052,Open-Meteo-Historical,
2026-05-16 12:00:00,34.2,57,,0.0,73,,3.4,18.4,2,Long An,10.536,106.4052,Open-Meteo-Historical,
2026-05-16 13:00:00,35.2,53,,0.0,51,,3.8,18.0,2,Long An,10.536,106.4052,Open-Meteo-Historical,
2026-05-16 14:00:00,35.2,52,,0.0,68,,5.8,17.6,2,Long An,10.536,106.4052,Open-Meteo-Historical,
2026-05-16 15:00:00,33.3,57,,0.2,70,,7.4,23.0,51,Long An,10.536,106.4052,Open-Meteo-Historical,
2026-05-16 16:00:00,33.7,56,,0.0,76,,8.1,19.1,2,Long An,10.536,106.4052,Open-Meteo-Historical,
2026-05-16 17:00:00,32.3,61,,0.2,98,,6.5,18.0,51,Long An,10.536,106.4052,Open-Meteo-Historical,
2026-05-16 18:00:00,31.0,70,,0.1,95,,6.6,13.3,51,Long An,10.536,106.4052,Open-Meteo-Historical,
2026-05-16 19:00:00,31.7,66,,1.6,96,,8.5,24.1,61,Long An,10.536,106.4052,Open-Meteo-Historical,
2026-05-16 20:00:00,29.0,72,,0.5,89,,14.1,31.7,53,Long An,10.536,106.4052,Open-Meteo-Historical,
2026-05-16 21:00:00,28.9,74,,0.1,99,,2.9,22.7,51,Long An,10.536,106.4052,Open-Meteo-Historical,
2026-05-16 22:00:00,28.2,81,,0.0,99,,2.6,5.0,3,Long An,10.536,106.4052,Open-Meteo-Historical,
2026-05-16 23:00:00,27.8,87,,0.1,100,,6.1,10.4,51,Long An,10.536,106.4052,Open-Meteo-Historical,
2026-05-17 00:00:00,27.4,92,,0.6,100,,5.2,10.8,53,Long An,10.536,106.4052,Open-Meteo-Historical,
2026-05-17 01:00:00,27.5,92,,0.9,100,,2.1,9.4,53,Long An,10.536,106.4052,Open-Meteo-Historical,
2026-05-17 02:00:00,27.4,92,,0.7,100,,5.1,9.0,53,Long An,10.536,106.4052,Open-Meteo-Historical,
2026-05-17 03:00:00,27.4,93,,0.9,95,,4.0,9.0,53,Long An,10.536,106.4052,Open-Meteo-Historical,
2026-05-17 04:00:00,27.5,92,,0.2,100,,1.5,6.5,51,Long An,10.536,106.4052,Open-Meteo-Historical,
2026-05-17 05:00:00,27.4,94,,0.5,95,,2.7,4.3,53,Long An,10.536,106.4052,Open-Meteo-Historical,
2026-05-17 06:00:00,27.4,94,,0.2,91,,2.3,4.7,51,Long An,10.536,106.4052,Open-Meteo-Historical,
2026-05-17 07:00:00,28.2,86,,0.1,56,,2.0,10.4,51,Long An,10.536,106.4052,Open-Meteo-Historical,
2026-05-17 08:00:00,29.9,78,,0.0,31,,2.0,11.2,1,Long An,10.536,106.4052,Open-Meteo-Historical,
2026-05-17 09:00:00,31.5,71,,0.0,93,,1.3,12.2,3,Long An,10.536,106.4052,Open-Meteo-Historical,
2026-05-17 10:00:00,32.6,65,,0.0,88,,1.5,15.8,3,Long An,10.536,106.4052,Open-Meteo-Historical,
2026-05-17 11:00:00,33.8,61,,0.0,69,,0.5,16.2,2,Long An,10.536,106.4052,Open-Meteo-Historical,
2026-05-17 12:00:00,34.6,59,,0.0,66,,3.6,18.7,2,Long An,10.536,106.4052,Open-Meteo-Historical,
2026-05-17 13:00:00,32.7,59,,0.0,96,,7.1,23.8,3,Long An,10.536,106.4052,Open-Meteo-Historical,
2026-05-17 14:00:00,31.7,64,,0.1,100,,16.4,34.9,51,Long An,10.536,106.4052,Open-Meteo-Historical,
2026-05-17 15:00:00,30.9,68,,0.0,100,,12.3,33.8,3,Long An,10.536,106.4052,Open-Meteo-Historical,
2026-05-17 16:00:00,30.4,69,,0.0,100,,11.9,26.3,3,Long An,10.536,106.4052,Open-Meteo-Historical,
2026-05-17 17:00:00,30.0,71,,0.0,98,,6.5,24.1,3,Long An,10.536,106.4052,Open-Meteo-Historical,
2026-05-17 18:00:00,29.8,75,,0.0,91,,4.6,14.0,3,Long An,10.536,106.4052,Open-Meteo-Historical,
2026-05-17 19:00:00,28.0,88,,0.0,98,,10.6,9.0,3,Long An,10.536,106.4052,Open-Meteo-Historical,
2026-05-17 20:00:00,26.8,90,,0.0,98,,2.8,18.7,3,Long An,10.536,106.4052,Open-Meteo-Historical,
2026-05-17 21:00:00,25.7,95,,1.1,100,,5.9,22.7,55,Long An,10.536,106.4052,Open-Meteo-Historical,
2026-05-17 22:00:00,25.9,97,,0.6,100,,6.3,11.2,53,Long An,10.536,106.4052,Open-Meteo-Historical,
2026-05-17 23:00:00,26.2,97,,0.2,100,,6.0,12.2,51,Long An,10.536,106.4052,Open-Meteo-Historical,
2026-05-18 00:00:00,26.3,97,,0.0,99,,4.1,9.7,3,Long An,10.536,106.4052,Open-Meteo-Historical,
2026-05-18 01:00:00,27.0,98,,0.0,100,,3.3,9.4,3,Long An,10.536,106.4052,Open-Meteo-Historical,
2026-05-18 02:00:00,26.9,98,,0.0,99,,3.5,6.5,3,Long An,10.536,106.4052,Open-Meteo-Historical,
2026-05-18 03:00:00,26.7,98,,0.0,75,,4.1,7.9,2,Long An,10.536,106.4052,Open-Meteo-Historical,
2026-05-18 04:00:00,26.5,97,,0.0,40,,4.5,7.9,1,Long An,10.536,106.4052,Open-Meteo-Historical,
2026-05-18 05:00:00,26.3,97,,0.0,73,,5.2,9.7,2,Long An,10.536,106.4052,Open-Meteo-Historical,
2026-05-18 06:00:00,26.5,96,,0.0,99,,4.8,9.4,3,Long An,10.536,106.4052,Open-Meteo-Historical,
2026-05-18 07:00:00,28.2,81,,0.0,80,,7.2,12.2,3,Long An,10.536,106.4052,Open-Meteo-Historical,
2026-05-18 08:00:00,29.5,78,,0.3,79,,10.0,22.0,51,Long An,10.536,106.4052,Open-Meteo-Historical,
2026-05-18 09:00:00,31.0,70,,0.0,79,,10.4,26.3,2,Long An,10.536,106.4052,Open-Meteo-Historical,
2026-05-18 10:00:00,32.5,63,,0.0,95,,8.5,25.2,3,Long An,10.536,106.4052,Open-Meteo-Historical,
2026-05-18 11:00:00,33.8,57,,0.0,71,,9.6,26.6,2,Long An,10.536,106.4052,Open-Meteo-Historical,
2026-05-18 12:00:00,34.8,53,,0.0,73,,10.8,29.2,2,Long An,10.536,106.4052,Open-Meteo-Historical,
2026-05-18 13:00:00,34.7,54,,0.0,95,,12.2,29.2,3,Long An,10.536,106.4052,Open-Meteo-Historical,
2026-05-18 14:00:00,34.1,54,,0.0,99,,16.3,33.5,3,Long An,10.536,106.4052,Open-Meteo-Historical,
2026-05-18 15:00:00,29.8,77,,2.1,98,,11.5,36.4,61,Long An,10.536,106.4052,Open-Meteo-Historical,
2026-05-18 16:00:00,29.8,75,,0.3,98,,12.7,29.9,51,Long An,10.536,106.4052,Open-Meteo-Historical,
2026-05-18 17:00:00,30.1,75,,0.1,98,,9.8,25.6,51,Long An,10.536,106.4052,Open-Meteo-Historical,
2026-05-18 18:00:00,28.0,84,,0.2,95,,10.6,27.0,51,Long An,10.536,106.4052,Open-Meteo-Historical,
2026-05-18 19:00:00,28.8,79,,0.5,97,,11.0,19.1,53,Long An,10.536,106.4052,Open-Meteo-Historical,
2026-05-18 20:00:00,27.8,86,,0.4,100,,10.8,19.8,51,Long An,10.536,106.4052,Open-Meteo-Historical,
2026-05-18 21:00:00,27.1,90,,0.5,100,,11.6,18.7,53,Long An,10.536,106.4052,Open-Meteo-Historical,
2026-05-18 22:00:00,26.6,89,,0.0,99,,8.3,19.4,3,Long An,10.536,106.4052,Open-Meteo-Historical,
2026-05-18 23:00:00,26.6,90,,0.0,95,,5.7,13.3,3,Long An,10.536,106.4052,Open-Meteo-Historical,
2026-05-19 00:00:00,26.5,92,,0.0,96,,6.4,10.4,3,Long An,10.536,106.4052,Open-Meteo-Historical,
2026-05-19 01:00:00,27.4,92,,0.0,100,,5.5,12.6,3,Long An,10.536,106.4052,Open-Meteo-Historical,
2026-05-19 02:00:00,27.0,94,,0.0,100,,5.4,9.7,3,Long An,10.536,106.4052,Open-Meteo-Historical,
2026-05-19 03:00:00,26.5,95,,0.0,100,,6.6,11.2,3,Long An,10.536,106.4052,Open-Meteo-Historical,
2026-05-19 04:00:00,26.3,95,,0.0,100,,5.9,11.9,3,Long An,10.536,106.4052,Open-Meteo-Historical,
2026-05-19 05:00:00,26.1,94,,0.0,70,,6.1,10.4,2,Long An,10.536,106.4052,Open-Meteo-Historical,
2026-05-19 06:00:00,26.4,92,,0.0,20,,7.4,11.5,1,Long An,10.536,106.4052,Open-Meteo-Historical,
2026-05-19 07:00:00,28.0,88,,0.0,88,,7.4,16.9,3,Long An,10.536,106.4052,Open-Meteo-Historical,
2026-05-19 08:00:00,29.8,77,,0.0,90,,8.0,19.4,3,Long An,10.536,106.4052,Open-Meteo-Historical,
2026-05-19 09:00:00,31.0,70,,0.1,87,,11.4,26.3,51,Long An,10.536,106.4052,Open-Meteo-Historical,
2026-05-19 10:00:00,31.9,67,,0.2,95,,12.2,28.8,51,Long An,10.536,106.4052,Open-Meteo-Historical,
2026-05-19 11:00:00,33.2,60,,0.1,100,,12.3,29.9,51,Long An,10.536,106.4052,Open-Meteo-Historical,
2026-05-19 12:00:00,28.6,80,,1.8,99,,19.9,39.2,61,Long An,10.536,106.4052,Open-Meteo-Historical,
2026-05-19 13:00:00,31.7,68,,0.9,99,,12.2,39.2,53,Long An,10.536,106.4052,Open-Meteo-Historical,
2026-05-19 14:00:00,29.9,76,,0.7,91,,16.4,34.6,53,Long An,10.536,106.4052,Open-Meteo-Historical,
2026-05-19 15:00:00,30.4,76,,0.3,98,,13.5,34.6,51,Long An,10.536,106.4052,Open-Meteo-Historical,
2026-05-19 16:00:00,29.5,81,,0.6,89,,10.9,31.0,53,Long An,10.536,106.4052,Open-Meteo-Historical,
2026-05-19 17:00:00,29.9,78,,0.2,98,,9.7,22.7,51,Long An,10.536,106.4052,Open-Meteo-Historical,
2026-05-19 18:00:00,28.7,82,,0.1,98,,8.8,22.7,51,Long An,10.536,106.4052,Open-Meteo-Historical,
2026-05-19 19:00:00,28.5,85,,0.0,97,,6.7,15.1,3,Long An,10.536,106.4052,Open-Meteo-Historical,
2026-05-19 20:00:00,27.9,87,,0.0,98,,5.6,11.5,3,Long An,10.536,106.4052,Open-Meteo-Historical,
2026-05-19 21:00:00,27.5,88,,0.0,100,,4.4,9.4,3,Long An,10.536,106.4052,Open-Meteo-Historical,
2026-05-19 22:00:00,27.5,89,,0.0,98,,4.8,8.3,3,Long An,10.536,106.4052,Open-Meteo-Historical,
2026-05-19 23:00:00,27.4,89,,0.0,100,,6.0,10.1,3,Long An,10.536,106.4052,Open-Meteo-Historical,
2026-05-20 00:00:00,27.2,89,,0.0,100,,6.4,11.2,3,Long An,10.536,106.4052,Open-Meteo-Historical,
2026-05-20 01:00:00,27.8,87,,0.0,100,,7.7,11.2,3,Long An,10.536,106.4052,Open-Meteo-Historical,
2026-05-20 02:00:00,27.5,86,,0.0,100,,7.8,13.7,3,Long An,10.536,106.4052,Open-Meteo-Historical,
2026-05-20 03:00:00,27.3,85,,0.0,100,,7.7,14.0,3,Long An,10.536,106.4052,Open-Meteo-Historical,
2026-05-20 04:00:00,27.1,85,,0.0,100,,6.8,13.0,3,Long An,10.536,106.4052,Open-Meteo-Historical,
2026-05-20 05:00:00,27.0,85,,0.0,99,,7.2,11.9,3,Long An,10.536,106.4052,Open-Meteo-Historical,
2026-05-20 06:00:00,27.2,84,,0.0,98,,9.2,15.1,3,Long An,10.536,106.4052,Open-Meteo-Historical,
2026-05-20 07:00:00,28.7,80,,0.2,100,,7.9,19.4,51,Long An,10.536,106.4052,Open-Meteo-Historical,
2026-05-20 08:00:00,29.6,75,,0.0,100,,10.6,22.0,3,Long An,10.536,106.4052,Open-Meteo-Historical,
2026-05-20 09:00:00,30.2,73,,0.1,99,,10.4,24.5,51,Long An,10.536,106.4052,Open-Meteo-Historical,
2026-05-20 10:00:00,31.5,68,,0.0,98,,10.9,25.2,3,Long An,10.536,106.4052,Open-Meteo-Historical,
2026-05-20 11:00:00,32.4,63,,0.1,99,,11.6,27.0,51,Long An,10.536,106.4052,Open-Meteo-Historical,
2026-05-20 12:00:00,33.2,59,,0.1,99,,12.0,27.7,51,Long An,10.536,106.4052,Open-Meteo-Historical,
2026-05-20 13:00:00,33.7,57,,0.1,94,,12.7,29.5,51,Long An,10.536,106.4052,Open-Meteo-Historical,
2026-05-20 14:00:00,32.0,63,,0.3,97,,14.6,31.0,51,Long An,10.536,106.4052,Open-Meteo-Historical,
2026-05-20 15:00:00,32.0,63,,0.7,76,,15.9,32.0,53,Long An,10.536,106.4052,Open-Meteo-Historical,
2026-05-20 16:00:00,30.6,69,,0.0,97,,14.9,32.8,3,Long An,10.536,106.4052,Open-Meteo-Historical,
2026-05-20 17:00:00,26.8,93,,12.0,99,,7.8,30.6,65,Long An,10.536,106.4052,Open-Meteo-Historical,
2026-05-20 18:00:00,26.8,93,,6.2,97,,8.1,18.4,63,Long An,10.536,106.4052,Open-Meteo-Historical,
2026-05-20 19:00:00,26.4,91,,1.9,95,,2.3,14.0,61,Long An,10.536,106.4052,Open-Meteo-Historical,
2026-05-20 20:00:00,26.1,94,,0.0,93,,3.9,8.3,3,Long An,10.536,106.4052,Open-Meteo-Historical,
2026-05-20 21:00:00,26.0,95,,0.0,98,,3.1,7.2,3,Long An,10.536,106.4052,Open-Meteo-Historical,
2026-05-20 22:00:00,26.0,95,,0.0,98,,4.7,8.3,3,Long An,10.536,106.4052,Open-Meteo-Historical,
2026-05-20 23:00:00,26.1,95,,0.0,100,,5.5,9.7,3,Long An,10.536,106.4052,Open-Meteo-Historical,
2026-03-21 00:00:00,24.5,89,,0.0,74,,9.5,17.3,2,Tien Giang,10.3598,106.3567,Open-Meteo-Historical,
2026-03-21 01:00:00,24.3,90,,0.0,3,,8.7,17.3,0,Tien Giang,10.3598,106.3567,Open-Meteo-Historical,
2026-03-21 02:00:00,24.0,91,,0.0,13,,7.7,15.8,0,Tien Giang,10.3598,106.3567,Open-Meteo-Historical,
2026-03-21 03:00:00,23.7,92,,0.0,44,,5.2,14.0,1,Tien Giang,10.3598,106.3567,Open-Meteo-Historical,
2026-03-21 04:00:00,23.6,93,,0.0,73,,5.4,9.7,2,Tien Giang,10.3598,106.3567,Open-Meteo-Historical,
2026-03-21 05:00:00,23.5,94,,0.0,49,,6.2,10.8,1,Tien Giang,10.3598,106.3567,Open-Meteo-Historical,
2026-03-21 06:00:00,23.5,93,,0.0,30,,6.0,11.5,1,Tien Giang,10.3598,106.3567,Open-Meteo-Historical,
2026-03-21 07:00:00,25.4,86,,0.0,84,,9.8,18.4,3,Tien Giang,10.3598,106.3567,Open-Meteo-Historical,
2026-03-21 08:00:00,27.0,77,,0.1,58,,12.5,25.9,51,Tien Giang,10.3598,106.3567,Open-Meteo-Historical,
2026-03-21 09:00:00,28.6,67,,0.1,9,,14.6,31.3,51,Tien Giang,10.3598,106.3567,Open-Meteo-Historical,
2026-03-21 10:00:00,29.8,61,,0.0,45,,15.6,34.2,1,Tien Giang,10.3598,106.3567,Open-Meteo-Historical,
2026-03-21 11:00:00,30.7,57,,0.0,18,,15.5,35.3,0,Tien Giang,10.3598,106.3567,Open-Meteo-Historical,
2026-03-21 12:00:00,31.3,54,,0.0,17,,16.3,36.0,0,Tien Giang,10.3598,106.3567,Open-Meteo-Historical,
2026-03-21 13:00:00,31.1,52,,0.0,23,,15.8,36.7,1,Tien Giang,10.3598,106.3567,Open-Meteo-Historical,
2026-03-21 14:00:00,31.4,51,,0.0,17,,16.1,35.3,0,Tien Giang,10.3598,106.3567,Open-Meteo-Historical,
2026-03-21 15:00:00,30.8,53,,0.0,11,,16.7,36.0,0,Tien Giang,10.3598,106.3567,Open-Meteo-Historical,
2026-03-21 16:00:00,29.8,55,,0.0,11,,15.8,36.0,0,Tien Giang,10.3598,106.3567,Open-Meteo-Historical,
2026-03-21 17:00:00,29.0,57,,0.0,25,,12.0,32.8,1,Tien Giang,10.3598,106.3567,Open-Meteo-Historical,
2026-03-21 18:00:00,27.4,69,,0.0,3,,12.5,23.8,0,Tien Giang,10.3598,106.3567,Open-Meteo-Historical,
2026-03-21 19:00:00,26.3,76,,0.0,5,,10.8,23.8,0,Tien Giang,10.3598,106.3567,Open-Meteo-Historical,
2026-03-21 20:00:00,25.6,83,,0.0,5,,10.9,20.9,0,Tien Giang,10.3598,106.3567,Open-Meteo-Historical,
2026-03-21 21:00:00,25.3,87,,0.0,15,,11.6,21.2,0,Tien Giang,10.3598,106.3567,Open-Meteo-Historical,
2026-03-21 22:00:00,25.2,88,,0.0,16,,13.2,24.5,0,Tien Giang,10.3598,106.3567,Open-Meteo-Historical,
2026-03-21 23:00:00,25.1,88,,0.0,17,,12.7,24.8,0,Tien Giang,10.3598,106.3567,Open-Meteo-Historical,
2026-03-22 00:00:00,24.9,89,,0.0,21,,12.8,23.8,1,Tien Giang,10.3598,106.3567,Open-Meteo-Historical,
2026-03-22 01:00:00,25.0,89,,0.0,30,,12.1,23.8,1,Tien Giang,10.3598,106.3567,Open-Meteo-Historical,
2026-03-22 02:00:00,25.1,87,,0.0,37,,13.1,24.8,1,Tien Giang,10.3598,106.3567,Open-Meteo-Historical,
2026-03-22 03:00:00,25.1,85,,0.0,72,,12.5,24.5,2,Tien Giang,10.3598,106.3567,Open-Meteo-Historical,
2026-03-22 04:00:00,25.1,83,,0.0,70,,12.3,23.0,2,Tien Giang,10.3598,106.3567,Open-Meteo-Historical,
2026-03-22 05:00:00,25.0,84,,0.0,20,,11.5,22.7,1,Tien Giang,10.3598,106.3567,Open-Meteo-Historical,
2026-03-22 06:00:00,24.5,88,,0.0,12,,10.8,21.2,0,Tien Giang,10.3598,106.3567,Open-Meteo-Historical,
2026-03-22 07:00:00,25.9,83,,0.0,46,,13.7,28.1,1,Tien Giang,10.3598,106.3567,Open-Meteo-Historical,
2026-03-22 08:00:00,27.4,73,,0.0,23,,18.7,37.4,1,Tien Giang,10.3598,106.3567,Open-Meteo-Historical,
2026-03-22 09:00:00,28.8,66,,0.0,27,,18.4,38.5,1,Tien Giang,10.3598,106.3567,Open-Meteo-Historical,
2026-03-22 10:00:00,29.9,59,,0.0,59,,19.3,41.0,2,Tien Giang,10.3598,106.3567,Open-Meteo-Historical,
2026-03-22 11:00:00,30.8,54,,0.0,38,,19.6,42.1,1,Tien Giang,10.3598,106.3567,Open-Meteo-Historical,
2026-03-22 12:00:00,31.3,51,,0.0,5,,19.3,42.1,0,Tien Giang,10.3598,106.3567,Open-Meteo-Historical,
2026-03-22 13:00:00,31.2,50,,0.0,23,,19.0,41.8,1,Tien Giang,10.3598,106.3567,Open-Meteo-Historical,
2026-03-22 14:00:00,30.8,51,,0.0,35,,18.4,40.0,1,Tien Giang,10.3598,106.3567,Open-Meteo-Historical,
2026-03-22 15:00:00,30.6,52,,0.0,42,,18.9,40.0,1,Tien Giang,10.3598,106.3567,Open-Meteo-Historical,
2026-03-22 16:00:00,29.8,55,,0.0,5,,18.4,39.6,0,Tien Giang,10.3598,106.3567,Open-Meteo-Historical,
2026-03-22 17:00:00,29.1,59,,0.0,2,,16.0,37.4,0,Tien Giang,10.3598,106.3567,Open-Meteo-Historical,
2026-03-22 18:00:00,27.1,70,,0.0,2,,12.4,31.3,0,Tien Giang,10.3598,106.3567,Open-Meteo-Historical,
2026-03-22 19:00:00,26.4,78,,0.0,1,,12.2,23.0,0,Tien Giang,10.3598,106.3567,Open-Meteo-Historical,
2026-03-22 20:00:00,25.6,83,,0.0,5,,12.0,22.3,0,Tien Giang,10.3598,106.3567,Open-Meteo-Historical,
2026-03-22 21:00:00,25.2,88,,0.0,13,,10.1,22.0,0,Tien Giang,10.3598,106.3567,Open-Meteo-Historical,
2026-03-22 22:00:00,25.2,89,,0.0,23,,11.8,21.6,1,Tien Giang,10.3598,106.3567,Open-Meteo-Historical,
2026-03-22 23:00:00,25.2,88,,0.0,23,,11.0,22.7,1,Tien Giang,10.3598,106.3567,Open-Meteo-Historical,
2026-03-23 00:00:00,24.9,89,,0.0,15,,10.2,19.8,0,Tien Giang,10.3598,106.3567,Open-Meteo-Historical,
2026-03-23 01:00:00,24.7,89,,0.0,3,,9.7,18.7,0,Tien Giang,10.3598,106.3567,Open-Meteo-Historical,
2026-03-23 02:00:00,24.6,89,,0.0,60,,9.6,17.6,2,Tien Giang,10.3598,106.3567,Open-Meteo-Historical,
2026-03-23 03:00:00,24.5,90,,0.0,76,,8.6,17.6,2,Tien Giang,10.3598,106.3567,Open-Meteo-Historical,
2026-03-23 04:00:00,24.2,91,,0.0,59,,8.7,15.8,2,Tien Giang,10.3598,106.3567,Open-Meteo-Historical,
2026-03-23 05:00:00,24.2,91,,0.0,16,,10.1,18.0,0,Tien Giang,10.3598,106.3567,Open-Meteo-Historical,
2026-03-23 06:00:00,24.1,91,,0.0,48,,9.9,18.4,1,Tien Giang,10.3598,106.3567,Open-Meteo-Historical,
2026-03-23 07:00:00,25.9,83,,0.0,27,,12.6,24.8,1,Tien Giang,10.3598,106.3567,Open-Meteo-Historical,
2026-03-23 08:00:00,27.6,73,,0.0,30,,16.2,33.5,1,Tien Giang,10.3598,106.3567,Open-Meteo-Historical,
2026-03-23 09:00:00,29.0,67,,0.1,79,,16.3,34.6,51,Tien Giang,10.3598,106.3567,Open-Meteo-Historical,
2026-03-23 10:00:00,30.2,61,,0.0,64,,16.6,36.4,2,Tien Giang,10.3598,106.3567,Open-Meteo-Historical,
2026-03-23 11:00:00,31.0,55,,0.0,29,,16.8,37.4,1,Tien Giang,10.3598,106.3567,Open-Meteo-Historical,
2026-03-23 12:00:00,31.9,51,,0.0,29,,16.3,37.4,1,Tien Giang,10.3598,106.3567,Open-Meteo-Historical,
2026-03-23 13:00:00,31.5,52,,0.0,34,,15.6,36.7,1,Tien Giang,10.3598,106.3567,Open-Meteo-Historical,
2026-03-23 14:00:00,31.9,50,,0.0,20,,12.1,33.8,1,Tien Giang,10.3598,106.3567,Open-Meteo-Historical,
2026-03-23 15:00:00,32.0,49,,0.0,34,,10.2,28.4,1,Tien Giang,10.3598,106.3567,Open-Meteo-Historical,
2026-03-23 16:00:00,31.1,51,,0.0,52,,14.0,28.8,2,Tien Giang,10.3598,106.3567,Open-Meteo-Historical,
2026-03-23 17:00:00,28.7,58,,0.0,77,,17.1,36.4,2,Tien Giang,10.3598,106.3567,Open-Meteo-Historical,
2026-03-23 18:00:00,27.6,65,,0.0,22,,12.6,33.8,1,Tien Giang,10.3598,106.3567,Open-Meteo-Historical,
2026-03-23 19:00:00,26.0,75,,0.0,1,,13.6,28.4,0,Tien Giang,10.3598,106.3567,Open-Meteo-Historical,
2026-03-23 20:00:00,25.5,85,,0.0,1,,12.2,24.8,0,Tien Giang,10.3598,106.3567,Open-Meteo-Historical,
2026-03-23 21:00:00,25.1,87,,0.0,8,,12.3,23.4,0,Tien Giang,10.3598,106.3567,Open-Meteo-Historical,
2026-03-23 22:00:00,24.9,89,,0.0,7,,12.4,23.0,0,Tien Giang,10.3598,106.3567,Open-Meteo-Historical,
2026-03-23 23:00:00,24.8,88,,0.0,18,,12.1,23.8,0,Tien Giang,10.3598,106.3567,Open-Meteo-Historical,
2026-03-24 00:00:00,24.7,87,,0.0,23,,12.3,22.7,1,Tien Giang,10.3598,106.3567,Open-Meteo-Historical,
2026-03-24 01:00:00,24.7,88,,0.0,32,,10.0,22.7,1,Tien Giang,10.3598,106.3567,Open-Meteo-Historical,
2026-03-24 02:00:00,24.6,87,,0.0,29,,9.5,18.4,1,Tien Giang,10.3598,106.3567,Open-Meteo-Historical,
2026-03-24 03:00:00,24.5,85,,0.0,26,,9.6,18.4,1,Tien Giang,10.3598,106.3567,Open-Meteo-Historical,
2026-03-24 04:00:00,24.4,85,,0.0,30,,9.9,18.4,1,Tien Giang,10.3598,106.3567,Open-Meteo-Historical,
2026-03-24 05:00:00,24.1,85,,0.0,5,,9.4,18.0,0,Tien Giang,10.3598,106.3567,Open-Meteo-Historical,
2026-03-24 06:00:00,23.9,85,,0.0,16,,8.5,16.9,0,Tien Giang,10.3598,106.3567,Open-Meteo-Historical,
2026-03-24 07:00:00,25.7,80,,0.0,37,,12.1,21.2,1,Tien Giang,10.3598,106.3567,Open-Meteo-Historical,
2026-03-24 08:00:00,27.2,72,,0.0,13,,14.7,29.9,0,Tien Giang,10.3598,106.3567,Open-Meteo-Historical,
2026-03-24 09:00:00,28.8,64,,0.0,14,,15.2,33.1,0,Tien Giang,10.3598,106.3567,Open-Meteo-Historical,
2026-03-24 10:00:00,30.0,59,,0.0,12,,13.4,33.1,0,Tien Giang,10.3598,106.3567,Open-Meteo-Historical,
2026-03-24 11:00:00,31.0,55,,0.0,21,,12.9,30.6,1,Tien Giang,10.3598,106.3567,Open-Meteo-Historical,
2026-03-24 12:00:00,31.8,52,,0.0,13,,13.0,31.0,0,Tien Giang,10.3598,106.3567,Open-Meteo-Historical,
2026-03-24 13:00:00,31.5,53,,0.0,64,,13.1,31.3,2,Tien Giang,10.3598,106.3567,Open-Meteo-Historical,
2026-03-24 14:00:00,31.5,52,,0.0,62,,12.6,31.0,2,Tien Giang,10.3598,106.3567,Open-Meteo-Historical,
2026-03-24 15:00:00,31.2,53,,0.0,14,,12.8,29.5,0,Tien Giang,10.3598,106.3567,Open-Meteo-Historical,
2026-03-24 16:00:00,30.5,55,,0.0,2,,13.5,29.5,0,Tien Giang,10.3598,106.3567,Open-Meteo-Historical,
2026-03-24 17:00:00,29.2,61,,0.0,0,,14.4,29.2,0,Tien Giang,10.3598,106.3567,Open-Meteo-Historical,
2026-03-24 18:00:00,27.1,70,,0.0,0,,13.8,29.2,0,Tien Giang,10.3598,106.3567,Open-Meteo-Historical,
2026-03-24 19:00:00,26.3,76,,0.0,0,,14.3,25.9,0,Tien Giang,10.3598,106.3567,Open-Meteo-Historical,
2026-03-24 20:00:00,25.4,83,,0.0,0,,12.8,26.6,0,Tien Giang,10.3598,106.3567,Open-Meteo-Historical,
2026-03-24 21:00:00,24.9,86,,0.0,1,,11.6,23.4,0,Tien Giang,10.3598,106.3567,Open-Meteo-Historical,
2026-03-24 22:00:00,24.6,88,,0.0,20,,10.5,21.2,1,Tien Giang,10.3598,106.3567,Open-Meteo-Historical,
2026-03-24 23:00:00,24.5,89,,0.0,20,,8.7,19.4,1,Tien Giang,10.3598,106.3567,Open-Meteo-Historical,
2026-03-25 00:00:00,24.5,89,,0.0,16,,9.0,16.2,0,Tien Giang,10.3598,106.3567,Open-Meteo-Historical,
2026-03-25 01:00:00,24.3,91,,0.0,17,,8.7,16.2,0,Tien Giang,10.3598,106.3567,Open-Meteo-Historical,
2026-03-25 02:00:00,24.1,92,,0.0,17,,7.8,15.8,0,Tien Giang,10.3598,106.3567,Open-Meteo-Historical,
2026-03-25 03:00:00,23.8,94,,0.0,13,,6.9,14.0,0,Tien Giang,10.3598,106.3567,Open-Meteo-Historical,
2026-03-25 04:00:00,23.5,95,,0.0,4,,5.4,12.2,0,Tien Giang,10.3598,106.3567,Open-Meteo-Historical,
2026-03-25 05:00:00,23.0,95,,0.0,2,,4.6,9.7,0,Tien Giang,10.3598,106.3567,Open-Meteo-Historical,
2026-03-25 06:00:00,23.0,93,,0.0,0,,2.7,7.6,0,Tien Giang,10.3598,106.3567,Open-Meteo-Historical,
2026-03-25 07:00:00,25.1,86,,0.0,2,,8.0,10.8,0,Tien Giang,10.3598,106.3567,Open-Meteo-Historical,
2026-03-25 08:00:00,27.1,74,,0.0,0,,12.3,26.6,0,Tien Giang,10.3598,106.3567,Open-Meteo-Historical,
2026-03-25 09:00:00,28.9,62,,0.0,0,,13.3,29.9,0,Tien Giang,10.3598,106.3567,Open-Meteo-Historical,
2026-03-25 10:00:00,30.5,52,,0.0,48,,13.9,31.7,1,Tien Giang,10.3598,106.3567,Open-Meteo-Historical,
2026-03-25 11:00:00,31.6,47,,0.0,68,,14.0,32.4,2,Tien Giang,10.3598,106.3567,Open-Meteo-Historical,
2026-03-25 12:00:00,32.2,44,,0.0,10,,14.2,33.5,0,Tien Giang,10.3598,106.3567,Open-Meteo-Historical,
2026-03-25 13:00:00,32.2,46,,0.0,95,,13.5,33.1,3,Tien Giang,10.3598,106.3567,Open-Meteo-Historical,
2026-03-25 14:00:00,32.1,44,,0.0,89,,13.9,32.0,3,Tien Giang,10.3598,106.3567,Open-Meteo-Historical,
2026-03-25 15:00:00,31.8,41,,0.0,95,,15.2,33.1,3,Tien Giang,10.3598,106.3567,Open-Meteo-Historical,
2026-03-25 16:00:00,30.8,44,,0.0,82,,17.0,35.3,3,Tien Giang,10.3598,106.3567,Open-Meteo-Historical,
2026-03-25 17:00:00,29.5,53,,0.0,23,,14.8,34.9,1,Tien Giang,10.3598,106.3567,Open-Meteo-Historical,
2026-03-25 18:00:00,27.4,69,,0.0,20,,15.6,31.0,1,Tien Giang,10.3598,106.3567,Open-Meteo-Historical,
2026-03-25 19:00:00,26.4,79,,0.0,0,,13.1,28.8,0,Tien Giang,10.3598,106.3567,Open-Meteo-Historical,
2026-03-25 20:00:00,25.7,86,,0.0,3,,14.2,26.6,0,Tien Giang,10.3598,106.3567,Open-Meteo-Historical,
2026-03-25 21:00:00,25.3,89,,0.0,9,,13.6,26.3,0,Tien Giang,10.3598,106.3567,Open-Meteo-Historical,
2026-03-25 22:00:00,25.1,90,,0.0,5,,10.8,25.2,0,Tien Giang,10.3598,106.3567,Open-Meteo-Historical,
2026-03-25 23:00:00,24.9,91,,0.0,2,,10.1,19.8,0,Tien Giang,10.3598,106.3567,Open-Meteo-Historical,
2026-03-26 00:00:00,24.8,91,,0.0,2,,10.0,19.1,0,Tien Giang,10.3598,106.3567,Open-Meteo-Historical,
2026-03-26 01:00:00,24.8,91,,0.0,4,,11.3,18.4,0,Tien Giang,10.3598,106.3567,Open-Meteo-Historical,
2026-03-26 02:00:00,24.6,90,,0.0,15,,11.1,20.5,0,Tien Giang,10.3598,106.3567,Open-Meteo-Historical,
2026-03-26 03:00:00,24.5,90,,0.0,12,,9.9,20.5,0,Tien Giang,10.3598,106.3567,Open-Meteo-Historical,
2026-03-26 04:00:00,24.3,91,,0.0,8,,8.9,18.4,0,Tien Giang,10.3598,106.3567,Open-Meteo-Historical,
2026-03-26 05:00:00,24.3,89,,0.0,39,,10.0,17.6,1,Tien Giang,10.3598,106.3567,Open-Meteo-Historical,
2026-03-26 06:00:00,24.4,84,,0.0,37,,11.1,20.5,1,Tien Giang,10.3598,106.3567,Open-Meteo-Historical,
2026-03-26 07:00:00,25.6,81,,0.0,19,,10.2,22.7,0,Tien Giang,10.3598,106.3567,Open-Meteo-Historical,
2026-03-26 08:00:00,27.4,69,,0.0,18,,15.5,31.3,0,Tien Giang,10.3598,106.3567,Open-Meteo-Historical,
2026-03-26 09:00:00,29.0,61,,0.0,9,,14.7,33.1,0,Tien Giang,10.3598,106.3567,Open-Meteo-Historical,
2026-03-26 10:00:00,30.1,55,,0.0,11,,14.1,32.4,0,Tien Giang,10.3598,106.3567,Open-Meteo-Historical,
2026-03-26 11:00:00,31.1,51,,0.0,22,,14.2,32.8,1,Tien Giang,10.3598,106.3567,Open-Meteo-Historical,
2026-03-26 12:00:00,31.5,48,,0.0,43,,13.3,32.8,1,Tien Giang,10.3598,106.3567,Open-Meteo-Historical,
2026-03-26 13:00:00,31.8,48,,0.0,52,,11.2,30.6,2,Tien Giang,10.3598,106.3567,Open-Meteo-Historical,
2026-03-26 14:00:00,32.2,45,,0.0,63,,8.3,25.6,2,Tien Giang,10.3598,106.3567,Open-Meteo-Historical,
2026-03-26 15:00:00,32.8,44,,0.0,28,,9.0,22.0,1,Tien Giang,10.3598,106.3567,Open-Meteo-Historical,
2026-03-26 16:00:00,31.4,50,,0.0,1,,15.0,31.0,0,Tien Giang,10.3598,106.3567,Open-Meteo-Historical,
2026-03-26 17:00:00,29.4,55,,0.0,0,,16.3,34.6,0,Tien Giang,10.3598,106.3567,Open-Meteo-Historical,
2026-03-26 18:00:00,27.8,66,,0.0,3,,14.0,32.0,0,Tien Giang,10.3598,106.3567,Open-Meteo-Historical,
2026-03-26 19:00:00,26.5,73,,0.0,0,,12.8,26.3,0,Tien Giang,10.3598,106.3567,Open-Meteo-Historical,
2026-03-26 20:00:00,25.5,82,,0.0,0,,12.0,23.8,0,Tien Giang,10.3598,106.3567,Open-Meteo-Historical,
2026-03-26 21:00:00,25.2,86,,0.0,6,,13.0,23.8,0,Tien Giang,10.3598,106.3567,Open-Meteo-Historical,
2026-03-26 22:00:00,24.9,87,,0.0,2,,12.5,24.1,0,Tien Giang,10.3598,106.3567,Open-Meteo-Historical,
2026-03-26 23:00:00,24.5,89,,0.0,7,,11.5,23.0,0,Tien Giang,10.3598,106.3567,Open-Meteo-Historical,
2026-03-27 00:00:00,24.4,91,,0.0,9,,11.6,20.9,0,Tien Giang,10.3598,106.3567,Open-Meteo-Historical,
2026-03-27 01:00:00,24.4,92,,0.0,38,,10.7,20.9,1,Tien Giang,10.3598,106.3567,Open-Meteo-Historical,
2026-03-27 02:00:00,24.1,92,,0.0,21,,8.9,19.8,1,Tien Giang,10.3598,106.3567,Open-Meteo-Historical,
2026-03-27 03:00:00,23.8,93,,0.0,16,,7.8,16.6,0,Tien Giang,10.3598,106.3567,Open-Meteo-Historical,
2026-03-27 04:00:00,23.5,94,,0.0,2,,8.0,14.8,0,Tien Giang,10.3598,106.3567,Open-Meteo-Historical,
2026-03-27 05:00:00,23.2,95,,0.0,9,,6.2,14.4,0,Tien Giang,10.3598,106.3567,Open-Meteo-Historical,
2026-03-27 06:00:00,23.1,95,,0.0,5,,5.8,11.2,0,Tien Giang,10.3598,106.3567,Open-Meteo-Historical,
2026-03-27 07:00:00,24.9,88,,0.0,5,,9.7,14.4,0,Tien Giang,10.3598,106.3567,Open-Meteo-Historical,
2026-03-27 08:00:00,26.9,74,,0.0,17,,14.4,30.2,0,Tien Giang,10.3598,106.3567,Open-Meteo-Historical,
2026-03-27 09:00:00,28.5,64,,0.0,27,,13.0,30.2,1,Tien Giang,10.3598,106.3567,Open-Meteo-Historical,
2026-03-27 10:00:00,30.0,56,,0.0,16,,12.5,29.5,0,Tien Giang,10.3598,106.3567,Open-Meteo-Historical,
2026-03-27 11:00:00,31.2,51,,0.0,15,,11.6,29.5,0,Tien Giang,10.3598,106.3567,Open-Meteo-Historical,
2026-03-27 12:00:00,32.3,47,,0.0,33,,10.2,28.4,1,Tien Giang,10.3598,106.3567,Open-Meteo-Historical,
2026-03-27 13:00:00,32.5,46,,0.0,28,,11.0,27.0,1,Tien Giang,10.3598,106.3567,Open-Meteo-Historical,
2026-03-27 14:00:00,32.1,45,,0.0,3,,12.3,29.2,0,Tien Giang,10.3598,106.3567,Open-Meteo-Historical,
2026-03-27 15:00:00,31.5,48,,0.0,6,,12.7,29.9,0,Tien Giang,10.3598,106.3567,Open-Meteo-Historical,
2026-03-27 16:00:00,30.6,51,,0.0,15,,11.8,29.2,0,Tien Giang,10.3598,106.3567,Open-Meteo-Historical,
2026-03-27 17:00:00,29.6,53,,0.0,0,,11.3,26.3,0,Tien Giang,10.3598,106.3567,Open-Meteo-Historical,
2026-03-27 18:00:00,27.9,61,,0.0,0,,11.3,23.4,0,Tien Giang,10.3598,106.3567,Open-Meteo-Historical,
2026-03-27 19:00:00,26.7,66,,0.0,0,,11.4,22.0,0,Tien Giang,10.3598,106.3567,Open-Meteo-Historical,
2026-03-27 20:00:00,25.6,73,,0.0,0,,11.7,21.2,0,Tien Giang,10.3598,106.3567,Open-Meteo-Historical,
2026-03-27 21:00:00,24.8,80,,0.0,0,,11.5,21.2,0,Tien Giang,10.3598,106.3567,Open-Meteo-Historical,
2026-03-27 22:00:00,24.4,84,,0.0,0,,11.8,21.2,0,Tien Giang,10.3598,106.3567,Open-Meteo-Historical,
2026-03-27 23:00:00,24.0,87,,0.0,0,,11.1,21.2,0,Tien Giang,10.3598,106.3567,Open-Meteo-Historical,
2026-03-28 00:00:00,23.8,90,,0.0,2,,8.8,19.8,0,Tien Giang,10.3598,106.3567,Open-Meteo-Historical,
2026-03-28 01:00:00,23.6,94,,0.0,0,,7.2,15.5,0,Tien Giang,10.3598,106.3567,Open-Meteo-Historical,
2026-03-28 02:00:00,23.5,95,,0.0,13,,6.3,12.6,0,Tien Giang,10.3598,106.3567,Open-Meteo-Historical,
2026-03-28 03:00:00,23.4,95,,0.0,8,,6.4,11.5,0,Tien Giang,10.3598,106.3567,Open-Meteo-Historical,
2026-03-28 04:00:00,23.2,96,,0.0,10,,5.2,11.2,0,Tien Giang,10.3598,106.3567,Open-Meteo-Historical,
2026-03-28 05:00:00,23.0,96,,0.0,28,,4.8,9.0,1,Tien Giang,10.3598,106.3567,Open-Meteo-Historical,
2026-03-28 06:00:00,22.9,96,,0.0,26,,4.4,8.3,1,Tien Giang,10.3598,106.3567,Open-Meteo-Historical,
2026-03-28 07:00:00,25.0,89,,0.0,30,,5.8,13.7,1,Tien Giang,10.3598,106.3567,Open-Meteo-Historical,
2026-03-28 08:00:00,27.0,77,,0.0,28,,13.3,27.4,1,Tien Giang,10.3598,106.3567,Open-Meteo-Historical,
2026-03-28 09:00:00,29.0,66,,0.0,28,,15.3,32.8,1,Tien Giang,10.3598,106.3567,Open-Meteo-Historical,
2026-03-28 10:00:00,30.4,58,,0.0,16,,15.5,34.6,0,Tien Giang,10.3598,106.3567,Open-Meteo-Historical,
2026-03-28 11:00:00,31.4,55,,0.0,84,,14.7,34.9,3,Tien Giang,10.3598,106.3567,Open-Meteo-Historical,
2026-03-28 12:00:00,32.2,52,,0.0,98,,14.7,33.8,3,Tien Giang,10.3598,106.3567,Open-Meteo-Historical,
2026-03-28 13:00:00,31.8,50,,0.0,78,,15.2,36.0,2,Tien Giang,10.3598,106.3567,Open-Meteo-Historical,
2026-03-28 14:00:00,31.6,51,,0.0,91,,16.3,36.4,3,Tien Giang,10.3598,106.3567,Open-Meteo-Historical,
2026-03-28 15:00:00,30.9,52,,0.0,91,,16.8,37.1,3,Tien Giang,10.3598,106.3567,Open-Meteo-Historical,
2026-03-28 16:00:00,29.9,57,,0.0,72,,16.8,36.4,2,Tien Giang,10.3598,106.3567,Open-Meteo-Historical,
2026-03-28 17:00:00,28.5,63,,0.0,52,,16.3,35.3,2,Tien Giang,10.3598,106.3567,Open-Meteo-Historical,
2026-03-28 18:00:00,27.2,67,,0.0,13,,13.1,32.8,0,Tien Giang,10.3598,106.3567,Open-Meteo-Historical,
2026-03-28 19:00:00,26.8,72,,0.0,4,,11.2,24.5,0,Tien Giang,10.3598,106.3567,Open-Meteo-Historical,
2026-03-28 20:00:00,26.0,76,,0.0,1,,9.5,20.5,0,Tien Giang,10.3598,106.3567,Open-Meteo-Historical,
2026-03-28 21:00:00,25.5,80,,0.0,1,,8.9,17.3,0,Tien Giang,10.3598,106.3567,Open-Meteo-Historical,
2026-03-28 22:00:00,25.0,83,,0.0,84,,7.8,15.8,3,Tien Giang,10.3598,106.3567,Open-Meteo-Historical,
2026-03-28 23:00:00,24.5,87,,0.0,67,,6.8,14.0,2,Tien Giang,10.3598,106.3567,Open-Meteo-Historical,
2026-03-29 00:00:00,24.2,91,,0.0,38,,6.7,12.2,1,Tien Giang,10.3598,106.3567,Open-Meteo-Historical,
2026-03-29 01:00:00,24.2,93,,0.0,98,,7.4,14.0,3,Tien Giang,10.3598,106.3567,Open-Meteo-Historical,
2026-03-29 02:00:00,23.9,95,,0.0,100,,5.8,13.0,3,Tien Giang,10.3598,106.3567,Open-Meteo-Historical,
2026-03-29 03:00:00,23.6,95,,0.0,100,,4.0,10.1,3,Tien Giang,10.3598,106.3567,Open-Meteo-Historical,
2026-03-29 04:00:00,23.5,95,,0.0,100,,2.3,6.1,3,Tien Giang,10.3598,106.3567,Open-Meteo-Historical,
2026-03-29 05:00:00,23.2,97,,0.0,98,,2.4,5.0,3,Tien Giang,10.3598,106.3567,Open-Meteo-Historical,
2026-03-29 06:00:00,23.2,98,,0.0,82,,1.5,4.7,3,Tien Giang,10.3598,106.3567,Open-Meteo-Historical,
2026-03-29 07:00:00,25.3,93,,0.0,28,,4.0,7.2,1,Tien Giang,10.3598,106.3567,Open-Meteo-Historical,
2026-03-29 08:00:00,27.8,80,,0.0,45,,14.6,29.2,1,Tien Giang,10.3598,106.3567,Open-Meteo-Historical,
2026-03-29 09:00:00,29.7,69,,0.0,10,,15.5,33.5,0,Tien Giang,10.3598,106.3567,Open-Meteo-Historical,
2026-03-29 10:00:00,31.3,61,,0.0,4,,14.7,33.8,0,Tien Giang,10.3598,106.3567,Open-Meteo-Historical,
2026-03-29 11:00:00,32.3,56,,0.0,24,,14.1,33.1,1,Tien Giang,10.3598,106.3567,Open-Meteo-Historical,
2026-03-29 12:00:00,33.0,52,,0.0,6,,14.1,32.8,0,Tien Giang,10.3598,106.3567,Open-Meteo-Historical,
2026-03-29 13:00:00,33.0,52,,0.0,83,,14.0,33.5,3,Tien Giang,10.3598,106.3567,Open-Meteo-Historical,
2026-03-29 14:00:00,33.1,50,,0.0,1,,14.2,32.4,0,Tien Giang,10.3598,106.3567,Open-Meteo-Historical,
2026-03-29 15:00:00,32.7,50,,0.0,5,,15.7,33.8,0,Tien Giang,10.3598,106.3567,Open-Meteo-Historical,
2026-03-29 16:00:00,31.6,52,,0.0,3,,15.7,34.2,0,Tien Giang,10.3598,106.3567,Open-Meteo-Historical,
2026-03-29 17:00:00,30.2,57,,0.0,0,,14.4,32.8,0,Tien Giang,10.3598,106.3567,Open-Meteo-Historical,
2026-03-29 18:00:00,28.5,66,,0.0,8,,11.6,28.8,0,Tien Giang,10.3598,106.3567,Open-Meteo-Historical,
2026-03-29 19:00:00,27.5,76,,0.0,0,,9.8,21.6,0,Tien Giang,10.3598,106.3567,Open-Meteo-Historical,
2026-03-29 20:00:00,26.5,84,,0.0,1,,8.7,18.0,0,Tien Giang,10.3598,106.3567,Open-Meteo-Historical,
2026-03-29 21:00:00,25.8,91,,0.0,13,,8.5,15.8,0,Tien Giang,10.3598,106.3567,Open-Meteo-Historical,
2026-03-29 22:00:00,25.5,94,,0.0,5,,8.0,15.8,0,Tien Giang,10.3598,106.3567,Open-Meteo-Historical,
2026-03-29 23:00:00,25.2,96,,0.0,2,,8.0,14.8,0,Tien Giang,10.3598,106.3567,Open-Meteo-Historical,
2026-03-30 00:00:00,25.0,97,,0.0,9,,7.0,14.4,0,Tien Giang,10.3598,106.3567,Open-Meteo-Historical,
2026-03-30 01:00:00,25.2,98,,0.0,18,,5.8,12.6,0,Tien Giang,10.3598,106.3567,Open-Meteo-Historical,
2026-03-30 02:00:00,24.9,98,,0.0,15,,4.6,10.1,0,Tien Giang,10.3598,106.3567,Open-Meteo-Historical,
2026-03-30 03:00:00,24.7,99,,0.0,8,,4.9,8.6,0,Tien Giang,10.3598,106.3567,Open-Meteo-Historical,
2026-03-30 04:00:00,24.6,98,,0.0,9,,7.5,13.3,0,Tien Giang,10.3598,106.3567,Open-Meteo-Historical,
2026-03-30 05:00:00,24.5,98,,0.0,8,,7.3,14.0,0,Tien Giang,10.3598,106.3567,Open-Meteo-Historical,
2026-03-30 06:00:00,24.1,98,,0.0,15,,4.6,13.0,0,Tien Giang,10.3598,106.3567,Open-Meteo-Historical,
2026-03-30 07:00:00,26.0,90,,0.0,23,,10.5,17.6,1,Tien Giang,10.3598,106.3567,Open-Meteo-Historical,
2026-03-30 08:00:00,27.9,78,,0.0,16,,11.1,24.5,0,Tien Giang,10.3598,106.3567,Open-Meteo-Historical,
2026-03-30 09:00:00,29.6,67,,0.0,20,,10.3,25.2,1,Tien Giang,10.3598,106.3567,Open-Meteo-Historical,
2026-03-30 10:00:00,30.6,62,,0.0,7,,8.8,24.8,0,Tien Giang,10.3598,106.3567,Open-Meteo-Historical,
2026-03-30 11:00:00,31.7,58,,0.0,20,,8.0,23.4,1,Tien Giang,10.3598,106.3567,Open-Meteo-Historical,
2026-03-30 12:00:00,32.4,54,,0.1,21,,7.5,23.0,51,Tien Giang,10.3598,106.3567,Open-Meteo-Historical,
2026-03-30 13:00:00,31.8,58,,0.0,36,,4.8,22.3,1,Tien Giang,10.3598,106.3567,Open-Meteo-Historical,
2026-03-30 14:00:00,32.0,56,,0.0,38,,5.8,18.7,1,Tien Giang,10.3598,106.3567,Open-Meteo-Historical,
2026-03-30 15:00:00,32.0,55,,0.0,28,,8.8,22.3,1,Tien Giang,10.3598,106.3567,Open-Meteo-Historical,
2026-03-30 16:00:00,31.5,55,,0.0,2,,11.5,25.6,0,Tien Giang,10.3598,106.3567,Open-Meteo-Historical,
2026-03-30 17:00:00,30.5,58,,0.0,8,,12.4,26.3,0,Tien Giang,10.3598,106.3567,Open-Meteo-Historical,
2026-03-30 18:00:00,28.7,65,,0.0,1,,13.6,26.6,0,Tien Giang,10.3598,106.3567,Open-Meteo-Historical,
2026-03-30 19:00:00,27.4,73,,0.0,3,,11.5,25.9,0,Tien Giang,10.3598,106.3567,Open-Meteo-Historical,
2026-03-30 20:00:00,26.4,80,,0.0,2,,11.6,21.2,0,Tien Giang,10.3598,106.3567,Open-Meteo-Historical,
2026-03-30 21:00:00,25.6,87,,0.0,0,,10.2,21.2,0,Tien Giang,10.3598,106.3567,Open-Meteo-Historical,
2026-03-30 22:00:00,25.1,91,,0.0,9,,9.7,18.7,0,Tien Giang,10.3598,106.3567,Open-Meteo-Historical,
2026-03-30 23:00:00,25.0,94,,0.0,22,,9.1,17.6,1,Tien Giang,10.3598,106.3567,Open-Meteo-Historical,
2026-03-31 00:00:00,24.9,94,,0.0,9,,8.4,16.6,0,Tien Giang,10.3598,106.3567,Open-Meteo-Historical,
2026-03-31 01:00:00,25.0,96,,0.0,6,,8.4,15.1,0,Tien Giang,10.3598,106.3567,Open-Meteo-Historical,
2026-03-31 02:00:00,24.7,97,,0.0,12,,8.7,15.8,0,Tien Giang,10.3598,106.3567,Open-Meteo-Historical,
2026-03-31 03:00:00,24.5,97,,0.0,11,,8.4,16.2,0,Tien Giang,10.3598,106.3567,Open-Meteo-Historical,
2026-03-31 04:00:00,24.3,97,,0.0,4,,8.1,15.5,0,Tien Giang,10.3598,106.3567,Open-Meteo-Historical,
2026-03-31 05:00:00,24.0,97,,0.0,4,,7.0,14.4,0,Tien Giang,10.3598,106.3567,Open-Meteo-Historical,
2026-03-31 06:00:00,23.8,97,,0.0,2,,6.0,12.2,0,Tien Giang,10.3598,106.3567,Open-Meteo-Historical,
2026-03-31 07:00:00,25.4,92,,0.0,2,,6.1,14.4,0,Tien Giang,10.3598,106.3567,Open-Meteo-Historical,
2026-03-31 08:00:00,27.4,80,,0.0,20,,9.8,22.7,1,Tien Giang,10.3598,106.3567,Open-Meteo-Historical,
2026-03-31 09:00:00,29.0,70,,0.0,9,,7.6,22.7,0,Tien Giang,10.3598,106.3567,Open-Meteo-Historical,
2026-03-31 10:00:00,30.4,62,,0.0,49,,5.2,20.9,1,Tien Giang,10.3598,106.3567,Open-Meteo-Historical,
2026-03-31 11:00:00,31.6,57,,0.0,46,,3.3,18.4,1,Tien Giang,10.3598,106.3567,Open-Meteo-Historical,
2026-03-31 12:00:00,32.8,52,,0.0,16,,2.9,16.2,0,Tien Giang,10.3598,106.3567,Open-Meteo-Historical,
2026-03-31 13:00:00,32.5,48,,0.0,58,,1.3,16.2,2,Tien Giang,10.3598,106.3567,Open-Meteo-Historical,
2026-03-31 14:00:00,33.0,47,,0.0,80,,1.5,12.2,3,Tien Giang,10.3598,106.3567,Open-Meteo-Historical,
2026-03-31 15:00:00,33.2,46,,0.0,73,,4.3,15.1,2,Tien Giang,10.3598,106.3567,Open-Meteo-Historical,
2026-03-31 16:00:00,32.8,47,,0.0,76,,4.3,15.5,2,Tien Giang,10.3598,106.3567,Open-Meteo-Historical,
2026-03-31 17:00:00,31.9,51,,0.0,62,,9.4,18.4,2,Tien Giang,10.3598,106.3567,Open-Meteo-Historical,
2026-03-31 18:00:00,28.5,68,,0.0,79,,16.1,31.0,2,Tien Giang,10.3598,106.3567,Open-Meteo-Historical,
2026-03-31 19:00:00,27.7,73,,0.0,84,,13.5,31.0,3,Tien Giang,10.3598,106.3567,Open-Meteo-Historical,
2026-03-31 20:00:00,26.8,79,,0.0,71,,12.0,24.8,2,Tien Giang,10.3598,106.3567,Open-Meteo-Historical,
2026-03-31 21:00:00,26.1,84,,0.0,10,,10.0,22.0,0,Tien Giang,10.3598,106.3567,Open-Meteo-Historical,
2026-03-31 22:00:00,25.5,88,,0.0,1,,8.3,18.0,0,Tien Giang,10.3598,106.3567,Open-Meteo-Historical,
2026-03-31 23:00:00,25.1,91,,0.0,26,,8.6,15.5,1,Tien Giang,10.3598,106.3567,Open-Meteo-Historical,
2026-04-01 00:00:00,24.8,94,,0.0,41,,7.7,15.5,1,Tien Giang,10.3598,106.3567,Open-Meteo-Historical,
2026-04-01 01:00:00,24.6,97,,0.0,78,,6.5,14.0,2,Tien Giang,10.3598,106.3567,Open-Meteo-Historical,
2026-04-01 02:00:00,24.4,98,,0.0,91,,6.3,11.5,3,Tien Giang,10.3598,106.3567,Open-Meteo-Historical,
2026-04-01 03:00:00,24.1,98,,0.0,80,,6.3,11.5,3,Tien Giang,10.3598,106.3567,Open-Meteo-Historical,
2026-04-01 04:00:00,24.0,99,,0.0,86,,4.6,11.2,3,Tien Giang,10.3598,106.3567,Open-Meteo-Historical,
2026-04-01 05:00:00,24.0,98,,0.0,83,,4.2,8.3,3,Tien Giang,10.3598,106.3567,Open-Meteo-Historical,
2026-04-01 06:00:00,24.0,98,,0.0,77,,3.0,7.9,2,Tien Giang,10.3598,106.3567,Open-Meteo-Historical,
2026-04-01 07:00:00,25.4,91,,0.0,100,,5.7,16.2,3,Tien Giang,10.3598,106.3567,Open-Meteo-Historical,
2026-04-01 08:00:00,27.1,79,,0.0,91,,7.3,18.4,3,Tien Giang,10.3598,106.3567,Open-Meteo-Historical,
2026-04-01 09:00:00,28.9,67,,0.0,10,,8.2,21.6,0,Tien Giang,10.3598,106.3567,Open-Meteo-Historical,
2026-04-01 10:00:00,30.5,60,,0.0,17,,8.0,22.7,0,Tien Giang,10.3598,106.3567,Open-Meteo-Historical,
2026-04-01 11:00:00,31.9,55,,0.0,13,,8.4,23.8,0,Tien Giang,10.3598,106.3567,Open-Meteo-Historical,
2026-04-01 12:00:00,33.0,51,,0.0,5,,9.7,25.9,0,Tien Giang,10.3598,106.3567,Open-Meteo-Historical,
2026-04-01 13:00:00,33.0,51,,0.0,5,,10.8,28.4,0,Tien Giang,10.3598,106.3567,Open-Meteo-Historical,
2026-04-01 14:00:00,32.9,50,,0.0,5,,11.5,28.4,0,Tien Giang,10.3598,106.3567,Open-Meteo-Historical,
2026-04-01 15:00:00,32.3,51,,0.0,9,,13.1,30.2,0,Tien Giang,10.3598,106.3567,Open-Meteo-Historical,
2026-04-01 16:00:00,31.5,53,,0.0,10,,14.1,30.6,0,Tien Giang,10.3598,106.3567,Open-Meteo-Historical,
2026-04-01 17:00:00,30.0,56,,0.0,1,,14.0,30.6,0,Tien Giang,10.3598,106.3567,Open-Meteo-Historical,
2026-04-01 18:00:00,28.0,65,,0.0,0,,13.9,28.8,0,Tien Giang,10.3598,106.3567,Open-Meteo-Historical,
2026-04-01 19:00:00,26.9,75,,0.0,0,,13.0,26.3,0,Tien Giang,10.3598,106.3567,Open-Meteo-Historical,
2026-04-01 20:00:00,26.0,83,,0.0,0,,11.3,23.8,0,Tien Giang,10.3598,106.3567,Open-Meteo-Historical,
2026-04-01 21:00:00,25.5,86,,0.0,0,,10.7,20.9,0,Tien Giang,10.3598,106.3567,Open-Meteo-Historical,
2026-04-01 22:00:00,25.3,88,,0.0,1,,10.1,19.4,0,Tien Giang,10.3598,106.3567,Open-Meteo-Historical,
2026-04-01 23:00:00,25.1,89,,0.0,1,,8.4,18.0,0,Tien Giang,10.3598,106.3567,Open-Meteo-Historical,
2026-04-02 00:00:00,25.0,90,,0.0,1,,8.7,15.8,0,Tien Giang,10.3598,106.3567,Open-Meteo-Historical,
2026-04-02 01:00:00,24.9,93,,0.0,57,,7.8,15.8,2,Tien Giang,10.3598,106.3567,Open-Meteo-Historical,
2026-04-02 02:00:00,24.9,92,,0.0,60,,7.7,14.4,2,Tien Giang,10.3598,106.3567,Open-Meteo-Historical,
2026-04-02 03:00:00,25.0,91,,0.0,17,,7.3,14.4,0,Tien Giang,10.3598,106.3567,Open-Meteo-Historical,
2026-04-02 04:00:00,24.5,94,,0.0,36,,5.3,13.3,1,Tien Giang,10.3598,106.3567,Open-Meteo-Historical,
2026-04-02 05:00:00,24.0,96,,0.0,71,,4.3,9.4,2,Tien Giang,10.3598,106.3567,Open-Meteo-Historical,
2026-04-02 06:00:00,24.0,96,,0.0,2,,4.3,7.2,0,Tien Giang,10.3598,106.3567,Open-Meteo-Historical,
2026-04-02 07:00:00,25.9,88,,0.0,2,,5.2,13.7,0,Tien Giang,10.3598,106.3567,Open-Meteo-Historical,
2026-04-02 08:00:00,27.9,75,,0.0,15,,9.0,20.9,0,Tien Giang,10.3598,106.3567,Open-Meteo-Historical,
2026-04-02 09:00:00,29.5,65,,0.0,16,,9.6,23.8,0,Tien Giang,10.3598,106.3567,Open-Meteo-Historical,
2026-04-02 10:00:00,31.0,57,,0.0,16,,11.3,27.4,0,Tien Giang,10.3598,106.3567,Open-Meteo-Historical,
2026-04-02 11:00:00,32.1,52,,0.0,11,,12.5,29.5,0,Tien Giang,10.3598,106.3567,Open-Meteo-Historical,
2026-04-02 12:00:00,32.8,47,,0.0,13,,14.3,33.1,0,Tien Giang,10.3598,106.3567,Open-Meteo-Historical,
2026-04-02 13:00:00,32.8,48,,0.0,20,,14.7,34.2,1,Tien Giang,10.3598,106.3567,Open-Meteo-Historical,
2026-04-02 14:00:00,32.8,47,,0.0,26,,14.7,33.8,1,Tien Giang,10.3598,106.3567,Open-Meteo-Historical,
2026-04-02 15:00:00,32.4,46,,0.0,41,,13.8,33.1,1,Tien Giang,10.3598,106.3567,Open-Meteo-Historical,
2026-04-02 16:00:00,31.9,46,,0.0,70,,14.9,31.0,2,Tien Giang,10.3598,106.3567,Open-Meteo-Historical,
2026-04-02 17:00:00,30.1,55,,0.0,1,,16.2,32.8,0,Tien Giang,10.3598,106.3567,Open-Meteo-Historical,
2026-04-02 18:00:00,28.5,62,,0.0,0,,13.4,32.4,0,Tien Giang,10.3598,106.3567,Open-Meteo-Historical,
2026-04-02 19:00:00,27.4,73,,0.0,0,,11.8,24.8,0,Tien Giang,10.3598,106.3567,Open-Meteo-Historical,
2026-04-02 20:00:00,26.5,78,,0.0,0,,10.7,22.0,0,Tien Giang,10.3598,106.3567,Open-Meteo-Historical,
2026-04-02 21:00:00,26.1,83,,0.0,1,,11.1,20.2,0,Tien Giang,10.3598,106.3567,Open-Meteo-Historical,
2026-04-02 22:00:00,26.0,85,,0.0,2,,11.5,20.9,0,Tien Giang,10.3598,106.3567,Open-Meteo-Historical,
2026-04-02 23:00:00,25.9,85,,0.0,0,,12.9,23.4,0,Tien Giang,10.3598,106.3567,Open-Meteo-Historical,
2026-04-03 00:00:00,25.8,82,,0.0,0,,12.6,24.1,0,Tien Giang,10.3598,106.3567,Open-Meteo-Historical,
2026-04-03 01:00:00,25.5,82,,0.0,14,,10.0,22.7,0,Tien Giang,10.3598,106.3567,Open-Meteo-Historical,
2026-04-03 02:00:00,25.0,85,,0.0,48,,7.0,18.0,1,Tien Giang,10.3598,106.3567,Open-Meteo-Historical,
2026-04-03 03:00:00,24.6,87,,0.0,5,,6.9,12.6,0,Tien Giang,10.3598,106.3567,Open-Meteo-Historical,
2026-04-03 04:00:00,24.3,88,,0.0,2,,6.2,12.2,0,Tien Giang,10.3598,106.3567,Open-Meteo-Historical,
2026-04-03 05:00:00,23.9,89,,0.0,1,,5.2,10.8,0,Tien Giang,10.3598,106.3567,Open-Meteo-Historical,
2026-04-03 06:00:00,23.8,89,,0.0,2,,5.2,8.6,0,Tien Giang,10.3598,106.3567,Open-Meteo-Historical,
2026-04-03 07:00:00,26.0,82,,0.0,9,,7.7,14.4,0,Tien Giang,10.3598,106.3567,Open-Meteo-Historical,
2026-04-03 08:00:00,28.0,69,,0.0,24,,13.4,28.4,1,Tien Giang,10.3598,106.3567,Open-Meteo-Historical,
2026-04-03 09:00:00,29.4,62,,0.0,15,,12.6,28.8,0,Tien Giang,10.3598,106.3567,Open-Meteo-Historical,
2026-04-03 10:00:00,30.6,57,,0.0,5,,12.4,29.5,0,Tien Giang,10.3598,106.3567,Open-Meteo-Historical,
2026-04-03 11:00:00,31.6,52,,0.0,4,,12.1,29.5,0,Tien Giang,10.3598,106.3567,Open-Meteo-Historical,
2026-04-03 12:00:00,32.6,49,,0.0,16,,11.8,29.9,0,Tien Giang,10.3598,106.3567,Open-Meteo-Historical,
2026-04-03 13:00:00,32.2,50,,0.0,37,,10.5,29.5,1,Tien Giang,10.3598,106.3567,Open-Meteo-Historical,
2026-04-03 14:00:00,32.2,49,,0.0,20,,9.8,26.3,1,Tien Giang,10.3598,106.3567,Open-Meteo-Historical,
2026-04-03 15:00:00,32.1,48,,0.0,20,,10.1,24.8,1,Tien Giang,10.3598,106.3567,Open-Meteo-Historical,
2026-04-03 16:00:00,31.6,48,,0.0,23,,9.4,24.8,1,Tien Giang,10.3598,106.3567,Open-Meteo-Historical,
2026-04-03 17:00:00,30.8,49,,0.0,100,,11.1,22.7,3,Tien Giang,10.3598,106.3567,Open-Meteo-Historical,
2026-04-03 18:00:00,28.1,60,,0.0,89,,15.6,29.5,3,Tien Giang,10.3598,106.3567,Open-Meteo-Historical,
2026-04-03 19:00:00,27.1,67,,0.0,77,,13.1,29.2,2,Tien Giang,10.3598,106.3567,Open-Meteo-Historical,
2026-04-03 20:00:00,26.1,74,,0.0,0,,12.7,23.8,0,Tien Giang,10.3598,106.3567,Open-Meteo-Historical,
2026-04-03 21:00:00,25.5,79,,0.0,1,,12.5,23.0,0,Tien Giang,10.3598,106.3567,Open-Meteo-Historical,
2026-04-03 22:00:00,25.0,82,,0.0,0,,11.3,22.7,0,Tien Giang,10.3598,106.3567,Open-Meteo-Historical,
2026-04-03 23:00:00,24.5,86,,0.0,40,,8.9,20.5,1,Tien Giang,10.3598,106.3567,Open-Meteo-Historical,
2026-04-04 00:00:00,24.0,90,,0.0,87,,7.2,15.8,3,Tien Giang,10.3598,106.3567,Open-Meteo-Historical,
2026-04-04 01:00:00,23.6,96,,0.0,98,,5.1,13.0,3,Tien Giang,10.3598,106.3567,Open-Meteo-Historical,
2026-04-04 02:00:00,23.0,97,,0.0,98,,2.7,8.3,3,Tien Giang,10.3598,106.3567,Open-Meteo-Historical,
2026-04-04 03:00:00,22.7,98,,0.0,98,,2.3,4.3,3,Tien Giang,10.3598,106.3567,Open-Meteo-Historical,
2026-04-04 04:00:00,22.4,99,,0.0,84,,1.8,3.6,3,Tien Giang,10.3598,106.3567,Open-Meteo-Historical,
2026-04-04 05:00:00,22.3,98,,0.0,73,,0.6,3.2,2,Tien Giang,10.3598,106.3567,Open-Meteo-Historical,
2026-04-04 06:00:00,22.0,99,,0.0,77,,0.3,1.4,2,Tien Giang,10.3598,106.3567,Open-Meteo-Historical,
2026-04-04 07:00:00,24.1,96,,0.0,100,,1.7,7.2,3,Tien Giang,10.3598,106.3567,Open-Meteo-Historical,
2026-04-04 08:00:00,26.6,84,,0.0,99,,1.0,10.1,3,Tien Giang,10.3598,106.3567,Open-Meteo-Historical,
2026-04-04 09:00:00,28.9,71,,0.0,96,,4.7,16.6,3,Tien Giang,10.3598,106.3567,Open-Meteo-Historical,
2026-04-04 10:00:00,30.5,61,,0.0,100,,5.8,18.7,3,Tien Giang,10.3598,106.3567,Open-Meteo-Historical,
2026-04-04 11:00:00,32.0,54,,0.0,98,,7.7,22.3,3,Tien Giang,10.3598,106.3567,Open-Meteo-Historical,
2026-04-04 12:00:00,33.0,49,,0.0,98,,7.5,22.7,3,Tien Giang,10.3598,106.3567,Open-Meteo-Historical,
2026-04-04 13:00:00,33.0,49,,0.0,98,,7.3,22.0,3,Tien Giang,10.3598,106.3567,Open-Meteo-Historical,
2026-04-04 14:00:00,33.4,46,,0.0,82,,6.8,20.9,3,Tien Giang,10.3598,106.3567,Open-Meteo-Historical,
2026-04-04 15:00:00,33.4,45,,0.0,87,,6.9,19.8,3,Tien Giang,10.3598,106.3567,Open-Meteo-Historical,
2026-04-04 16:00:00,33.3,45,,0.0,91,,5.5,18.7,3,Tien Giang,10.3598,106.3567,Open-Meteo-Historical,
2026-04-04 17:00:00,32.8,47,,0.0,100,,7.2,15.1,3,Tien Giang,10.3598,106.3567,Open-Meteo-Historical,
2026-04-04 18:00:00,30.0,60,,0.0,85,,5.6,14.8,3,Tien Giang,10.3598,106.3567,Open-Meteo-Historical,
2026-04-04 19:00:00,28.4,74,,0.0,72,,13.3,28.1,2,Tien Giang,10.3598,106.3567,Open-Meteo-Historical,
2026-04-04 20:00:00,27.6,76,,0.0,79,,11.5,23.8,2,Tien Giang,10.3598,106.3567,Open-Meteo-Historical,
2026-04-04 21:00:00,26.8,80,,0.0,98,,9.0,21.2,3,Tien Giang,10.3598,106.3567,Open-Meteo-Historical,
2026-04-04 22:00:00,26.1,85,,0.0,63,,7.9,16.2,2,Tien Giang,10.3598,106.3567,Open-Meteo-Historical,
2026-04-04 23:00:00,25.6,88,,0.0,70,,7.9,14.4,2,Tien Giang,10.3598,106.3567,Open-Meteo-Historical,
2026-04-05 00:00:00,25.2,91,,0.0,97,,7.6,14.0,3,Tien Giang,10.3598,106.3567,Open-Meteo-Historical,
2026-04-05 01:00:00,25.0,94,,0.0,78,,6.6,13.3,2,Tien Giang,10.3598,106.3567,Open-Meteo-Historical,
2026-04-05 02:00:00,24.6,96,,0.0,0,,5.2,11.2,0,Tien Giang,10.3598,106.3567,Open-Meteo-Historical,
2026-04-05 03:00:00,24.4,97,,0.0,3,,5.1,9.4,0,Tien Giang,10.3598,106.3567,Open-Meteo-Historical,
2026-04-05 04:00:00,24.1,98,,0.0,3,,4.8,9.0,0,Tien Giang,10.3598,106.3567,Open-Meteo-Historical,
2026-04-05 05:00:00,23.7,99,,0.0,9,,3.9,8.6,0,Tien Giang,10.3598,106.3567,Open-Meteo-Historical,
2026-04-05 06:00:00,23.7,99,,0.0,16,,2.2,6.1,0,Tien Giang,10.3598,106.3567,Open-Meteo-Historical,
2026-04-05 07:00:00,25.8,92,,0.0,10,,3.8,9.4,0,Tien Giang,10.3598,106.3567,Open-Meteo-Historical,
2026-04-05 08:00:00,28.0,80,,0.0,18,,7.2,18.4,0,Tien Giang,10.3598,106.3567,Open-Meteo-Historical,
2026-04-05 09:00:00,29.8,68,,0.0,15,,7.4,20.5,0,Tien Giang,10.3598,106.3567,Open-Meteo-Historical,
2026-04-05 10:00:00,31.2,61,,0.0,52,,6.9,21.2,2,Tien Giang,10.3598,106.3567,Open-Meteo-Historical,
2026-04-05 11:00:00,32.4,55,,0.0,35,,6.9,20.9,1,Tien Giang,10.3598,106.3567,Open-Meteo-Historical,
2026-04-05 12:00:00,33.2,52,,0.0,34,,6.4,20.9,1,Tien Giang,10.3598,106.3567,Open-Meteo-Historical,
2026-04-05 13:00:00,33.5,51,,0.0,20,,5.4,20.2,1,Tien Giang,10.3598,106.3567,Open-Meteo-Historical,
2026-04-05 14:00:00,34.1,48,,0.0,21,,6.8,20.5,1,Tien Giang,10.3598,106.3567,Open-Meteo-Historical,
2026-04-05 15:00:00,34.0,48,,0.0,25,,8.2,20.9,1,Tien Giang,10.3598,106.3567,Open-Meteo-Historical,
2026-04-05 16:00:00,33.9,48,,0.0,25,,8.3,20.9,1,Tien Giang,10.3598,106.3567,Open-Meteo-Historical,
2026-04-05 17:00:00,33.2,49,,0.0,19,,8.1,19.4,0,Tien Giang,10.3598,106.3567,Open-Meteo-Historical,
2026-04-05 18:00:00,30.1,65,,0.0,4,,14.6,26.3,0,Tien Giang,10.3598,106.3567,Open-Meteo-Historical,
2026-04-05 19:00:00,28.5,72,,0.0,5,,14.3,29.2,0,Tien Giang,10.3598,106.3567,Open-Meteo-Historical,
2026-04-05 20:00:00,27.2,79,,0.0,2,,12.1,26.6,0,Tien Giang,10.3598,106.3567,Open-Meteo-Historical,
2026-04-05 21:00:00,26.6,83,,0.0,1,,11.2,22.0,0,Tien Giang,10.3598,106.3567,Open-Meteo-Historical,
2026-04-05 22:00:00,26.1,85,,0.0,5,,10.1,20.5,0,Tien Giang,10.3598,106.3567,Open-Meteo-Historical,
2026-04-05 23:00:00,25.7,87,,0.0,0,,9.9,18.7,0,Tien Giang,10.3598,106.3567,Open-Meteo-Historical,
2026-04-06 00:00:00,25.4,88,,0.0,0,,10.0,18.0,0,Tien Giang,10.3598,106.3567,Open-Meteo-Historical,
2026-04-06 01:00:00,25.0,93,,0.0,0,,8.6,18.0,0,Tien Giang,10.3598,106.3567,Open-Meteo-Historical,
2026-04-06 02:00:00,24.8,95,,0.0,0,,6.7,15.1,0,Tien Giang,10.3598,106.3567,Open-Meteo-Historical,
2026-04-06 03:00:00,24.5,96,,0.0,0,,5.1,11.9,0,Tien Giang,10.3598,106.3567,Open-Meteo-Historical,
2026-04-06 04:00:00,24.2,97,,0.0,0,,5.4,9.4,0,Tien Giang,10.3598,106.3567,Open-Meteo-Historical,
2026-04-06 05:00:00,24.1,97,,0.0,0,,5.9,10.4,0,Tien Giang,10.3598,106.3567,Open-Meteo-Historical,
2026-04-06 06:00:00,24.0,97,,0.0,0,,5.3,10.4,0,Tien Giang,10.3598,106.3567,Open-Meteo-Historical,
2026-04-06 07:00:00,25.9,90,,0.0,5,,5.5,12.6,0,Tien Giang,10.3598,106.3567,Open-Meteo-Historical,
2026-04-06 08:00:00,28.3,76,,0.0,20,,10.0,23.0,1,Tien Giang,10.3598,106.3567,Open-Meteo-Historical,
2026-04-06 09:00:00,30.0,65,,0.0,27,,10.0,24.8,1,Tien Giang,10.3598,106.3567,Open-Meteo-Historical,
2026-04-06 10:00:00,31.5,59,,0.0,17,,9.4,25.6,0,Tien Giang,10.3598,106.3567,Open-Meteo-Historical,
2026-04-06 11:00:00,32.8,54,,0.0,15,,8.0,24.8,0,Tien Giang,10.3598,106.3567,Open-Meteo-Historical,
2026-04-06 12:00:00,33.8,52,,0.0,4,,7.5,23.0,0,Tien Giang,10.3598,106.3567,Open-Meteo-Historical,
2026-04-06 13:00:00,34.3,47,,0.0,7,,7.5,23.0,0,Tien Giang,10.3598,106.3567,Open-Meteo-Historical,
2026-04-06 14:00:00,34.8,44,,0.0,3,,8.1,22.7,0,Tien Giang,10.3598,106.3567,Open-Meteo-Historical,
2026-04-06 15:00:00,34.9,43,,0.0,21,,9.7,24.1,1,Tien Giang,10.3598,106.3567,Open-Meteo-Historical,
2026-04-06 16:00:00,34.6,43,,0.0,29,,11.1,25.2,1,Tien Giang,10.3598,106.3567,Open-Meteo-Historical,
2026-04-06 17:00:00,33.8,44,,0.0,32,,9.0,25.2,1,Tien Giang,10.3598,106.3567,Open-Meteo-Historical,
2026-04-06 18:00:00,31.8,53,,0.0,2,,8.6,18.4,0,Tien Giang,10.3598,106.3567,Open-Meteo-Historical,
2026-04-06 19:00:00,29.8,66,,0.0,5,,13.3,24.5,0,Tien Giang,10.3598,106.3567,Open-Meteo-Historical,
2026-04-06 20:00:00,28.6,71,,0.0,2,,13.1,24.1,0,Tien Giang,10.3598,106.3567,Open-Meteo-Historical,
2026-04-06 21:00:00,27.5,76,,0.0,1,,11.7,24.1,0,Tien Giang,10.3598,106.3567,Open-Meteo-Historical,
2026-04-06 22:00:00,26.7,80,,0.0,0,,11.6,21.2,0,Tien Giang,10.3598,106.3567,Open-Meteo-Historical,
2026-04-06 23:00:00,26.4,83,,0.0,0,,12.1,22.0,0,Tien Giang,10.3598,106.3567,Open-Meteo-Historical,
2026-04-07 00:00:00,26.0,86,,0.0,0,,10.9,22.0,0,Tien Giang,10.3598,106.3567,Open-Meteo-Historical,
2026-04-07 01:00:00,25.8,91,,0.0,2,,9.9,19.8,0,Tien Giang,10.3598,106.3567,Open-Meteo-Historical,
2026-04-07 02:00:00,25.6,92,,0.0,5,,8.3,17.6,0,Tien Giang,10.3598,106.3567,Open-Meteo-Historical,
2026-04-07 03:00:00,25.4,93,,0.0,6,,7.4,15.1,0,Tien Giang,10.3598,106.3567,Open-Meteo-Historical,
2026-04-07 04:00:00,25.0,95,,0.0,13,,6.6,13.3,0,Tien Giang,10.3598,106.3567,Open-Meteo-Historical,
2026-04-07 05:00:00,24.6,97,,0.0,2,,5.5,11.9,0,Tien Giang,10.3598,106.3567,Open-Meteo-Historical,
2026-04-07 06:00:00,24.4,98,,0.0,4,,4.6,9.7,0,Tien Giang,10.3598,106.3567,Open-Meteo-Historical,
2026-04-07 07:00:00,26.0,90,,0.0,1,,4.6,12.2,0,Tien Giang,10.3598,106.3567,Open-Meteo-Historical,
2026-04-07 08:00:00,28.0,78,,0.0,6,,7.8,19.4,0,Tien Giang,10.3598,106.3567,Open-Meteo-Historical,
2026-04-07 09:00:00,29.8,66,,0.0,4,,7.1,20.9,0,Tien Giang,10.3598,106.3567,Open-Meteo-Historical,
2026-04-07 10:00:00,31.3,58,,0.0,7,,7.0,21.2,0,Tien Giang,10.3598,106.3567,Open-Meteo-Historical,
2026-04-07 11:00:00,32.8,50,,0.0,92,,7.2,22.3,3,Tien Giang,10.3598,106.3567,Open-Meteo-Historical,
2026-04-07 12:00:00,34.1,43,,0.0,92,,7.4,22.3,3,Tien Giang,10.3598,106.3567,Open-Meteo-Historical,
2026-04-07 13:00:00,34.5,39,,0.0,88,,8.7,22.3,3,Tien Giang,10.3598,106.3567,Open-Meteo-Historical,
2026-04-07 14:00:00,34.7,39,,0.0,95,,9.0,24.1,3,Tien Giang,10.3598,106.3567,Open-Meteo-Historical,
2026-04-07 15:00:00,34.5,38,,0.0,98,,8.1,24.1,3,Tien Giang,10.3598,106.3567,Open-Meteo-Historical,
2026-04-07 16:00:00,34.1,38,,0.0,87,,9.2,21.6,3,Tien Giang,10.3598,106.3567,Open-Meteo-Historical,
2026-04-07 17:00:00,33.4,39,,0.0,88,,8.9,21.2,3,Tien Giang,10.3598,106.3567,Open-Meteo-Historical,
2026-04-07 18:00:00,31.3,49,,0.0,85,,5.3,17.6,3,Tien Giang,10.3598,106.3567,Open-Meteo-Historical,
2026-04-07 19:00:00,30.1,55,,0.0,96,,8.1,14.8,3,Tien Giang,10.3598,106.3567,Open-Meteo-Historical,
2026-04-07 20:00:00,27.9,79,,0.0,92,,14.4,25.9,3,Tien Giang,10.3598,106.3567,Open-Meteo-Historical,
2026-04-07 21:00:00,27.3,83,,0.0,33,,11.5,25.9,1,Tien Giang,10.3598,106.3567,Open-Meteo-Historical,
2026-04-07 22:00:00,26.8,87,,0.0,16,,11.1,20.9,0,Tien Giang,10.3598,106.3567,Open-Meteo-Historical,
2026-04-07 23:00:00,26.4,90,,0.0,5,,10.8,19.8,0,Tien Giang,10.3598,106.3567,Open-Meteo-Historical,
2026-04-08 00:00:00,26.0,94,,0.0,72,,11.1,19.8,2,Tien Giang,10.3598,106.3567,Open-Meteo-Historical,
2026-04-08 01:00:00,26.0,97,,0.0,96,,11.1,20.5,3,Tien Giang,10.3598,106.3567,Open-Meteo-Historical,
2026-04-08 02:00:00,25.9,97,,0.0,99,,10.7,20.2,3,Tien Giang,10.3598,106.3567,Open-Meteo-Historical,
2026-04-08 03:00:00,25.8,97,,0.0,92,,10.1,19.4,3,Tien Giang,10.3598,106.3567,Open-Meteo-Historical,
2026-04-08 04:00:00,25.5,98,,0.0,48,,7.3,18.4,1,Tien Giang,10.3598,106.3567,Open-Meteo-Historical,
2026-04-08 05:00:00,25.5,98,,0.0,5,,3.3,12.6,0,Tien Giang,10.3598,106.3567,Open-Meteo-Historical,
2026-04-08 06:00:00,25.0,99,,0.0,27,,2.6,6.1,1,Tien Giang,10.3598,106.3567,Open-Meteo-Historical,
2026-04-08 07:00:00,26.7,91,,0.0,45,,6.0,14.8,1,Tien Giang,10.3598,106.3567,Open-Meteo-Historical,
2026-04-08 08:00:00,28.5,80,,0.0,78,,5.2,15.5,2,Tien Giang,10.3598,106.3567,Open-Meteo-Historical,
2026-04-08 09:00:00,30.5,67,,0.0,82,,6.5,19.4,3,Tien Giang,10.3598,106.3567,Open-Meteo-Historical,
2026-04-08 10:00:00,32.1,59,,0.0,16,,6.6,20.5,0,Tien Giang,10.3598,106.3567,Open-Meteo-Historical,
2026-04-08 11:00:00,33.3,52,,0.0,26,,6.4,21.2,1,Tien Giang,10.3598,106.3567,Open-Meteo-Historical,
2026-04-08 12:00:00,34.0,50,,0.0,28,,5.4,20.9,1,Tien Giang,10.3598,106.3567,Open-Meteo-Historical,
2026-04-08 13:00:00,34.0,49,,0.0,14,,4.6,20.9,0,Tien Giang,10.3598,106.3567,Open-Meteo-Historical,
2026-04-08 14:00:00,34.7,46,,0.0,16,,4.8,18.0,0,Tien Giang,10.3598,106.3567,Open-Meteo-Historical,
2026-04-08 15:00:00,35.0,44,,0.0,24,,5.0,17.6,1,Tien Giang,10.3598,106.3567,Open-Meteo-Historical,
2026-04-08 16:00:00,35.0,42,,0.0,39,,3.9,16.9,1,Tien Giang,10.3598,106.3567,Open-Meteo-Historical,
2026-04-08 17:00:00,33.1,50,,0.0,52,,12.4,24.5,2,Tien Giang,10.3598,106.3567,Open-Meteo-Historical,
2026-04-08 18:00:00,30.5,66,,0.0,6,,16.4,32.4,0,Tien Giang,10.3598,106.3567,Open-Meteo-Historical,
2026-04-08 19:00:00,30.3,68,,0.0,1,,13.9,31.3,0,Tien Giang,10.3598,106.3567,Open-Meteo-Historical,
2026-04-08 20:00:00,28.9,75,,0.0,0,,14.7,27.7,0,Tien Giang,10.3598,106.3567,Open-Meteo-Historical,
2026-04-08 21:00:00,27.9,81,,0.0,0,,13.7,27.0,0,Tien Giang,10.3598,106.3567,Open-Meteo-Historical,
2026-04-08 22:00:00,27.2,85,,0.0,0,,13.0,25.2,0,Tien Giang,10.3598,106.3567,Open-Meteo-Historical,
2026-04-08 23:00:00,26.8,89,,0.0,0,,12.1,23.8,0,Tien Giang,10.3598,106.3567,Open-Meteo-Historical,
2026-04-09 00:00:00,26.4,91,,0.0,0,,10.8,22.0,0,Tien Giang,10.3598,106.3567,Open-Meteo-Historical,
2026-04-09 01:00:00,26.1,94,,0.0,8,,10.2,19.8,0,Tien Giang,10.3598,106.3567,Open-Meteo-Historical,
2026-04-09 02:00:00,25.9,94,,0.0,2,,10.0,18.7,0,Tien Giang,10.3598,106.3567,Open-Meteo-Historical,
2026-04-09 03:00:00,25.6,95,,0.0,2,,9.3,18.4,0,Tien Giang,10.3598,106.3567,Open-Meteo-Historical,
2026-04-09 04:00:00,25.4,96,,0.0,9,,8.4,16.9,0,Tien Giang,10.3598,106.3567,Open-Meteo-Historical,
2026-04-09 05:00:00,25.1,96,,0.0,18,,6.2,15.5,0,Tien Giang,10.3598,106.3567,Open-Meteo-Historical,
2026-04-09 06:00:00,24.8,97,,0.0,11,,3.9,11.2,0,Tien Giang,10.3598,106.3567,Open-Meteo-Historical,
2026-04-09 07:00:00,26.8,89,,0.0,20,,3.9,14.4,1,Tien Giang,10.3598,106.3567,Open-Meteo-Historical,
2026-04-09 08:00:00,28.9,75,,0.0,27,,10.1,23.0,1,Tien Giang,10.3598,106.3567,Open-Meteo-Historical,
2026-04-09 09:00:00,30.5,65,,0.0,17,,10.4,25.6,0,Tien Giang,10.3598,106.3567,Open-Meteo-Historical,
2026-04-09 10:00:00,31.8,58,,0.0,12,,11.4,28.1,0,Tien Giang,10.3598,106.3567,Open-Meteo-Historical,
2026-04-09 11:00:00,33.0,50,,0.0,2,,11.7,29.5,0,Tien Giang,10.3598,106.3567,Open-Meteo-Historical,
2026-04-09 12:00:00,34.0,45,,0.0,0,,11.2,29.5,0,Tien Giang,10.3598,106.3567,Open-Meteo-Historical,
2026-04-09 13:00:00,34.0,46,,0.0,2,,10.5,28.8,0,Tien Giang,10.3598,106.3567,Open-Meteo-Historical,
2026-04-09 14:00:00,34.1,45,,0.0,6,,10.6,27.0,0,Tien Giang,10.3598,106.3567,Open-Meteo-Historical,
2026-04-09 15:00:00,33.8,45,,0.0,15,,11.2,27.0,0,Tien Giang,10.3598,106.3567,Open-Meteo-Historical,
2026-04-09 16:00:00,33.2,47,,0.0,16,,12.4,28.1,0,Tien Giang,10.3598,106.3567,Open-Meteo-Historical,
2026-04-09 17:00:00,31.7,52,,0.0,9,,13.7,28.8,0,Tien Giang,10.3598,106.3567,Open-Meteo-Historical,
2026-04-09 18:00:00,29.6,59,,0.0,0,,15.2,29.5,0,Tien Giang,10.3598,106.3567,Open-Meteo-Historical,
2026-04-09 19:00:00,28.9,67,,0.0,0,,15.2,28.8,0,Tien Giang,10.3598,106.3567,Open-Meteo-Historical,
2026-04-09 20:00:00,27.8,73,,0.0,0,,13.7,28.1,0,Tien Giang,10.3598,106.3567,Open-Meteo-Historical,
2026-04-09 21:00:00,27.0,77,,0.0,0,,13.2,25.6,0,Tien Giang,10.3598,106.3567,Open-Meteo-Historical,
2026-04-09 22:00:00,26.5,81,,0.0,0,,11.0,24.1,0,Tien Giang,10.3598,106.3567,Open-Meteo-Historical,
2026-04-09 23:00:00,25.9,85,,0.0,0,,7.7,20.2,0,Tien Giang,10.3598,106.3567,Open-Meteo-Historical,
2026-04-10 00:00:00,25.3,89,,0.0,0,,4.6,13.7,0,Tien Giang,10.3598,106.3567,Open-Meteo-Historical,
2026-04-10 01:00:00,25.0,94,,0.0,0,,3.5,9.0,0,Tien Giang,10.3598,106.3567,Open-Meteo-Historical,
2026-04-10 02:00:00,25.0,93,,0.0,0,,4.5,8.3,0,Tien Giang,10.3598,106.3567,Open-Meteo-Historical,
2026-04-10 03:00:00,24.6,94,,0.0,0,,4.8,9.0,0,Tien Giang,10.3598,106.3567,Open-Meteo-Historical,
2026-04-10 04:00:00,24.4,96,,0.0,0,,4.6,9.0,0,Tien Giang,10.3598,106.3567,Open-Meteo-Historical,
2026-04-10 05:00:00,24.4,96,,0.0,0,,5.3,9.7,0,Tien Giang,10.3598,106.3567,Open-Meteo-Historical,
2026-04-10 06:00:00,24.3,96,,0.0,0,,6.3,11.5,0,Tien Giang,10.3598,106.3567,Open-Meteo-Historical,
2026-04-10 07:00:00,26.5,85,,0.0,0,,5.9,14.4,0,Tien Giang,10.3598,106.3567,Open-Meteo-Historical,
2026-04-10 08:00:00,28.7,71,,0.0,13,,7.7,19.8,0,Tien Giang,10.3598,106.3567,Open-Meteo-Historical,
2026-04-10 09:00:00,30.4,63,,0.0,100,,7.2,20.9,3,Tien Giang,10.3598,106.3567,Open-Meteo-Historical,
2026-04-10 10:00:00,31.1,59,,0.0,38,,5.9,20.9,1,Tien Giang,10.3598,106.3567,Open-Meteo-Historical,
2026-04-10 11:00:00,33.0,52,,0.0,56,,5.1,19.4,2,Tien Giang,10.3598,106.3567,Open-Meteo-Historical,
2026-04-10 12:00:00,33.8,49,,0.0,99,,4.2,19.1,3,Tien Giang,10.3598,106.3567,Open-Meteo-Historical,
2026-04-10 13:00:00,33.5,50,,0.0,97,,2.0,17.6,3,Tien Giang,10.3598,106.3567,Open-Meteo-Historical,
2026-04-10 14:00:00,34.2,48,,0.1,94,,1.0,14.8,51,Tien Giang,10.3598,106.3567,Open-Meteo-Historical,
2026-04-10 15:00:00,34.2,48,,0.0,60,,2.1,14.8,2,Tien Giang,10.3598,106.3567,Open-Meteo-Historical,
2026-04-10 16:00:00,34.2,46,,0.0,24,,2.3,13.3,1,Tien Giang,10.3598,106.3567,Open-Meteo-Historical,
2026-04-10 17:00:00,33.7,47,,0.0,13,,7.2,15.5,0,Tien Giang,10.3598,106.3567,Open-Meteo-Historical,
2026-04-10 18:00:00,30.5,64,,0.0,2,,14.3,27.7,0,Tien Giang,10.3598,106.3567,Open-Meteo-Historical,
2026-04-10 19:00:00,29.6,67,,0.0,5,,13.8,28.4,0,Tien Giang,10.3598,106.3567,Open-Meteo-Historical,
2026-04-10 20:00:00,28.1,73,,0.0,0,,13.8,28.1,0,Tien Giang,10.3598,106.3567,Open-Meteo-Historical,
2026-04-10 21:00:00,27.5,77,,0.0,0,,12.9,25.9,0,Tien Giang,10.3598,106.3567,Open-Meteo-Historical,
2026-04-10 22:00:00,27.0,80,,0.0,0,,12.0,23.8,0,Tien Giang,10.3598,106.3567,Open-Meteo-Historical,
2026-04-10 23:00:00,26.5,83,,0.0,0,,10.1,22.0,0,Tien Giang,10.3598,106.3567,Open-Meteo-Historical,
2026-04-11 00:00:00,26.0,86,,0.0,0,,8.5,18.4,0,Tien Giang,10.3598,106.3567,Open-Meteo-Historical,
2026-04-11 01:00:00,25.8,90,,0.0,0,,6.6,15.5,0,Tien Giang,10.3598,106.3567,Open-Meteo-Historical,
2026-04-11 02:00:00,25.5,91,,0.0,30,,5.0,11.5,1,Tien Giang,10.3598,106.3567,Open-Meteo-Historical,
2026-04-11 03:00:00,25.2,93,,0.0,71,,5.0,9.4,2,Tien Giang,10.3598,106.3567,Open-Meteo-Historical,
2026-04-11 04:00:00,24.9,94,,0.0,86,,4.7,9.0,3,Tien Giang,10.3598,106.3567,Open-Meteo-Historical,
2026-04-11 05:00:00,24.9,95,,0.0,90,,5.7,10.4,3,Tien Giang,10.3598,106.3567,Open-Meteo-Historical,
2026-04-11 06:00:00,24.8,95,,0.0,81,,4.9,10.4,3,Tien Giang,10.3598,106.3567,Open-Meteo-Historical,
2026-04-11 07:00:00,26.5,86,,0.0,23,,4.2,11.5,1,Tien Giang,10.3598,106.3567,Open-Meteo-Historical,
2026-04-11 08:00:00,28.4,76,,0.1,37,,10.0,23.0,51,Tien Giang,10.3598,106.3567,Open-Meteo-Historical,
2026-04-11 09:00:00,30.0,68,,0.1,38,,9.4,24.5,51,Tien Giang,10.3598,106.3567,Open-Meteo-Historical,
2026-04-11 10:00:00,31.6,61,,0.0,30,,7.9,24.1,1,Tien Giang,10.3598,106.3567,Open-Meteo-Historical,
2026-04-11 11:00:00,33.2,54,,0.0,29,,7.2,23.0,1,Tien Giang,10.3598,106.3567,Open-Meteo-Historical,
2026-04-11 12:00:00,34.1,49,,0.0,40,,7.2,23.0,1,Tien Giang,10.3598,106.3567,Open-Meteo-Historical,
2026-04-11 13:00:00,34.1,50,,0.0,50,,6.6,22.7,2,Tien Giang,10.3598,106.3567,Open-Meteo-Historical,
2026-04-11 14:00:00,34.2,49,,0.0,27,,6.3,20.9,1,Tien Giang,10.3598,106.3567,Open-Meteo-Historical,
2026-04-11 15:00:00,34.2,47,,0.0,22,,6.0,20.2,1,Tien Giang,10.3598,106.3567,Open-Meteo-Historical,
2026-04-11 16:00:00,34.0,47,,0.0,23,,5.9,18.4,1,Tien Giang,10.3598,106.3567,Open-Meteo-Historical,
2026-04-11 17:00:00,33.5,47,,0.0,17,,4.9,16.9,0,Tien Giang,10.3598,106.3567,Open-Meteo-Historical,
2026-04-11 18:00:00,32.2,52,,0.0,18,,9.8,15.8,0,Tien Giang,10.3598,106.3567,Open-Meteo-Historical,
2026-04-11 19:00:00,30.1,64,,0.0,9,,13.3,27.0,0,Tien Giang,10.3598,106.3567,Open-Meteo-Historical,
2026-04-11 20:00:00,29.0,69,,0.0,4,,11.9,24.8,0,Tien Giang,10.3598,106.3567,Open-Meteo-Historical,
2026-04-11 21:00:00,28.1,70,,0.0,7,,12.4,22.7,0,Tien Giang,10.3598,106.3567,Open-Meteo-Historical,
2026-04-11 22:00:00,27.4,74,,0.0,0,,11.2,23.0,0,Tien Giang,10.3598,106.3567,Open-Meteo-Historical,
2026-04-11 23:00:00,26.9,79,,0.0,0,,10.1,20.2,0,Tien Giang,10.3598,106.3567,Open-Meteo-Historical,
2026-04-12 00:00:00,26.5,81,,0.0,0,,10.2,18.7,0,Tien Giang,10.3598,106.3567,Open-Meteo-Historical,
2026-04-12 01:00:00,26.2,85,,0.0,0,,7.1,18.4,0,Tien Giang,10.3598,106.3567,Open-Meteo-Historical,
2026-04-12 02:00:00,25.9,87,,0.0,0,,5.5,12.6,0,Tien Giang,10.3598,106.3567,Open-Meteo-Historical,
2026-04-12 03:00:00,25.5,90,,0.0,0,,4.0,9.7,0,Tien Giang,10.3598,106.3567,Open-Meteo-Historical,
2026-04-12 04:00:00,25.1,94,,0.0,1,,3.1,6.8,0,Tien Giang,10.3598,106.3567,Open-Meteo-Historical,
2026-04-12 05:00:00,25.0,95,,0.0,1,,4.1,7.6,0,Tien Giang,10.3598,106.3567,Open-Meteo-Historical,
2026-04-12 06:00:00,25.0,96,,0.0,1,,4.8,8.6,0,Tien Giang,10.3598,106.3567,Open-Meteo-Historical,
2026-04-12 07:00:00,26.9,86,,0.0,0,,5.6,15.1,0,Tien Giang,10.3598,106.3567,Open-Meteo-Historical,
2026-04-12 08:00:00,29.2,75,,0.0,0,,7.8,19.8,0,Tien Giang,10.3598,106.3567,Open-Meteo-Historical,
2026-04-12 09:00:00,31.1,66,,0.0,3,,8.1,22.7,0,Tien Giang,10.3598,106.3567,Open-Meteo-Historical,
2026-04-12 10:00:00,32.7,58,,0.0,23,,8.0,23.0,1,Tien Giang,10.3598,106.3567,Open-Meteo-Historical,
2026-04-12 11:00:00,33.8,51,,0.0,30,,9.0,24.8,1,Tien Giang,10.3598,106.3567,Open-Meteo-Historical,
2026-04-12 12:00:00,34.7,46,,0.0,32,,9.6,26.3,1,Tien Giang,10.3598,106.3567,Open-Meteo-Historical,
2026-04-12 13:00:00,33.5,53,,0.0,51,,9.9,25.9,2,Tien Giang,10.3598,106.3567,Open-Meteo-Historical,
2026-04-12 14:00:00,31.5,60,,1.5,74,,12.7,32.0,61,Tien Giang,10.3598,106.3567,Open-Meteo-Historical,
2026-04-12 15:00:00,32.8,54,,0.0,34,,11.2,29.9,1,Tien Giang,10.3598,106.3567,Open-Meteo-Historical,
2026-04-12 16:00:00,31.8,58,,0.0,35,,14.8,32.0,1,Tien Giang,10.3598,106.3567,Open-Meteo-Historical,
2026-04-12 17:00:00,30.9,63,,0.0,29,,13.5,31.7,1,Tien Giang,10.3598,106.3567,Open-Meteo-Historical,
2026-04-12 18:00:00,30.2,65,,0.0,3,,10.6,27.4,0,Tien Giang,10.3598,106.3567,Open-Meteo-Historical,
2026-04-12 19:00:00,27.7,81,,0.0,1,,10.1,19.1,0,Tien Giang,10.3598,106.3567,Open-Meteo-Historical,
2026-04-12 20:00:00,27.9,82,,0.0,2,,11.2,19.4,0,Tien Giang,10.3598,106.3567,Open-Meteo-Historical,
2026-04-12 21:00:00,27.5,80,,0.0,2,,11.4,21.6,0,Tien Giang,10.3598,106.3567,Open-Meteo-Historical,
2026-04-12 22:00:00,27.0,81,,0.0,1,,11.4,20.9,0,Tien Giang,10.3598,106.3567,Open-Meteo-Historical,
2026-04-12 23:00:00,26.6,83,,0.0,1,,10.6,20.5,0,Tien Giang,10.3598,106.3567,Open-Meteo-Historical,
2026-04-13 00:00:00,26.3,86,,0.0,0,,8.8,19.1,0,Tien Giang,10.3598,106.3567,Open-Meteo-Historical,
2026-04-13 01:00:00,26.1,91,,0.0,1,,7.6,15.8,0,Tien Giang,10.3598,106.3567,Open-Meteo-Historical,
2026-04-13 02:00:00,25.8,93,,0.0,5,,7.8,14.0,0,Tien Giang,10.3598,106.3567,Open-Meteo-Historical,
2026-04-13 03:00:00,25.6,93,,0.0,1,,6.5,13.7,0,Tien Giang,10.3598,106.3567,Open-Meteo-Historical,
2026-04-13 04:00:00,25.4,94,,0.0,0,,6.0,11.9,0,Tien Giang,10.3598,106.3567,Open-Meteo-Historical,
2026-04-13 05:00:00,25.2,94,,0.0,0,,5.8,10.8,0,Tien Giang,10.3598,106.3567,Open-Meteo-Historical,
2026-04-13 06:00:00,25.1,94,,0.0,0,,4.5,10.4,0,Tien Giang,10.3598,106.3567,Open-Meteo-Historical,
2026-04-13 07:00:00,27.2,83,,0.0,0,,5.0,11.5,0,Tien Giang,10.3598,106.3567,Open-Meteo-Historical,
2026-04-13 08:00:00,29.4,72,,0.0,16,,9.4,22.3,0,Tien Giang,10.3598,106.3567,Open-Meteo-Historical,
2026-04-13 09:00:00,31.0,63,,0.0,4,,9.3,24.5,0,Tien Giang,10.3598,106.3567,Open-Meteo-Historical,
2026-04-13 10:00:00,32.5,55,,0.0,8,,8.7,24.1,0,Tien Giang,10.3598,106.3567,Open-Meteo-Historical,
2026-04-13 11:00:00,33.7,49,,0.0,10,,8.3,24.1,0,Tien Giang,10.3598,106.3567,Open-Meteo-Historical,
2026-04-13 12:00:00,34.8,44,,0.0,26,,6.7,24.1,1,Tien Giang,10.3598,106.3567,Open-Meteo-Historical,
2026-04-13 13:00:00,33.5,50,,0.0,34,,7.2,22.0,1,Tien Giang,10.3598,106.3567,Open-Meteo-Historical,
2026-04-13 14:00:00,33.5,50,,0.1,38,,8.6,23.4,51,Tien Giang,10.3598,106.3567,Open-Meteo-Historical,
2026-04-13 15:00:00,33.4,51,,0.2,43,,9.2,23.8,51,Tien Giang,10.3598,106.3567,Open-Meteo-Historical,
2026-04-13 16:00:00,33.0,51,,0.1,34,,9.1,23.4,51,Tien Giang,10.3598,106.3567,Open-Meteo-Historical,
2026-04-13 17:00:00,32.3,53,,0.0,40,,9.8,21.6,1,Tien Giang,10.3598,106.3567,Open-Meteo-Historical,
2026-04-13 18:00:00,30.4,64,,0.0,5,,14.3,25.9,0,Tien Giang,10.3598,106.3567,Open-Meteo-Historical,
2026-04-13 19:00:00,29.7,68,,0.0,3,,12.3,30.2,0,Tien Giang,10.3598,106.3567,Open-Meteo-Historical,
2026-04-13 20:00:00,28.5,74,,0.0,1,,12.0,23.8,0,Tien Giang,10.3598,106.3567,Open-Meteo-Historical,
2026-04-13 21:00:00,27.7,78,,0.0,1,,10.4,22.3,0,Tien Giang,10.3598,106.3567,Open-Meteo-Historical,
2026-04-13 22:00:00,27.2,81,,0.0,0,,9.6,19.1,0,Tien Giang,10.3598,106.3567,Open-Meteo-Historical,
2026-04-13 23:00:00,26.8,84,,0.0,0,,8.2,17.6,0,Tien Giang,10.3598,106.3567,Open-Meteo-Historical,
2026-04-14 00:00:00,26.4,87,,0.0,0,,5.8,14.8,0,Tien Giang,10.3598,106.3567,Open-Meteo-Historical,
2026-04-14 01:00:00,26.1,91,,0.0,0,,4.2,10.1,0,Tien Giang,10.3598,106.3567,Open-Meteo-Historical,
2026-04-14 02:00:00,25.8,94,,0.0,0,,3.1,7.6,0,Tien Giang,10.3598,106.3567,Open-Meteo-Historical,
2026-04-14 03:00:00,25.5,96,,0.0,0,,2.9,5.4,0,Tien Giang,10.3598,106.3567,Open-Meteo-Historical,
2026-04-14 04:00:00,25.4,96,,0.0,74,,3.3,5.8,2,Tien Giang,10.3598,106.3567,Open-Meteo-Historical,
2026-04-14 05:00:00,25.3,96,,0.0,13,,3.2,6.1,0,Tien Giang,10.3598,106.3567,Open-Meteo-Historical,
2026-04-14 06:00:00,25.4,97,,0.0,0,,3.3,6.1,0,Tien Giang,10.3598,106.3567,Open-Meteo-Historical,
2026-04-14 07:00:00,27.5,85,,0.0,1,,4.3,11.9,0,Tien Giang,10.3598,106.3567,Open-Meteo-Historical,
2026-04-14 08:00:00,29.4,72,,0.0,13,,7.1,19.1,0,Tien Giang,10.3598,106.3567,Open-Meteo-Historical,
2026-04-14 09:00:00,30.8,65,,0.0,18,,5.4,19.4,0,Tien Giang,10.3598,106.3567,Open-Meteo-Historical,
2026-04-14 10:00:00,32.1,58,,0.0,16,,5.7,19.4,0,Tien Giang,10.3598,106.3567,Open-Meteo-Historical,
2026-04-14 11:00:00,33.3,54,,0.0,17,,7.3,22.0,0,Tien Giang,10.3598,106.3567,Open-Meteo-Historical,
2026-04-14 12:00:00,34.0,51,,0.0,26,,8.3,23.8,1,Tien Giang,10.3598,106.3567,Open-Meteo-Historical,
2026-04-14 13:00:00,33.2,55,,0.1,38,,6.2,24.1,51,Tien Giang,10.3598,106.3567,Open-Meteo-Historical,
2026-04-14 14:00:00,33.7,53,,0.0,94,,7.1,21.2,3,Tien Giang,10.3598,106.3567,Open-Meteo-Historical,
2026-04-14 15:00:00,33.2,54,,0.1,23,,6.0,21.2,51,Tien Giang,10.3598,106.3567,Open-Meteo-Historical,
2026-04-14 16:00:00,33.3,52,,0.0,12,,7.3,18.7,0,Tien Giang,10.3598,106.3567,Open-Meteo-Historical,
2026-04-14 17:00:00,32.5,53,,0.0,9,,10.0,21.6,0,Tien Giang,10.3598,106.3567,Open-Meteo-Historical,
2026-04-14 18:00:00,30.6,59,,0.0,5,,12.8,23.8,0,Tien Giang,10.3598,106.3567,Open-Meteo-Historical,
2026-04-14 19:00:00,29.4,65,,0.0,2,,12.8,24.8,0,Tien Giang,10.3598,106.3567,Open-Meteo-Historical,
2026-04-14 20:00:00,28.3,70,,0.0,2,,13.2,24.8,0,Tien Giang,10.3598,106.3567,Open-Meteo-Historical,
2026-04-14 21:00:00,27.5,77,,0.0,1,,11.2,24.5,0,Tien Giang,10.3598,106.3567,Open-Meteo-Historical,
2026-04-14 22:00:00,27.0,81,,0.0,0,,9.7,20.9,0,Tien Giang,10.3598,106.3567,Open-Meteo-Historical,
2026-04-14 23:00:00,26.5,85,,0.0,0,,8.0,17.3,0,Tien Giang,10.3598,106.3567,Open-Meteo-Historical,
2026-04-15 00:00:00,26.1,87,,0.0,0,,7.4,14.4,0,Tien Giang,10.3598,106.3567,Open-Meteo-Historical,
2026-04-15 01:00:00,25.9,92,,0.0,3,,5.6,13.0,0,Tien Giang,10.3598,106.3567,Open-Meteo-Historical,
2026-04-15 02:00:00,25.5,95,,0.0,9,,5.1,9.7,0,Tien Giang,10.3598,106.3567,Open-Meteo-Historical,
2026-04-15 03:00:00,25.1,97,,0.0,52,,4.2,9.4,2,Tien Giang,10.3598,106.3567,Open-Meteo-Historical,
2026-04-15 04:00:00,24.9,97,,0.0,93,,3.4,7.6,3,Tien Giang,10.3598,106.3567,Open-Meteo-Historical,
2026-04-15 05:00:00,24.9,98,,0.0,34,,2.0,5.4,1,Tien Giang,10.3598,106.3567,Open-Meteo-Historical,
2026-04-15 06:00:00,25.0,99,,0.0,2,,1.4,2.9,0,Tien Giang,10.3598,106.3567,Open-Meteo-Historical,
2026-04-15 07:00:00,27.0,87,,0.0,2,,3.4,9.4,0,Tien Giang,10.3598,106.3567,Open-Meteo-Historical,
2026-04-15 08:00:00,29.2,72,,0.0,21,,9.4,22.0,1,Tien Giang,10.3598,106.3567,Open-Meteo-Historical,
2026-04-15 09:00:00,30.5,64,,0.0,18,,10.3,25.6,0,Tien Giang,10.3598,106.3567,Open-Meteo-Historical,
2026-04-15 10:00:00,31.8,58,,0.0,41,,9.6,25.6,1,Tien Giang,10.3598,106.3567,Open-Meteo-Historical,
2026-04-15 11:00:00,32.9,53,,0.1,35,,9.1,25.6,51,Tien Giang,10.3598,106.3567,Open-Meteo-Historical,
2026-04-15 12:00:00,33.8,50,,0.1,99,,8.6,24.8,51,Tien Giang,10.3598,106.3567,Open-Meteo-Historical,
2026-04-15 13:00:00,33.5,48,,0.0,40,,11.0,27.4,1,Tien Giang,10.3598,106.3567,Open-Meteo-Historical,
2026-04-15 14:00:00,33.8,48,,0.0,100,,12.5,29.5,3,Tien Giang,10.3598,106.3567,Open-Meteo-Historical,
2026-04-15 15:00:00,32.6,50,,0.0,97,,13.0,29.5,3,Tien Giang,10.3598,106.3567,Open-Meteo-Historical,
2026-04-15 16:00:00,32.3,51,,0.0,93,,10.5,29.2,3,Tien Giang,10.3598,106.3567,Open-Meteo-Historical,
2026-04-15 17:00:00,31.8,51,,0.0,85,,10.2,23.8,3,Tien Giang,10.3598,106.3567,Open-Meteo-Historical,
2026-04-15 18:00:00,30.7,55,,0.0,81,,11.2,22.0,3,Tien Giang,10.3598,106.3567,Open-Meteo-Historical,
2026-04-15 19:00:00,29.6,62,,0.0,7,,12.4,21.2,0,Tien Giang,10.3598,106.3567,Open-Meteo-Historical,
2026-04-15 20:00:00,28.7,67,,0.0,4,,11.6,22.7,0,Tien Giang,10.3598,106.3567,Open-Meteo-Historical,
2026-04-15 21:00:00,28.0,71,,0.0,3,,11.1,21.2,0,Tien Giang,10.3598,106.3567,Open-Meteo-Historical,
2026-04-15 22:00:00,27.4,73,,0.0,2,,9.3,20.2,0,Tien Giang,10.3598,106.3567,Open-Meteo-Historical,
2026-04-15 23:00:00,26.9,75,,0.0,0,,8.0,16.9,0,Tien Giang,10.3598,106.3567,Open-Meteo-Historical,
2026-04-16 00:00:00,26.5,78,,0.0,0,,7.2,14.4,0,Tien Giang,10.3598,106.3567,Open-Meteo-Historical,
2026-04-16 01:00:00,26.3,83,,0.0,0,,7.0,12.6,0,Tien Giang,10.3598,106.3567,Open-Meteo-Historical,
2026-04-16 02:00:00,25.9,86,,0.0,0,,7.3,13.0,0,Tien Giang,10.3598,106.3567,Open-Meteo-Historical,
2026-04-16 03:00:00,25.5,86,,0.0,95,,6.3,13.0,3,Tien Giang,10.3598,106.3567,Open-Meteo-Historical,
2026-04-16 04:00:00,25.0,89,,0.0,81,,4.1,10.8,3,Tien Giang,10.3598,106.3567,Open-Meteo-Historical,
2026-04-16 05:00:00,24.9,91,,0.0,95,,3.2,6.1,3,Tien Giang,10.3598,106.3567,Open-Meteo-Historical,
2026-04-16 06:00:00,25.0,91,,0.0,100,,2.6,5.0,3,Tien Giang,10.3598,106.3567,Open-Meteo-Historical,
2026-04-16 07:00:00,27.0,82,,0.0,0,,3.6,9.0,0,Tien Giang,10.3598,106.3567,Open-Meteo-Historical,
2026-04-16 08:00:00,29.4,68,,0.0,0,,7.1,18.7,0,Tien Giang,10.3598,106.3567,Open-Meteo-Historical,
2026-04-16 09:00:00,30.9,60,,0.0,2,,7.2,20.9,0,Tien Giang,10.3598,106.3567,Open-Meteo-Historical,
2026-04-16 10:00:00,32.7,51,,0.0,28,,7.8,22.7,1,Tien Giang,10.3598,106.3567,Open-Meteo-Historical,
2026-04-16 11:00:00,34.2,46,,0.0,41,,8.6,24.1,1,Tien Giang,10.3598,106.3567,Open-Meteo-Historical,
2026-04-16 12:00:00,34.9,44,,0.0,13,,8.9,24.8,0,Tien Giang,10.3598,106.3567,Open-Meteo-Historical,
2026-04-16 13:00:00,35.2,42,,0.0,41,,8.6,25.6,1,Tien Giang,10.3598,106.3567,Open-Meteo-Historical,
2026-04-16 14:00:00,35.0,43,,0.0,51,,12.0,28.8,2,Tien Giang,10.3598,106.3567,Open-Meteo-Historical,
2026-04-16 15:00:00,34.0,45,,0.0,19,,13.4,30.6,0,Tien Giang,10.3598,106.3567,Open-Meteo-Historical,
2026-04-16 16:00:00,33.2,46,,0.0,6,,13.6,30.6,0,Tien Giang,10.3598,106.3567,Open-Meteo-Historical,
2026-04-16 17:00:00,32.0,49,,0.0,3,,14.2,29.9,0,Tien Giang,10.3598,106.3567,Open-Meteo-Historical,
2026-04-16 18:00:00,30.0,56,,0.0,4,,15.1,30.2,0,Tien Giang,10.3598,106.3567,Open-Meteo-Historical,
2026-04-16 19:00:00,29.0,67,,0.0,7,,13.0,28.8,0,Tien Giang,10.3598,106.3567,Open-Meteo-Historical,
2026-04-16 20:00:00,28.2,73,,0.0,1,,12.5,23.8,0,Tien Giang,10.3598,106.3567,Open-Meteo-Historical,
2026-04-16 21:00:00,27.8,76,,0.0,0,,11.9,23.0,0,Tien Giang,10.3598,106.3567,Open-Meteo-Historical,
2026-04-16 22:00:00,27.5,78,,0.0,0,,9.5,22.0,0,Tien Giang,10.3598,106.3567,Open-Meteo-Historical,
2026-04-16 23:00:00,27.1,81,,0.0,0,,8.5,17.3,0,Tien Giang,10.3598,106.3567,Open-Meteo-Historical,
2026-04-17 00:00:00,26.8,83,,0.0,1,,7.6,15.1,0,Tien Giang,10.3598,106.3567,Open-Meteo-Historical,
2026-04-17 01:00:00,26.6,86,,0.0,5,,8.1,13.3,0,Tien Giang,10.3598,106.3567,Open-Meteo-Historical,
2026-04-17 02:00:00,26.5,86,,0.0,5,,7.4,14.4,0,Tien Giang,10.3598,106.3567,Open-Meteo-Historical,
2026-04-17 03:00:00,26.2,87,,0.0,5,,6.7,13.3,0,Tien Giang,10.3598,106.3567,Open-Meteo-Historical,
2026-04-17 04:00:00,25.9,89,,0.0,1,,4.7,11.9,0,Tien Giang,10.3598,106.3567,Open-Meteo-Historical,
2026-04-17 05:00:00,25.5,91,,0.0,59,,3.8,8.3,2,Tien Giang,10.3598,106.3567,Open-Meteo-Historical,
2026-04-17 06:00:00,25.5,91,,0.0,56,,4.2,6.8,2,Tien Giang,10.3598,106.3567,Open-Meteo-Historical,
2026-04-17 07:00:00,27.5,82,,0.0,86,,5.1,13.3,3,Tien Giang,10.3598,106.3567,Open-Meteo-Historical,
2026-04-17 08:00:00,29.8,68,,0.0,17,,9.6,23.0,0,Tien Giang,10.3598,106.3567,Open-Meteo-Historical,
2026-04-17 09:00:00,31.4,59,,0.0,7,,9.5,24.8,0,Tien Giang,10.3598,106.3567,Open-Meteo-Historical,
2026-04-17 10:00:00,32.8,52,,0.0,16,,8.5,24.5,0,Tien Giang,10.3598,106.3567,Open-Meteo-Historical,
2026-04-17 11:00:00,34.0,48,,0.0,30,,7.7,24.1,1,Tien Giang,10.3598,106.3567,Open-Meteo-Historical,
2026-04-17 12:00:00,34.7,46,,0.1,39,,6.4,23.4,51,Tien Giang,10.3598,106.3567,Open-Meteo-Historical,
2026-04-17 13:00:00,34.2,45,,0.0,13,,4.6,21.6,0,Tien Giang,10.3598,106.3567,Open-Meteo-Historical,
2026-04-17 14:00:00,34.8,43,,0.0,16,,4.8,18.7,0,Tien Giang,10.3598,106.3567,Open-Meteo-Historical,
2026-04-17 15:00:00,35.0,41,,0.0,17,,7.3,20.2,0,Tien Giang,10.3598,106.3567,Open-Meteo-Historical,
2026-04-17 16:00:00,34.0,43,,0.0,12,,13.4,28.8,0,Tien Giang,10.3598,106.3567,Open-Meteo-Historical,
2026-04-17 17:00:00,31.9,47,,0.0,6,,16.0,34.2,0,Tien Giang,10.3598,106.3567,Open-Meteo-Historical,
2026-04-17 18:00:00,30.5,48,,0.0,18,,13.6,32.8,0,Tien Giang,10.3598,106.3567,Open-Meteo-Historical,
2026-04-17 19:00:00,28.9,62,,0.0,2,,14.0,27.4,0,Tien Giang,10.3598,106.3567,Open-Meteo-Historical,
2026-04-17 20:00:00,28.0,68,,0.0,9,,13.0,25.6,0,Tien Giang,10.3598,106.3567,Open-Meteo-Historical,
2026-04-17 21:00:00,27.2,73,,0.0,27,,10.6,23.8,1,Tien Giang,10.3598,106.3567,Open-Meteo-Historical,
2026-04-17 22:00:00,26.6,77,,0.0,14,,8.8,19.1,0,Tien Giang,10.3598,106.3567,Open-Meteo-Historical,
2026-04-17 23:00:00,26.2,80,,0.0,7,,7.3,15.8,0,Tien Giang,10.3598,106.3567,Open-Meteo-Historical,
2026-04-18 00:00:00,25.5,84,,0.0,36,,4.5,13.0,1,Tien Giang,10.3598,106.3567,Open-Meteo-Historical,
2026-04-18 01:00:00,25.5,88,,0.0,100,,5.0,8.6,3,Tien Giang,10.3598,106.3567,Open-Meteo-Historical,
2026-04-18 02:00:00,25.0,91,,0.0,98,,3.1,8.6,3,Tien Giang,10.3598,106.3567,Open-Meteo-Historical,
2026-04-18 03:00:00,24.9,93,,0.0,96,,4.0,7.2,3,Tien Giang,10.3598,106.3567,Open-Meteo-Historical,
2026-04-18 04:00:00,24.6,95,,0.0,99,,3.6,7.2,3,Tien Giang,10.3598,106.3567,Open-Meteo-Historical,
2026-04-18 05:00:00,24.6,94,,0.0,17,,3.0,6.1,0,Tien Giang,10.3598,106.3567,Open-Meteo-Historical,
2026-04-18 06:00:00,24.9,95,,0.0,22,,1.6,4.7,1,Tien Giang,10.3598,106.3567,Open-Meteo-Historical,
2026-04-18 07:00:00,26.8,84,,0.0,20,,2.2,9.4,1,Tien Giang,10.3598,106.3567,Open-Meteo-Historical,
2026-04-18 08:00:00,29.2,70,,0.0,20,,6.6,16.9,1,Tien Giang,10.3598,106.3567,Open-Meteo-Historical,
2026-04-18 09:00:00,30.8,61,,0.0,16,,8.8,23.0,0,Tien Giang,10.3598,106.3567,Open-Meteo-Historical,
2026-04-18 10:00:00,32.2,54,,0.0,45,,8.7,24.5,1,Tien Giang,10.3598,106.3567,Open-Meteo-Historical,
2026-04-18 11:00:00,33.5,50,,0.0,27,,8.2,24.5,1,Tien Giang,10.3598,106.3567,Open-Meteo-Historical,
2026-04-18 12:00:00,34.2,47,,0.0,34,,8.5,24.5,1,Tien Giang,10.3598,106.3567,Open-Meteo-Historical,
2026-04-18 13:00:00,33.9,44,,0.1,16,,12.6,27.0,51,Tien Giang,10.3598,106.3567,Open-Meteo-Historical,
2026-04-18 14:00:00,34.1,43,,0.0,7,,11.3,30.6,0,Tien Giang,10.3598,106.3567,Open-Meteo-Historical,
2026-04-18 15:00:00,34.2,42,,0.0,23,,8.8,28.1,1,Tien Giang,10.3598,106.3567,Open-Meteo-Historical,
2026-04-18 16:00:00,34.3,40,,0.0,48,,6.9,23.0,1,Tien Giang,10.3598,106.3567,Open-Meteo-Historical,
2026-04-18 17:00:00,33.1,43,,0.0,18,,12.1,23.8,0,Tien Giang,10.3598,106.3567,Open-Meteo-Historical,
2026-04-18 18:00:00,29.9,54,,0.0,2,,17.1,33.8,0,Tien Giang,10.3598,106.3567,Open-Meteo-Historical,
2026-04-18 19:00:00,29.5,64,,0.0,3,,13.7,32.0,0,Tien Giang,10.3598,106.3567,Open-Meteo-Historical,
2026-04-18 20:00:00,28.6,70,,0.0,2,,12.0,25.2,0,Tien Giang,10.3598,106.3567,Open-Meteo-Historical,
2026-04-18 21:00:00,28.2,73,,0.0,0,,11.2,22.3,0,Tien Giang,10.3598,106.3567,Open-Meteo-Historical,
2026-04-18 22:00:00,27.9,75,,0.0,1,,9.3,20.5,0,Tien Giang,10.3598,106.3567,Open-Meteo-Historical,
2026-04-18 23:00:00,27.6,77,,0.0,4,,9.2,16.6,0,Tien Giang,10.3598,106.3567,Open-Meteo-Historical,
2026-04-19 00:00:00,27.3,81,,0.0,5,,8.6,17.6,0,Tien Giang,10.3598,106.3567,Open-Meteo-Historical,
2026-04-19 01:00:00,27.0,86,,0.0,71,,8.4,15.5,2,Tien Giang,10.3598,106.3567,Open-Meteo-Historical,
2026-04-19 02:00:00,26.8,87,,0.0,71,,8.2,15.5,2,Tien Giang,10.3598,106.3567,Open-Meteo-Historical,
2026-04-19 03:00:00,26.5,88,,0.0,70,,8.4,15.1,2,Tien Giang,10.3598,106.3567,Open-Meteo-Historical,
2026-04-19 04:00:00,26.2,88,,0.0,47,,8.1,15.8,1,Tien Giang,10.3598,106.3567,Open-Meteo-Historical,
2026-04-19 05:00:00,26.2,87,,0.0,62,,8.7,15.8,2,Tien Giang,10.3598,106.3567,Open-Meteo-Historical,
2026-04-19 06:00:00,26.0,87,,0.0,41,,8.8,16.2,1,Tien Giang,10.3598,106.3567,Open-Meteo-Historical,
2026-04-19 07:00:00,24.6,92,,0.0,94,,5.6,24.1,3,Tien Giang,10.3598,106.3567,Open-Meteo-Historical,
2026-04-19 08:00:00,27.5,83,,0.1,30,,7.0,17.3,51,Tien Giang,10.3598,106.3567,Open-Meteo-Historical,
2026-04-19 09:00:00,29.9,70,,0.2,22,,11.1,26.3,51,Tien Giang,10.3598,106.3567,Open-Meteo-Historical,
2026-04-19 10:00:00,31.5,61,,0.2,23,,11.8,28.8,51,Tien Giang,10.3598,106.3567,Open-Meteo-Historical,
2026-04-19 11:00:00,32.4,57,,0.2,30,,13.4,31.3,51,Tien Giang,10.3598,106.3567,Open-Meteo-Historical,
2026-04-19 12:00:00,33.0,55,,0.2,41,,13.9,33.8,51,Tien Giang,10.3598,106.3567,Open-Meteo-Historical,
2026-04-19 13:00:00,33.0,52,,0.0,22,,14.6,33.1,1,Tien Giang,10.3598,106.3567,Open-Meteo-Historical,
2026-04-19 14:00:00,32.8,52,,0.0,19,,14.8,34.6,0,Tien Giang,10.3598,106.3567,Open-Meteo-Historical,
2026-04-19 15:00:00,32.3,54,,0.0,18,,15.6,34.9,0,Tien Giang,10.3598,106.3567,Open-Meteo-Historical,
2026-04-19 16:00:00,31.8,55,,0.0,36,,15.7,34.6,1,Tien Giang,10.3598,106.3567,Open-Meteo-Historical,
2026-04-19 17:00:00,30.3,58,,0.0,22,,15.3,34.2,1,Tien Giang,10.3598,106.3567,Open-Meteo-Historical,
2026-04-19 18:00:00,29.0,61,,0.0,4,,14.3,31.3,0,Tien Giang,10.3598,106.3567,Open-Meteo-Historical,
2026-04-19 19:00:00,28.8,65,,0.0,3,,13.2,27.7,0,Tien Giang,10.3598,106.3567,Open-Meteo-Historical,
2026-04-19 20:00:00,28.2,68,,0.0,3,,11.7,24.8,0,Tien Giang,10.3598,106.3567,Open-Meteo-Historical,
2026-04-19 21:00:00,27.9,69,,0.0,2,,10.5,21.6,0,Tien Giang,10.3598,106.3567,Open-Meteo-Historical,
2026-04-19 22:00:00,27.5,70,,0.0,9,,8.6,19.1,0,Tien Giang,10.3598,106.3567,Open-Meteo-Historical,
2026-04-19 23:00:00,27.0,71,,0.0,88,,7.5,15.8,3,Tien Giang,10.3598,106.3567,Open-Meteo-Historical,
2026-04-20 00:00:00,26.7,74,,0.0,100,,7.3,13.3,3,Tien Giang,10.3598,106.3567,Open-Meteo-Historical,
2026-04-20 01:00:00,26.8,78,,0.0,100,,6.5,13.0,3,Tien Giang,10.3598,106.3567,Open-Meteo-Historical,
2026-04-20 02:00:00,26.7,78,,0.0,100,,7.4,13.3,3,Tien Giang,10.3598,106.3567,Open-Meteo-Historical,
2026-04-20 03:00:00,26.3,79,,0.0,100,,5.6,13.3,3,Tien Giang,10.3598,106.3567,Open-Meteo-Historical,
2026-04-20 04:00:00,26.4,77,,0.0,98,,7.8,13.0,3,Tien Giang,10.3598,106.3567,Open-Meteo-Historical,
2026-04-20 05:00:00,26.6,73,,0.0,99,,9.2,17.3,3,Tien Giang,10.3598,106.3567,Open-Meteo-Historical,
2026-04-20 06:00:00,26.3,75,,0.0,63,,4.8,16.2,2,Tien Giang,10.3598,106.3567,Open-Meteo-Historical,
2026-04-20 07:00:00,28.1,71,,0.0,23,,7.2,13.3,1,Tien Giang,10.3598,106.3567,Open-Meteo-Historical,
2026-04-20 08:00:00,29.7,62,,0.1,23,,13.2,28.4,51,Tien Giang,10.3598,106.3567,Open-Meteo-Historical,
2026-04-20 09:00:00,30.8,58,,0.1,32,,13.7,30.6,51,Tien Giang,10.3598,106.3567,Open-Meteo-Historical,
2026-04-20 10:00:00,32.0,53,,0.0,35,,13.7,32.4,1,Tien Giang,10.3598,106.3567,Open-Meteo-Historical,
2026-04-20 11:00:00,33.0,50,,0.0,19,,13.8,32.8,0,Tien Giang,10.3598,106.3567,Open-Meteo-Historical,
2026-04-20 12:00:00,33.5,48,,0.0,23,,15.5,35.6,1,Tien Giang,10.3598,106.3567,Open-Meteo-Historical,
2026-04-20 13:00:00,32.3,50,,0.0,93,,16.5,37.4,3,Tien Giang,10.3598,106.3567,Open-Meteo-Historical,
2026-04-20 14:00:00,32.5,49,,0.0,38,,12.5,36.4,1,Tien Giang,10.3598,106.3567,Open-Meteo-Historical,
2026-04-20 15:00:00,32.5,49,,0.0,41,,13.4,31.0,1,Tien Giang,10.3598,106.3567,Open-Meteo-Historical,
2026-04-20 16:00:00,31.6,51,,0.0,2,,15.0,32.8,0,Tien Giang,10.3598,106.3567,Open-Meteo-Historical,
2026-04-20 17:00:00,30.3,54,,0.0,0,,13.9,32.8,0,Tien Giang,10.3598,106.3567,Open-Meteo-Historical,
2026-04-20 18:00:00,28.9,57,,0.0,0,,12.0,28.4,0,Tien Giang,10.3598,106.3567,Open-Meteo-Historical,
2026-04-20 19:00:00,27.9,60,,0.0,2,,10.5,22.7,0,Tien Giang,10.3598,106.3567,Open-Meteo-Historical,
2026-04-20 20:00:00,27.0,66,,0.0,14,,9.6,19.1,0,Tien Giang,10.3598,106.3567,Open-Meteo-Historical,
2026-04-20 21:00:00,26.5,69,,0.0,13,,9.7,17.6,0,Tien Giang,10.3598,106.3567,Open-Meteo-Historical,
2026-04-20 22:00:00,26.0,72,,0.0,12,,8.3,16.9,0,Tien Giang,10.3598,106.3567,Open-Meteo-Historical,
2026-04-20 23:00:00,25.6,73,,0.0,23,,7.9,14.8,1,Tien Giang,10.3598,106.3567,Open-Meteo-Historical,
2026-04-21 00:00:00,25.1,75,,0.0,92,,6.3,14.0,3,Tien Giang,10.3598,106.3567,Open-Meteo-Historical,
2026-04-21 01:00:00,25.1,79,,0.0,95,,5.5,10.8,3,Tien Giang,10.3598,106.3567,Open-Meteo-Historical,
2026-04-21 02:00:00,24.7,81,,0.0,100,,4.6,10.1,3,Tien Giang,10.3598,106.3567,Open-Meteo-Historical,
2026-04-21 03:00:00,24.8,79,,0.0,98,,5.3,9.0,3,Tien Giang,10.3598,106.3567,Open-Meteo-Historical,
2026-04-21 04:00:00,25.1,75,,0.0,100,,7.5,13.0,3,Tien Giang,10.3598,106.3567,Open-Meteo-Historical,
2026-04-21 05:00:00,25.0,76,,0.0,99,,6.5,13.3,3,Tien Giang,10.3598,106.3567,Open-Meteo-Historical,
2026-04-21 06:00:00,25.0,77,,0.0,100,,6.4,11.5,3,Tien Giang,10.3598,106.3567,Open-Meteo-Historical,
2026-04-21 07:00:00,27.2,73,,0.0,78,,8.6,14.8,2,Tien Giang,10.3598,106.3567,Open-Meteo-Historical,
2026-04-21 08:00:00,29.3,61,,0.0,9,,13.5,28.4,0,Tien Giang,10.3598,106.3567,Open-Meteo-Historical,
2026-04-21 09:00:00,31.0,53,,0.0,100,,15.2,33.1,3,Tien Giang,10.3598,106.3567,Open-Meteo-Historical,
2026-04-21 10:00:00,31.6,51,,0.0,100,,15.2,34.2,3,Tien Giang,10.3598,106.3567,Open-Meteo-Historical,
2026-04-21 11:00:00,31.0,54,,0.0,69,,15.0,33.8,2,Tien Giang,10.3598,106.3567,Open-Meteo-Historical,
2026-04-21 12:00:00,32.0,51,,0.0,54,,14.8,33.5,2,Tien Giang,10.3598,106.3567,Open-Meteo-Historical,
2026-04-21 13:00:00,31.6,52,,0.0,91,,13.5,34.6,3,Tien Giang,10.3598,106.3567,Open-Meteo-Historical,
2026-04-21 14:00:00,31.8,51,,0.0,87,,12.0,30.2,3,Tien Giang,10.3598,106.3567,Open-Meteo-Historical,
2026-04-21 15:00:00,31.7,50,,0.0,33,,13.5,29.9,1,Tien Giang,10.3598,106.3567,Open-Meteo-Historical,
2026-04-21 16:00:00,31.2,51,,0.0,14,,14.1,31.3,0,Tien Giang,10.3598,106.3567,Open-Meteo-Historical,
2026-04-21 17:00:00,29.9,51,,0.0,0,,14.1,30.6,0,Tien Giang,10.3598,106.3567,Open-Meteo-Historical,
2026-04-21 18:00:00,28.2,57,,0.0,1,,12.0,28.8,0,Tien Giang,10.3598,106.3567,Open-Meteo-Historical,
2026-04-21 19:00:00,27.3,65,,0.0,0,,7.8,22.0,0,Tien Giang,10.3598,106.3567,Open-Meteo-Historical,
2026-04-21 20:00:00,26.4,72,,0.0,0,,7.7,13.7,0,Tien Giang,10.3598,106.3567,Open-Meteo-Historical,
2026-04-21 21:00:00,25.5,78,,0.0,0,,5.2,13.7,0,Tien Giang,10.3598,106.3567,Open-Meteo-Historical,
2026-04-21 22:00:00,25.2,81,,0.0,0,,5.6,9.4,0,Tien Giang,10.3598,106.3567,Open-Meteo-Historical,
2026-04-21 23:00:00,25.0,83,,0.0,0,,6.1,10.4,0,Tien Giang,10.3598,106.3567,Open-Meteo-Historical,
2026-04-22 00:00:00,24.8,84,,0.0,32,,6.1,10.8,1,Tien Giang,10.3598,106.3567,Open-Meteo-Historical,
2026-04-22 01:00:00,24.8,87,,0.0,0,,5.9,10.4,0,Tien Giang,10.3598,106.3567,Open-Meteo-Historical,
2026-04-22 02:00:00,24.2,90,,0.0,0,,4.9,10.1,0,Tien Giang,10.3598,106.3567,Open-Meteo-Historical,
2026-04-22 03:00:00,24.0,89,,0.0,0,,4.9,8.6,0,Tien Giang,10.3598,106.3567,Open-Meteo-Historical,
2026-04-22 04:00:00,23.9,89,,0.0,0,,4.8,8.3,0,Tien Giang,10.3598,106.3567,Open-Meteo-Historical,
2026-04-22 05:00:00,23.9,88,,0.0,0,,5.0,8.3,0,Tien Giang,10.3598,106.3567,Open-Meteo-Historical,
2026-04-22 06:00:00,24.1,87,,0.0,0,,4.2,7.9,0,Tien Giang,10.3598,106.3567,Open-Meteo-Historical,
2026-04-22 07:00:00,26.9,79,,0.0,9,,5.8,9.7,0,Tien Giang,10.3598,106.3567,Open-Meteo-Historical,
2026-04-22 08:00:00,28.9,69,,0.0,10,,10.4,23.0,0,Tien Giang,10.3598,106.3567,Open-Meteo-Historical,
2026-04-22 09:00:00,30.4,61,,0.0,19,,10.5,25.2,0,Tien Giang,10.3598,106.3567,Open-Meteo-Historical,
2026-04-22 10:00:00,31.7,56,,0.0,78,,10.4,25.6,2,Tien Giang,10.3598,106.3567,Open-Meteo-Historical,
2026-04-22 11:00:00,32.6,52,,0.0,73,,10.8,27.0,2,Tien Giang,10.3598,106.3567,Open-Meteo-Historical,
2026-04-22 12:00:00,33.2,48,,0.0,89,,12.4,28.4,3,Tien Giang,10.3598,106.3567,Open-Meteo-Historical,
2026-04-22 13:00:00,33.0,49,,0.0,41,,10.6,34.2,1,Tien Giang,10.3598,106.3567,Open-Meteo-Historical,
2026-04-22 14:00:00,33.0,49,,0.0,84,,12.4,28.8,3,Tien Giang,10.3598,106.3567,Open-Meteo-Historical,
2026-04-22 15:00:00,32.8,49,,0.0,94,,11.6,29.2,3,Tien Giang,10.3598,106.3567,Open-Meteo-Historical,
2026-04-22 16:00:00,32.3,50,,0.0,88,,11.3,27.0,3,Tien Giang,10.3598,106.3567,Open-Meteo-Historical,
2026-04-22 17:00:00,31.0,53,,0.0,7,,13.5,27.0,0,Tien Giang,10.3598,106.3567,Open-Meteo-Historical,
2026-04-22 18:00:00,28.8,62,,0.0,0,,15.9,29.9,0,Tien Giang,10.3598,106.3567,Open-Meteo-Historical,
2026-04-22 19:00:00,28.2,67,,0.0,5,,12.4,29.5,0,Tien Giang,10.3598,106.3567,Open-Meteo-Historical,
2026-04-22 20:00:00,27.4,71,,0.0,5,,9.9,22.7,0,Tien Giang,10.3598,106.3567,Open-Meteo-Historical,
2026-04-22 21:00:00,26.8,75,,0.0,0,,10.0,18.4,0,Tien Giang,10.3598,106.3567,Open-Meteo-Historical,
2026-04-22 22:00:00,26.2,78,,0.0,0,,10.2,18.0,0,Tien Giang,10.3598,106.3567,Open-Meteo-Historical,
2026-04-22 23:00:00,25.9,81,,0.0,0,,11.0,19.4,0,Tien Giang,10.3598,106.3567,Open-Meteo-Historical,
2026-04-23 00:00:00,25.5,83,,0.0,0,,10.7,19.8,0,Tien Giang,10.3598,106.3567,Open-Meteo-Historical,
2026-04-23 01:00:00,25.2,88,,0.0,0,,8.1,18.7,0,Tien Giang,10.3598,106.3567,Open-Meteo-Historical,
2026-04-23 02:00:00,24.9,90,,0.0,0,,6.9,14.0,0,Tien Giang,10.3598,106.3567,Open-Meteo-Historical,
2026-04-23 03:00:00,24.6,91,,0.0,0,,6.9,12.2,0,Tien Giang,10.3598,106.3567,Open-Meteo-Historical,
2026-04-23 04:00:00,24.4,92,,0.0,0,,6.3,12.2,0,Tien Giang,10.3598,106.3567,Open-Meteo-Historical,
2026-04-23 05:00:00,24.0,94,,0.0,0,,4.9,11.2,0,Tien Giang,10.3598,106.3567,Open-Meteo-Historical,
2026-04-23 06:00:00,24.1,94,,0.0,2,,4.1,7.9,0,Tien Giang,10.3598,106.3567,Open-Meteo-Historical,
2026-04-23 07:00:00,26.6,84,,0.0,23,,6.1,11.5,1,Tien Giang,10.3598,106.3567,Open-Meteo-Historical,
2026-04-23 08:00:00,28.8,72,,0.0,36,,11.6,24.5,1,Tien Giang,10.3598,106.3567,Open-Meteo-Historical,
2026-04-23 09:00:00,30.2,63,,0.0,19,,10.5,27.0,0,Tien Giang,10.3598,106.3567,Open-Meteo-Historical,
2026-04-23 10:00:00,31.5,58,,0.0,17,,9.9,25.2,0,Tien Giang,10.3598,106.3567,Open-Meteo-Historical,
2026-04-23 11:00:00,32.5,53,,0.0,19,,8.9,25.2,0,Tien Giang,10.3598,106.3567,Open-Meteo-Historical,
2026-04-23 12:00:00,33.3,49,,0.0,84,,8.6,24.1,3,Tien Giang,10.3598,106.3567,Open-Meteo-Historical,
2026-04-23 13:00:00,33.4,48,,0.0,20,,9.8,23.4,1,Tien Giang,10.3598,106.3567,Open-Meteo-Historical,
2026-04-23 14:00:00,33.6,47,,0.0,32,,12.3,28.8,1,Tien Giang,10.3598,106.3567,Open-Meteo-Historical,
2026-04-23 15:00:00,33.2,48,,0.0,35,,15.2,32.8,1,Tien Giang,10.3598,106.3567,Open-Meteo-Historical,
2026-04-23 16:00:00,31.8,49,,0.0,2,,15.3,34.2,0,Tien Giang,10.3598,106.3567,Open-Meteo-Historical,
2026-04-23 17:00:00,30.7,52,,0.0,2,,14.7,32.0,0,Tien Giang,10.3598,106.3567,Open-Meteo-Historical,
2026-04-23 18:00:00,29.0,58,,0.0,0,,13.8,28.8,0,Tien Giang,10.3598,106.3567,Open-Meteo-Historical,
2026-04-23 19:00:00,28.9,62,,0.0,4,,11.1,24.8,0,Tien Giang,10.3598,106.3567,Open-Meteo-Historical,
2026-04-23 20:00:00,27.9,69,,0.0,2,,10.7,20.2,0,Tien Giang,10.3598,106.3567,Open-Meteo-Historical,
2026-04-23 21:00:00,27.0,76,,0.0,3,,9.9,19.1,0,Tien Giang,10.3598,106.3567,Open-Meteo-Historical,
2026-04-23 22:00:00,26.5,81,,0.0,1,,8.2,17.6,0,Tien Giang,10.3598,106.3567,Open-Meteo-Historical,
2026-04-23 23:00:00,26.0,84,,0.0,0,,8.3,14.8,0,Tien Giang,10.3598,106.3567,Open-Meteo-Historical,
2026-04-24 00:00:00,25.6,85,,0.0,0,,9.2,16.2,0,Tien Giang,10.3598,106.3567,Open-Meteo-Historical,
2026-04-24 01:00:00,25.5,88,,0.0,0,,8.7,16.9,0,Tien Giang,10.3598,106.3567,Open-Meteo-Historical,
2026-04-24 02:00:00,25.1,89,,0.0,0,,7.7,15.1,0,Tien Giang,10.3598,106.3567,Open-Meteo-Historical,
2026-04-24 03:00:00,24.6,92,,0.0,2,,6.0,13.7,0,Tien Giang,10.3598,106.3567,Open-Meteo-Historical,
2026-04-24 04:00:00,24.0,93,,0.0,64,,4.9,10.4,2,Tien Giang,10.3598,106.3567,Open-Meteo-Historical,
2026-04-24 05:00:00,23.6,93,,0.0,71,,4.3,8.3,2,Tien Giang,10.3598,106.3567,Open-Meteo-Historical,
2026-04-24 06:00:00,23.8,92,,0.0,73,,2.7,6.5,2,Tien Giang,10.3598,106.3567,Open-Meteo-Historical,
2026-04-24 07:00:00,26.0,87,,0.0,0,,2.9,9.4,0,Tien Giang,10.3598,106.3567,Open-Meteo-Historical,
2026-04-24 08:00:00,28.6,72,,0.0,0,,6.6,16.9,0,Tien Giang,10.3598,106.3567,Open-Meteo-Historical,
2026-04-24 09:00:00,30.1,62,,0.0,42,,7.2,20.5,1,Tien Giang,10.3598,106.3567,Open-Meteo-Historical,
2026-04-24 10:00:00,31.7,53,,0.0,56,,6.6,20.5,2,Tien Giang,10.3598,106.3567,Open-Meteo-Historical,
2026-04-24 11:00:00,33.0,49,,0.0,99,,6.8,21.2,3,Tien Giang,10.3598,106.3567,Open-Meteo-Historical,
2026-04-24 12:00:00,34.0,44,,0.0,100,,8.0,23.0,3,Tien Giang,10.3598,106.3567,Open-Meteo-Historical,
2026-04-24 13:00:00,33.8,45,,0.0,98,,11.3,26.6,3,Tien Giang,10.3598,106.3567,Open-Meteo-Historical,
2026-04-24 14:00:00,33.8,44,,0.0,98,,12.2,29.2,3,Tien Giang,10.3598,106.3567,Open-Meteo-Historical,
2026-04-24 15:00:00,33.3,45,,0.0,99,,12.8,29.2,3,Tien Giang,10.3598,106.3567,Open-Meteo-Historical,
2026-04-24 16:00:00,32.5,49,,0.0,99,,13.9,29.9,3,Tien Giang,10.3598,106.3567,Open-Meteo-Historical,
2026-04-24 17:00:00,31.0,54,,0.0,100,,14.3,30.6,3,Tien Giang,10.3598,106.3567,Open-Meteo-Historical,
2026-04-24 18:00:00,29.3,61,,0.0,98,,12.6,28.8,3,Tien Giang,10.3598,106.3567,Open-Meteo-Historical,
2026-04-24 19:00:00,28.2,68,,0.0,100,,12.2,25.2,3,Tien Giang,10.3598,106.3567,Open-Meteo-Historical,
2026-04-24 20:00:00,27.3,73,,0.0,100,,11.5,22.0,3,Tien Giang,10.3598,106.3567,Open-Meteo-Historical,
2026-04-24 21:00:00,26.5,78,,0.0,100,,9.7,20.9,3,Tien Giang,10.3598,106.3567,Open-Meteo-Historical,
2026-04-24 22:00:00,26.0,83,,0.0,100,,7.4,17.3,3,Tien Giang,10.3598,106.3567,Open-Meteo-Historical,
2026-04-24 23:00:00,25.5,87,,0.0,99,,5.3,13.3,3,Tien Giang,10.3598,106.3567,Open-Meteo-Historical,
2026-04-25 00:00:00,25.4,88,,0.0,25,,6.6,11.2,1,Tien Giang,10.3598,106.3567,Open-Meteo-Historical,
2026-04-25 01:00:00,25.6,90,,0.0,48,,7.2,12.6,1,Tien Giang,10.3598,106.3567,Open-Meteo-Historical,
2026-04-25 02:00:00,25.5,91,,0.0,8,,6.0,12.2,0,Tien Giang,10.3598,106.3567,Open-Meteo-Historical,
2026-04-25 03:00:00,25.2,92,,0.0,6,,5.2,10.4,0,Tien Giang,10.3598,106.3567,Open-Meteo-Historical,
2026-04-25 04:00:00,25.2,92,,0.0,100,,4.9,9.7,3,Tien Giang,10.3598,106.3567,Open-Meteo-Historical,
2026-04-25 05:00:00,25.3,92,,0.0,100,,5.0,8.3,3,Tien Giang,10.3598,106.3567,Open-Meteo-Historical,
2026-04-25 06:00:00,25.8,90,,0.0,100,,6.0,9.7,3,Tien Giang,10.3598,106.3567,Open-Meteo-Historical,
2026-04-25 07:00:00,27.9,81,,0.0,54,,7.1,14.4,2,Tien Giang,10.3598,106.3567,Open-Meteo-Historical,
2026-04-25 08:00:00,30.1,68,,0.0,29,,15.6,32.4,1,Tien Giang,10.3598,106.3567,Open-Meteo-Historical,
2026-04-25 09:00:00,31.5,62,,0.0,19,,15.4,33.8,0,Tien Giang,10.3598,106.3567,Open-Meteo-Historical,
2026-04-25 10:00:00,32.5,58,,0.0,23,,15.8,34.9,1,Tien Giang,10.3598,106.3567,Open-Meteo-Historical,
2026-04-25 11:00:00,33.0,57,,0.1,38,,17.0,37.8,51,Tien Giang,10.3598,106.3567,Open-Meteo-Historical,
2026-04-25 12:00:00,33.5,54,,0.0,95,,16.7,37.8,3,Tien Giang,10.3598,106.3567,Open-Meteo-Historical,
2026-04-25 13:00:00,33.4,52,,0.0,22,,16.3,39.6,1,Tien Giang,10.3598,106.3567,Open-Meteo-Historical,
2026-04-25 14:00:00,33.5,50,,0.0,20,,16.7,37.1,1,Tien Giang,10.3598,106.3567,Open-Meteo-Historical,
2026-04-25 15:00:00,32.8,49,,0.0,6,,15.1,37.1,0,Tien Giang,10.3598,106.3567,Open-Meteo-Historical,
2026-04-25 16:00:00,32.2,49,,0.0,19,,15.2,32.8,0,Tien Giang,10.3598,106.3567,Open-Meteo-Historical,
2026-04-25 17:00:00,31.4,51,,0.0,34,,13.5,31.7,1,Tien Giang,10.3598,106.3567,Open-Meteo-Historical,
2026-04-25 18:00:00,29.8,60,,0.0,20,,11.8,27.0,1,Tien Giang,10.3598,106.3567,Open-Meteo-Historical,
2026-04-25 19:00:00,29.0,70,,0.0,34,,10.6,21.6,1,Tien Giang,10.3598,106.3567,Open-Meteo-Historical,
2026-04-25 20:00:00,28.5,75,,0.0,30,,9.6,19.1,1,Tien Giang,10.3598,106.3567,Open-Meteo-Historical,
2026-04-25 21:00:00,28.0,79,,0.0,3,,9.8,17.6,0,Tien Giang,10.3598,106.3567,Open-Meteo-Historical,
2026-04-25 22:00:00,27.7,82,,0.0,100,,9.9,18.4,3,Tien Giang,10.3598,106.3567,Open-Meteo-Historical,
2026-04-25 23:00:00,27.8,82,,0.0,32,,9.7,18.4,1,Tien Giang,10.3598,106.3567,Open-Meteo-Historical,
2026-04-26 00:00:00,27.3,85,,0.0,23,,8.5,17.6,1,Tien Giang,10.3598,106.3567,Open-Meteo-Historical,
2026-04-26 01:00:00,27.1,84,,0.0,16,,7.8,16.2,0,Tien Giang,10.3598,106.3567,Open-Meteo-Historical,
2026-04-26 02:00:00,26.9,84,,0.0,8,,6.9,14.0,0,Tien Giang,10.3598,106.3567,Open-Meteo-Historical,
2026-04-26 03:00:00,26.5,86,,0.0,9,,5.1,12.6,0,Tien Giang,10.3598,106.3567,Open-Meteo-Historical,
2026-04-26 04:00:00,26.0,89,,0.0,24,,3.7,8.6,1,Tien Giang,10.3598,106.3567,Open-Meteo-Historical,
2026-04-26 05:00:00,25.7,91,,0.0,20,,4.0,6.1,1,Tien Giang,10.3598,106.3567,Open-Meteo-Historical,
2026-04-26 06:00:00,26.0,89,,0.0,3,,6.3,9.7,0,Tien Giang,10.3598,106.3567,Open-Meteo-Historical,
2026-04-26 07:00:00,28.1,78,,0.0,29,,13.1,21.6,1,Tien Giang,10.3598,106.3567,Open-Meteo-Historical,
2026-04-26 08:00:00,29.8,68,,0.0,82,,14.8,31.0,3,Tien Giang,10.3598,106.3567,Open-Meteo-Historical,
2026-04-26 09:00:00,31.3,59,,0.0,71,,15.7,34.6,2,Tien Giang,10.3598,106.3567,Open-Meteo-Historical,
2026-04-26 10:00:00,32.6,53,,0.0,30,,15.5,34.9,1,Tien Giang,10.3598,106.3567,Open-Meteo-Historical,
2026-04-26 11:00:00,33.6,48,,0.0,24,,14.9,34.9,1,Tien Giang,10.3598,106.3567,Open-Meteo-Historical,
2026-04-26 12:00:00,34.2,45,,0.0,80,,14.8,34.6,3,Tien Giang,10.3598,106.3567,Open-Meteo-Historical,
2026-04-26 13:00:00,34.1,45,,0.0,99,,12.9,34.6,3,Tien Giang,10.3598,106.3567,Open-Meteo-Historical,
2026-04-26 14:00:00,34.1,44,,0.0,100,,11.0,29.9,3,Tien Giang,10.3598,106.3567,Open-Meteo-Historical,
2026-04-26 15:00:00,34.0,42,,0.0,48,,10.5,26.6,1,Tien Giang,10.3598,106.3567,Open-Meteo-Historical,
2026-04-26 16:00:00,33.3,46,,0.0,95,,12.7,27.0,3,Tien Giang,10.3598,106.3567,Open-Meteo-Historical,
2026-04-26 17:00:00,31.9,53,,0.0,98,,13.4,28.4,3,Tien Giang,10.3598,106.3567,Open-Meteo-Historical,
2026-04-26 18:00:00,30.0,63,,0.0,99,,12.0,27.4,3,Tien Giang,10.3598,106.3567,Open-Meteo-Historical,
2026-04-26 19:00:00,28.6,75,,0.0,3,,10.1,22.3,0,Tien Giang,10.3598,106.3567,Open-Meteo-Historical,
2026-04-26 20:00:00,27.9,81,,0.0,9,,9.6,18.4,0,Tien Giang,10.3598,106.3567,Open-Meteo-Historical,
2026-04-26 21:00:00,27.6,84,,0.0,9,,9.4,18.4,0,Tien Giang,10.3598,106.3567,Open-Meteo-Historical,
2026-04-26 22:00:00,27.4,86,,0.0,28,,8.4,16.6,1,Tien Giang,10.3598,106.3567,Open-Meteo-Historical,
2026-04-26 23:00:00,27.1,86,,0.0,6,,8.2,15.1,0,Tien Giang,10.3598,106.3567,Open-Meteo-Historical,
2026-04-27 00:00:00,27.0,87,,0.0,16,,8.9,15.8,0,Tien Giang,10.3598,106.3567,Open-Meteo-Historical,
2026-04-27 01:00:00,26.6,89,,0.0,13,,7.2,16.9,0,Tien Giang,10.3598,106.3567,Open-Meteo-Historical,
2026-04-27 02:00:00,26.3,91,,0.0,11,,5.6,13.0,0,Tien Giang,10.3598,106.3567,Open-Meteo-Historical,
2026-04-27 03:00:00,25.8,93,,0.0,97,,4.4,9.7,3,Tien Giang,10.3598,106.3567,Open-Meteo-Historical,
2026-04-27 04:00:00,25.6,93,,0.0,94,,4.4,7.6,3,Tien Giang,10.3598,106.3567,Open-Meteo-Historical,
2026-04-27 05:00:00,25.8,92,,0.0,100,,5.9,10.1,3,Tien Giang,10.3598,106.3567,Open-Meteo-Historical,
2026-04-27 06:00:00,26.1,90,,0.0,92,,8.8,15.1,3,Tien Giang,10.3598,106.3567,Open-Meteo-Historical,
2026-04-27 07:00:00,28.4,79,,0.0,53,,11.5,25.6,2,Tien Giang,10.3598,106.3567,Open-Meteo-Historical,
2026-04-27 08:00:00,30.3,67,,0.0,8,,14.7,31.0,0,Tien Giang,10.3598,106.3567,Open-Meteo-Historical,
2026-04-27 09:00:00,31.9,59,,0.0,11,,15.4,33.8,0,Tien Giang,10.3598,106.3567,Open-Meteo-Historical,
2026-04-27 10:00:00,33.1,53,,0.0,18,,15.8,35.6,0,Tien Giang,10.3598,106.3567,Open-Meteo-Historical,
2026-04-27 11:00:00,33.9,49,,0.0,7,,15.4,35.6,0,Tien Giang,10.3598,106.3567,Open-Meteo-Historical,
2026-04-27 12:00:00,34.5,46,,0.0,13,,15.3,35.3,0,Tien Giang,10.3598,106.3567,Open-Meteo-Historical,
2026-04-27 13:00:00,34.3,46,,0.0,25,,17.0,36.4,1,Tien Giang,10.3598,106.3567,Open-Meteo-Historical,
2026-04-27 14:00:00,34.0,46,,0.0,11,,15.8,37.4,0,Tien Giang,10.3598,106.3567,Open-Meteo-Historical,
2026-04-27 15:00:00,33.5,47,,0.0,9,,15.9,35.6,0,Tien Giang,10.3598,106.3567,Open-Meteo-Historical,
2026-04-27 16:00:00,33.0,48,,0.0,38,,15.4,34.9,1,Tien Giang,10.3598,106.3567,Open-Meteo-Historical,
2026-04-27 17:00:00,31.7,56,,0.0,35,,13.3,32.8,1,Tien Giang,10.3598,106.3567,Open-Meteo-Historical,
2026-04-27 18:00:00,30.0,66,,0.0,63,,10.5,27.4,2,Tien Giang,10.3598,106.3567,Open-Meteo-Historical,
2026-04-27 19:00:00,29.2,77,,0.0,67,,11.0,19.8,2,Tien Giang,10.3598,106.3567,Open-Meteo-Historical,
2026-04-27 20:00:00,28.5,82,,0.0,96,,9.9,20.2,3,Tien Giang,10.3598,106.3567,Open-Meteo-Historical,
2026-04-27 21:00:00,28.1,85,,0.0,64,,10.4,19.1,2,Tien Giang,10.3598,106.3567,Open-Meteo-Historical,
2026-04-27 22:00:00,27.9,86,,0.0,55,,9.9,19.1,2,Tien Giang,10.3598,106.3567,Open-Meteo-Historical,
2026-04-27 23:00:00,27.5,88,,0.0,14,,10.8,19.8,0,Tien Giang,10.3598,106.3567,Open-Meteo-Historical,
2026-04-28 00:00:00,27.3,89,,0.0,36,,10.6,19.8,1,Tien Giang,10.3598,106.3567,Open-Meteo-Historical,
2026-04-28 01:00:00,27.2,90,,0.0,100,,9.7,19.1,3,Tien Giang,10.3598,106.3567,Open-Meteo-Historical,
2026-04-28 02:00:00,27.1,90,,0.0,84,,8.4,17.3,3,Tien Giang,10.3598,106.3567,Open-Meteo-Historical,
2026-04-28 03:00:00,26.9,90,,0.0,10,,5.7,14.8,0,Tien Giang,10.3598,106.3567,Open-Meteo-Historical,
2026-04-28 04:00:00,26.7,90,,0.0,20,,5.5,10.1,1,Tien Giang,10.3598,106.3567,Open-Meteo-Historical,
2026-04-28 05:00:00,26.6,89,,0.0,6,,5.0,10.8,0,Tien Giang,10.3598,106.3567,Open-Meteo-Historical,
2026-04-28 06:00:00,26.6,87,,0.0,16,,5.2,8.6,0,Tien Giang,10.3598,106.3567,Open-Meteo-Historical,
2026-04-28 07:00:00,27.0,88,,0.0,72,,4.5,14.4,2,Tien Giang,10.3598,106.3567,Open-Meteo-Historical,
2026-04-28 08:00:00,29.2,77,,0.0,96,,6.7,17.6,3,Tien Giang,10.3598,106.3567,Open-Meteo-Historical,
2026-04-28 09:00:00,31.5,63,,0.0,73,,10.4,25.2,2,Tien Giang,10.3598,106.3567,Open-Meteo-Historical,
2026-04-28 10:00:00,33.4,51,,0.0,39,,11.5,27.7,1,Tien Giang,10.3598,106.3567,Open-Meteo-Historical,
2026-04-28 11:00:00,34.3,47,,0.0,22,,12.7,30.2,1,Tien Giang,10.3598,106.3567,Open-Meteo-Historical,
2026-04-28 12:00:00,35.0,44,,0.0,16,,13.0,31.3,0,Tien Giang,10.3598,106.3567,Open-Meteo-Historical,
2026-04-28 13:00:00,35.2,42,,0.0,26,,12.4,31.3,1,Tien Giang,10.3598,106.3567,Open-Meteo-Historical,
2026-04-28 14:00:00,34.8,44,,0.0,20,,13.4,31.3,1,Tien Giang,10.3598,106.3567,Open-Meteo-Historical,
2026-04-28 15:00:00,34.5,45,,0.0,4,,11.2,31.0,0,Tien Giang,10.3598,106.3567,Open-Meteo-Historical,
2026-04-28 16:00:00,33.9,46,,0.0,31,,12.5,27.4,1,Tien Giang,10.3598,106.3567,Open-Meteo-Historical,
2026-04-28 17:00:00,32.4,50,,0.0,42,,14.2,29.5,1,Tien Giang,10.3598,106.3567,Open-Meteo-Historical,
2026-04-28 18:00:00,30.5,57,,0.0,61,,13.7,29.5,2,Tien Giang,10.3598,106.3567,Open-Meteo-Historical,
2026-04-28 19:00:00,29.0,74,,0.0,66,,12.1,25.2,2,Tien Giang,10.3598,106.3567,Open-Meteo-Historical,
2026-04-28 20:00:00,27.9,83,,0.0,26,,8.6,21.6,1,Tien Giang,10.3598,106.3567,Open-Meteo-Historical,
2026-04-28 21:00:00,27.3,88,,0.0,0,,7.6,15.5,0,Tien Giang,10.3598,106.3567,Open-Meteo-Historical,
2026-04-28 22:00:00,26.8,92,,0.0,2,,4.9,13.7,0,Tien Giang,10.3598,106.3567,Open-Meteo-Historical,
2026-04-28 23:00:00,26.1,95,,0.0,10,,3.5,8.6,0,Tien Giang,10.3598,106.3567,Open-Meteo-Historical,
2026-04-29 00:00:00,26.0,96,,0.0,58,,5.0,8.3,2,Tien Giang,10.3598,106.3567,Open-Meteo-Historical,
2026-04-29 01:00:00,26.2,96,,0.0,100,,4.3,10.1,3,Tien Giang,10.3598,106.3567,Open-Meteo-Historical,
2026-04-29 02:00:00,26.9,92,,0.0,100,,3.3,8.6,3,Tien Giang,10.3598,106.3567,Open-Meteo-Historical,
2026-04-29 03:00:00,26.5,93,,0.0,100,,2.8,5.8,3,Tien Giang,10.3598,106.3567,Open-Meteo-Historical,
2026-04-29 04:00:00,26.4,95,,0.0,98,,1.7,4.7,3,Tien Giang,10.3598,106.3567,Open-Meteo-Historical,
2026-04-29 05:00:00,26.5,95,,0.0,79,,0.4,2.9,2,Tien Giang,10.3598,106.3567,Open-Meteo-Historical,
2026-04-29 06:00:00,26.5,95,,0.0,95,,0.3,0.7,3,Tien Giang,10.3598,106.3567,Open-Meteo-Historical,
2026-04-29 07:00:00,27.2,91,,0.0,100,,5.0,9.4,3,Tien Giang,10.3598,106.3567,Open-Meteo-Historical,
2026-04-29 08:00:00,28.8,82,,0.3,100,,8.7,20.2,51,Tien Giang,10.3598,106.3567,Open-Meteo-Historical,
2026-04-29 09:00:00,30.2,71,,0.1,84,,8.6,22.7,51,Tien Giang,10.3598,106.3567,Open-Meteo-Historical,
2026-04-29 10:00:00,32.1,59,,0.0,30,,6.9,22.3,1,Tien Giang,10.3598,106.3567,Open-Meteo-Historical,
2026-04-29 11:00:00,33.3,53,,0.0,62,,5.5,20.9,2,Tien Giang,10.3598,106.3567,Open-Meteo-Historical,
2026-04-29 12:00:00,34.5,48,,0.0,26,,5.8,20.2,1,Tien Giang,10.3598,106.3567,Open-Meteo-Historical,
2026-04-29 13:00:00,34.4,44,,0.0,37,,8.5,21.6,1,Tien Giang,10.3598,106.3567,Open-Meteo-Historical,
2026-04-29 14:00:00,34.6,44,,0.0,28,,7.9,23.8,1,Tien Giang,10.3598,106.3567,Open-Meteo-Historical,
2026-04-29 15:00:00,34.5,44,,0.0,23,,8.1,22.3,1,Tien Giang,10.3598,106.3567,Open-Meteo-Historical,
2026-04-29 16:00:00,34.0,44,,0.0,24,,9.7,22.3,1,Tien Giang,10.3598,106.3567,Open-Meteo-Historical,
2026-04-29 17:00:00,32.7,46,,0.0,4,,12.0,25.2,0,Tien Giang,10.3598,106.3567,Open-Meteo-Historical,
2026-04-29 18:00:00,30.9,50,,0.0,2,,12.4,25.9,0,Tien Giang,10.3598,106.3567,Open-Meteo-Historical,
2026-04-29 19:00:00,30.2,56,,0.0,23,,11.6,22.7,1,Tien Giang,10.3598,106.3567,Open-Meteo-Historical,
2026-04-29 20:00:00,29.1,66,,0.0,37,,12.4,22.3,1,Tien Giang,10.3598,106.3567,Open-Meteo-Historical,
2026-04-29 21:00:00,28.3,74,,0.0,7,,8.4,22.3,0,Tien Giang,10.3598,106.3567,Open-Meteo-Historical,
2026-04-29 22:00:00,27.6,80,,0.0,57,,3.2,15.1,2,Tien Giang,10.3598,106.3567,Open-Meteo-Historical,
2026-04-29 23:00:00,27.3,83,,0.0,57,,3.1,5.8,2,Tien Giang,10.3598,106.3567,Open-Meteo-Historical,
2026-04-30 00:00:00,27.0,86,,0.0,45,,3.6,6.1,1,Tien Giang,10.3598,106.3567,Open-Meteo-Historical,
2026-04-30 01:00:00,27.2,88,,0.0,17,,5.9,9.7,0,Tien Giang,10.3598,106.3567,Open-Meteo-Historical,
2026-04-30 02:00:00,27.0,90,,0.0,61,,5.4,10.8,2,Tien Giang,10.3598,106.3567,Open-Meteo-Historical,
2026-04-30 03:00:00,26.7,92,,0.0,64,,6.0,11.5,2,Tien Giang,10.3598,106.3567,Open-Meteo-Historical,
2026-04-30 04:00:00,26.5,93,,0.0,99,,4.4,10.4,3,Tien Giang,10.3598,106.3567,Open-Meteo-Historical,
2026-04-30 05:00:00,26.5,93,,0.0,71,,6.1,10.8,2,Tien Giang,10.3598,106.3567,Open-Meteo-Historical,
2026-04-30 06:00:00,26.8,91,,0.0,2,,6.1,11.2,0,Tien Giang,10.3598,106.3567,Open-Meteo-Historical,
2026-04-30 07:00:00,28.7,83,,0.0,3,,7.8,15.8,0,Tien Giang,10.3598,106.3567,Open-Meteo-Historical,
2026-04-30 08:00:00,30.7,70,,0.0,5,,11.0,27.0,0,Tien Giang,10.3598,106.3567,Open-Meteo-Historical,
2026-04-30 09:00:00,32.3,61,,0.0,11,,10.8,29.2,0,Tien Giang,10.3598,106.3567,Open-Meteo-Historical,
2026-04-30 10:00:00,33.6,53,,0.1,20,,12.9,30.2,51,Tien Giang,10.3598,106.3567,Open-Meteo-Historical,
2026-04-30 11:00:00,34.4,50,,0.0,23,,15.1,34.6,1,Tien Giang,10.3598,106.3567,Open-Meteo-Historical,
2026-04-30 12:00:00,34.5,49,,0.0,25,,16.6,37.4,1,Tien Giang,10.3598,106.3567,Open-Meteo-Historical,
2026-04-30 13:00:00,34.5,46,,0.0,34,,16.1,38.2,1,Tien Giang,10.3598,106.3567,Open-Meteo-Historical,
2026-04-30 14:00:00,34.2,46,,0.0,95,,18.3,39.6,3,Tien Giang,10.3598,106.3567,Open-Meteo-Historical,
2026-04-30 15:00:00,33.5,46,,0.0,48,,17.6,40.3,1,Tien Giang,10.3598,106.3567,Open-Meteo-Historical,
2026-04-30 16:00:00,33.1,47,,0.0,19,,16.7,37.8,0,Tien Giang,10.3598,106.3567,Open-Meteo-Historical,
2026-04-30 17:00:00,31.9,50,,0.0,16,,15.6,35.3,0,Tien Giang,10.3598,106.3567,Open-Meteo-Historical,
2026-04-30 18:00:00,30.3,57,,0.0,7,,11.6,31.3,0,Tien Giang,10.3598,106.3567,Open-Meteo-Historical,
2026-04-30 19:00:00,29.5,70,,0.0,34,,13.1,21.2,1,Tien Giang,10.3598,106.3567,Open-Meteo-Historical,
2026-04-30 20:00:00,28.8,76,,0.0,13,,12.3,24.1,0,Tien Giang,10.3598,106.3567,Open-Meteo-Historical,
2026-04-30 21:00:00,28.2,81,,0.0,17,,10.3,22.3,0,Tien Giang,10.3598,106.3567,Open-Meteo-Historical,
2026-04-30 22:00:00,28.0,84,,0.0,95,,10.3,19.1,3,Tien Giang,10.3598,106.3567,Open-Meteo-Historical,
2026-04-30 23:00:00,27.7,85,,0.0,90,,9.2,18.7,3,Tien Giang,10.3598,106.3567,Open-Meteo-Historical,
2026-05-01 00:00:00,27.4,85,,0.0,95,,7.4,16.9,3,Tien Giang,10.3598,106.3567,Open-Meteo-Historical,
2026-05-01 01:00:00,27.4,83,,0.0,97,,9.3,13.3,3,Tien Giang,10.3598,106.3567,Open-Meteo-Historical,
2026-05-01 02:00:00,27.2,86,,0.0,100,,9.1,16.9,3,Tien Giang,10.3598,106.3567,Open-Meteo-Historical,
2026-05-01 03:00:00,27.4,85,,0.0,100,,8.9,16.6,3,Tien Giang,10.3598,106.3567,Open-Meteo-Historical,
2026-05-01 04:00:00,27.4,83,,0.0,100,,8.1,16.2,3,Tien Giang,10.3598,106.3567,Open-Meteo-Historical,
2026-05-01 05:00:00,27.2,82,,0.0,79,,8.1,14.4,2,Tien Giang,10.3598,106.3567,Open-Meteo-Historical,
2026-05-01 06:00:00,27.2,79,,0.0,3,,8.6,14.8,0,Tien Giang,10.3598,106.3567,Open-Meteo-Historical,
2026-05-01 07:00:00,29.1,68,,0.0,2,,9.7,18.4,0,Tien Giang,10.3598,106.3567,Open-Meteo-Historical,
2026-05-01 08:00:00,30.8,56,,0.0,5,,12.9,27.7,0,Tien Giang,10.3598,106.3567,Open-Meteo-Historical,
2026-05-01 09:00:00,32.5,47,,0.0,10,,14.5,31.7,0,Tien Giang,10.3598,106.3567,Open-Meteo-Historical,
2026-05-01 10:00:00,34.1,42,,0.0,23,,15.1,34.6,1,Tien Giang,10.3598,106.3567,Open-Meteo-Historical,
2026-05-01 11:00:00,35.2,40,,0.0,98,,13.7,34.2,3,Tien Giang,10.3598,106.3567,Open-Meteo-Historical,
2026-05-01 12:00:00,36.0,37,,0.0,91,,12.5,32.0,3,Tien Giang,10.3598,106.3567,Open-Meteo-Historical,
2026-05-01 13:00:00,35.3,39,,0.0,69,,18.4,33.5,2,Tien Giang,10.3598,106.3567,Open-Meteo-Historical,
2026-05-01 14:00:00,35.1,39,,0.0,6,,18.8,40.3,0,Tien Giang,10.3598,106.3567,Open-Meteo-Historical,
2026-05-01 15:00:00,33.9,45,,0.0,34,,19.2,42.8,1,Tien Giang,10.3598,106.3567,Open-Meteo-Historical,
2026-05-01 16:00:00,33.0,52,,0.0,99,,19.0,40.7,3,Tien Giang,10.3598,106.3567,Open-Meteo-Historical,
2026-05-01 17:00:00,31.4,58,,0.0,94,,15.3,39.6,3,Tien Giang,10.3598,106.3567,Open-Meteo-Historical,
2026-05-01 18:00:00,30.1,71,,0.0,32,,14.8,31.0,1,Tien Giang,10.3598,106.3567,Open-Meteo-Historical,
2026-05-01 19:00:00,29.4,75,,0.0,100,,13.1,28.8,3,Tien Giang,10.3598,106.3567,Open-Meteo-Historical,
2026-05-01 20:00:00,29.0,77,,0.0,100,,12.1,24.5,3,Tien Giang,10.3598,106.3567,Open-Meteo-Historical,
2026-05-01 21:00:00,28.9,78,,0.0,96,,12.1,23.0,3,Tien Giang,10.3598,106.3567,Open-Meteo-Historical,
2026-05-01 22:00:00,28.6,80,,0.0,88,,11.7,22.3,3,Tien Giang,10.3598,106.3567,Open-Meteo-Historical,
2026-05-01 23:00:00,28.5,80,,0.0,34,,11.8,22.0,1,Tien Giang,10.3598,106.3567,Open-Meteo-Historical,
2026-05-02 00:00:00,28.2,81,,0.0,37,,10.0,21.6,1,Tien Giang,10.3598,106.3567,Open-Meteo-Historical,
2026-05-02 01:00:00,28.2,79,,0.0,14,,9.6,18.0,0,Tien Giang,10.3598,106.3567,Open-Meteo-Historical,
2026-05-02 02:00:00,28.0,80,,0.0,15,,9.4,17.6,0,Tien Giang,10.3598,106.3567,Open-Meteo-Historical,
2026-05-02 03:00:00,28.0,79,,0.0,20,,8.9,18.0,1,Tien Giang,10.3598,106.3567,Open-Meteo-Historical,
2026-05-02 04:00:00,27.8,80,,0.0,11,,8.0,16.2,0,Tien Giang,10.3598,106.3567,Open-Meteo-Historical,
2026-05-02 05:00:00,27.5,81,,0.0,19,,8.0,15.1,0,Tien Giang,10.3598,106.3567,Open-Meteo-Historical,
2026-05-02 06:00:00,27.5,81,,0.0,27,,8.0,14.4,1,Tien Giang,10.3598,106.3567,Open-Meteo-Historical,
2026-05-02 07:00:00,29.0,75,,0.1,80,,13.7,24.8,51,Tien Giang,10.3598,106.3567,Open-Meteo-Historical,
2026-05-02 08:00:00,30.4,70,,0.0,90,,12.2,29.5,3,Tien Giang,10.3598,106.3567,Open-Meteo-Historical,
2026-05-02 09:00:00,31.8,64,,0.0,98,,13.1,33.5,3,Tien Giang,10.3598,106.3567,Open-Meteo-Historical,
2026-05-02 10:00:00,31.0,65,,0.0,97,,11.6,34.2,3,Tien Giang,10.3598,106.3567,Open-Meteo-Historical,
2026-05-02 11:00:00,30.0,70,,1.0,100,,10.3,34.9,55,Tien Giang,10.3598,106.3567,Open-Meteo-Historical,
2026-05-02 12:00:00,30.5,66,,1.6,100,,18.6,35.3,61,Tien Giang,10.3598,106.3567,Open-Meteo-Historical,
2026-05-02 13:00:00,32.8,56,,0.4,100,,11.6,41.8,51,Tien Giang,10.3598,106.3567,Open-Meteo-Historical,
2026-05-02 14:00:00,32.2,58,,0.2,100,,10.2,29.5,51,Tien Giang,10.3598,106.3567,Open-Meteo-Historical,
2026-05-02 15:00:00,32.4,57,,0.1,100,,8.5,24.8,51,Tien Giang,10.3598,106.3567,Open-Meteo-Historical,
2026-05-02 16:00:00,29.4,74,,2.4,100,,9.3,22.7,61,Tien Giang,10.3598,106.3567,Open-Meteo-Historical,
2026-05-02 17:00:00,29.5,73,,0.1,100,,9.6,20.9,51,Tien Giang,10.3598,106.3567,Open-Meteo-Historical,
2026-05-02 18:00:00,28.8,77,,0.0,98,,10.9,20.2,3,Tien Giang,10.3598,106.3567,Open-Meteo-Historical,
2026-05-02 19:00:00,28.6,78,,0.0,100,,10.9,19.4,3,Tien Giang,10.3598,106.3567,Open-Meteo-Historical,
2026-05-02 20:00:00,28.2,80,,0.0,100,,11.1,20.2,3,Tien Giang,10.3598,106.3567,Open-Meteo-Historical,
2026-05-02 21:00:00,28.0,83,,0.0,100,,10.8,19.8,3,Tien Giang,10.3598,106.3567,Open-Meteo-Historical,
2026-05-02 22:00:00,27.9,84,,0.0,81,,10.2,19.4,3,Tien Giang,10.3598,106.3567,Open-Meteo-Historical,
2026-05-02 23:00:00,27.7,84,,0.0,99,,8.3,18.0,3,Tien Giang,10.3598,106.3567,Open-Meteo-Historical,
2026-05-03 00:00:00,27.3,87,,0.0,100,,6.1,14.4,3,Tien Giang,10.3598,106.3567,Open-Meteo-Historical,
2026-05-03 01:00:00,27.1,87,,0.0,100,,6.6,11.2,3,Tien Giang,10.3598,106.3567,Open-Meteo-Historical,
2026-05-03 02:00:00,26.6,89,,0.2,100,,3.3,11.5,51,Tien Giang,10.3598,106.3567,Open-Meteo-Historical,
2026-05-03 03:00:00,26.5,87,,0.8,100,,3.1,5.8,53,Tien Giang,10.3598,106.3567,Open-Meteo-Historical,
2026-05-03 04:00:00,26.6,89,,0.0,100,,3.9,6.1,3,Tien Giang,10.3598,106.3567,Open-Meteo-Historical,
2026-05-03 05:00:00,26.5,89,,0.0,100,,2.2,6.5,3,Tien Giang,10.3598,106.3567,Open-Meteo-Historical,
2026-05-03 06:00:00,26.8,90,,0.0,100,,2.8,3.6,3,Tien Giang,10.3598,106.3567,Open-Meteo-Historical,
2026-05-03 07:00:00,28.5,78,,0.0,100,,10.6,10.8,3,Tien Giang,10.3598,106.3567,Open-Meteo-Historical,
2026-05-03 08:00:00,29.2,74,,0.0,100,,18.4,37.8,3,Tien Giang,10.3598,106.3567,Open-Meteo-Historical,
2026-05-03 09:00:00,30.5,69,,0.0,100,,14.2,37.4,3,Tien Giang,10.3598,106.3567,Open-Meteo-Historical,
2026-05-03 10:00:00,31.8,63,,0.0,99,,16.1,36.7,3,Tien Giang,10.3598,106.3567,Open-Meteo-Historical,
2026-05-03 11:00:00,32.5,60,,0.1,94,,14.5,37.1,51,Tien Giang,10.3598,106.3567,Open-Meteo-Historical,
2026-05-03 12:00:00,33.1,57,,0.0,76,,15.1,35.3,2,Tien Giang,10.3598,106.3567,Open-Meteo-Historical,
2026-05-03 13:00:00,30.8,63,,0.1,89,,14.2,36.7,51,Tien Giang,10.3598,106.3567,Open-Meteo-Historical,
2026-05-03 14:00:00,32.2,57,,0.2,100,,13.2,29.9,51,Tien Giang,10.3598,106.3567,Open-Meteo-Historical,
2026-05-03 15:00:00,32.5,55,,0.0,100,,12.4,29.9,3,Tien Giang,10.3598,106.3567,Open-Meteo-Historical,
2026-05-03 16:00:00,32.4,56,,0.0,100,,13.0,28.1,3,Tien Giang,10.3598,106.3567,Open-Meteo-Historical,
2026-05-03 17:00:00,31.2,61,,0.0,100,,11.9,28.4,3,Tien Giang,10.3598,106.3567,Open-Meteo-Historical,
2026-05-03 18:00:00,29.9,68,,0.0,99,,10.3,24.5,3,Tien Giang,10.3598,106.3567,Open-Meteo-Historical,
2026-05-03 19:00:00,29.1,75,,0.0,100,,10.8,18.7,3,Tien Giang,10.3598,106.3567,Open-Meteo-Historical,
2026-05-03 20:00:00,28.6,79,,0.0,100,,9.0,19.8,3,Tien Giang,10.3598,106.3567,Open-Meteo-Historical,
2026-05-03 21:00:00,28.0,83,,0.0,100,,6.8,16.6,3,Tien Giang,10.3598,106.3567,Open-Meteo-Historical,
2026-05-03 22:00:00,27.8,84,,0.0,100,,6.5,12.2,3,Tien Giang,10.3598,106.3567,Open-Meteo-Historical,
2026-05-03 23:00:00,27.5,86,,0.0,100,,5.3,11.5,3,Tien Giang,10.3598,106.3567,Open-Meteo-Historical,
2026-05-04 00:00:00,27.1,89,,0.0,100,,3.8,9.0,3,Tien Giang,10.3598,106.3567,Open-Meteo-Historical,
2026-05-04 01:00:00,27.4,87,,0.1,100,,4.9,9.0,51,Tien Giang,10.3598,106.3567,Open-Meteo-Historical,
2026-05-04 02:00:00,25.9,93,,0.5,100,,7.1,16.6,53,Tien Giang,10.3598,106.3567,Open-Meteo-Historical,
2026-05-04 03:00:00,26.1,93,,0.1,100,,1.9,11.9,51,Tien Giang,10.3598,106.3567,Open-Meteo-Historical,
2026-05-04 04:00:00,25.9,95,,0.0,100,,1.3,4.0,3,Tien Giang,10.3598,106.3567,Open-Meteo-Historical,
2026-05-04 05:00:00,26.0,93,,0.0,100,,3.8,6.5,3,Tien Giang,10.3598,106.3567,Open-Meteo-Historical,
2026-05-04 06:00:00,26.3,90,,0.0,99,,8.5,13.7,3,Tien Giang,10.3598,106.3567,Open-Meteo-Historical,
2026-05-04 07:00:00,28.2,80,,0.1,95,,8.9,24.1,51,Tien Giang,10.3598,106.3567,Open-Meteo-Historical,
2026-05-04 08:00:00,30.0,71,,0.0,73,,6.8,19.1,2,Tien Giang,10.3598,106.3567,Open-Meteo-Historical,
2026-05-04 09:00:00,31.7,64,,0.1,99,,10.3,27.4,51,Tien Giang,10.3598,106.3567,Open-Meteo-Historical,
2026-05-04 10:00:00,32.9,60,,0.1,100,,11.9,30.6,51,Tien Giang,10.3598,106.3567,Open-Meteo-Historical,
2026-05-04 11:00:00,33.2,57,,0.0,100,,12.2,31.3,3,Tien Giang,10.3598,106.3567,Open-Meteo-Historical,
2026-05-04 12:00:00,33.5,56,,0.1,100,,11.7,29.9,51,Tien Giang,10.3598,106.3567,Open-Meteo-Historical,
2026-05-04 13:00:00,33.5,53,,0.0,99,,11.7,29.9,3,Tien Giang,10.3598,106.3567,Open-Meteo-Historical,
2026-05-04 14:00:00,33.6,53,,0.0,100,,12.0,29.9,3,Tien Giang,10.3598,106.3567,Open-Meteo-Historical,
2026-05-04 15:00:00,32.7,55,,0.0,98,,12.4,29.9,3,Tien Giang,10.3598,106.3567,Open-Meteo-Historical,
2026-05-04 16:00:00,31.9,57,,0.0,100,,16.2,36.0,3,Tien Giang,10.3598,106.3567,Open-Meteo-Historical,
2026-05-04 17:00:00,31.5,58,,0.0,100,,12.9,33.5,3,Tien Giang,10.3598,106.3567,Open-Meteo-Historical,
2026-05-04 18:00:00,30.0,67,,0.0,100,,12.8,26.3,3,Tien Giang,10.3598,106.3567,Open-Meteo-Historical,
2026-05-04 19:00:00,29.1,76,,0.0,100,,16.1,23.4,3,Tien Giang,10.3598,106.3567,Open-Meteo-Historical,
2026-05-04 20:00:00,28.8,79,,0.0,100,,14.6,30.2,3,Tien Giang,10.3598,106.3567,Open-Meteo-Historical,
2026-05-04 21:00:00,28.8,77,,0.0,100,,13.4,27.4,3,Tien Giang,10.3598,106.3567,Open-Meteo-Historical,
2026-05-04 22:00:00,28.5,77,,0.0,100,,13.1,24.8,3,Tien Giang,10.3598,106.3567,Open-Meteo-Historical,
2026-05-04 23:00:00,28.4,78,,0.0,100,,12.4,23.8,3,Tien Giang,10.3598,106.3567,Open-Meteo-Historical,
2026-05-05 00:00:00,28.2,78,,0.0,100,,12.1,23.0,3,Tien Giang,10.3598,106.3567,Open-Meteo-Historical,
2026-05-05 01:00:00,28.1,78,,0.0,100,,10.5,22.0,3,Tien Giang,10.3598,106.3567,Open-Meteo-Historical,
2026-05-05 02:00:00,28.0,79,,0.0,100,,9.9,19.1,3,Tien Giang,10.3598,106.3567,Open-Meteo-Historical,
2026-05-05 03:00:00,27.9,80,,0.0,100,,9.6,18.0,3,Tien Giang,10.3598,106.3567,Open-Meteo-Historical,
2026-05-05 04:00:00,27.6,81,,0.0,100,,8.6,17.6,3,Tien Giang,10.3598,106.3567,Open-Meteo-Historical,
2026-05-05 05:00:00,27.4,83,,0.0,100,,8.7,15.5,3,Tien Giang,10.3598,106.3567,Open-Meteo-Historical,
2026-05-05 06:00:00,27.4,84,,0.0,99,,10.1,17.6,3,Tien Giang,10.3598,106.3567,Open-Meteo-Historical,
2026-05-05 07:00:00,29.0,76,,0.0,99,,14.1,24.5,3,Tien Giang,10.3598,106.3567,Open-Meteo-Historical,
2026-05-05 08:00:00,30.4,67,,0.0,100,,16.8,34.9,3,Tien Giang,10.3598,106.3567,Open-Meteo-Historical,
2026-05-05 09:00:00,31.5,61,,0.0,100,,19.2,40.3,3,Tien Giang,10.3598,106.3567,Open-Meteo-Historical,
2026-05-05 10:00:00,32.3,57,,0.1,100,,17.0,40.3,51,Tien Giang,10.3598,106.3567,Open-Meteo-Historical,
2026-05-05 11:00:00,33.0,55,,0.1,97,,17.6,38.9,51,Tien Giang,10.3598,106.3567,Open-Meteo-Historical,
2026-05-05 12:00:00,32.8,59,,0.3,95,,20.4,41.8,51,Tien Giang,10.3598,106.3567,Open-Meteo-Historical,
2026-05-05 13:00:00,33.5,55,,0.3,98,,17.7,44.3,51,Tien Giang,10.3598,106.3567,Open-Meteo-Historical,
2026-05-05 14:00:00,32.3,61,,0.6,98,,13.6,37.4,53,Tien Giang,10.3598,106.3567,Open-Meteo-Historical,
2026-05-05 15:00:00,31.1,66,,1.1,99,,15.5,35.6,55,Tien Giang,10.3598,106.3567,Open-Meteo-Historical,
2026-05-05 16:00:00,32.0,57,,0.0,100,,14.6,32.0,3,Tien Giang,10.3598,106.3567,Open-Meteo-Historical,
2026-05-05 17:00:00,30.8,64,,0.0,100,,13.7,31.3,3,Tien Giang,10.3598,106.3567,Open-Meteo-Historical,
2026-05-05 18:00:00,29.5,72,,0.0,98,,14.2,28.8,3,Tien Giang,10.3598,106.3567,Open-Meteo-Historical,
2026-05-05 19:00:00,28.8,76,,0.0,100,,10.5,26.6,3,Tien Giang,10.3598,106.3567,Open-Meteo-Historical,
2026-05-05 20:00:00,28.3,79,,0.0,99,,8.8,19.4,3,Tien Giang,10.3598,106.3567,Open-Meteo-Historical,
2026-05-05 21:00:00,28.2,80,,0.0,98,,12.4,20.5,3,Tien Giang,10.3598,106.3567,Open-Meteo-Historical,
2026-05-05 22:00:00,27.4,80,,0.0,100,,13.5,29.9,3,Tien Giang,10.3598,106.3567,Open-Meteo-Historical,
2026-05-05 23:00:00,27.0,83,,0.0,100,,13.3,27.0,3,Tien Giang,10.3598,106.3567,Open-Meteo-Historical,
2026-05-06 00:00:00,26.8,85,,0.0,100,,10.1,24.1,3,Tien Giang,10.3598,106.3567,Open-Meteo-Historical,
2026-05-06 01:00:00,26.5,87,,0.0,100,,7.9,18.4,3,Tien Giang,10.3598,106.3567,Open-Meteo-Historical,
2026-05-06 02:00:00,26.6,87,,0.0,100,,8.0,15.1,3,Tien Giang,10.3598,106.3567,Open-Meteo-Historical,
2026-05-06 03:00:00,26.6,86,,0.0,100,,8.7,16.2,3,Tien Giang,10.3598,106.3567,Open-Meteo-Historical,
2026-05-06 04:00:00,26.6,85,,0.0,100,,8.6,15.8,3,Tien Giang,10.3598,106.3567,Open-Meteo-Historical,
2026-05-06 05:00:00,25.7,88,,0.1,100,,16.7,31.0,51,Tien Giang,10.3598,106.3567,Open-Meteo-Historical,
2026-05-06 06:00:00,25.1,91,,0.1,100,,9.9,31.3,51,Tien Giang,10.3598,106.3567,Open-Meteo-Historical,
2026-05-06 07:00:00,25.5,90,,0.0,100,,10.7,19.4,3,Tien Giang,10.3598,106.3567,Open-Meteo-Historical,
2026-05-06 08:00:00,27.5,83,,0.1,100,,11.8,25.6,51,Tien Giang,10.3598,106.3567,Open-Meteo-Historical,
2026-05-06 09:00:00,29.5,73,,0.1,100,,18.2,38.5,51,Tien Giang,10.3598,106.3567,Open-Meteo-Historical,
2026-05-06 10:00:00,31.0,67,,0.2,100,,16.3,38.5,51,Tien Giang,10.3598,106.3567,Open-Meteo-Historical,
2026-05-06 11:00:00,31.9,63,,0.1,100,,17.2,38.2,51,Tien Giang,10.3598,106.3567,Open-Meteo-Historical,
2026-05-06 12:00:00,30.9,68,,3.7,100,,12.9,38.9,63,Tien Giang,10.3598,106.3567,Open-Meteo-Historical,
2026-05-06 13:00:00,33.5,55,,2.0,99,,11.9,31.0,61,Tien Giang,10.3598,106.3567,Open-Meteo-Historical,
2026-05-06 14:00:00,31.7,61,,0.5,99,,11.2,28.4,53,Tien Giang,10.3598,106.3567,Open-Meteo-Historical,
2026-05-06 15:00:00,32.2,57,,0.0,99,,13.4,27.7,3,Tien Giang,10.3598,106.3567,Open-Meteo-Historical,
2026-05-06 16:00:00,32.1,55,,0.0,100,,13.7,29.9,3,Tien Giang,10.3598,106.3567,Open-Meteo-Historical,
2026-05-06 17:00:00,30.6,65,,0.2,100,,8.9,28.4,51,Tien Giang,10.3598,106.3567,Open-Meteo-Historical,
2026-05-06 18:00:00,29.5,72,,0.0,100,,10.1,19.1,3,Tien Giang,10.3598,106.3567,Open-Meteo-Historical,
2026-05-06 19:00:00,28.0,86,,0.0,100,,9.7,18.7,3,Tien Giang,10.3598,106.3567,Open-Meteo-Historical,
2026-05-06 20:00:00,28.1,86,,0.0,100,,9.4,18.7,3,Tien Giang,10.3598,106.3567,Open-Meteo-Historical,
2026-05-06 21:00:00,27.7,88,,0.0,100,,10.0,17.6,3,Tien Giang,10.3598,106.3567,Open-Meteo-Historical,
2026-05-06 22:00:00,27.5,88,,0.0,100,,9.5,17.6,3,Tien Giang,10.3598,106.3567,Open-Meteo-Historical,
2026-05-06 23:00:00,27.4,88,,0.0,100,,8.8,16.9,3,Tien Giang,10.3598,106.3567,Open-Meteo-Historical,
2026-05-07 00:00:00,27.2,88,,0.0,100,,7.3,15.1,3,Tien Giang,10.3598,106.3567,Open-Meteo-Historical,
2026-05-07 01:00:00,27.2,86,,0.0,98,,7.1,12.6,3,Tien Giang,10.3598,106.3567,Open-Meteo-Historical,
2026-05-07 02:00:00,27.1,86,,0.0,88,,6.1,12.2,3,Tien Giang,10.3598,106.3567,Open-Meteo-Historical,
2026-05-07 03:00:00,27.0,86,,0.0,71,,7.9,13.3,2,Tien Giang,10.3598,106.3567,Open-Meteo-Historical,
2026-05-07 04:00:00,26.9,86,,0.0,100,,9.1,16.2,3,Tien Giang,10.3598,106.3567,Open-Meteo-Historical,
2026-05-07 05:00:00,26.6,88,,0.0,97,,8.8,16.2,3,Tien Giang,10.3598,106.3567,Open-Meteo-Historical,
2026-05-07 06:00:00,26.6,89,,0.0,28,,10.5,18.0,1,Tien Giang,10.3598,106.3567,Open-Meteo-Historical,
2026-05-07 07:00:00,28.4,82,,0.0,80,,13.3,29.5,3,Tien Giang,10.3598,106.3567,Open-Meteo-Historical,
2026-05-07 08:00:00,30.2,72,,0.0,45,,16.2,33.5,1,Tien Giang,10.3598,106.3567,Open-Meteo-Historical,
2026-05-07 09:00:00,31.5,66,,0.0,22,,16.4,34.6,1,Tien Giang,10.3598,106.3567,Open-Meteo-Historical,
2026-05-07 10:00:00,32.7,60,,0.0,99,,16.5,36.4,3,Tien Giang,10.3598,106.3567,Open-Meteo-Historical,
2026-05-07 11:00:00,33.3,57,,0.0,88,,15.8,36.0,3,Tien Giang,10.3598,106.3567,Open-Meteo-Historical,
2026-05-07 12:00:00,34.0,52,,0.0,84,,15.0,35.6,3,Tien Giang,10.3598,106.3567,Open-Meteo-Historical,
2026-05-07 13:00:00,34.1,50,,0.0,55,,14.6,34.2,2,Tien Giang,10.3598,106.3567,Open-Meteo-Historical,
2026-05-07 14:00:00,34.2,49,,0.0,9,,14.4,33.8,0,Tien Giang,10.3598,106.3567,Open-Meteo-Historical,
2026-05-07 15:00:00,33.7,50,,0.0,8,,14.7,33.1,0,Tien Giang,10.3598,106.3567,Open-Meteo-Historical,
2026-05-07 16:00:00,32.8,54,,0.0,16,,15.5,33.1,0,Tien Giang,10.3598,106.3567,Open-Meteo-Historical,
2026-05-07 17:00:00,31.4,60,,0.0,9,,14.7,33.1,0,Tien Giang,10.3598,106.3567,Open-Meteo-Historical,
2026-05-07 18:00:00,29.9,68,,0.0,9,,11.3,29.5,0,Tien Giang,10.3598,106.3567,Open-Meteo-Historical,
2026-05-07 19:00:00,29.4,74,,0.0,98,,10.2,20.9,3,Tien Giang,10.3598,106.3567,Open-Meteo-Historical,
2026-05-07 20:00:00,28.8,77,,0.0,21,,9.1,18.4,1,Tien Giang,10.3598,106.3567,Open-Meteo-Historical,
2026-05-07 21:00:00,28.2,80,,0.0,1,,9.7,17.3,0,Tien Giang,10.3598,106.3567,Open-Meteo-Historical,
2026-05-07 22:00:00,28.0,81,,0.0,10,,7.6,17.3,0,Tien Giang,10.3598,106.3567,Open-Meteo-Historical,
2026-05-07 23:00:00,27.8,83,,0.0,100,,7.1,13.3,3,Tien Giang,10.3598,106.3567,Open-Meteo-Historical,
2026-05-08 00:00:00,27.5,84,,0.0,100,,6.6,12.6,3,Tien Giang,10.3598,106.3567,Open-Meteo-Historical,
2026-05-08 01:00:00,27.0,81,,0.0,100,,7.5,11.5,3,Tien Giang,10.3598,106.3567,Open-Meteo-Historical,
2026-05-08 02:00:00,27.2,80,,0.0,100,,7.4,14.4,3,Tien Giang,10.3598,106.3567,Open-Meteo-Historical,
2026-05-08 03:00:00,26.9,84,,0.0,91,,4.4,13.0,3,Tien Giang,10.3598,106.3567,Open-Meteo-Historical,
2026-05-08 04:00:00,26.9,85,,0.0,55,,2.7,7.2,2,Tien Giang,10.3598,106.3567,Open-Meteo-Historical,
2026-05-08 05:00:00,26.8,84,,0.1,98,,3.9,6.1,51,Tien Giang,10.3598,106.3567,Open-Meteo-Historical,
2026-05-08 06:00:00,27.2,83,,0.0,100,,7.4,11.9,3,Tien Giang,10.3598,106.3567,Open-Meteo-Historical,
2026-05-08 07:00:00,29.2,74,,0.0,100,,10.0,23.4,3,Tien Giang,10.3598,106.3567,Open-Meteo-Historical,
2026-05-08 08:00:00,30.2,69,,0.1,100,,12.7,26.6,51,Tien Giang,10.3598,106.3567,Open-Meteo-Historical,
2026-05-08 09:00:00,30.9,66,,0.2,100,,14.2,31.0,51,Tien Giang,10.3598,106.3567,Open-Meteo-Historical,
2026-05-08 10:00:00,31.9,60,,0.1,100,,14.0,31.7,51,Tien Giang,10.3598,106.3567,Open-Meteo-Historical,
2026-05-08 11:00:00,33.0,56,,0.1,99,,13.6,32.0,51,Tien Giang,10.3598,106.3567,Open-Meteo-Historical,
2026-05-08 12:00:00,33.7,53,,0.1,99,,12.8,32.0,51,Tien Giang,10.3598,106.3567,Open-Meteo-Historical,
2026-05-08 13:00:00,33.3,49,,0.1,100,,10.3,31.0,51,Tien Giang,10.3598,106.3567,Open-Meteo-Historical,
2026-05-08 14:00:00,33.8,49,,0.1,100,,8.7,27.0,51,Tien Giang,10.3598,106.3567,Open-Meteo-Historical,
2026-05-08 15:00:00,33.7,51,,0.0,100,,9.5,26.3,3,Tien Giang,10.3598,106.3567,Open-Meteo-Historical,
2026-05-08 16:00:00,33.0,53,,0.0,100,,11.1,25.6,3,Tien Giang,10.3598,106.3567,Open-Meteo-Historical,
2026-05-08 17:00:00,31.6,57,,0.0,97,,14.5,29.2,3,Tien Giang,10.3598,106.3567,Open-Meteo-Historical,
2026-05-08 18:00:00,29.7,67,,0.0,100,,14.3,30.6,3,Tien Giang,10.3598,106.3567,Open-Meteo-Historical,
2026-05-08 19:00:00,29.1,74,,0.0,100,,11.5,28.1,3,Tien Giang,10.3598,106.3567,Open-Meteo-Historical,
2026-05-08 20:00:00,28.8,77,,0.1,100,,9.1,21.2,51,Tien Giang,10.3598,106.3567,Open-Meteo-Historical,
2026-05-08 21:00:00,28.6,77,,0.0,100,,9.8,17.3,3,Tien Giang,10.3598,106.3567,Open-Meteo-Historical,
2026-05-08 22:00:00,28.4,79,,0.0,100,,11.0,20.2,3,Tien Giang,10.3598,106.3567,Open-Meteo-Historical,
2026-05-08 23:00:00,28.3,79,,0.0,100,,10.6,19.8,3,Tien Giang,10.3598,106.3567,Open-Meteo-Historical,
2026-05-09 00:00:00,28.0,80,,0.0,80,,8.7,19.4,3,Tien Giang,10.3598,106.3567,Open-Meteo-Historical,
2026-05-09 01:00:00,27.9,80,,0.0,53,,8.7,15.5,2,Tien Giang,10.3598,106.3567,Open-Meteo-Historical,
2026-05-09 02:00:00,27.7,80,,0.0,66,,7.4,15.5,2,Tien Giang,10.3598,106.3567,Open-Meteo-Historical,
2026-05-09 03:00:00,27.4,82,,0.0,58,,6.7,13.3,2,Tien Giang,10.3598,106.3567,Open-Meteo-Historical,
2026-05-09 04:00:00,26.9,85,,0.0,3,,5.6,11.9,0,Tien Giang,10.3598,106.3567,Open-Meteo-Historical,
2026-05-09 05:00:00,26.5,87,,0.0,10,,4.6,10.1,0,Tien Giang,10.3598,106.3567,Open-Meteo-Historical,
2026-05-09 06:00:00,26.8,86,,0.0,3,,7.0,11.2,0,Tien Giang,10.3598,106.3567,Open-Meteo-Historical,
2026-05-09 07:00:00,28.8,79,,0.0,2,,6.1,25.9,0,Tien Giang,10.3598,106.3567,Open-Meteo-Historical,
2026-05-09 08:00:00,30.6,65,,0.0,31,,12.1,26.3,1,Tien Giang,10.3598,106.3567,Open-Meteo-Historical,
2026-05-09 09:00:00,32.5,51,,0.0,71,,14.9,33.1,2,Tien Giang,10.3598,106.3567,Open-Meteo-Historical,
2026-05-09 10:00:00,33.7,44,,0.0,95,,14.5,34.2,3,Tien Giang,10.3598,106.3567,Open-Meteo-Historical,
2026-05-09 11:00:00,34.8,42,,0.0,100,,11.7,33.1,3,Tien Giang,10.3598,106.3567,Open-Meteo-Historical,
2026-05-09 12:00:00,35.7,41,,0.0,100,,11.6,29.5,3,Tien Giang,10.3598,106.3567,Open-Meteo-Historical,
2026-05-09 13:00:00,35.8,41,,0.0,99,,11.1,29.5,3,Tien Giang,10.3598,106.3567,Open-Meteo-Historical,
2026-05-09 14:00:00,34.1,47,,0.5,100,,12.9,30.6,53,Tien Giang,10.3598,106.3567,Open-Meteo-Historical,
2026-05-09 15:00:00,34.5,45,,0.0,99,,8.3,30.6,3,Tien Giang,10.3598,106.3567,Open-Meteo-Historical,
2026-05-09 16:00:00,33.5,49,,0.0,94,,13.4,28.4,3,Tien Giang,10.3598,106.3567,Open-Meteo-Historical,
2026-05-09 17:00:00,32.3,54,,0.0,37,,11.8,30.6,1,Tien Giang,10.3598,106.3567,Open-Meteo-Historical,
2026-05-09 18:00:00,30.6,66,,0.0,30,,15.4,29.5,1,Tien Giang,10.3598,106.3567,Open-Meteo-Historical,
2026-05-09 19:00:00,30.0,65,,0.0,70,,10.9,29.2,2,Tien Giang,10.3598,106.3567,Open-Meteo-Historical,
2026-05-09 20:00:00,29.5,74,,0.0,48,,14.2,25.6,1,Tien Giang,10.3598,106.3567,Open-Meteo-Historical,
2026-05-09 21:00:00,29.0,76,,0.0,55,,15.3,30.2,2,Tien Giang,10.3598,106.3567,Open-Meteo-Historical,
2026-05-09 22:00:00,28.7,79,,0.0,93,,15.2,30.6,3,Tien Giang,10.3598,106.3567,Open-Meteo-Historical,
2026-05-09 23:00:00,28.5,80,,0.0,100,,14.4,28.4,3,Tien Giang,10.3598,106.3567,Open-Meteo-Historical,
2026-05-10 00:00:00,28.6,79,,0.0,100,,15.2,28.1,3,Tien Giang,10.3598,106.3567,Open-Meteo-Historical,
2026-05-10 01:00:00,28.5,79,,0.0,100,,14.6,28.1,3,Tien Giang,10.3598,106.3567,Open-Meteo-Historical,
2026-05-10 02:00:00,28.6,77,,0.0,100,,16.0,29.9,3,Tien Giang,10.3598,106.3567,Open-Meteo-Historical,
2026-05-10 03:00:00,28.6,75,,0.0,77,,15.9,30.2,2,Tien Giang,10.3598,106.3567,Open-Meteo-Historical,
2026-05-10 04:00:00,28.4,74,,0.0,64,,15.3,29.5,2,Tien Giang,10.3598,106.3567,Open-Meteo-Historical,
2026-05-10 05:00:00,28.1,75,,0.0,49,,14.3,28.1,1,Tien Giang,10.3598,106.3567,Open-Meteo-Historical,
2026-05-10 06:00:00,28.1,74,,0.0,4,,14.1,26.3,0,Tien Giang,10.3598,106.3567,Open-Meteo-Historical,
2026-05-10 07:00:00,29.9,67,,0.0,77,,12.6,25.9,2,Tien Giang,10.3598,106.3567,Open-Meteo-Historical,
2026-05-10 08:00:00,30.9,63,,0.0,93,,15.2,32.0,3,Tien Giang,10.3598,106.3567,Open-Meteo-Historical,
2026-05-10 09:00:00,32.0,61,,0.0,24,,18.4,42.8,1,Tien Giang,10.3598,106.3567,Open-Meteo-Historical,
2026-05-10 10:00:00,33.7,55,,0.0,84,,20.9,47.9,3,Tien Giang,10.3598,106.3567,Open-Meteo-Historical,
2026-05-10 11:00:00,31.7,64,,1.2,95,,20.3,49.7,55,Tien Giang,10.3598,106.3567,Open-Meteo-Historical,
2026-05-10 12:00:00,33.0,59,,0.1,98,,23.1,51.5,51,Tien Giang,10.3598,106.3567,Open-Meteo-Historical,
2026-05-10 13:00:00,34.6,52,,0.5,45,,17.6,51.5,53,Tien Giang,10.3598,106.3567,Open-Meteo-Historical,
2026-05-10 14:00:00,33.5,56,,0.9,95,,18.3,43.2,53,Tien Giang,10.3598,106.3567,Open-Meteo-Historical,
2026-05-10 15:00:00,33.7,52,,0.0,98,,19.9,46.4,3,Tien Giang,10.3598,106.3567,Open-Meteo-Historical,
2026-05-10 16:00:00,32.8,55,,0.0,97,,19.6,43.2,3,Tien Giang,10.3598,106.3567,Open-Meteo-Historical,
2026-05-10 17:00:00,31.8,60,,0.0,99,,19.0,40.0,3,Tien Giang,10.3598,106.3567,Open-Meteo-Historical,
2026-05-10 18:00:00,30.2,71,,0.0,99,,13.1,37.4,3,Tien Giang,10.3598,106.3567,Open-Meteo-Historical,
2026-05-10 19:00:00,30.2,71,,0.0,98,,15.5,23.8,3,Tien Giang,10.3598,106.3567,Open-Meteo-Historical,
2026-05-10 20:00:00,29.8,73,,0.0,98,,13.8,28.8,3,Tien Giang,10.3598,106.3567,Open-Meteo-Historical,
2026-05-10 21:00:00,29.2,76,,0.0,97,,13.8,25.9,3,Tien Giang,10.3598,106.3567,Open-Meteo-Historical,
2026-05-10 22:00:00,29.2,77,,0.0,100,,13.6,25.2,3,Tien Giang,10.3598,106.3567,Open-Meteo-Historical,
2026-05-10 23:00:00,28.9,77,,0.0,99,,13.0,25.6,3,Tien Giang,10.3598,106.3567,Open-Meteo-Historical,
2026-05-11 00:00:00,28.8,78,,0.0,98,,13.2,24.8,3,Tien Giang,10.3598,106.3567,Open-Meteo-Historical,
2026-05-11 01:00:00,28.8,76,,0.0,100,,14.5,24.5,3,Tien Giang,10.3598,106.3567,Open-Meteo-Historical,
2026-05-11 02:00:00,28.5,77,,0.0,100,,13.5,26.3,3,Tien Giang,10.3598,106.3567,Open-Meteo-Historical,
2026-05-11 03:00:00,27.5,81,,0.0,100,,12.8,25.2,3,Tien Giang,10.3598,106.3567,Open-Meteo-Historical,
2026-05-11 04:00:00,26.2,88,,0.2,100,,10.4,23.0,51,Tien Giang,10.3598,106.3567,Open-Meteo-Historical,
2026-05-11 05:00:00,25.8,92,,0.2,100,,6.9,18.0,51,Tien Giang,10.3598,106.3567,Open-Meteo-Historical,
2026-05-11 06:00:00,25.6,91,,0.1,100,,10.3,18.7,51,Tien Giang,10.3598,106.3567,Open-Meteo-Historical,
2026-05-11 07:00:00,28.5,75,,0.1,98,,12.8,19.8,51,Tien Giang,10.3598,106.3567,Open-Meteo-Historical,
2026-05-11 08:00:00,30.5,66,,0.0,98,,15.9,34.6,3,Tien Giang,10.3598,106.3567,Open-Meteo-Historical,
2026-05-11 09:00:00,32.3,57,,0.0,99,,19.6,43.9,3,Tien Giang,10.3598,106.3567,Open-Meteo-Historical,
2026-05-11 10:00:00,32.5,55,,0.1,100,,21.1,47.5,51,Tien Giang,10.3598,106.3567,Open-Meteo-Historical,
2026-05-11 11:00:00,33.5,52,,0.0,98,,20.3,44.6,3,Tien Giang,10.3598,106.3567,Open-Meteo-Historical,
2026-05-11 12:00:00,34.5,50,,0.0,100,,20.5,45.4,3,Tien Giang,10.3598,106.3567,Open-Meteo-Historical,
2026-05-11 13:00:00,33.2,52,,0.0,100,,22.5,45.4,3,Tien Giang,10.3598,106.3567,Open-Meteo-Historical,
2026-05-11 14:00:00,33.9,51,,0.3,98,,21.4,46.1,51,Tien Giang,10.3598,106.3567,Open-Meteo-Historical,
2026-05-11 15:00:00,33.2,53,,0.0,73,,20.9,45.4,2,Tien Giang,10.3598,106.3567,Open-Meteo-Historical,
2026-05-11 16:00:00,32.0,61,,0.0,100,,19.0,43.6,3,Tien Giang,10.3598,106.3567,Open-Meteo-Historical,
2026-05-11 17:00:00,30.6,67,,0.0,87,,16.5,39.2,3,Tien Giang,10.3598,106.3567,Open-Meteo-Historical,
2026-05-11 18:00:00,29.8,71,,0.0,26,,16.1,33.5,1,Tien Giang,10.3598,106.3567,Open-Meteo-Historical,
2026-05-11 19:00:00,29.5,76,,0.0,0,,16.4,31.3,0,Tien Giang,10.3598,106.3567,Open-Meteo-Historical,
2026-05-11 20:00:00,29.0,80,,0.0,12,,14.0,30.6,0,Tien Giang,10.3598,106.3567,Open-Meteo-Historical,
2026-05-11 21:00:00,28.9,81,,0.0,84,,13.4,25.9,3,Tien Giang,10.3598,106.3567,Open-Meteo-Historical,
2026-05-11 22:00:00,28.7,82,,0.0,86,,11.2,24.8,3,Tien Giang,10.3598,106.3567,Open-Meteo-Historical,
2026-05-11 23:00:00,28.5,83,,0.0,64,,10.8,20.5,2,Tien Giang,10.3598,106.3567,Open-Meteo-Historical,
2026-05-12 00:00:00,28.4,83,,0.0,70,,11.4,21.2,2,Tien Giang,10.3598,106.3567,Open-Meteo-Historical,
2026-05-12 01:00:00,28.4,82,,0.0,91,,12.2,21.6,3,Tien Giang,10.3598,106.3567,Open-Meteo-Historical,
2026-05-12 02:00:00,28.3,81,,0.0,94,,11.9,22.7,3,Tien Giang,10.3598,106.3567,Open-Meteo-Historical,
2026-05-12 03:00:00,28.2,79,,0.0,40,,12.2,22.3,1,Tien Giang,10.3598,106.3567,Open-Meteo-Historical,
2026-05-12 04:00:00,28.2,78,,0.0,63,,11.7,22.3,2,Tien Giang,10.3598,106.3567,Open-Meteo-Historical,
2026-05-12 05:00:00,28.0,77,,0.0,88,,12.2,22.3,3,Tien Giang,10.3598,106.3567,Open-Meteo-Historical,
2026-05-12 06:00:00,28.0,77,,0.0,76,,11.9,22.3,2,Tien Giang,10.3598,106.3567,Open-Meteo-Historical,
2026-05-12 07:00:00,30.0,70,,0.0,98,,12.5,27.7,3,Tien Giang,10.3598,106.3567,Open-Meteo-Historical,
2026-05-12 08:00:00,31.6,59,,0.0,94,,16.9,35.3,3,Tien Giang,10.3598,106.3567,Open-Meteo-Historical,
2026-05-12 09:00:00,32.8,54,,0.0,95,,16.7,36.4,3,Tien Giang,10.3598,106.3567,Open-Meteo-Historical,
2026-05-12 10:00:00,34.0,50,,0.0,99,,15.1,36.4,3,Tien Giang,10.3598,106.3567,Open-Meteo-Historical,
2026-05-12 11:00:00,35.0,46,,0.0,98,,15.8,36.7,3,Tien Giang,10.3598,106.3567,Open-Meteo-Historical,
2026-05-12 12:00:00,35.3,45,,0.0,99,,16.4,37.8,3,Tien Giang,10.3598,106.3567,Open-Meteo-Historical,
2026-05-12 13:00:00,35.0,45,,0.0,98,,15.4,38.2,3,Tien Giang,10.3598,106.3567,Open-Meteo-Historical,
2026-05-12 14:00:00,34.7,46,,0.0,98,,15.2,34.6,3,Tien Giang,10.3598,106.3567,Open-Meteo-Historical,
2026-05-12 15:00:00,34.0,47,,0.0,98,,14.6,35.3,3,Tien Giang,10.3598,106.3567,Open-Meteo-Historical,
2026-05-12 16:00:00,33.1,50,,0.0,95,,14.1,33.1,3,Tien Giang,10.3598,106.3567,Open-Meteo-Historical,
2026-05-12 17:00:00,32.0,53,,0.0,97,,14.5,31.0,3,Tien Giang,10.3598,106.3567,Open-Meteo-Historical,
2026-05-12 18:00:00,30.6,59,,0.0,92,,13.2,29.9,3,Tien Giang,10.3598,106.3567,Open-Meteo-Historical,
2026-05-12 19:00:00,30.1,67,,0.0,90,,11.2,24.5,3,Tien Giang,10.3598,106.3567,Open-Meteo-Historical,
2026-05-12 20:00:00,29.5,71,,0.0,84,,9.3,20.9,3,Tien Giang,10.3598,106.3567,Open-Meteo-Historical,
2026-05-12 21:00:00,29.0,74,,0.0,93,,8.1,16.9,3,Tien Giang,10.3598,106.3567,Open-Meteo-Historical,
2026-05-12 22:00:00,28.6,77,,0.0,90,,7.0,15.1,3,Tien Giang,10.3598,106.3567,Open-Meteo-Historical,
2026-05-12 23:00:00,28.1,80,,0.0,95,,6.5,12.6,3,Tien Giang,10.3598,106.3567,Open-Meteo-Historical,
2026-05-13 00:00:00,27.9,83,,0.0,100,,5.7,11.9,3,Tien Giang,10.3598,106.3567,Open-Meteo-Historical,
2026-05-13 01:00:00,27.7,85,,0.0,100,,6.1,10.1,3,Tien Giang,10.3598,106.3567,Open-Meteo-Historical,
2026-05-13 02:00:00,27.5,86,,0.0,98,,4.9,10.4,3,Tien Giang,10.3598,106.3567,Open-Meteo-Historical,
2026-05-13 03:00:00,27.2,87,,0.0,97,,4.2,8.6,3,Tien Giang,10.3598,106.3567,Open-Meteo-Historical,
2026-05-13 04:00:00,27.0,88,,0.0,98,,3.7,7.6,3,Tien Giang,10.3598,106.3567,Open-Meteo-Historical,
2026-05-13 05:00:00,26.9,88,,0.0,98,,4.8,8.6,3,Tien Giang,10.3598,106.3567,Open-Meteo-Historical,
2026-05-13 06:00:00,27.1,86,,0.0,95,,5.9,9.0,3,Tien Giang,10.3598,106.3567,Open-Meteo-Historical,
2026-05-13 07:00:00,29.1,79,,0.0,89,,5.7,13.3,3,Tien Giang,10.3598,106.3567,Open-Meteo-Historical,
2026-05-13 08:00:00,30.8,68,,0.0,97,,7.5,20.2,3,Tien Giang,10.3598,106.3567,Open-Meteo-Historical,
2026-05-13 09:00:00,32.4,60,,0.0,100,,6.0,20.2,3,Tien Giang,10.3598,106.3567,Open-Meteo-Historical,
2026-05-13 10:00:00,33.5,55,,0.0,94,,6.3,21.2,3,Tien Giang,10.3598,106.3567,Open-Meteo-Historical,
2026-05-13 11:00:00,34.6,51,,0.1,98,,8.4,23.8,51,Tien Giang,10.3598,106.3567,Open-Meteo-Historical,
2026-05-13 12:00:00,35.6,48,,0.0,60,,9.3,25.9,2,Tien Giang,10.3598,106.3567,Open-Meteo-Historical,
2026-05-13 13:00:00,36.2,46,,0.0,55,,6.9,26.3,2,Tien Giang,10.3598,106.3567,Open-Meteo-Historical,
2026-05-13 14:00:00,36.3,44,,0.0,87,,8.8,23.8,3,Tien Giang,10.3598,106.3567,Open-Meteo-Historical,
2026-05-13 15:00:00,35.9,45,,0.0,99,,9.5,25.2,3,Tien Giang,10.3598,106.3567,Open-Meteo-Historical,
2026-05-13 16:00:00,34.5,50,,0.3,98,,9.5,24.5,51,Tien Giang,10.3598,106.3567,Open-Meteo-Historical,
2026-05-13 17:00:00,32.1,62,,0.8,95,,14.7,27.7,53,Tien Giang,10.3598,106.3567,Open-Meteo-Historical,
2026-05-13 18:00:00,31.0,64,,0.0,38,,15.3,29.9,1,Tien Giang,10.3598,106.3567,Open-Meteo-Historical,
2026-05-13 19:00:00,30.6,67,,0.0,7,,13.9,28.4,0,Tien Giang,10.3598,106.3567,Open-Meteo-Historical,
2026-05-13 20:00:00,29.9,71,,0.0,16,,13.1,26.3,0,Tien Giang,10.3598,106.3567,Open-Meteo-Historical,
2026-05-13 21:00:00,29.4,74,,0.0,13,,11.3,24.1,0,Tien Giang,10.3598,106.3567,Open-Meteo-Historical,
2026-05-13 22:00:00,29.0,76,,0.0,63,,9.8,20.9,2,Tien Giang,10.3598,106.3567,Open-Meteo-Historical,
2026-05-13 23:00:00,28.6,78,,0.0,95,,8.5,18.0,3,Tien Giang,10.3598,106.3567,Open-Meteo-Historical,
2026-05-14 00:00:00,28.2,80,,0.0,96,,7.1,15.5,3,Tien Giang,10.3598,106.3567,Open-Meteo-Historical,
2026-05-14 01:00:00,28.1,83,,0.0,95,,8.4,12.6,3,Tien Giang,10.3598,106.3567,Open-Meteo-Historical,
2026-05-14 02:00:00,27.5,86,,0.0,97,,7.7,15.5,3,Tien Giang,10.3598,106.3567,Open-Meteo-Historical,
2026-05-14 03:00:00,27.2,88,,0.0,97,,7.0,14.0,3,Tien Giang,10.3598,106.3567,Open-Meteo-Historical,
2026-05-14 04:00:00,26.9,90,,0.0,87,,5.5,12.6,3,Tien Giang,10.3598,106.3567,Open-Meteo-Historical,
2026-05-14 05:00:00,26.6,91,,0.0,93,,4.1,10.1,3,Tien Giang,10.3598,106.3567,Open-Meteo-Historical,
2026-05-14 06:00:00,26.8,90,,0.0,98,,5.0,8.6,3,Tien Giang,10.3598,106.3567,Open-Meteo-Historical,
2026-05-14 07:00:00,29.0,78,,0.0,77,,5.9,14.4,2,Tien Giang,10.3598,106.3567,Open-Meteo-Historical,
2026-05-14 08:00:00,30.9,68,,0.0,93,,8.8,22.0,3,Tien Giang,10.3598,106.3567,Open-Meteo-Historical,
2026-05-14 09:00:00,32.5,58,,0.0,67,,9.0,23.8,2,Tien Giang,10.3598,106.3567,Open-Meteo-Historical,
2026-05-14 10:00:00,33.8,52,,0.0,91,,7.5,23.8,3,Tien Giang,10.3598,106.3567,Open-Meteo-Historical,
2026-05-14 11:00:00,35.3,47,,0.0,100,,7.3,23.4,3,Tien Giang,10.3598,106.3567,Open-Meteo-Historical,
2026-05-14 12:00:00,36.0,45,,0.0,95,,6.8,23.4,3,Tien Giang,10.3598,106.3567,Open-Meteo-Historical,
2026-05-14 13:00:00,34.9,48,,0.0,100,,7.1,22.3,3,Tien Giang,10.3598,106.3567,Open-Meteo-Historical,
2026-05-14 14:00:00,35.2,48,,0.2,97,,4.5,20.5,51,Tien Giang,10.3598,106.3567,Open-Meteo-Historical,
2026-05-14 15:00:00,34.1,51,,0.2,100,,12.1,24.8,51,Tien Giang,10.3598,106.3567,Open-Meteo-Historical,
2026-05-14 16:00:00,30.4,70,,1.2,98,,14.4,39.2,55,Tien Giang,10.3598,106.3567,Open-Meteo-Historical,
2026-05-14 17:00:00,31.5,61,,0.1,95,,12.3,29.5,51,Tien Giang,10.3598,106.3567,Open-Meteo-Historical,
2026-05-14 18:00:00,30.8,67,,0.0,95,,10.6,25.9,3,Tien Giang,10.3598,106.3567,Open-Meteo-Historical,
2026-05-14 19:00:00,30.5,69,,0.0,100,,11.4,20.2,3,Tien Giang,10.3598,106.3567,Open-Meteo-Historical,
2026-05-14 20:00:00,29.6,74,,0.0,100,,6.9,21.6,3,Tien Giang,10.3598,106.3567,Open-Meteo-Historical,
2026-05-14 21:00:00,29.2,77,,0.0,99,,6.5,12.2,3,Tien Giang,10.3598,106.3567,Open-Meteo-Historical,
2026-05-14 22:00:00,29.0,80,,0.0,98,,6.0,11.9,3,Tien Giang,10.3598,106.3567,Open-Meteo-Historical,
2026-05-14 23:00:00,28.7,83,,0.0,99,,5.1,10.8,3,Tien Giang,10.3598,106.3567,Open-Meteo-Historical,
2026-05-15 00:00:00,28.4,85,,0.0,100,,4.2,8.6,3,Tien Giang,10.3598,106.3567,Open-Meteo-Historical,
2026-05-15 01:00:00,28.3,87,,0.0,100,,6.4,9.0,3,Tien Giang,10.3598,106.3567,Open-Meteo-Historical,
2026-05-15 02:00:00,27.9,89,,0.0,99,,6.9,12.2,3,Tien Giang,10.3598,106.3567,Open-Meteo-Historical,
2026-05-15 03:00:00,27.6,89,,0.0,100,,7.3,13.0,3,Tien Giang,10.3598,106.3567,Open-Meteo-Historical,
2026-05-15 04:00:00,27.5,90,,0.0,85,,6.6,13.0,3,Tien Giang,10.3598,106.3567,Open-Meteo-Historical,
2026-05-15 05:00:00,27.2,90,,0.0,93,,5.9,11.5,3,Tien Giang,10.3598,106.3567,Open-Meteo-Historical,
2026-05-15 06:00:00,27.3,89,,0.0,41,,5.2,10.4,1,Tien Giang,10.3598,106.3567,Open-Meteo-Historical,
2026-05-15 07:00:00,29.1,78,,0.0,91,,4.8,14.4,3,Tien Giang,10.3598,106.3567,Open-Meteo-Historical,
2026-05-15 08:00:00,31.0,69,,0.0,98,,6.9,18.7,3,Tien Giang,10.3598,106.3567,Open-Meteo-Historical,
2026-05-15 09:00:00,32.4,62,,0.0,80,,8.1,22.3,3,Tien Giang,10.3598,106.3567,Open-Meteo-Historical,
2026-05-15 10:00:00,33.9,57,,0.0,73,,8.2,23.4,2,Tien Giang,10.3598,106.3567,Open-Meteo-Historical,
2026-05-15 11:00:00,35.2,52,,0.0,32,,7.4,23.4,1,Tien Giang,10.3598,106.3567,Open-Meteo-Historical,
2026-05-15 12:00:00,36.0,49,,0.0,25,,7.7,23.0,1,Tien Giang,10.3598,106.3567,Open-Meteo-Historical,
2026-05-15 13:00:00,35.5,50,,0.1,52,,9.3,24.1,51,Tien Giang,10.3598,106.3567,Open-Meteo-Historical,
2026-05-15 14:00:00,35.1,51,,0.1,87,,8.9,26.3,51,Tien Giang,10.3598,106.3567,Open-Meteo-Historical,
2026-05-15 15:00:00,35.5,50,,0.0,99,,7.3,24.5,3,Tien Giang,10.3598,106.3567,Open-Meteo-Historical,
2026-05-15 16:00:00,34.0,51,,0.0,99,,12.6,26.6,3,Tien Giang,10.3598,106.3567,Open-Meteo-Historical,
2026-05-15 17:00:00,30.0,72,,0.7,91,,15.7,33.8,53,Tien Giang,10.3598,106.3567,Open-Meteo-Historical,
2026-05-15 18:00:00,29.1,76,,0.4,91,,6.0,29.2,51,Tien Giang,10.3598,106.3567,Open-Meteo-Historical,
2026-05-15 19:00:00,30.5,74,,0.3,95,,5.2,16.9,51,Tien Giang,10.3598,106.3567,Open-Meteo-Historical,
2026-05-15 20:00:00,30.4,75,,0.0,98,,9.0,15.5,3,Tien Giang,10.3598,106.3567,Open-Meteo-Historical,
2026-05-15 21:00:00,30.1,72,,0.0,100,,9.6,18.4,3,Tien Giang,10.3598,106.3567,Open-Meteo-Historical,
2026-05-15 22:00:00,29.9,72,,0.0,90,,9.6,17.6,3,Tien Giang,10.3598,106.3567,Open-Meteo-Historical,
2026-05-15 23:00:00,29.5,73,,0.0,100,,7.3,17.6,3,Tien Giang,10.3598,106.3567,Open-Meteo-Historical,
2026-05-16 00:00:00,29.2,75,,0.0,100,,5.7,13.0,3,Tien Giang,10.3598,106.3567,Open-Meteo-Historical,
2026-05-16 01:00:00,29.1,79,,0.0,100,,8.0,10.1,3,Tien Giang,10.3598,106.3567,Open-Meteo-Historical,
2026-05-16 02:00:00,28.6,80,,0.0,100,,6.2,15.1,3,Tien Giang,10.3598,106.3567,Open-Meteo-Historical,
2026-05-16 03:00:00,28.5,81,,0.0,92,,5.6,11.9,3,Tien Giang,10.3598,106.3567,Open-Meteo-Historical,
2026-05-16 04:00:00,28.1,82,,0.0,95,,5.5,10.8,3,Tien Giang,10.3598,106.3567,Open-Meteo-Historical,
2026-05-16 05:00:00,28.0,83,,0.0,99,,5.2,11.2,3,Tien Giang,10.3598,106.3567,Open-Meteo-Historical,
2026-05-16 06:00:00,28.0,83,,0.0,99,,5.2,10.4,3,Tien Giang,10.3598,106.3567,Open-Meteo-Historical,
2026-05-16 07:00:00,29.0,81,,0.0,94,,3.4,13.7,3,Tien Giang,10.3598,106.3567,Open-Meteo-Historical,
2026-05-16 08:00:00,30.2,76,,0.0,99,,4.7,14.0,3,Tien Giang,10.3598,106.3567,Open-Meteo-Historical,
2026-05-16 09:00:00,31.4,68,,0.0,98,,6.2,17.3,3,Tien Giang,10.3598,106.3567,Open-Meteo-Historical,
2026-05-16 10:00:00,32.5,64,,0.1,95,,5.8,18.7,51,Tien Giang,10.3598,106.3567,Open-Meteo-Historical,
2026-05-16 11:00:00,33.3,61,,0.0,98,,5.3,19.4,3,Tien Giang,10.3598,106.3567,Open-Meteo-Historical,
2026-05-16 12:00:00,34.0,59,,0.0,77,,4.5,19.1,2,Tien Giang,10.3598,106.3567,Open-Meteo-Historical,
2026-05-16 13:00:00,34.8,54,,0.0,52,,3.4,18.4,2,Tien Giang,10.3598,106.3567,Open-Meteo-Historical,
2026-05-16 14:00:00,34.0,56,,0.2,71,,7.9,20.9,51,Tien Giang,10.3598,106.3567,Open-Meteo-Historical,
2026-05-16 15:00:00,33.9,57,,0.0,77,,7.2,20.5,2,Tien Giang,10.3598,106.3567,Open-Meteo-Historical,
2026-05-16 16:00:00,33.7,58,,0.0,69,,6.6,18.4,2,Tien Giang,10.3598,106.3567,Open-Meteo-Historical,
2026-05-16 17:00:00,32.3,63,,0.2,92,,6.1,16.2,51,Tien Giang,10.3598,106.3567,Open-Meteo-Historical,
2026-05-16 18:00:00,30.8,73,,0.3,88,,8.1,11.9,51,Tien Giang,10.3598,106.3567,Open-Meteo-Historical,
2026-05-16 19:00:00,31.6,63,,1.2,91,,10.2,19.4,55,Tien Giang,10.3598,106.3567,Open-Meteo-Historical,
2026-05-16 20:00:00,28.6,75,,0.1,83,,13.9,34.2,51,Tien Giang,10.3598,106.3567,Open-Meteo-Historical,
2026-05-16 21:00:00,28.2,78,,0.0,99,,3.1,25.2,3,Tien Giang,10.3598,106.3567,Open-Meteo-Historical,
2026-05-16 22:00:00,28.1,83,,0.0,99,,1.3,6.1,3,Tien Giang,10.3598,106.3567,Open-Meteo-Historical,
2026-05-16 23:00:00,28.1,81,,0.0,100,,1.7,3.6,3,Tien Giang,10.3598,106.3567,Open-Meteo-Historical,
2026-05-17 00:00:00,27.9,83,,0.2,100,,3.6,7.2,51,Tien Giang,10.3598,106.3567,Open-Meteo-Historical,
2026-05-17 01:00:00,28.0,86,,0.5,100,,1.6,7.9,53,Tien Giang,10.3598,106.3567,Open-Meteo-Historical,
2026-05-17 02:00:00,27.6,92,,0.6,100,,4.3,6.8,53,Tien Giang,10.3598,106.3567,Open-Meteo-Historical,
2026-05-17 03:00:00,27.5,95,,0.5,80,,3.4,7.9,53,Tien Giang,10.3598,106.3567,Open-Meteo-Historical,
2026-05-17 04:00:00,27.6,93,,0.2,98,,3.0,5.4,51,Tien Giang,10.3598,106.3567,Open-Meteo-Historical,
2026-05-17 05:00:00,27.6,93,,0.1,100,,2.7,6.8,51,Tien Giang,10.3598,106.3567,Open-Meteo-Historical,
2026-05-17 06:00:00,27.7,91,,0.0,95,,1.3,5.4,3,Tien Giang,10.3598,106.3567,Open-Meteo-Historical,
2026-05-17 07:00:00,28.2,88,,0.0,79,,2.7,7.2,2,Tien Giang,10.3598,106.3567,Open-Meteo-Historical,
2026-05-17 08:00:00,29.5,82,,0.0,30,,2.9,11.5,1,Tien Giang,10.3598,106.3567,Open-Meteo-Historical,
2026-05-17 09:00:00,31.1,73,,0.0,71,,2.9,13.7,2,Tien Giang,10.3598,106.3567,Open-Meteo-Historical,
2026-05-17 10:00:00,32.3,66,,0.0,56,,3.1,17.6,2,Tien Giang,10.3598,106.3567,Open-Meteo-Historical,
2026-05-17 11:00:00,33.5,63,,0.0,70,,2.5,18.0,2,Tien Giang,10.3598,106.3567,Open-Meteo-Historical,
2026-05-17 12:00:00,34.2,60,,0.0,84,,1.9,16.9,3,Tien Giang,10.3598,106.3567,Open-Meteo-Historical,
2026-05-17 13:00:00,32.8,57,,0.0,100,,8.5,17.3,3,Tien Giang,10.3598,106.3567,Open-Meteo-Historical,
2026-05-17 14:00:00,31.2,66,,0.1,100,,14.4,38.5,51,Tien Giang,10.3598,106.3567,Open-Meteo-Historical,
2026-05-17 15:00:00,30.4,70,,0.0,100,,13.5,30.2,3,Tien Giang,10.3598,106.3567,Open-Meteo-Historical,
2026-05-17 16:00:00,30.4,71,,0.0,100,,8.4,27.4,3,Tien Giang,10.3598,106.3567,Open-Meteo-Historical,
2026-05-17 17:00:00,30.2,74,,0.0,98,,8.7,19.8,3,Tien Giang,10.3598,106.3567,Open-Meteo-Historical,
2026-05-17 18:00:00,29.4,79,,0.3,98,,7.1,17.3,51,Tien Giang,10.3598,106.3567,Open-Meteo-Historical,
2026-05-17 19:00:00,27.9,91,,0.1,98,,11.5,13.7,51,Tien Giang,10.3598,106.3567,Open-Meteo-Historical,
2026-05-17 20:00:00,27.8,91,,0.0,95,,10.2,20.5,3,Tien Giang,10.3598,106.3567,Open-Meteo-Historical,
2026-05-17 21:00:00,27.0,92,,0.0,100,,6.0,17.3,3,Tien Giang,10.3598,106.3567,Open-Meteo-Historical,
2026-05-17 22:00:00,26.8,93,,0.2,99,,3.0,14.0,51,Tien Giang,10.3598,106.3567,Open-Meteo-Historical,
2026-05-17 23:00:00,26.6,94,,0.0,100,,7.3,14.0,3,Tien Giang,10.3598,106.3567,Open-Meteo-Historical,
2026-05-18 00:00:00,26.5,95,,0.0,100,,4.1,13.3,3,Tien Giang,10.3598,106.3567,Open-Meteo-Historical,
2026-05-18 01:00:00,27.0,96,,0.0,99,,2.7,7.9,3,Tien Giang,10.3598,106.3567,Open-Meteo-Historical,
2026-05-18 02:00:00,26.6,99,,0.0,94,,3.1,6.1,3,Tien Giang,10.3598,106.3567,Open-Meteo-Historical,
2026-05-18 03:00:00,26.7,99,,0.0,84,,4.2,8.3,3,Tien Giang,10.3598,106.3567,Open-Meteo-Historical,
2026-05-18 04:00:00,26.7,98,,0.0,45,,4.9,9.0,1,Tien Giang,10.3598,106.3567,Open-Meteo-Historical,
2026-05-18 05:00:00,26.5,97,,0.0,63,,4.4,9.7,2,Tien Giang,10.3598,106.3567,Open-Meteo-Historical,
2026-05-18 06:00:00,26.7,96,,0.0,99,,5.7,8.3,3,Tien Giang,10.3598,106.3567,Open-Meteo-Historical,
2026-05-18 07:00:00,28.5,87,,0.0,72,,8.9,14.0,2,Tien Giang,10.3598,106.3567,Open-Meteo-Historical,
2026-05-18 08:00:00,29.4,79,,0.2,76,,13.6,27.7,51,Tien Giang,10.3598,106.3567,Open-Meteo-Historical,
2026-05-18 09:00:00,30.8,73,,0.1,78,,11.0,29.2,51,Tien Giang,10.3598,106.3567,Open-Meteo-Historical,
2026-05-18 10:00:00,32.0,65,,0.0,91,,9.1,25.6,3,Tien Giang,10.3598,106.3567,Open-Meteo-Historical,
2026-05-18 11:00:00,33.2,60,,0.0,73,,9.3,25.2,2,Tien Giang,10.3598,106.3567,Open-Meteo-Historical,
2026-05-18 12:00:00,34.0,58,,0.0,89,,9.4,26.6,3,Tien Giang,10.3598,106.3567,Open-Meteo-Historical,
2026-05-18 13:00:00,34.7,55,,0.0,92,,12.2,25.6,3,Tien Giang,10.3598,106.3567,Open-Meteo-Historical,
2026-05-18 14:00:00,31.0,68,,0.6,99,,20.3,41.4,53,Tien Giang,10.3598,106.3567,Open-Meteo-Historical,
2026-05-18 15:00:00,30.0,71,,0.2,98,,10.9,40.0,51,Tien Giang,10.3598,106.3567,Open-Meteo-Historical,
2026-05-18 16:00:00,29.2,84,,1.5,99,,8.5,29.5,61,Tien Giang,10.3598,106.3567,Open-Meteo-Historical,
2026-05-18 17:00:00,28.9,84,,0.8,99,,12.4,22.7,53,Tien Giang,10.3598,106.3567,Open-Meteo-Historical,
2026-05-18 18:00:00,27.6,92,,0.2,96,,8.6,23.4,51,Tien Giang,10.3598,106.3567,Open-Meteo-Historical,
2026-05-18 19:00:00,28.5,83,,0.7,96,,11.1,29.2,53,Tien Giang,10.3598,106.3567,Open-Meteo-Historical,
2026-05-18 20:00:00,28.0,84,,0.1,99,,10.4,20.2,51,Tien Giang,10.3598,106.3567,Open-Meteo-Historical,
2026-05-18 21:00:00,26.9,86,,0.1,100,,11.2,21.2,51,Tien Giang,10.3598,106.3567,Open-Meteo-Historical,
2026-05-18 22:00:00,26.6,89,,0.1,100,,8.2,19.4,51,Tien Giang,10.3598,106.3567,Open-Meteo-Historical,
2026-05-18 23:00:00,26.7,90,,0.0,98,,6.2,13.7,3,Tien Giang,10.3598,106.3567,Open-Meteo-Historical,
2026-05-19 00:00:00,26.6,92,,0.0,98,,7.2,12.2,3,Tien Giang,10.3598,106.3567,Open-Meteo-Historical,
2026-05-19 01:00:00,27.2,92,,0.0,100,,6.8,15.5,3,Tien Giang,10.3598,106.3567,Open-Meteo-Historical,
2026-05-19 02:00:00,26.8,93,,0.0,100,,5.6,12.2,3,Tien Giang,10.3598,106.3567,Open-Meteo-Historical,
2026-05-19 03:00:00,26.5,94,,0.0,99,,6.3,11.2,3,Tien Giang,10.3598,106.3567,Open-Meteo-Historical,
2026-05-19 04:00:00,26.3,93,,0.0,100,,6.2,12.2,3,Tien Giang,10.3598,106.3567,Open-Meteo-Historical,
2026-05-19 05:00:00,26.2,93,,0.0,59,,7.6,13.3,2,Tien Giang,10.3598,106.3567,Open-Meteo-Historical,
2026-05-19 06:00:00,26.4,92,,0.0,9,,7.6,13.7,0,Tien Giang,10.3598,106.3567,Open-Meteo-Historical,
2026-05-19 07:00:00,27.8,89,,0.0,85,,6.7,16.9,3,Tien Giang,10.3598,106.3567,Open-Meteo-Historical,
2026-05-19 08:00:00,29.5,80,,0.0,98,,8.0,19.1,3,Tien Giang,10.3598,106.3567,Open-Meteo-Historical,
2026-05-19 09:00:00,30.6,72,,0.1,94,,11.4,25.6,51,Tien Giang,10.3598,106.3567,Open-Meteo-Historical,
2026-05-19 10:00:00,32.0,66,,0.1,91,,12.2,28.8,51,Tien Giang,10.3598,106.3567,Open-Meteo-Historical,
2026-05-19 11:00:00,33.3,60,,0.1,100,,12.1,31.3,51,Tien Giang,10.3598,106.3567,Open-Meteo-Historical,
2026-05-19 12:00:00,26.8,94,,3.3,98,,16.2,41.0,63,Tien Giang,10.3598,106.3567,Open-Meteo-Historical,
2026-05-19 13:00:00,30.5,74,,0.4,99,,15.6,31.3,51,Tien Giang,10.3598,106.3567,Open-Meteo-Historical,
2026-05-19 14:00:00,28.4,87,,1.7,95,,13.0,34.6,61,Tien Giang,10.3598,106.3567,Open-Meteo-Historical,
2026-05-19 15:00:00,29.6,82,,0.3,97,,11.6,27.7,51,Tien Giang,10.3598,106.3567,Open-Meteo-Historical,
2026-05-19 16:00:00,30.5,77,,0.1,95,,7.9,28.1,51,Tien Giang,10.3598,106.3567,Open-Meteo-Historical,
2026-05-19 17:00:00,30.0,74,,0.2,98,,14.3,26.6,51,Tien Giang,10.3598,106.3567,Open-Meteo-Historical,
2026-05-19 18:00:00,28.7,79,,0.0,98,,13.0,27.4,3,Tien Giang,10.3598,106.3567,Open-Meteo-Historical,
2026-05-19 19:00:00,28.2,86,,0.0,93,,4.3,23.8,3,Tien Giang,10.3598,106.3567,Open-Meteo-Historical,
2026-05-19 20:00:00,27.8,89,,0.0,80,,4.0,7.2,3,Tien Giang,10.3598,106.3567,Open-Meteo-Historical,
2026-05-19 21:00:00,27.6,90,,0.0,99,,4.6,7.9,3,Tien Giang,10.3598,106.3567,Open-Meteo-Historical,
2026-05-19 22:00:00,27.5,91,,0.0,98,,4.9,9.0,3,Tien Giang,10.3598,106.3567,Open-Meteo-Historical,
2026-05-19 23:00:00,27.4,91,,0.0,100,,5.8,9.7,3,Tien Giang,10.3598,106.3567,Open-Meteo-Historical,
2026-05-20 00:00:00,27.1,91,,0.0,100,,6.4,11.5,3,Tien Giang,10.3598,106.3567,Open-Meteo-Historical,
2026-05-20 01:00:00,27.7,88,,0.0,100,,7.6,11.5,3,Tien Giang,10.3598,106.3567,Open-Meteo-Historical,
2026-05-20 02:00:00,27.3,88,,0.0,100,,7.9,13.3,3,Tien Giang,10.3598,106.3567,Open-Meteo-Historical,
2026-05-20 03:00:00,27.2,87,,0.0,100,,7.6,13.7,3,Tien Giang,10.3598,106.3567,Open-Meteo-Historical,
2026-05-20 04:00:00,27.0,87,,0.0,100,,7.3,13.3,3,Tien Giang,10.3598,106.3567,Open-Meteo-Historical,
2026-05-20 05:00:00,26.8,88,,0.0,100,,6.6,12.6,3,Tien Giang,10.3598,106.3567,Open-Meteo-Historical,
2026-05-20 06:00:00,27.1,86,,0.0,99,,9.9,16.6,3,Tien Giang,10.3598,106.3567,Open-Meteo-Historical,
2026-05-20 07:00:00,28.5,81,,0.0,99,,7.9,22.3,3,Tien Giang,10.3598,106.3567,Open-Meteo-Historical,
2026-05-20 08:00:00,29.1,77,,0.2,100,,10.7,22.7,51,Tien Giang,10.3598,106.3567,Open-Meteo-Historical,
2026-05-20 09:00:00,30.1,74,,0.0,100,,9.4,23.0,3,Tien Giang,10.3598,106.3567,Open-Meteo-Historical,
2026-05-20 10:00:00,31.2,69,,0.0,100,,10.5,24.8,3,Tien Giang,10.3598,106.3567,Open-Meteo-Historical,
2026-05-20 11:00:00,32.2,64,,0.0,99,,10.9,25.9,3,Tien Giang,10.3598,106.3567,Open-Meteo-Historical,
2026-05-20 12:00:00,32.8,60,,0.0,99,,11.4,26.6,3,Tien Giang,10.3598,106.3567,Open-Meteo-Historical,
2026-05-20 13:00:00,33.2,59,,0.1,99,,13.2,29.2,51,Tien Giang,10.3598,106.3567,Open-Meteo-Historical,
2026-05-20 14:00:00,32.0,64,,0.4,96,,13.7,31.3,51,Tien Giang,10.3598,106.3567,Open-Meteo-Historical,
2026-05-20 15:00:00,31.5,66,,0.2,85,,13.7,30.2,51,Tien Giang,10.3598,106.3567,Open-Meteo-Historical,
2026-05-20 16:00:00,28.9,79,,0.9,89,,16.4,30.2,53,Tien Giang,10.3598,106.3567,Open-Meteo-Historical,
2026-05-20 17:00:00,27.1,91,,12.6,100,,11.3,31.0,65,Tien Giang,10.3598,106.3567,Open-Meteo-Historical,
2026-05-20 18:00:00,26.3,94,,5.5,95,,7.6,25.2,63,Tien Giang,10.3598,106.3567,Open-Meteo-Historical,
2026-05-20 19:00:00,26.2,93,,0.6,91,,0.8,14.0,53,Tien Giang,10.3598,106.3567,Open-Meteo-Historical,
2026-05-20 20:00:00,26.0,96,,0.0,92,,2.1,5.8,3,Tien Giang,10.3598,106.3567,Open-Meteo-Historical,
2026-05-20 21:00:00,26.1,96,,0.0,97,,1.3,4.3,3,Tien Giang,10.3598,106.3567,Open-Meteo-Historical,
2026-05-20 22:00:00,26.1,97,,0.0,97,,3.8,7.6,3,Tien Giang,10.3598,106.3567,Open-Meteo-Historical,
2026-05-20 23:00:00,26.1,97,,0.0,100,,4.2,8.3,3,Tien Giang,10.3598,106.3567,Open-Meteo-Historical,
2026-03-21 00:00:00,24.9,87,,0.0,73,,6.7,10.8,2,An Giang,10.5216,105.1259,Open-Meteo-Historical,
2026-03-21 01:00:00,24.4,90,,0.0,5,,7.5,13.7,0,An Giang,10.5216,105.1259,Open-Meteo-Historical,
2026-03-21 02:00:00,24.0,91,,0.0,32,,6.6,13.0,1,An Giang,10.5216,105.1259,Open-Meteo-Historical,
2026-03-21 03:00:00,23.5,94,,0.0,79,,3.9,10.8,2,An Giang,10.5216,105.1259,Open-Meteo-Historical,
2026-03-21 04:00:00,23.1,95,,0.0,5,,3.9,5.8,0,An Giang,10.5216,105.1259,Open-Meteo-Historical,
2026-03-21 05:00:00,22.9,97,,0.0,3,,4.3,6.8,0,An Giang,10.5216,105.1259,Open-Meteo-Historical,
2026-03-21 06:00:00,22.5,98,,0.0,3,,3.8,6.8,0,An Giang,10.5216,105.1259,Open-Meteo-Historical,
2026-03-21 07:00:00,24.2,93,,0.0,68,,5.2,13.3,2,An Giang,10.5216,105.1259,Open-Meteo-Historical,
2026-03-21 08:00:00,26.2,82,,0.0,67,,11.7,23.8,2,An Giang,10.5216,105.1259,Open-Meteo-Historical,
2026-03-21 09:00:00,28.0,70,,0.0,78,,12.2,25.6,2,An Giang,10.5216,105.1259,Open-Meteo-Historical,
2026-03-21 10:00:00,29.5,62,,0.0,87,,12.7,27.4,3,An Giang,10.5216,105.1259,Open-Meteo-Historical,
2026-03-21 11:00:00,30.5,59,,0.0,91,,10.9,27.4,3,An Giang,10.5216,105.1259,Open-Meteo-Historical,
2026-03-21 12:00:00,31.0,57,,0.1,69,,10.5,25.2,51,An Giang,10.5216,105.1259,Open-Meteo-Historical,
2026-03-21 13:00:00,31.1,56,,0.2,50,,10.4,24.5,51,An Giang,10.5216,105.1259,Open-Meteo-Historical,
2026-03-21 14:00:00,31.6,54,,0.1,53,,11.1,25.2,51,An Giang,10.5216,105.1259,Open-Meteo-Historical,
2026-03-21 15:00:00,31.5,55,,0.1,14,,11.7,25.9,51,An Giang,10.5216,105.1259,Open-Meteo-Historical,
2026-03-21 16:00:00,31.1,56,,0.0,6,,12.1,25.6,0,An Giang,10.5216,105.1259,Open-Meteo-Historical,
2026-03-21 17:00:00,30.5,57,,0.0,5,,11.0,24.8,0,An Giang,10.5216,105.1259,Open-Meteo-Historical,
2026-03-21 18:00:00,28.9,65,,0.0,5,,4.7,19.8,0,An Giang,10.5216,105.1259,Open-Meteo-Historical,
2026-03-21 19:00:00,28.0,67,,0.0,9,,5.8,7.6,0,An Giang,10.5216,105.1259,Open-Meteo-Historical,
2026-03-21 20:00:00,27.4,69,,0.0,3,,7.5,11.5,0,An Giang,10.5216,105.1259,Open-Meteo-Historical,
2026-03-21 21:00:00,26.9,66,,0.0,2,,10.3,16.9,0,An Giang,10.5216,105.1259,Open-Meteo-Historical,
2026-03-21 22:00:00,26.2,68,,0.0,2,,10.8,18.7,0,An Giang,10.5216,105.1259,Open-Meteo-Historical,
2026-03-21 23:00:00,25.4,74,,0.0,1,,9.4,18.4,0,An Giang,10.5216,105.1259,Open-Meteo-Historical,
2026-03-22 00:00:00,24.5,80,,0.0,0,,7.2,15.8,0,An Giang,10.5216,105.1259,Open-Meteo-Historical,
2026-03-22 01:00:00,23.9,86,,0.0,0,,6.0,12.2,0,An Giang,10.5216,105.1259,Open-Meteo-Historical,
2026-03-22 02:00:00,23.8,88,,0.0,2,,5.6,10.1,0,An Giang,10.5216,105.1259,Open-Meteo-Historical,
2026-03-22 03:00:00,23.5,91,,0.0,10,,5.8,9.7,0,An Giang,10.5216,105.1259,Open-Meteo-Historical,
2026-03-22 04:00:00,23.3,94,,0.0,3,,5.9,10.1,0,An Giang,10.5216,105.1259,Open-Meteo-Historical,
2026-03-22 05:00:00,23.0,96,,0.0,5,,5.2,9.7,0,An Giang,10.5216,105.1259,Open-Meteo-Historical,
2026-03-22 06:00:00,22.9,96,,0.0,13,,4.9,8.6,0,An Giang,10.5216,105.1259,Open-Meteo-Historical,
2026-03-22 07:00:00,24.5,92,,0.0,7,,6.4,10.8,0,An Giang,10.5216,105.1259,Open-Meteo-Historical,
2026-03-22 08:00:00,26.8,80,,0.0,31,,14.4,27.4,1,An Giang,10.5216,105.1259,Open-Meteo-Historical,
2026-03-22 09:00:00,28.2,71,,0.0,31,,14.5,29.9,1,An Giang,10.5216,105.1259,Open-Meteo-Historical,
2026-03-22 10:00:00,29.8,63,,0.0,16,,13.6,29.9,0,An Giang,10.5216,105.1259,Open-Meteo-Historical,
2026-03-22 11:00:00,31.0,57,,0.0,5,,12.2,29.2,0,An Giang,10.5216,105.1259,Open-Meteo-Historical,
2026-03-22 12:00:00,32.1,52,,0.0,21,,13.2,29.2,1,An Giang,10.5216,105.1259,Open-Meteo-Historical,
2026-03-22 13:00:00,32.3,50,,0.0,34,,13.9,29.9,1,An Giang,10.5216,105.1259,Open-Meteo-Historical,
2026-03-22 14:00:00,32.0,50,,0.0,16,,13.0,29.2,0,An Giang,10.5216,105.1259,Open-Meteo-Historical,
2026-03-22 15:00:00,32.0,49,,0.0,30,,13.0,28.1,1,An Giang,10.5216,105.1259,Open-Meteo-Historical,
2026-03-22 16:00:00,31.6,49,,0.0,13,,11.3,27.0,0,An Giang,10.5216,105.1259,Open-Meteo-Historical,
2026-03-22 17:00:00,31.0,52,,0.0,23,,10.2,22.7,1,An Giang,10.5216,105.1259,Open-Meteo-Historical,
2026-03-22 18:00:00,29.4,56,,0.0,21,,7.9,18.0,1,An Giang,10.5216,105.1259,Open-Meteo-Historical,
2026-03-22 19:00:00,28.4,59,,0.0,7,,11.3,15.1,0,An Giang,10.5216,105.1259,Open-Meteo-Historical,
2026-03-22 20:00:00,27.8,61,,0.0,9,,10.5,20.2,0,An Giang,10.5216,105.1259,Open-Meteo-Historical,
2026-03-22 21:00:00,27.0,67,,0.0,1,,10.7,18.0,0,An Giang,10.5216,105.1259,Open-Meteo-Historical,
2026-03-22 22:00:00,26.1,72,,0.0,0,,10.7,18.4,0,An Giang,10.5216,105.1259,Open-Meteo-Historical,
2026-03-22 23:00:00,25.3,77,,0.0,0,,10.7,18.4,0,An Giang,10.5216,105.1259,Open-Meteo-Historical,
2026-03-23 00:00:00,24.8,79,,0.0,0,,9.9,18.7,0,An Giang,10.5216,105.1259,Open-Meteo-Historical,
2026-03-23 01:00:00,24.2,85,,0.0,1,,8.2,16.9,0,An Giang,10.5216,105.1259,Open-Meteo-Historical,
2026-03-23 02:00:00,24.0,87,,0.0,0,,7.5,14.0,0,An Giang,10.5216,105.1259,Open-Meteo-Historical,
2026-03-23 03:00:00,23.5,91,,0.0,0,,5.8,12.6,0,An Giang,10.5216,105.1259,Open-Meteo-Historical,
2026-03-23 04:00:00,23.0,94,,0.0,45,,4.5,9.4,1,An Giang,10.5216,105.1259,Open-Meteo-Historical,
2026-03-23 05:00:00,22.7,96,,0.0,73,,4.1,6.8,2,An Giang,10.5216,105.1259,Open-Meteo-Historical,
2026-03-23 06:00:00,22.5,97,,0.0,54,,2.4,5.8,2,An Giang,10.5216,105.1259,Open-Meteo-Historical,
2026-03-23 07:00:00,24.3,92,,0.0,31,,3.5,7.2,1,An Giang,10.5216,105.1259,Open-Meteo-Historical,
2026-03-23 08:00:00,26.7,80,,0.0,27,,10.4,21.2,1,An Giang,10.5216,105.1259,Open-Meteo-Historical,
2026-03-23 09:00:00,28.4,71,,0.1,20,,10.5,24.1,51,An Giang,10.5216,105.1259,Open-Meteo-Historical,
2026-03-23 10:00:00,30.0,62,,0.0,24,,10.3,25.2,1,An Giang,10.5216,105.1259,Open-Meteo-Historical,
2026-03-23 11:00:00,31.3,55,,0.0,16,,8.8,24.8,0,An Giang,10.5216,105.1259,Open-Meteo-Historical,
2026-03-23 12:00:00,32.3,50,,0.0,14,,8.6,23.4,0,An Giang,10.5216,105.1259,Open-Meteo-Historical,
2026-03-23 13:00:00,32.3,50,,0.0,16,,8.6,23.4,0,An Giang,10.5216,105.1259,Open-Meteo-Historical,
2026-03-23 14:00:00,32.6,49,,0.0,38,,11.4,25.6,1,An Giang,10.5216,105.1259,Open-Meteo-Historical,
2026-03-23 15:00:00,32.3,49,,0.0,26,,12.7,27.0,1,An Giang,10.5216,105.1259,Open-Meteo-Historical,
2026-03-23 16:00:00,31.8,51,,0.0,7,,12.0,27.4,0,An Giang,10.5216,105.1259,Open-Meteo-Historical,
2026-03-23 17:00:00,31.1,52,,0.0,23,,9.7,24.8,1,An Giang,10.5216,105.1259,Open-Meteo-Historical,
2026-03-23 18:00:00,29.6,58,,0.0,14,,6.6,18.4,0,An Giang,10.5216,105.1259,Open-Meteo-Historical,
2026-03-23 19:00:00,28.4,61,,0.0,2,,6.0,12.6,0,An Giang,10.5216,105.1259,Open-Meteo-Historical,
2026-03-23 20:00:00,27.6,64,,0.0,2,,8.4,13.7,0,An Giang,10.5216,105.1259,Open-Meteo-Historical,
2026-03-23 21:00:00,27.1,67,,0.0,0,,11.7,19.1,0,An Giang,10.5216,105.1259,Open-Meteo-Historical,
2026-03-23 22:00:00,26.4,71,,0.0,2,,10.3,21.2,0,An Giang,10.5216,105.1259,Open-Meteo-Historical,
2026-03-23 23:00:00,25.6,76,,0.0,10,,7.5,17.6,0,An Giang,10.5216,105.1259,Open-Meteo-Historical,
2026-03-24 00:00:00,25.0,80,,0.0,3,,6.8,12.6,0,An Giang,10.5216,105.1259,Open-Meteo-Historical,
2026-03-24 01:00:00,24.4,85,,0.0,87,,7.5,12.2,3,An Giang,10.5216,105.1259,Open-Meteo-Historical,
2026-03-24 02:00:00,23.9,90,,0.0,35,,7.9,13.7,1,An Giang,10.5216,105.1259,Open-Meteo-Historical,
2026-03-24 03:00:00,23.5,94,,0.0,11,,6.7,13.7,0,An Giang,10.5216,105.1259,Open-Meteo-Historical,
2026-03-24 04:00:00,23.1,96,,0.0,6,,5.1,11.2,0,An Giang,10.5216,105.1259,Open-Meteo-Historical,
2026-03-24 05:00:00,22.8,97,,0.0,6,,4.5,8.3,0,An Giang,10.5216,105.1259,Open-Meteo-Historical,
2026-03-24 06:00:00,22.5,97,,0.0,2,,3.7,7.2,0,An Giang,10.5216,105.1259,Open-Meteo-Historical,
2026-03-24 07:00:00,24.1,93,,0.0,2,,4.8,9.4,0,An Giang,10.5216,105.1259,Open-Meteo-Historical,
2026-03-24 08:00:00,26.4,80,,0.0,43,,12.4,23.8,1,An Giang,10.5216,105.1259,Open-Meteo-Historical,
2026-03-24 09:00:00,28.1,70,,0.0,16,,12.1,27.0,0,An Giang,10.5216,105.1259,Open-Meteo-Historical,
2026-03-24 10:00:00,29.6,61,,0.0,17,,11.6,26.6,0,An Giang,10.5216,105.1259,Open-Meteo-Historical,
2026-03-24 11:00:00,30.9,55,,0.0,13,,10.8,26.6,0,An Giang,10.5216,105.1259,Open-Meteo-Historical,
2026-03-24 12:00:00,31.9,52,,0.0,6,,9.4,26.3,0,An Giang,10.5216,105.1259,Open-Meteo-Historical,
2026-03-24 13:00:00,32.4,48,,0.0,27,,10.8,24.1,1,An Giang,10.5216,105.1259,Open-Meteo-Historical,
2026-03-24 14:00:00,32.3,48,,0.0,29,,12.6,27.7,1,An Giang,10.5216,105.1259,Open-Meteo-Historical,
2026-03-24 15:00:00,31.9,49,,0.0,27,,12.0,27.7,1,An Giang,10.5216,105.1259,Open-Meteo-Historical,
2026-03-24 16:00:00,31.8,48,,0.0,9,,10.9,25.2,0,An Giang,10.5216,105.1259,Open-Meteo-Historical,
2026-03-24 17:00:00,31.1,49,,0.0,8,,9.5,22.3,0,An Giang,10.5216,105.1259,Open-Meteo-Historical,
2026-03-24 18:00:00,29.5,55,,0.0,2,,6.2,17.6,0,An Giang,10.5216,105.1259,Open-Meteo-Historical,
2026-03-24 19:00:00,28.5,59,,0.0,6,,6.3,10.4,0,An Giang,10.5216,105.1259,Open-Meteo-Historical,
2026-03-24 20:00:00,27.4,65,,0.0,0,,5.2,9.7,0,An Giang,10.5216,105.1259,Open-Meteo-Historical,
2026-03-24 21:00:00,27.2,66,,0.0,2,,14.3,23.4,0,An Giang,10.5216,105.1259,Open-Meteo-Historical,
2026-03-24 22:00:00,26.0,78,,0.0,0,,10.2,25.2,0,An Giang,10.5216,105.1259,Open-Meteo-Historical,
2026-03-24 23:00:00,25.2,86,,0.0,1,,7.6,17.3,0,An Giang,10.5216,105.1259,Open-Meteo-Historical,
2026-03-25 00:00:00,24.7,89,,0.0,5,,6.3,12.6,0,An Giang,10.5216,105.1259,Open-Meteo-Historical,
2026-03-25 01:00:00,24.2,93,,0.0,10,,5.2,10.4,0,An Giang,10.5216,105.1259,Open-Meteo-Historical,
2026-03-25 02:00:00,23.9,93,,0.0,13,,5.2,8.6,0,An Giang,10.5216,105.1259,Open-Meteo-Historical,
2026-03-25 03:00:00,23.7,91,,0.0,7,,6.1,10.1,0,An Giang,10.5216,105.1259,Open-Meteo-Historical,
2026-03-25 04:00:00,23.4,93,,0.0,1,,6.0,10.1,0,An Giang,10.5216,105.1259,Open-Meteo-Historical,
2026-03-25 05:00:00,23.0,95,,0.0,0,,4.8,9.7,0,An Giang,10.5216,105.1259,Open-Meteo-Historical,
2026-03-25 06:00:00,22.6,97,,0.0,1,,4.2,7.6,0,An Giang,10.5216,105.1259,Open-Meteo-Historical,
2026-03-25 07:00:00,24.2,92,,0.0,2,,5.6,9.7,0,An Giang,10.5216,105.1259,Open-Meteo-Historical,
2026-03-25 08:00:00,26.5,80,,0.0,5,,10.3,22.7,0,An Giang,10.5216,105.1259,Open-Meteo-Historical,
2026-03-25 09:00:00,28.3,69,,0.0,4,,10.1,24.1,0,An Giang,10.5216,105.1259,Open-Meteo-Historical,
2026-03-25 10:00:00,29.9,61,,0.0,4,,9.6,24.1,0,An Giang,10.5216,105.1259,Open-Meteo-Historical,
2026-03-25 11:00:00,31.4,52,,0.0,12,,9.3,24.5,0,An Giang,10.5216,105.1259,Open-Meteo-Historical,
2026-03-25 12:00:00,32.6,43,,0.0,38,,9.3,24.5,1,An Giang,10.5216,105.1259,Open-Meteo-Historical,
2026-03-25 13:00:00,32.8,41,,0.0,20,,10.0,24.8,1,An Giang,10.5216,105.1259,Open-Meteo-Historical,
2026-03-25 14:00:00,32.8,43,,0.0,11,,11.7,27.0,0,An Giang,10.5216,105.1259,Open-Meteo-Historical,
2026-03-25 15:00:00,32.8,43,,0.0,13,,11.2,27.0,0,An Giang,10.5216,105.1259,Open-Meteo-Historical,
2026-03-25 16:00:00,32.5,44,,0.0,44,,9.7,24.8,1,An Giang,10.5216,105.1259,Open-Meteo-Historical,
2026-03-25 17:00:00,31.9,45,,0.0,9,,9.0,20.9,0,An Giang,10.5216,105.1259,Open-Meteo-Historical,
2026-03-25 18:00:00,29.9,55,,0.0,5,,5.2,16.9,0,An Giang,10.5216,105.1259,Open-Meteo-Historical,
2026-03-25 19:00:00,28.5,60,,0.0,32,,4.6,13.7,1,An Giang,10.5216,105.1259,Open-Meteo-Historical,
2026-03-25 20:00:00,27.8,63,,0.0,27,,5.9,9.0,1,An Giang,10.5216,105.1259,Open-Meteo-Historical,
2026-03-25 21:00:00,27.3,63,,0.0,30,,10.4,16.2,1,An Giang,10.5216,105.1259,Open-Meteo-Historical,
2026-03-25 22:00:00,26.7,66,,0.0,5,,10.4,20.9,0,An Giang,10.5216,105.1259,Open-Meteo-Historical,
2026-03-25 23:00:00,25.8,73,,0.0,0,,8.9,17.6,0,An Giang,10.5216,105.1259,Open-Meteo-Historical,
2026-03-26 00:00:00,25.0,78,,0.0,1,,8.0,15.1,0,An Giang,10.5216,105.1259,Open-Meteo-Historical,
2026-03-26 01:00:00,24.4,83,,0.0,0,,7.5,13.7,0,An Giang,10.5216,105.1259,Open-Meteo-Historical,
2026-03-26 02:00:00,23.9,86,,0.0,6,,7.6,13.0,0,An Giang,10.5216,105.1259,Open-Meteo-Historical,
2026-03-26 03:00:00,23.5,88,,0.0,9,,7.2,12.6,0,An Giang,10.5216,105.1259,Open-Meteo-Historical,
2026-03-26 04:00:00,23.1,91,,0.0,81,,6.0,12.2,3,An Giang,10.5216,105.1259,Open-Meteo-Historical,
2026-03-26 05:00:00,22.8,95,,0.0,82,,4.4,10.1,3,An Giang,10.5216,105.1259,Open-Meteo-Historical,
2026-03-26 06:00:00,22.5,97,,0.0,36,,4.0,6.5,1,An Giang,10.5216,105.1259,Open-Meteo-Historical,
2026-03-26 07:00:00,24.2,91,,0.0,72,,5.1,11.5,2,An Giang,10.5216,105.1259,Open-Meteo-Historical,
2026-03-26 08:00:00,26.6,81,,0.0,66,,9.7,19.4,2,An Giang,10.5216,105.1259,Open-Meteo-Historical,
2026-03-26 09:00:00,28.5,69,,0.0,31,,11.8,25.6,1,An Giang,10.5216,105.1259,Open-Meteo-Historical,
2026-03-26 10:00:00,30.2,61,,0.0,30,,11.4,26.6,1,An Giang,10.5216,105.1259,Open-Meteo-Historical,
2026-03-26 11:00:00,31.4,55,,0.0,30,,10.3,26.6,1,An Giang,10.5216,105.1259,Open-Meteo-Historical,
2026-03-26 12:00:00,32.2,52,,0.0,23,,10.9,25.9,1,An Giang,10.5216,105.1259,Open-Meteo-Historical,
2026-03-26 13:00:00,31.9,52,,0.0,11,,11.8,28.1,0,An Giang,10.5216,105.1259,Open-Meteo-Historical,
2026-03-26 14:00:00,32.2,48,,0.0,21,,11.6,27.4,1,An Giang,10.5216,105.1259,Open-Meteo-Historical,
2026-03-26 15:00:00,32.5,45,,0.0,59,,8.9,25.9,2,An Giang,10.5216,105.1259,Open-Meteo-Historical,
2026-03-26 16:00:00,32.8,43,,0.0,75,,9.2,21.2,2,An Giang,10.5216,105.1259,Open-Meteo-Historical,
2026-03-26 17:00:00,31.9,48,,0.0,61,,11.0,21.2,2,An Giang,10.5216,105.1259,Open-Meteo-Historical,
2026-03-26 18:00:00,29.7,56,,0.0,3,,9.6,20.9,0,An Giang,10.5216,105.1259,Open-Meteo-Historical,
2026-03-26 19:00:00,28.9,57,,0.0,23,,7.3,16.2,1,An Giang,10.5216,105.1259,Open-Meteo-Historical,
2026-03-26 20:00:00,28.2,60,,0.0,13,,7.1,12.2,0,An Giang,10.5216,105.1259,Open-Meteo-Historical,
2026-03-26 21:00:00,27.5,64,,0.0,4,,6.8,11.5,0,An Giang,10.5216,105.1259,Open-Meteo-Historical,
2026-03-26 22:00:00,26.9,66,,0.0,0,,13.3,22.3,0,An Giang,10.5216,105.1259,Open-Meteo-Historical,
2026-03-26 23:00:00,25.9,70,,0.0,0,,9.9,23.0,0,An Giang,10.5216,105.1259,Open-Meteo-Historical,
2026-03-27 00:00:00,25.0,75,,0.0,0,,8.8,16.6,0,An Giang,10.5216,105.1259,Open-Meteo-Historical,
2026-03-27 01:00:00,24.1,83,,0.0,0,,8.2,15.1,0,An Giang,10.5216,105.1259,Open-Meteo-Historical,
2026-03-27 02:00:00,23.7,87,,0.0,2,,8.4,14.4,0,An Giang,10.5216,105.1259,Open-Meteo-Historical,
2026-03-27 03:00:00,23.4,92,,0.0,67,,8.0,14.4,2,An Giang,10.5216,105.1259,Open-Meteo-Historical,
2026-03-27 04:00:00,23.2,95,,0.0,92,,8.2,14.4,3,An Giang,10.5216,105.1259,Open-Meteo-Historical,
2026-03-27 05:00:00,23.6,94,,0.0,100,,8.4,15.5,3,An Giang,10.5216,105.1259,Open-Meteo-Historical,
2026-03-27 06:00:00,23.8,93,,0.0,100,,8.5,15.1,3,An Giang,10.5216,105.1259,Open-Meteo-Historical,
2026-03-27 07:00:00,24.6,89,,0.0,71,,11.5,19.8,2,An Giang,10.5216,105.1259,Open-Meteo-Historical,
2026-03-27 08:00:00,26.4,77,,0.0,17,,12.1,25.2,0,An Giang,10.5216,105.1259,Open-Meteo-Historical,
2026-03-27 09:00:00,28.2,66,,0.0,28,,10.7,25.6,1,An Giang,10.5216,105.1259,Open-Meteo-Historical,
2026-03-27 10:00:00,29.8,58,,0.0,13,,8.9,25.2,0,An Giang,10.5216,105.1259,Open-Meteo-Historical,
2026-03-27 11:00:00,31.2,50,,0.0,32,,8.4,23.4,1,An Giang,10.5216,105.1259,Open-Meteo-Historical,
2026-03-27 12:00:00,32.5,45,,0.0,100,,7.7,23.4,3,An Giang,10.5216,105.1259,Open-Meteo-Historical,
2026-03-27 13:00:00,32.0,46,,0.0,95,,10.3,23.4,3,An Giang,10.5216,105.1259,Open-Meteo-Historical,
2026-03-27 14:00:00,31.6,49,,0.0,34,,11.9,26.6,1,An Giang,10.5216,105.1259,Open-Meteo-Historical,
2026-03-27 15:00:00,31.6,49,,0.0,27,,10.8,26.3,1,An Giang,10.5216,105.1259,Open-Meteo-Historical,
2026-03-27 16:00:00,31.6,48,,0.0,16,,11.2,24.1,0,An Giang,10.5216,105.1259,Open-Meteo-Historical,
2026-03-27 17:00:00,31.1,48,,0.0,2,,11.2,23.4,0,An Giang,10.5216,105.1259,Open-Meteo-Historical,
2026-03-27 18:00:00,29.4,53,,0.0,0,,8.7,22.0,0,An Giang,10.5216,105.1259,Open-Meteo-Historical,
2026-03-27 19:00:00,27.9,60,,0.0,0,,3.8,14.8,0,An Giang,10.5216,105.1259,Open-Meteo-Historical,
2026-03-27 20:00:00,27.8,59,,0.0,0,,4.8,5.8,0,An Giang,10.5216,105.1259,Open-Meteo-Historical,
2026-03-27 21:00:00,27.2,61,,0.0,0,,7.9,11.9,0,An Giang,10.5216,105.1259,Open-Meteo-Historical,
2026-03-27 22:00:00,26.6,67,,0.0,0,,11.7,19.8,0,An Giang,10.5216,105.1259,Open-Meteo-Historical,
2026-03-27 23:00:00,25.9,72,,0.0,0,,11.4,20.2,0,An Giang,10.5216,105.1259,Open-Meteo-Historical,
2026-03-28 00:00:00,25.0,76,,0.0,0,,8.9,19.4,0,An Giang,10.5216,105.1259,Open-Meteo-Historical,
2026-03-28 01:00:00,24.0,83,,0.0,0,,6.7,14.8,0,An Giang,10.5216,105.1259,Open-Meteo-Historical,
2026-03-28 02:00:00,23.2,88,,0.0,0,,5.4,10.8,0,An Giang,10.5216,105.1259,Open-Meteo-Historical,
2026-03-28 03:00:00,22.5,94,,0.0,2,,5.2,8.6,0,An Giang,10.5216,105.1259,Open-Meteo-Historical,
2026-03-28 04:00:00,22.0,96,,0.0,13,,4.2,7.9,0,An Giang,10.5216,105.1259,Open-Meteo-Historical,
2026-03-28 05:00:00,21.9,97,,0.0,20,,3.5,5.4,1,An Giang,10.5216,105.1259,Open-Meteo-Historical,
2026-03-28 06:00:00,21.8,98,,0.0,30,,2.5,4.3,1,An Giang,10.5216,105.1259,Open-Meteo-Historical,
2026-03-28 07:00:00,23.5,93,,0.0,13,,5.2,9.4,0,An Giang,10.5216,105.1259,Open-Meteo-Historical,
2026-03-28 08:00:00,26.0,81,,0.0,47,,11.2,23.0,1,An Giang,10.5216,105.1259,Open-Meteo-Historical,
2026-03-28 09:00:00,28.0,68,,0.0,30,,12.0,26.3,1,An Giang,10.5216,105.1259,Open-Meteo-Historical,
2026-03-28 10:00:00,29.7,59,,0.0,28,,11.2,27.0,1,An Giang,10.5216,105.1259,Open-Meteo-Historical,
2026-03-28 11:00:00,31.0,54,,0.0,16,,10.4,26.6,0,An Giang,10.5216,105.1259,Open-Meteo-Historical,
2026-03-28 12:00:00,32.2,49,,0.0,9,,10.3,25.9,0,An Giang,10.5216,105.1259,Open-Meteo-Historical,
2026-03-28 13:00:00,32.7,45,,0.0,59,,12.0,26.6,2,An Giang,10.5216,105.1259,Open-Meteo-Historical,
2026-03-28 14:00:00,32.7,45,,0.0,99,,12.0,26.6,3,An Giang,10.5216,105.1259,Open-Meteo-Historical,
2026-03-28 15:00:00,32.6,45,,0.0,88,,12.5,25.9,3,An Giang,10.5216,105.1259,Open-Meteo-Historical,
2026-03-28 16:00:00,32.8,44,,0.0,41,,12.8,26.3,1,An Giang,10.5216,105.1259,Open-Meteo-Historical,
2026-03-28 17:00:00,32.0,46,,0.0,81,,8.3,25.2,3,An Giang,10.5216,105.1259,Open-Meteo-Historical,
2026-03-28 18:00:00,30.0,52,,0.0,22,,10.5,16.6,1,An Giang,10.5216,105.1259,Open-Meteo-Historical,
2026-03-28 19:00:00,29.2,55,,0.0,5,,11.1,20.5,0,An Giang,10.5216,105.1259,Open-Meteo-Historical,
2026-03-28 20:00:00,28.0,64,,0.0,4,,8.1,19.1,0,An Giang,10.5216,105.1259,Open-Meteo-Historical,
2026-03-28 21:00:00,26.6,76,,0.0,5,,5.4,13.7,0,An Giang,10.5216,105.1259,Open-Meteo-Historical,
2026-03-28 22:00:00,26.0,80,,0.0,59,,5.5,9.0,2,An Giang,10.5216,105.1259,Open-Meteo-Historical,
2026-03-28 23:00:00,25.5,79,,0.0,98,,6.0,9.7,3,An Giang,10.5216,105.1259,Open-Meteo-Historical,
2026-03-29 00:00:00,24.8,80,,0.0,15,,5.5,9.7,0,An Giang,10.5216,105.1259,Open-Meteo-Historical,
2026-03-29 01:00:00,24.2,85,,0.0,99,,6.4,8.6,3,An Giang,10.5216,105.1259,Open-Meteo-Historical,
2026-03-29 02:00:00,23.6,88,,0.0,100,,6.6,11.2,3,An Giang,10.5216,105.1259,Open-Meteo-Historical,
2026-03-29 03:00:00,23.2,92,,0.0,100,,6.1,10.8,3,An Giang,10.5216,105.1259,Open-Meteo-Historical,
2026-03-29 04:00:00,22.8,94,,0.0,84,,4.7,10.4,3,An Giang,10.5216,105.1259,Open-Meteo-Historical,
2026-03-29 05:00:00,22.5,96,,0.0,46,,4.8,7.2,1,An Giang,10.5216,105.1259,Open-Meteo-Historical,
2026-03-29 06:00:00,22.5,96,,0.0,51,,5.7,9.4,2,An Giang,10.5216,105.1259,Open-Meteo-Historical,
2026-03-29 07:00:00,24.4,89,,0.0,0,,6.8,13.0,0,An Giang,10.5216,105.1259,Open-Meteo-Historical,
2026-03-29 08:00:00,26.8,80,,0.0,0,,4.7,14.0,0,An Giang,10.5216,105.1259,Open-Meteo-Historical,
2026-03-29 09:00:00,28.7,70,,0.0,1,,4.8,16.2,0,An Giang,10.5216,105.1259,Open-Meteo-Historical,
2026-03-29 10:00:00,30.6,60,,0.0,16,,8.6,22.0,0,An Giang,10.5216,105.1259,Open-Meteo-Historical,
2026-03-29 11:00:00,32.4,52,,0.0,42,,13.2,29.5,1,An Giang,10.5216,105.1259,Open-Meteo-Historical,
2026-03-29 12:00:00,33.5,47,,0.0,30,,14.2,31.3,1,An Giang,10.5216,105.1259,Open-Meteo-Historical,
2026-03-29 13:00:00,33.5,47,,0.0,36,,12.9,31.0,1,An Giang,10.5216,105.1259,Open-Meteo-Historical,
2026-03-29 14:00:00,33.5,47,,0.0,30,,12.3,29.2,1,An Giang,10.5216,105.1259,Open-Meteo-Historical,
2026-03-29 15:00:00,33.2,48,,0.0,27,,13.1,28.1,1,An Giang,10.5216,105.1259,Open-Meteo-Historical,
2026-03-29 16:00:00,33.0,48,,0.0,34,,13.9,28.1,1,An Giang,10.5216,105.1259,Open-Meteo-Historical,
2026-03-29 17:00:00,32.4,50,,0.0,21,,11.5,28.1,1,An Giang,10.5216,105.1259,Open-Meteo-Historical,
2026-03-29 18:00:00,30.8,56,,0.0,11,,6.2,21.2,0,An Giang,10.5216,105.1259,Open-Meteo-Historical,
2026-03-29 19:00:00,29.1,63,,0.0,9,,11.1,15.8,0,An Giang,10.5216,105.1259,Open-Meteo-Historical,
2026-03-29 20:00:00,28.1,75,,0.0,2,,10.4,21.2,0,An Giang,10.5216,105.1259,Open-Meteo-Historical,
2026-03-29 21:00:00,27.2,81,,0.0,4,,8.3,17.6,0,An Giang,10.5216,105.1259,Open-Meteo-Historical,
2026-03-29 22:00:00,26.6,84,,0.0,3,,6.9,14.0,0,An Giang,10.5216,105.1259,Open-Meteo-Historical,
2026-03-29 23:00:00,26.1,87,,0.0,0,,7.1,11.9,0,An Giang,10.5216,105.1259,Open-Meteo-Historical,
2026-03-30 00:00:00,25.8,90,,0.0,0,,8.5,13.7,0,An Giang,10.5216,105.1259,Open-Meteo-Historical,
2026-03-30 01:00:00,25.4,91,,0.0,0,,8.9,16.2,0,An Giang,10.5216,105.1259,Open-Meteo-Historical,
2026-03-30 02:00:00,24.7,90,,0.0,0,,7.4,15.1,0,An Giang,10.5216,105.1259,Open-Meteo-Historical,
2026-03-30 03:00:00,23.9,93,,0.0,5,,5.9,12.2,0,An Giang,10.5216,105.1259,Open-Meteo-Historical,
2026-03-30 04:00:00,23.3,97,,0.0,100,,4.6,9.7,3,An Giang,10.5216,105.1259,Open-Meteo-Historical,
2026-03-30 05:00:00,24.3,96,,0.0,100,,7.0,13.0,3,An Giang,10.5216,105.1259,Open-Meteo-Historical,
2026-03-30 06:00:00,24.5,95,,0.0,100,,6.3,13.7,3,An Giang,10.5216,105.1259,Open-Meteo-Historical,
2026-03-30 07:00:00,25.0,93,,0.0,93,,8.1,13.3,3,An Giang,10.5216,105.1259,Open-Meteo-Historical,
2026-03-30 08:00:00,26.7,82,,0.0,30,,6.6,16.9,1,An Giang,10.5216,105.1259,Open-Meteo-Historical,
2026-03-30 09:00:00,28.5,71,,0.0,11,,4.3,16.9,0,An Giang,10.5216,105.1259,Open-Meteo-Historical,
2026-03-30 10:00:00,30.1,62,,0.0,13,,3.4,16.2,0,An Giang,10.5216,105.1259,Open-Meteo-Historical,
2026-03-30 11:00:00,31.5,54,,0.0,10,,3.1,16.2,0,An Giang,10.5216,105.1259,Open-Meteo-Historical,
2026-03-30 12:00:00,32.5,49,,0.0,16,,3.5,16.9,0,An Giang,10.5216,105.1259,Open-Meteo-Historical,
2026-03-30 13:00:00,32.8,46,,0.0,27,,4.0,17.6,1,An Giang,10.5216,105.1259,Open-Meteo-Historical,
2026-03-30 14:00:00,33.2,46,,0.1,23,,6.2,19.4,51,An Giang,10.5216,105.1259,Open-Meteo-Historical,
2026-03-30 15:00:00,33.3,45,,0.1,19,,7.4,20.2,51,An Giang,10.5216,105.1259,Open-Meteo-Historical,
2026-03-30 16:00:00,33.0,46,,0.0,12,,9.0,20.9,0,An Giang,10.5216,105.1259,Open-Meteo-Historical,
2026-03-30 17:00:00,32.3,47,,0.0,4,,9.6,20.9,0,An Giang,10.5216,105.1259,Open-Meteo-Historical,
2026-03-30 18:00:00,30.8,54,,0.0,4,,8.5,19.1,0,An Giang,10.5216,105.1259,Open-Meteo-Historical,
2026-03-30 19:00:00,29.4,62,,0.0,5,,8.8,14.8,0,An Giang,10.5216,105.1259,Open-Meteo-Historical,
2026-03-30 20:00:00,28.8,66,,0.0,9,,6.8,15.1,0,An Giang,10.5216,105.1259,Open-Meteo-Historical,
2026-03-30 21:00:00,28.1,70,,0.0,88,,9.1,14.8,3,An Giang,10.5216,105.1259,Open-Meteo-Historical,
2026-03-30 22:00:00,27.6,72,,0.0,81,,9.7,16.2,3,An Giang,10.5216,105.1259,Open-Meteo-Historical,
2026-03-30 23:00:00,27.0,72,,0.0,27,,9.2,16.6,1,An Giang,10.5216,105.1259,Open-Meteo-Historical,
2026-03-31 00:00:00,26.3,76,,0.0,30,,8.2,15.5,1,An Giang,10.5216,105.1259,Open-Meteo-Historical,
2026-03-31 01:00:00,25.5,84,,0.0,2,,6.8,13.7,0,An Giang,10.5216,105.1259,Open-Meteo-Historical,
2026-03-31 02:00:00,25.0,88,,0.0,5,,6.8,11.5,0,An Giang,10.5216,105.1259,Open-Meteo-Historical,
2026-03-31 03:00:00,24.6,92,,0.0,17,,6.0,11.5,0,An Giang,10.5216,105.1259,Open-Meteo-Historical,
2026-03-31 04:00:00,24.2,95,,0.0,100,,4.1,9.7,3,An Giang,10.5216,105.1259,Open-Meteo-Historical,
2026-03-31 05:00:00,24.3,96,,0.0,100,,3.7,7.2,3,An Giang,10.5216,105.1259,Open-Meteo-Historical,
2026-03-31 06:00:00,24.5,95,,0.0,100,,3.9,7.2,3,An Giang,10.5216,105.1259,Open-Meteo-Historical,
2026-03-31 07:00:00,25.0,92,,0.0,76,,5.3,15.5,2,An Giang,10.5216,105.1259,Open-Meteo-Historical,
2026-03-31 08:00:00,27.0,81,,0.0,29,,6.9,17.6,1,An Giang,10.5216,105.1259,Open-Meteo-Historical,
2026-03-31 09:00:00,28.9,69,,0.0,20,,5.2,17.3,1,An Giang,10.5216,105.1259,Open-Meteo-Historical,
2026-03-31 10:00:00,30.5,61,,0.0,94,,4.5,17.3,3,An Giang,10.5216,105.1259,Open-Meteo-Historical,
2026-03-31 11:00:00,31.8,55,,0.0,91,,3.7,17.3,3,An Giang,10.5216,105.1259,Open-Meteo-Historical,
2026-03-31 12:00:00,32.8,50,,0.0,99,,3.5,17.3,3,An Giang,10.5216,105.1259,Open-Meteo-Historical,
2026-03-31 13:00:00,33.2,47,,0.0,78,,4.3,17.6,2,An Giang,10.5216,105.1259,Open-Meteo-Historical,
2026-03-31 14:00:00,33.5,46,,0.0,90,,5.3,18.0,3,An Giang,10.5216,105.1259,Open-Meteo-Historical,
2026-03-31 15:00:00,33.5,45,,0.0,80,,6.2,18.0,3,An Giang,10.5216,105.1259,Open-Meteo-Historical,
2026-03-31 16:00:00,33.1,43,,0.0,80,,6.5,18.0,3,An Giang,10.5216,105.1259,Open-Meteo-Historical,
2026-03-31 17:00:00,32.8,41,,0.0,91,,2.9,16.2,3,An Giang,10.5216,105.1259,Open-Meteo-Historical,
2026-03-31 18:00:00,31.4,54,,0.0,90,,2.2,7.6,3,An Giang,10.5216,105.1259,Open-Meteo-Historical,
2026-03-31 19:00:00,29.6,61,,0.0,33,,10.5,16.2,1,An Giang,10.5216,105.1259,Open-Meteo-Historical,
2026-03-31 20:00:00,28.5,68,,0.0,9,,5.9,17.6,0,An Giang,10.5216,105.1259,Open-Meteo-Historical,
2026-03-31 21:00:00,27.6,73,,0.0,3,,7.1,11.9,0,An Giang,10.5216,105.1259,Open-Meteo-Historical,
2026-03-31 22:00:00,27.0,78,,0.0,0,,8.6,14.4,0,An Giang,10.5216,105.1259,Open-Meteo-Historical,
2026-03-31 23:00:00,26.7,83,,0.0,0,,9.7,16.2,0,An Giang,10.5216,105.1259,Open-Meteo-Historical,
2026-04-01 00:00:00,26.4,86,,0.0,0,,8.3,16.6,0,An Giang,10.5216,105.1259,Open-Meteo-Historical,
2026-04-01 01:00:00,25.5,90,,0.0,3,,6.4,13.7,0,An Giang,10.5216,105.1259,Open-Meteo-Historical,
2026-04-01 02:00:00,25.1,88,,0.0,9,,6.9,11.9,0,An Giang,10.5216,105.1259,Open-Meteo-Historical,
2026-04-01 03:00:00,24.6,89,,0.0,0,,7.2,12.2,0,An Giang,10.5216,105.1259,Open-Meteo-Historical,
2026-04-01 04:00:00,24.1,91,,0.0,0,,6.7,12.2,0,An Giang,10.5216,105.1259,Open-Meteo-Historical,
2026-04-01 05:00:00,23.8,94,,0.0,8,,5.1,11.2,0,An Giang,10.5216,105.1259,Open-Meteo-Historical,
2026-04-01 06:00:00,23.5,97,,0.0,95,,3.6,8.3,3,An Giang,10.5216,105.1259,Open-Meteo-Historical,
2026-04-01 07:00:00,25.1,91,,0.0,38,,7.6,15.1,1,An Giang,10.5216,105.1259,Open-Meteo-Historical,
2026-04-01 08:00:00,27.5,78,,0.0,41,,8.0,19.8,1,An Giang,10.5216,105.1259,Open-Meteo-Historical,
2026-04-01 09:00:00,29.5,67,,0.0,48,,5.9,19.4,1,An Giang,10.5216,105.1259,Open-Meteo-Historical,
2026-04-01 10:00:00,31.4,58,,0.0,45,,6.1,19.1,1,An Giang,10.5216,105.1259,Open-Meteo-Historical,
2026-04-01 11:00:00,32.7,54,,0.0,13,,6.2,20.5,0,An Giang,10.5216,105.1259,Open-Meteo-Historical,
2026-04-01 12:00:00,34.0,49,,0.0,16,,7.0,21.6,0,An Giang,10.5216,105.1259,Open-Meteo-Historical,
2026-04-01 13:00:00,34.0,46,,0.0,16,,8.8,24.1,0,An Giang,10.5216,105.1259,Open-Meteo-Historical,
2026-04-01 14:00:00,34.5,43,,0.0,11,,9.8,24.5,0,An Giang,10.5216,105.1259,Open-Meteo-Historical,
2026-04-01 15:00:00,34.5,40,,0.0,47,,10.1,24.5,1,An Giang,10.5216,105.1259,Open-Meteo-Historical,
2026-04-01 16:00:00,34.4,39,,0.0,13,,9.5,24.1,0,An Giang,10.5216,105.1259,Open-Meteo-Historical,
2026-04-01 17:00:00,33.2,43,,0.0,2,,9.5,21.6,0,An Giang,10.5216,105.1259,Open-Meteo-Historical,
2026-04-01 18:00:00,30.9,51,,0.0,3,,6.8,18.7,0,An Giang,10.5216,105.1259,Open-Meteo-Historical,
2026-04-01 19:00:00,29.8,52,,0.0,5,,9.8,15.8,0,An Giang,10.5216,105.1259,Open-Meteo-Historical,
2026-04-01 20:00:00,29.0,56,,0.0,2,,8.9,16.2,0,An Giang,10.5216,105.1259,Open-Meteo-Historical,
2026-04-01 21:00:00,27.9,74,,0.0,0,,10.4,18.7,0,An Giang,10.5216,105.1259,Open-Meteo-Historical,
2026-04-01 22:00:00,27.6,80,,0.0,3,,12.3,20.9,0,An Giang,10.5216,105.1259,Open-Meteo-Historical,
2026-04-01 23:00:00,27.1,76,,0.0,0,,10.9,22.0,0,An Giang,10.5216,105.1259,Open-Meteo-Historical,
2026-04-02 00:00:00,26.4,74,,0.0,0,,10.5,19.1,0,An Giang,10.5216,105.1259,Open-Meteo-Historical,
2026-04-02 01:00:00,25.5,80,,0.0,0,,8.5,18.0,0,An Giang,10.5216,105.1259,Open-Meteo-Historical,
2026-04-02 02:00:00,24.9,84,,0.0,0,,7.5,14.4,0,An Giang,10.5216,105.1259,Open-Meteo-Historical,
2026-04-02 03:00:00,24.5,88,,0.0,0,,7.5,13.0,0,An Giang,10.5216,105.1259,Open-Meteo-Historical,
2026-04-02 04:00:00,24.1,90,,0.0,0,,7.0,13.0,0,An Giang,10.5216,105.1259,Open-Meteo-Historical,
2026-04-02 05:00:00,23.8,93,,0.0,0,,5.1,11.5,0,An Giang,10.5216,105.1259,Open-Meteo-Historical,
2026-04-02 06:00:00,23.3,96,,0.0,1,,4.5,8.3,0,An Giang,10.5216,105.1259,Open-Meteo-Historical,
2026-04-02 07:00:00,24.8,87,,0.0,0,,5.2,11.9,0,An Giang,10.5216,105.1259,Open-Meteo-Historical,
2026-04-02 08:00:00,27.2,76,,0.0,0,,7.3,18.0,0,An Giang,10.5216,105.1259,Open-Meteo-Historical,
2026-04-02 09:00:00,29.4,64,,0.0,20,,9.7,24.1,1,An Giang,10.5216,105.1259,Open-Meteo-Historical,
2026-04-02 10:00:00,30.8,58,,0.0,11,,7.3,24.1,0,An Giang,10.5216,105.1259,Open-Meteo-Historical,
2026-04-02 11:00:00,32.2,51,,0.0,8,,6.6,21.6,0,An Giang,10.5216,105.1259,Open-Meteo-Historical,
2026-04-02 12:00:00,33.3,46,,0.0,4,,9.0,24.8,0,An Giang,10.5216,105.1259,Open-Meteo-Historical,
2026-04-02 13:00:00,33.5,44,,0.0,13,,13.0,30.6,0,An Giang,10.5216,105.1259,Open-Meteo-Historical,
2026-04-02 14:00:00,33.5,44,,0.0,15,,13.5,30.6,0,An Giang,10.5216,105.1259,Open-Meteo-Historical,
2026-04-02 15:00:00,33.0,44,,0.0,30,,11.7,30.2,1,An Giang,10.5216,105.1259,Open-Meteo-Historical,
2026-04-02 16:00:00,32.8,43,,0.0,4,,10.1,25.9,0,An Giang,10.5216,105.1259,Open-Meteo-Historical,
2026-04-02 17:00:00,32.8,43,,0.0,13,,8.7,21.6,0,An Giang,10.5216,105.1259,Open-Meteo-Historical,
2026-04-02 18:00:00,31.2,47,,0.0,0,,8.5,17.6,0,An Giang,10.5216,105.1259,Open-Meteo-Historical,
2026-04-02 19:00:00,30.0,50,,0.0,0,,9.6,16.9,0,An Giang,10.5216,105.1259,Open-Meteo-Historical,
2026-04-02 20:00:00,29.2,52,,0.0,0,,11.5,19.1,0,An Giang,10.5216,105.1259,Open-Meteo-Historical,
2026-04-02 21:00:00,28.4,57,,0.0,0,,13.3,22.7,0,An Giang,10.5216,105.1259,Open-Meteo-Historical,
2026-04-02 22:00:00,27.6,63,,0.0,0,,13.5,23.4,0,An Giang,10.5216,105.1259,Open-Meteo-Historical,
2026-04-02 23:00:00,26.7,70,,0.0,0,,11.3,23.4,0,An Giang,10.5216,105.1259,Open-Meteo-Historical,
2026-04-03 00:00:00,25.8,76,,0.0,0,,8.5,19.1,0,An Giang,10.5216,105.1259,Open-Meteo-Historical,
2026-04-03 01:00:00,25.1,83,,0.0,4,,7.8,14.4,0,An Giang,10.5216,105.1259,Open-Meteo-Historical,
2026-04-03 02:00:00,24.7,87,,0.0,1,,6.1,13.3,0,An Giang,10.5216,105.1259,Open-Meteo-Historical,
2026-04-03 03:00:00,24.1,91,,0.0,2,,4.6,10.1,0,An Giang,10.5216,105.1259,Open-Meteo-Historical,
2026-04-03 04:00:00,23.8,92,,0.0,0,,4.9,7.6,0,An Giang,10.5216,105.1259,Open-Meteo-Historical,
2026-04-03 05:00:00,23.7,92,,0.0,0,,6.9,11.2,0,An Giang,10.5216,105.1259,Open-Meteo-Historical,
2026-04-03 06:00:00,23.5,93,,0.0,0,,6.6,11.9,0,An Giang,10.5216,105.1259,Open-Meteo-Historical,
2026-04-03 07:00:00,25.0,88,,0.0,0,,6.1,13.7,0,An Giang,10.5216,105.1259,Open-Meteo-Historical,
2026-04-03 08:00:00,27.5,74,,0.0,18,,11.2,23.0,0,An Giang,10.5216,105.1259,Open-Meteo-Historical,
2026-04-03 09:00:00,29.2,62,,0.0,13,,12.4,28.4,0,An Giang,10.5216,105.1259,Open-Meteo-Historical,
2026-04-03 10:00:00,30.8,55,,0.0,3,,10.7,28.1,0,An Giang,10.5216,105.1259,Open-Meteo-Historical,
2026-04-03 11:00:00,32.3,48,,0.0,5,,10.6,27.4,0,An Giang,10.5216,105.1259,Open-Meteo-Historical,
2026-04-03 12:00:00,33.5,45,,0.0,5,,9.9,27.7,0,An Giang,10.5216,105.1259,Open-Meteo-Historical,
2026-04-03 13:00:00,33.8,42,,0.0,50,,11.0,26.6,2,An Giang,10.5216,105.1259,Open-Meteo-Historical,
2026-04-03 14:00:00,33.7,42,,0.0,100,,12.8,29.2,3,An Giang,10.5216,105.1259,Open-Meteo-Historical,
2026-04-03 15:00:00,33.5,44,,0.0,58,,13.4,29.9,2,An Giang,10.5216,105.1259,Open-Meteo-Historical,
2026-04-03 16:00:00,33.3,44,,0.0,29,,11.6,29.5,1,An Giang,10.5216,105.1259,Open-Meteo-Historical,
2026-04-03 17:00:00,32.8,44,,0.0,39,,10.8,25.2,1,An Giang,10.5216,105.1259,Open-Meteo-Historical,
2026-04-03 18:00:00,30.9,50,,0.0,18,,7.1,21.6,0,An Giang,10.5216,105.1259,Open-Meteo-Historical,
2026-04-03 19:00:00,29.1,55,,0.0,2,,6.6,12.2,0,An Giang,10.5216,105.1259,Open-Meteo-Historical,
2026-04-03 20:00:00,28.2,58,,0.0,0,,13.9,22.0,0,An Giang,10.5216,105.1259,Open-Meteo-Historical,
2026-04-03 21:00:00,27.3,79,,0.0,0,,11.4,25.9,0,An Giang,10.5216,105.1259,Open-Meteo-Historical,
2026-04-03 22:00:00,27.2,80,,0.0,0,,12.0,21.6,0,An Giang,10.5216,105.1259,Open-Meteo-Historical,
2026-04-03 23:00:00,26.8,81,,0.0,9,,10.1,20.5,0,An Giang,10.5216,105.1259,Open-Meteo-Historical,
2026-04-04 00:00:00,26.1,77,,0.0,86,,8.7,17.3,3,An Giang,10.5216,105.1259,Open-Meteo-Historical,
2026-04-04 01:00:00,25.2,77,,0.0,88,,7.9,14.8,3,An Giang,10.5216,105.1259,Open-Meteo-Historical,
2026-04-04 02:00:00,24.4,81,,0.0,52,,7.4,13.3,2,An Giang,10.5216,105.1259,Open-Meteo-Historical,
2026-04-04 03:00:00,23.8,84,,0.0,10,,6.1,12.6,0,An Giang,10.5216,105.1259,Open-Meteo-Historical,
2026-04-04 04:00:00,23.1,87,,0.0,82,,5.1,10.4,3,An Giang,10.5216,105.1259,Open-Meteo-Historical,
2026-04-04 05:00:00,22.5,91,,0.0,88,,3.6,8.3,3,An Giang,10.5216,105.1259,Open-Meteo-Historical,
2026-04-04 06:00:00,22.1,92,,0.0,96,,2.3,4.7,3,An Giang,10.5216,105.1259,Open-Meteo-Historical,
2026-04-04 07:00:00,24.5,83,,0.0,100,,4.5,9.7,3,An Giang,10.5216,105.1259,Open-Meteo-Historical,
2026-04-04 08:00:00,27.2,72,,0.0,100,,4.3,14.0,3,An Giang,10.5216,105.1259,Open-Meteo-Historical,
2026-04-04 09:00:00,29.5,61,,0.0,97,,5.1,17.3,3,An Giang,10.5216,105.1259,Open-Meteo-Historical,
2026-04-04 10:00:00,31.0,55,,0.0,98,,4.2,18.0,3,An Giang,10.5216,105.1259,Open-Meteo-Historical,
2026-04-04 11:00:00,32.5,49,,0.0,98,,3.6,18.0,3,An Giang,10.5216,105.1259,Open-Meteo-Historical,
2026-04-04 12:00:00,33.5,45,,0.0,100,,4.1,18.4,3,An Giang,10.5216,105.1259,Open-Meteo-Historical,
2026-04-04 13:00:00,34.0,41,,0.0,95,,6.0,21.2,3,An Giang,10.5216,105.1259,Open-Meteo-Historical,
2026-04-04 14:00:00,34.7,36,,0.0,92,,8.8,24.1,3,An Giang,10.5216,105.1259,Open-Meteo-Historical,
2026-04-04 15:00:00,34.8,33,,0.0,87,,8.8,24.8,3,An Giang,10.5216,105.1259,Open-Meteo-Historical,
2026-04-04 16:00:00,34.5,35,,0.0,64,,7.6,23.4,2,An Giang,10.5216,105.1259,Open-Meteo-Historical,
2026-04-04 17:00:00,33.8,39,,0.0,45,,7.4,19.4,1,An Giang,10.5216,105.1259,Open-Meteo-Historical,
2026-04-04 18:00:00,31.5,49,,0.0,0,,7.2,16.2,0,An Giang,10.5216,105.1259,Open-Meteo-Historical,
2026-04-04 19:00:00,29.9,59,,0.0,2,,8.8,14.4,0,An Giang,10.5216,105.1259,Open-Meteo-Historical,
2026-04-04 20:00:00,28.8,62,,0.0,0,,9.2,16.2,0,An Giang,10.5216,105.1259,Open-Meteo-Historical,
2026-04-04 21:00:00,27.7,69,,0.0,0,,8.4,15.5,0,An Giang,10.5216,105.1259,Open-Meteo-Historical,
2026-04-04 22:00:00,26.9,76,,0.0,2,,8.3,14.4,0,An Giang,10.5216,105.1259,Open-Meteo-Historical,
2026-04-04 23:00:00,26.3,80,,0.0,30,,7.8,14.4,1,An Giang,10.5216,105.1259,Open-Meteo-Historical,
2026-04-05 00:00:00,25.9,83,,0.0,83,,6.7,13.3,3,An Giang,10.5216,105.1259,Open-Meteo-Historical,
2026-04-05 01:00:00,25.2,88,,0.0,96,,5.5,11.2,3,An Giang,10.5216,105.1259,Open-Meteo-Historical,
2026-04-05 02:00:00,24.7,92,,0.0,13,,4.9,9.0,0,An Giang,10.5216,105.1259,Open-Meteo-Historical,
2026-04-05 03:00:00,24.4,94,,0.0,13,,5.6,9.0,0,An Giang,10.5216,105.1259,Open-Meteo-Historical,
2026-04-05 04:00:00,24.2,94,,0.0,16,,5.6,9.4,0,An Giang,10.5216,105.1259,Open-Meteo-Historical,
2026-04-05 05:00:00,24.1,93,,0.0,23,,4.8,9.4,1,An Giang,10.5216,105.1259,Open-Meteo-Historical,
2026-04-05 06:00:00,24.0,91,,0.0,21,,5.2,8.3,1,An Giang,10.5216,105.1259,Open-Meteo-Historical,
2026-04-05 07:00:00,26.1,77,,0.0,12,,8.1,15.5,0,An Giang,10.5216,105.1259,Open-Meteo-Historical,
2026-04-05 08:00:00,28.6,70,,0.0,4,,9.0,20.5,0,An Giang,10.5216,105.1259,Open-Meteo-Historical,
2026-04-05 09:00:00,30.7,63,,0.0,13,,11.1,26.6,0,An Giang,10.5216,105.1259,Open-Meteo-Historical,
2026-04-05 10:00:00,32.5,53,,0.0,27,,9.2,25.9,1,An Giang,10.5216,105.1259,Open-Meteo-Historical,
2026-04-05 11:00:00,33.9,48,,0.0,11,,8.3,24.1,0,An Giang,10.5216,105.1259,Open-Meteo-Historical,
2026-04-05 12:00:00,35.0,43,,0.0,23,,9.6,25.6,1,An Giang,10.5216,105.1259,Open-Meteo-Historical,
2026-04-05 13:00:00,35.2,41,,0.0,20,,9.4,27.7,1,An Giang,10.5216,105.1259,Open-Meteo-Historical,
2026-04-05 14:00:00,35.5,39,,0.0,16,,9.7,25.2,0,An Giang,10.5216,105.1259,Open-Meteo-Historical,
2026-04-05 15:00:00,35.8,38,,0.0,30,,9.0,25.2,1,An Giang,10.5216,105.1259,Open-Meteo-Historical,
2026-04-05 16:00:00,35.5,38,,0.0,21,,8.4,23.0,1,An Giang,10.5216,105.1259,Open-Meteo-Historical,
2026-04-05 17:00:00,33.9,45,,0.0,89,,13.7,26.6,3,An Giang,10.5216,105.1259,Open-Meteo-Historical,
2026-04-05 18:00:00,31.5,55,,0.0,2,,14.5,29.5,0,An Giang,10.5216,105.1259,Open-Meteo-Historical,
2026-04-05 19:00:00,30.2,56,,0.0,0,,13.7,25.2,0,An Giang,10.5216,105.1259,Open-Meteo-Historical,
2026-04-05 20:00:00,28.8,57,,0.0,0,,11.6,24.1,0,An Giang,10.5216,105.1259,Open-Meteo-Historical,
2026-04-05 21:00:00,27.9,67,,0.0,1,,10.9,19.8,0,An Giang,10.5216,105.1259,Open-Meteo-Historical,
2026-04-05 22:00:00,27.4,76,,0.0,1,,10.8,19.1,0,An Giang,10.5216,105.1259,Open-Meteo-Historical,
2026-04-05 23:00:00,27.0,80,,0.0,0,,10.0,18.7,0,An Giang,10.5216,105.1259,Open-Meteo-Historical,
2026-04-06 00:00:00,26.5,83,,0.0,2,,9.9,17.3,0,An Giang,10.5216,105.1259,Open-Meteo-Historical,
2026-04-06 01:00:00,25.9,85,,0.0,8,,9.3,16.9,0,An Giang,10.5216,105.1259,Open-Meteo-Historical,
2026-04-06 02:00:00,25.7,84,,0.0,2,,8.9,16.2,0,An Giang,10.5216,105.1259,Open-Meteo-Historical,
2026-04-06 03:00:00,25.1,86,,0.0,0,,7.8,15.5,0,An Giang,10.5216,105.1259,Open-Meteo-Historical,
2026-04-06 04:00:00,24.6,88,,0.0,0,,7.6,13.3,0,An Giang,10.5216,105.1259,Open-Meteo-Historical,
2026-04-06 05:00:00,24.2,90,,0.0,0,,7.9,13.3,0,An Giang,10.5216,105.1259,Open-Meteo-Historical,
2026-04-06 06:00:00,23.8,91,,0.0,0,,7.8,13.3,0,An Giang,10.5216,105.1259,Open-Meteo-Historical,
2026-04-06 07:00:00,25.2,84,,0.0,0,,8.0,16.9,0,An Giang,10.5216,105.1259,Open-Meteo-Historical,
2026-04-06 08:00:00,27.9,71,,0.0,0,,10.9,23.8,0,An Giang,10.5216,105.1259,Open-Meteo-Historical,
2026-04-06 09:00:00,30.1,57,,0.0,0,,11.2,26.3,0,An Giang,10.5216,105.1259,Open-Meteo-Historical,
2026-04-06 10:00:00,31.9,47,,0.0,0,,10.8,27.0,0,An Giang,10.5216,105.1259,Open-Meteo-Historical,
2026-04-06 11:00:00,33.4,42,,0.0,0,,10.5,27.4,0,An Giang,10.5216,105.1259,Open-Meteo-Historical,
2026-04-06 12:00:00,34.6,38,,0.0,0,,10.3,27.4,0,An Giang,10.5216,105.1259,Open-Meteo-Historical,
2026-04-06 13:00:00,34.7,37,,0.0,0,,10.8,28.8,0,An Giang,10.5216,105.1259,Open-Meteo-Historical,
2026-04-06 14:00:00,35.0,35,,0.0,0,,13.0,30.6,0,An Giang,10.5216,105.1259,Open-Meteo-Historical,
2026-04-06 15:00:00,34.8,34,,0.0,0,,13.6,31.3,0,An Giang,10.5216,105.1259,Open-Meteo-Historical,
2026-04-06 16:00:00,34.5,35,,0.0,0,,13.0,30.6,0,An Giang,10.5216,105.1259,Open-Meteo-Historical,
2026-04-06 17:00:00,33.5,38,,0.0,0,,12.4,28.1,0,An Giang,10.5216,105.1259,Open-Meteo-Historical,
2026-04-06 18:00:00,31.4,46,,0.0,1,,10.9,24.5,0,An Giang,10.5216,105.1259,Open-Meteo-Historical,
2026-04-06 19:00:00,29.3,49,,0.0,0,,12.2,20.5,0,An Giang,10.5216,105.1259,Open-Meteo-Historical,
2026-04-06 20:00:00,27.8,66,,0.0,0,,13.0,22.3,0,An Giang,10.5216,105.1259,Open-Meteo-Historical,
2026-04-06 21:00:00,27.1,78,,0.0,0,,12.7,22.7,0,An Giang,10.5216,105.1259,Open-Meteo-Historical,
2026-04-06 22:00:00,27.0,81,,0.0,0,,12.3,22.0,0,An Giang,10.5216,105.1259,Open-Meteo-Historical,
2026-04-06 23:00:00,26.9,82,,0.0,0,,11.7,22.0,0,An Giang,10.5216,105.1259,Open-Meteo-Historical,
2026-04-07 00:00:00,26.6,83,,0.0,2,,11.3,20.2,0,An Giang,10.5216,105.1259,Open-Meteo-Historical,
2026-04-07 01:00:00,26.2,85,,0.0,1,,9.2,19.1,0,An Giang,10.5216,105.1259,Open-Meteo-Historical,
2026-04-07 02:00:00,26.0,87,,0.0,4,,7.4,15.1,0,An Giang,10.5216,105.1259,Open-Meteo-Historical,
2026-04-07 03:00:00,25.5,90,,0.0,4,,7.0,12.2,0,An Giang,10.5216,105.1259,Open-Meteo-Historical,
2026-04-07 04:00:00,24.9,95,,0.0,3,,6.9,11.9,0,An Giang,10.5216,105.1259,Open-Meteo-Historical,
2026-04-07 05:00:00,24.5,97,,0.0,3,,7.0,11.9,0,An Giang,10.5216,105.1259,Open-Meteo-Historical,
2026-04-07 06:00:00,24.3,97,,0.0,6,,6.5,11.9,0,An Giang,10.5216,105.1259,Open-Meteo-Historical,
2026-04-07 07:00:00,25.9,88,,0.0,4,,7.1,14.0,0,An Giang,10.5216,105.1259,Open-Meteo-Historical,
2026-04-07 08:00:00,28.5,76,,0.0,2,,8.5,19.8,0,An Giang,10.5216,105.1259,Open-Meteo-Historical,
2026-04-07 09:00:00,30.8,64,,0.0,27,,11.8,27.0,1,An Giang,10.5216,105.1259,Open-Meteo-Historical,
2026-04-07 10:00:00,32.5,56,,0.0,17,,10.5,27.4,0,An Giang,10.5216,105.1259,Open-Meteo-Historical,
2026-04-07 11:00:00,34.3,47,,0.0,23,,11.2,28.1,1,An Giang,10.5216,105.1259,Open-Meteo-Historical,
2026-04-07 12:00:00,35.2,42,,0.0,46,,11.7,29.2,1,An Giang,10.5216,105.1259,Open-Meteo-Historical,
2026-04-07 13:00:00,35.0,41,,0.0,27,,10.5,29.2,1,An Giang,10.5216,105.1259,Open-Meteo-Historical,
2026-04-07 14:00:00,35.8,38,,0.0,27,,10.9,27.0,1,An Giang,10.5216,105.1259,Open-Meteo-Historical,
2026-04-07 15:00:00,35.5,36,,0.0,16,,11.8,27.7,0,An Giang,10.5216,105.1259,Open-Meteo-Historical,
2026-04-07 16:00:00,35.2,36,,0.0,13,,10.9,27.4,0,An Giang,10.5216,105.1259,Open-Meteo-Historical,
2026-04-07 17:00:00,34.2,40,,0.0,73,,11.8,24.5,2,An Giang,10.5216,105.1259,Open-Meteo-Historical,
2026-04-07 18:00:00,31.9,54,,0.0,77,,12.8,24.5,2,An Giang,10.5216,105.1259,Open-Meteo-Historical,
2026-04-07 19:00:00,30.2,66,,0.0,99,,13.0,25.9,3,An Giang,10.5216,105.1259,Open-Meteo-Historical,
2026-04-07 20:00:00,28.9,74,,0.0,95,,11.5,22.7,3,An Giang,10.5216,105.1259,Open-Meteo-Historical,
2026-04-07 21:00:00,27.8,81,,0.0,96,,10.6,19.8,3,An Giang,10.5216,105.1259,Open-Meteo-Historical,
2026-04-07 22:00:00,27.1,86,,0.0,99,,10.5,18.0,3,An Giang,10.5216,105.1259,Open-Meteo-Historical,
2026-04-07 23:00:00,26.8,89,,0.0,97,,10.5,18.4,3,An Giang,10.5216,105.1259,Open-Meteo-Historical,
2026-04-08 00:00:00,26.5,91,,0.0,98,,10.1,17.6,3,An Giang,10.5216,105.1259,Open-Meteo-Historical,
2026-04-08 01:00:00,26.2,94,,0.0,97,,8.7,16.9,3,An Giang,10.5216,105.1259,Open-Meteo-Historical,
2026-04-08 02:00:00,26.2,94,,0.0,98,,8.6,15.1,3,An Giang,10.5216,105.1259,Open-Meteo-Historical,
2026-04-08 03:00:00,26.0,95,,0.0,88,,7.9,14.4,3,An Giang,10.5216,105.1259,Open-Meteo-Historical,
2026-04-08 04:00:00,25.6,96,,0.0,71,,6.3,13.0,2,An Giang,10.5216,105.1259,Open-Meteo-Historical,
2026-04-08 05:00:00,25.4,97,,0.0,4,,6.4,10.4,0,An Giang,10.5216,105.1259,Open-Meteo-Historical,
2026-04-08 06:00:00,25.0,97,,0.0,0,,5.8,10.4,0,An Giang,10.5216,105.1259,Open-Meteo-Historical,
2026-04-08 07:00:00,26.7,91,,0.0,2,,6.3,13.3,0,An Giang,10.5216,105.1259,Open-Meteo-Historical,
2026-04-08 08:00:00,29.3,78,,0.0,37,,8.9,19.4,1,An Giang,10.5216,105.1259,Open-Meteo-Historical,
2026-04-08 09:00:00,31.5,65,,0.0,9,,9.1,23.8,0,An Giang,10.5216,105.1259,Open-Meteo-Historical,
2026-04-08 10:00:00,33.5,51,,0.0,67,,8.0,23.4,2,An Giang,10.5216,105.1259,Open-Meteo-Historical,
2026-04-08 11:00:00,35.1,41,,0.0,70,,7.4,23.0,2,An Giang,10.5216,105.1259,Open-Meteo-Historical,
2026-04-08 12:00:00,36.2,36,,0.0,92,,6.9,22.7,3,An Giang,10.5216,105.1259,Open-Meteo-Historical,
2026-04-08 13:00:00,35.5,37,,0.1,98,,5.2,23.4,51,An Giang,10.5216,105.1259,Open-Meteo-Historical,
2026-04-08 14:00:00,36.3,34,,0.0,92,,3.8,19.4,3,An Giang,10.5216,105.1259,Open-Meteo-Historical,
2026-04-08 15:00:00,36.3,34,,0.0,56,,5.2,18.0,2,An Giang,10.5216,105.1259,Open-Meteo-Historical,
2026-04-08 16:00:00,36.2,34,,0.0,57,,7.7,19.8,2,An Giang,10.5216,105.1259,Open-Meteo-Historical,
2026-04-08 17:00:00,35.0,36,,0.0,35,,9.6,20.2,1,An Giang,10.5216,105.1259,Open-Meteo-Historical,
2026-04-08 18:00:00,33.2,42,,0.0,7,,10.3,20.5,0,An Giang,10.5216,105.1259,Open-Meteo-Historical,
2026-04-08 19:00:00,31.7,46,,0.0,2,,8.9,19.8,0,An Giang,10.5216,105.1259,Open-Meteo-Historical,
2026-04-08 20:00:00,30.2,55,,0.0,2,,11.8,19.8,0,An Giang,10.5216,105.1259,Open-Meteo-Historical,
2026-04-08 21:00:00,28.7,69,,0.0,3,,9.8,20.2,0,An Giang,10.5216,105.1259,Open-Meteo-Historical,
2026-04-08 22:00:00,28.0,78,,0.0,5,,8.8,16.6,0,An Giang,10.5216,105.1259,Open-Meteo-Historical,
2026-04-08 23:00:00,27.5,83,,0.0,2,,9.2,15.5,0,An Giang,10.5216,105.1259,Open-Meteo-Historical,
2026-04-09 00:00:00,27.2,84,,0.0,0,,9.7,16.6,0,An Giang,10.5216,105.1259,Open-Meteo-Historical,
2026-04-09 01:00:00,26.5,83,,0.0,0,,8.2,16.6,0,An Giang,10.5216,105.1259,Open-Meteo-Historical,
2026-04-09 02:00:00,25.8,87,,0.0,0,,6.9,13.7,0,An Giang,10.5216,105.1259,Open-Meteo-Historical,
2026-04-09 03:00:00,25.2,92,,0.0,2,,5.9,11.5,0,An Giang,10.5216,105.1259,Open-Meteo-Historical,
2026-04-09 04:00:00,24.8,96,,0.0,30,,6.1,10.1,1,An Giang,10.5216,105.1259,Open-Meteo-Historical,
2026-04-09 05:00:00,24.6,98,,0.0,100,,5.6,10.4,3,An Giang,10.5216,105.1259,Open-Meteo-Historical,
2026-04-09 06:00:00,25.4,95,,0.0,100,,7.8,15.1,3,An Giang,10.5216,105.1259,Open-Meteo-Historical,
2026-04-09 07:00:00,26.4,89,,0.0,100,,9.1,18.7,3,An Giang,10.5216,105.1259,Open-Meteo-Historical,
2026-04-09 08:00:00,28.0,78,,0.0,16,,9.0,20.9,0,An Giang,10.5216,105.1259,Open-Meteo-Historical,
2026-04-09 09:00:00,30.2,64,,0.0,7,,8.9,22.7,0,An Giang,10.5216,105.1259,Open-Meteo-Historical,
2026-04-09 10:00:00,32.0,55,,0.0,10,,9.2,24.5,0,An Giang,10.5216,105.1259,Open-Meteo-Historical,
2026-04-09 11:00:00,33.5,48,,0.0,11,,9.2,25.6,0,An Giang,10.5216,105.1259,Open-Meteo-Historical,
2026-04-09 12:00:00,34.5,43,,0.0,1,,8.3,25.6,0,An Giang,10.5216,105.1259,Open-Meteo-Historical,
2026-04-09 13:00:00,34.7,41,,0.0,8,,6.5,24.1,0,An Giang,10.5216,105.1259,Open-Meteo-Historical,
2026-04-09 14:00:00,35.2,38,,0.0,10,,6.1,21.6,0,An Giang,10.5216,105.1259,Open-Meteo-Historical,
2026-04-09 15:00:00,35.3,37,,0.0,4,,5.3,20.5,0,An Giang,10.5216,105.1259,Open-Meteo-Historical,
2026-04-09 16:00:00,35.3,36,,0.0,25,,5.3,18.0,1,An Giang,10.5216,105.1259,Open-Meteo-Historical,
2026-04-09 17:00:00,34.7,36,,0.0,44,,9.2,18.7,1,An Giang,10.5216,105.1259,Open-Meteo-Historical,
2026-04-09 18:00:00,31.6,50,,0.0,15,,17.4,31.0,0,An Giang,10.5216,105.1259,Open-Meteo-Historical,
2026-04-09 19:00:00,30.6,56,,0.0,5,,14.3,31.7,0,An Giang,10.5216,105.1259,Open-Meteo-Historical,
2026-04-09 20:00:00,29.2,66,,0.0,1,,12.5,24.8,0,An Giang,10.5216,105.1259,Open-Meteo-Historical,
2026-04-09 21:00:00,28.5,72,,0.0,0,,10.4,21.6,0,An Giang,10.5216,105.1259,Open-Meteo-Historical,
2026-04-09 22:00:00,27.8,75,,0.0,0,,8.3,17.6,0,An Giang,10.5216,105.1259,Open-Meteo-Historical,
2026-04-09 23:00:00,27.3,77,,0.0,0,,7.9,14.0,0,An Giang,10.5216,105.1259,Open-Meteo-Historical,
2026-04-10 00:00:00,26.9,79,,0.0,0,,6.0,13.3,0,An Giang,10.5216,105.1259,Open-Meteo-Historical,
2026-04-10 01:00:00,26.2,83,,0.0,5,,5.1,10.1,0,An Giang,10.5216,105.1259,Open-Meteo-Historical,
2026-04-10 02:00:00,26.0,81,,0.0,13,,6.5,10.8,0,An Giang,10.5216,105.1259,Open-Meteo-Historical,
2026-04-10 03:00:00,25.6,81,,0.0,14,,6.7,11.2,0,An Giang,10.5216,105.1259,Open-Meteo-Historical,
2026-04-10 04:00:00,25.2,83,,0.0,26,,7.0,11.9,1,An Giang,10.5216,105.1259,Open-Meteo-Historical,
2026-04-10 05:00:00,24.9,87,,0.0,34,,7.7,13.0,1,An Giang,10.5216,105.1259,Open-Meteo-Historical,
2026-04-10 06:00:00,24.5,91,,0.0,30,,8.0,13.7,1,An Giang,10.5216,105.1259,Open-Meteo-Historical,
2026-04-10 07:00:00,26.2,83,,0.0,9,,7.3,16.2,0,An Giang,10.5216,105.1259,Open-Meteo-Historical,
2026-04-10 08:00:00,28.9,72,,0.0,5,,8.8,20.9,0,An Giang,10.5216,105.1259,Open-Meteo-Historical,
2026-04-10 09:00:00,31.1,62,,0.0,9,,10.4,25.9,0,An Giang,10.5216,105.1259,Open-Meteo-Historical,
2026-04-10 10:00:00,32.8,53,,0.0,5,,8.8,25.6,0,An Giang,10.5216,105.1259,Open-Meteo-Historical,
2026-04-10 11:00:00,34.2,47,,0.0,6,,7.2,24.1,0,An Giang,10.5216,105.1259,Open-Meteo-Historical,
2026-04-10 12:00:00,35.5,41,,0.0,12,,6.2,22.7,0,An Giang,10.5216,105.1259,Open-Meteo-Historical,
2026-04-10 13:00:00,35.5,38,,0.0,21,,4.4,21.6,1,An Giang,10.5216,105.1259,Open-Meteo-Historical,
2026-04-10 14:00:00,36.2,36,,0.0,9,,4.1,18.7,0,An Giang,10.5216,105.1259,Open-Meteo-Historical,
2026-04-10 15:00:00,36.3,35,,0.0,30,,2.8,17.6,1,An Giang,10.5216,105.1259,Open-Meteo-Historical,
2026-04-10 16:00:00,36.0,35,,0.0,43,,2.7,15.1,1,An Giang,10.5216,105.1259,Open-Meteo-Historical,
2026-04-10 17:00:00,35.5,36,,0.0,11,,6.5,14.8,0,An Giang,10.5216,105.1259,Open-Meteo-Historical,
2026-04-10 18:00:00,34.0,42,,0.0,27,,11.2,20.2,1,An Giang,10.5216,105.1259,Open-Meteo-Historical,
2026-04-10 19:00:00,31.4,47,,0.0,38,,9.8,19.4,1,An Giang,10.5216,105.1259,Open-Meteo-Historical,
2026-04-10 20:00:00,29.9,56,,0.0,33,,10.1,20.9,1,An Giang,10.5216,105.1259,Open-Meteo-Historical,
2026-04-10 21:00:00,28.8,68,,0.0,3,,9.4,17.3,0,An Giang,10.5216,105.1259,Open-Meteo-Historical,
2026-04-10 22:00:00,28.0,77,,0.0,0,,10.8,18.4,0,An Giang,10.5216,105.1259,Open-Meteo-Historical,
2026-04-10 23:00:00,27.9,81,,0.0,0,,11.6,19.8,0,An Giang,10.5216,105.1259,Open-Meteo-Historical,
2026-04-11 00:00:00,27.8,83,,0.0,0,,12.1,21.2,0,An Giang,10.5216,105.1259,Open-Meteo-Historical,
2026-04-11 01:00:00,27.2,85,,0.0,2,,9.6,20.9,0,An Giang,10.5216,105.1259,Open-Meteo-Historical,
2026-04-11 02:00:00,27.0,86,,0.0,2,,9.7,16.9,0,An Giang,10.5216,105.1259,Open-Meteo-Historical,
2026-04-11 03:00:00,26.6,87,,0.0,10,,7.2,16.6,0,An Giang,10.5216,105.1259,Open-Meteo-Historical,
2026-04-11 04:00:00,26.2,89,,0.0,14,,6.1,12.2,0,An Giang,10.5216,105.1259,Open-Meteo-Historical,
2026-04-11 05:00:00,25.9,90,,0.0,6,,5.8,10.1,0,An Giang,10.5216,105.1259,Open-Meteo-Historical,
2026-04-11 06:00:00,25.5,92,,0.0,7,,4.4,9.7,0,An Giang,10.5216,105.1259,Open-Meteo-Historical,
2026-04-11 07:00:00,27.2,85,,0.0,31,,7.6,13.7,1,An Giang,10.5216,105.1259,Open-Meteo-Historical,
2026-04-11 08:00:00,29.4,74,,0.0,48,,10.6,23.4,1,An Giang,10.5216,105.1259,Open-Meteo-Historical,
2026-04-11 09:00:00,31.1,64,,0.1,24,,11.0,25.6,51,An Giang,10.5216,105.1259,Open-Meteo-Historical,
2026-04-11 10:00:00,33.0,56,,0.1,27,,11.0,27.4,51,An Giang,10.5216,105.1259,Open-Meteo-Historical,
2026-04-11 11:00:00,34.4,49,,0.0,23,,10.9,27.7,1,An Giang,10.5216,105.1259,Open-Meteo-Historical,
2026-04-11 12:00:00,35.5,44,,0.0,39,,11.4,28.8,1,An Giang,10.5216,105.1259,Open-Meteo-Historical,
2026-04-11 13:00:00,35.5,43,,0.0,39,,10.3,29.9,1,An Giang,10.5216,105.1259,Open-Meteo-Historical,
2026-04-11 14:00:00,35.3,43,,0.0,38,,11.3,27.7,1,An Giang,10.5216,105.1259,Open-Meteo-Historical,
2026-04-11 15:00:00,34.7,45,,0.0,24,,13.7,30.6,1,An Giang,10.5216,105.1259,Open-Meteo-Historical,
2026-04-11 16:00:00,33.8,48,,0.1,14,,14.1,31.3,51,An Giang,10.5216,105.1259,Open-Meteo-Historical,
2026-04-11 17:00:00,33.5,48,,0.0,25,,13.2,29.9,1,An Giang,10.5216,105.1259,Open-Meteo-Historical,
2026-04-11 18:00:00,31.8,55,,0.0,15,,14.8,27.7,0,An Giang,10.5216,105.1259,Open-Meteo-Historical,
2026-04-11 19:00:00,30.5,63,,0.0,8,,8.1,27.7,0,An Giang,10.5216,105.1259,Open-Meteo-Historical,
2026-04-11 20:00:00,29.5,67,,0.0,4,,8.5,14.4,0,An Giang,10.5216,105.1259,Open-Meteo-Historical,
2026-04-11 21:00:00,28.8,71,,0.0,2,,9.6,16.2,0,An Giang,10.5216,105.1259,Open-Meteo-Historical,
2026-04-11 22:00:00,28.2,74,,0.0,0,,10.8,18.4,0,An Giang,10.5216,105.1259,Open-Meteo-Historical,
2026-04-11 23:00:00,27.9,77,,0.0,0,,10.7,19.1,0,An Giang,10.5216,105.1259,Open-Meteo-Historical,
2026-04-12 00:00:00,27.4,80,,0.0,0,,9.2,18.0,0,An Giang,10.5216,105.1259,Open-Meteo-Historical,
2026-04-12 01:00:00,26.6,85,,0.0,0,,8.0,15.5,0,An Giang,10.5216,105.1259,Open-Meteo-Historical,
2026-04-12 02:00:00,26.4,87,,0.0,0,,6.4,13.3,0,An Giang,10.5216,105.1259,Open-Meteo-Historical,
2026-04-12 03:00:00,25.8,90,,0.0,0,,5.4,10.8,0,An Giang,10.5216,105.1259,Open-Meteo-Historical,
2026-04-12 04:00:00,25.1,93,,0.0,0,,4.3,9.0,0,An Giang,10.5216,105.1259,Open-Meteo-Historical,
2026-04-12 05:00:00,24.6,95,,0.0,0,,4.2,6.1,0,An Giang,10.5216,105.1259,Open-Meteo-Historical,
2026-04-12 06:00:00,24.2,96,,0.0,0,,4.1,5.8,0,An Giang,10.5216,105.1259,Open-Meteo-Historical,
2026-04-12 07:00:00,26.8,87,,0.0,0,,7.0,13.0,0,An Giang,10.5216,105.1259,Open-Meteo-Historical,
2026-04-12 08:00:00,29.5,76,,0.0,0,,8.6,20.2,0,An Giang,10.5216,105.1259,Open-Meteo-Historical,
2026-04-12 09:00:00,31.5,66,,0.0,35,,10.5,25.2,1,An Giang,10.5216,105.1259,Open-Meteo-Historical,
2026-04-12 10:00:00,33.4,55,,0.0,26,,10.6,26.6,1,An Giang,10.5216,105.1259,Open-Meteo-Historical,
2026-04-12 11:00:00,35.0,44,,0.0,27,,11.8,28.8,1,An Giang,10.5216,105.1259,Open-Meteo-Historical,
2026-04-12 12:00:00,35.2,42,,0.0,23,,13.4,31.3,1,An Giang,10.5216,105.1259,Open-Meteo-Historical,
2026-04-12 13:00:00,35.0,44,,0.1,23,,13.0,32.0,51,An Giang,10.5216,105.1259,Open-Meteo-Historical,
2026-04-12 14:00:00,35.4,42,,0.0,12,,13.6,31.3,0,An Giang,10.5216,105.1259,Open-Meteo-Historical,
2026-04-12 15:00:00,35.2,41,,0.0,25,,14.0,32.4,1,An Giang,10.5216,105.1259,Open-Meteo-Historical,
2026-04-12 16:00:00,34.2,44,,0.3,41,,12.4,31.0,51,An Giang,10.5216,105.1259,Open-Meteo-Historical,
2026-04-12 17:00:00,33.3,46,,0.0,12,,13.7,27.4,0,An Giang,10.5216,105.1259,Open-Meteo-Historical,
2026-04-12 18:00:00,31.6,53,,0.0,5,,12.2,27.4,0,An Giang,10.5216,105.1259,Open-Meteo-Historical,
2026-04-12 19:00:00,30.1,55,,0.0,4,,11.2,21.6,0,An Giang,10.5216,105.1259,Open-Meteo-Historical,
2026-04-12 20:00:00,28.9,65,,0.0,1,,11.0,19.8,0,An Giang,10.5216,105.1259,Open-Meteo-Historical,
2026-04-12 21:00:00,28.0,71,,0.0,1,,11.1,19.1,0,An Giang,10.5216,105.1259,Open-Meteo-Historical,
2026-04-12 22:00:00,27.4,75,,0.0,0,,10.3,19.1,0,An Giang,10.5216,105.1259,Open-Meteo-Historical,
2026-04-12 23:00:00,26.8,79,,0.0,0,,8.5,17.3,0,An Giang,10.5216,105.1259,Open-Meteo-Historical,
2026-04-13 00:00:00,26.3,82,,0.0,0,,6.9,14.0,0,An Giang,10.5216,105.1259,Open-Meteo-Historical,
2026-04-13 01:00:00,25.9,87,,0.0,1,,6.4,11.5,0,An Giang,10.5216,105.1259,Open-Meteo-Historical,
2026-04-13 02:00:00,25.4,89,,0.0,73,,6.7,10.8,2,An Giang,10.5216,105.1259,Open-Meteo-Historical,
2026-04-13 03:00:00,25.2,90,,0.0,20,,7.6,12.6,1,An Giang,10.5216,105.1259,Open-Meteo-Historical,
2026-04-13 04:00:00,25.0,88,,0.0,0,,7.4,12.6,0,An Giang,10.5216,105.1259,Open-Meteo-Historical,
2026-04-13 05:00:00,24.8,89,,0.0,0,,8.4,14.0,0,An Giang,10.5216,105.1259,Open-Meteo-Historical,
2026-04-13 06:00:00,24.5,92,,0.0,0,,8.3,14.0,0,An Giang,10.5216,105.1259,Open-Meteo-Historical,
2026-04-13 07:00:00,26.4,87,,0.0,0,,7.6,15.8,0,An Giang,10.5216,105.1259,Open-Meteo-Historical,
2026-04-13 08:00:00,29.0,75,,0.0,0,,10.8,23.4,0,An Giang,10.5216,105.1259,Open-Meteo-Historical,
2026-04-13 09:00:00,31.1,60,,0.0,1,,11.7,27.4,0,An Giang,10.5216,105.1259,Open-Meteo-Historical,
2026-04-13 10:00:00,32.8,52,,0.0,2,,11.2,27.7,0,An Giang,10.5216,105.1259,Open-Meteo-Historical,
2026-04-13 11:00:00,34.5,44,,0.0,41,,10.6,27.7,1,An Giang,10.5216,105.1259,Open-Meteo-Historical,
2026-04-13 12:00:00,35.7,36,,0.0,26,,11.4,28.8,1,An Giang,10.5216,105.1259,Open-Meteo-Historical,
2026-04-13 13:00:00,35.5,36,,0.0,17,,11.7,29.5,0,An Giang,10.5216,105.1259,Open-Meteo-Historical,
2026-04-13 14:00:00,35.7,34,,0.0,14,,13.5,31.3,0,An Giang,10.5216,105.1259,Open-Meteo-Historical,
2026-04-13 15:00:00,35.3,35,,0.0,5,,13.6,31.3,0,An Giang,10.5216,105.1259,Open-Meteo-Historical,
2026-04-13 16:00:00,34.7,36,,0.0,10,,12.2,30.2,0,An Giang,10.5216,105.1259,Open-Meteo-Historical,
2026-04-13 17:00:00,33.8,40,,0.0,7,,11.7,26.6,0,An Giang,10.5216,105.1259,Open-Meteo-Historical,
2026-04-13 18:00:00,32.0,46,,0.0,4,,12.5,23.4,0,An Giang,10.5216,105.1259,Open-Meteo-Historical,
2026-04-13 19:00:00,30.5,58,,0.0,3,,13.1,27.4,0,An Giang,10.5216,105.1259,Open-Meteo-Historical,
2026-04-13 20:00:00,29.6,66,,0.0,1,,11.2,23.0,0,An Giang,10.5216,105.1259,Open-Meteo-Historical,
2026-04-13 21:00:00,28.9,72,,0.0,0,,10.1,19.1,0,An Giang,10.5216,105.1259,Open-Meteo-Historical,
2026-04-13 22:00:00,28.4,75,,0.0,2,,9.6,17.6,0,An Giang,10.5216,105.1259,Open-Meteo-Historical,
2026-04-13 23:00:00,28.0,78,,0.0,0,,7.7,16.6,0,An Giang,10.5216,105.1259,Open-Meteo-Historical,
2026-04-14 00:00:00,27.5,82,,0.0,0,,5.3,13.0,0,An Giang,10.5216,105.1259,Open-Meteo-Historical,
2026-04-14 01:00:00,27.0,86,,0.0,1,,4.7,8.6,0,An Giang,10.5216,105.1259,Open-Meteo-Historical,
2026-04-14 02:00:00,26.7,87,,0.0,0,,5.5,9.0,0,An Giang,10.5216,105.1259,Open-Meteo-Historical,
2026-04-14 03:00:00,26.4,87,,0.0,5,,6.2,10.4,0,An Giang,10.5216,105.1259,Open-Meteo-Historical,
2026-04-14 04:00:00,26.0,87,,0.0,15,,5.9,10.8,0,An Giang,10.5216,105.1259,Open-Meteo-Historical,
2026-04-14 05:00:00,25.7,89,,0.0,20,,4.6,9.7,1,An Giang,10.5216,105.1259,Open-Meteo-Historical,
2026-04-14 06:00:00,25.4,91,,0.0,9,,4.0,7.6,0,An Giang,10.5216,105.1259,Open-Meteo-Historical,
2026-04-14 07:00:00,27.0,81,,0.0,0,,4.8,11.9,0,An Giang,10.5216,105.1259,Open-Meteo-Historical,
2026-04-14 08:00:00,29.4,72,,0.0,0,,6.9,18.0,0,An Giang,10.5216,105.1259,Open-Meteo-Historical,
2026-04-14 09:00:00,31.3,63,,0.0,0,,6.9,20.2,0,An Giang,10.5216,105.1259,Open-Meteo-Historical,
2026-04-14 10:00:00,33.0,54,,0.0,16,,6.7,21.2,0,An Giang,10.5216,105.1259,Open-Meteo-Historical,
2026-04-14 11:00:00,34.3,48,,0.0,10,,6.7,23.0,0,An Giang,10.5216,105.1259,Open-Meteo-Historical,
2026-04-14 12:00:00,35.5,42,,0.0,27,,6.0,23.0,1,An Giang,10.5216,105.1259,Open-Meteo-Historical,
2026-04-14 13:00:00,35.3,42,,0.0,48,,5.4,20.9,1,An Giang,10.5216,105.1259,Open-Meteo-Historical,
2026-04-14 14:00:00,35.8,42,,0.0,33,,6.4,20.2,1,An Giang,10.5216,105.1259,Open-Meteo-Historical,
2026-04-14 15:00:00,34.7,45,,0.0,44,,6.0,20.2,1,An Giang,10.5216,105.1259,Open-Meteo-Historical,
2026-04-14 16:00:00,33.9,48,,0.0,37,,5.2,18.7,1,An Giang,10.5216,105.1259,Open-Meteo-Historical,
2026-04-14 17:00:00,32.5,52,,0.0,25,,13.0,26.3,1,An Giang,10.5216,105.1259,Open-Meteo-Historical,
2026-04-14 18:00:00,31.0,59,,0.0,27,,9.5,26.3,1,An Giang,10.5216,105.1259,Open-Meteo-Historical,
2026-04-14 19:00:00,29.8,66,,0.0,16,,6.9,17.3,0,An Giang,10.5216,105.1259,Open-Meteo-Historical,
2026-04-14 20:00:00,30.0,66,,0.0,19,,11.7,19.8,0,An Giang,10.5216,105.1259,Open-Meteo-Historical,
2026-04-14 21:00:00,29.4,71,,0.0,9,,10.9,20.5,0,An Giang,10.5216,105.1259,Open-Meteo-Historical,
2026-04-14 22:00:00,28.9,75,,0.0,3,,9.8,18.7,0,An Giang,10.5216,105.1259,Open-Meteo-Historical,
2026-04-14 23:00:00,28.5,77,,0.0,2,,8.5,16.9,0,An Giang,10.5216,105.1259,Open-Meteo-Historical,
2026-04-15 00:00:00,28.1,79,,0.0,2,,8.0,14.4,0,An Giang,10.5216,105.1259,Open-Meteo-Historical,
2026-04-15 01:00:00,27.2,83,,0.0,3,,7.9,14.8,0,An Giang,10.5216,105.1259,Open-Meteo-Historical,
2026-04-15 02:00:00,26.9,84,,0.0,61,,7.7,13.3,2,An Giang,10.5216,105.1259,Open-Meteo-Historical,
2026-04-15 03:00:00,26.6,84,,0.0,94,,7.3,13.3,3,An Giang,10.5216,105.1259,Open-Meteo-Historical,
2026-04-15 04:00:00,26.1,87,,0.0,88,,6.8,12.6,3,An Giang,10.5216,105.1259,Open-Meteo-Historical,
2026-04-15 05:00:00,25.9,88,,0.0,80,,6.3,11.9,3,An Giang,10.5216,105.1259,Open-Meteo-Historical,
2026-04-15 06:00:00,25.6,91,,0.0,16,,4.8,10.8,0,An Giang,10.5216,105.1259,Open-Meteo-Historical,
2026-04-15 07:00:00,27.4,82,,0.0,45,,6.7,14.0,1,An Giang,10.5216,105.1259,Open-Meteo-Historical,
2026-04-15 08:00:00,29.3,73,,0.0,64,,9.7,22.0,2,An Giang,10.5216,105.1259,Open-Meteo-Historical,
2026-04-15 09:00:00,31.0,66,,0.1,35,,8.7,23.4,51,An Giang,10.5216,105.1259,Open-Meteo-Historical,
2026-04-15 10:00:00,32.4,60,,0.0,24,,8.2,22.7,1,An Giang,10.5216,105.1259,Open-Meteo-Historical,
2026-04-15 11:00:00,33.6,55,,0.0,30,,8.4,23.8,1,An Giang,10.5216,105.1259,Open-Meteo-Historical,
2026-04-15 12:00:00,35.0,50,,0.0,88,,7.7,23.4,3,An Giang,10.5216,105.1259,Open-Meteo-Historical,
2026-04-15 13:00:00,35.0,46,,0.0,100,,9.0,24.1,3,An Giang,10.5216,105.1259,Open-Meteo-Historical,
2026-04-15 14:00:00,33.9,47,,0.0,100,,8.5,26.6,3,An Giang,10.5216,105.1259,Open-Meteo-Historical,
2026-04-15 15:00:00,28.8,75,,1.9,99,,2.9,27.7,61,An Giang,10.5216,105.1259,Open-Meteo-Historical,
2026-04-15 16:00:00,30.2,66,,0.1,97,,4.8,15.8,51,An Giang,10.5216,105.1259,Open-Meteo-Historical,
2026-04-15 17:00:00,30.5,62,,0.0,88,,8.0,19.4,3,An Giang,10.5216,105.1259,Open-Meteo-Historical,
2026-04-15 18:00:00,30.0,64,,0.0,59,,6.5,17.6,2,An Giang,10.5216,105.1259,Open-Meteo-Historical,
2026-04-15 19:00:00,29.6,58,,0.0,29,,6.4,13.7,1,An Giang,10.5216,105.1259,Open-Meteo-Historical,
2026-04-15 20:00:00,28.6,70,,0.0,9,,7.5,13.3,0,An Giang,10.5216,105.1259,Open-Meteo-Historical,
2026-04-15 21:00:00,28.1,74,,0.0,10,,6.2,12.6,0,An Giang,10.5216,105.1259,Open-Meteo-Historical,
2026-04-15 22:00:00,27.8,77,,0.0,7,,5.1,10.4,0,An Giang,10.5216,105.1259,Open-Meteo-Historical,
2026-04-15 23:00:00,27.5,78,,0.0,0,,7.4,12.2,0,An Giang,10.5216,105.1259,Open-Meteo-Historical,
2026-04-16 00:00:00,27.4,81,,0.0,0,,7.3,12.6,0,An Giang,10.5216,105.1259,Open-Meteo-Historical,
2026-04-16 01:00:00,26.9,86,,0.0,5,,8.3,14.0,0,An Giang,10.5216,105.1259,Open-Meteo-Historical,
2026-04-16 02:00:00,26.6,87,,0.0,0,,8.4,14.8,0,An Giang,10.5216,105.1259,Open-Meteo-Historical,
2026-04-16 03:00:00,26.2,86,,0.0,0,,6.5,14.0,0,An Giang,10.5216,105.1259,Open-Meteo-Historical,
2026-04-16 04:00:00,25.8,87,,0.0,51,,4.9,11.2,2,An Giang,10.5216,105.1259,Open-Meteo-Historical,
2026-04-16 05:00:00,25.5,87,,0.0,82,,4.3,7.9,3,An Giang,10.5216,105.1259,Open-Meteo-Historical,
2026-04-16 06:00:00,25.2,87,,0.0,2,,4.5,7.2,0,An Giang,10.5216,105.1259,Open-Meteo-Historical,
2026-04-16 07:00:00,26.8,78,,0.0,3,,5.2,12.6,0,An Giang,10.5216,105.1259,Open-Meteo-Historical,
2026-04-16 08:00:00,29.1,70,,0.0,0,,7.8,19.1,0,An Giang,10.5216,105.1259,Open-Meteo-Historical,
2026-04-16 09:00:00,31.1,63,,0.0,12,,7.5,23.0,0,An Giang,10.5216,105.1259,Open-Meteo-Historical,
2026-04-16 10:00:00,32.8,55,,0.0,17,,6.8,22.7,0,An Giang,10.5216,105.1259,Open-Meteo-Historical,
2026-04-16 11:00:00,34.0,49,,0.0,5,,7.5,23.8,0,An Giang,10.5216,105.1259,Open-Meteo-Historical,
2026-04-16 12:00:00,35.2,44,,0.0,2,,7.8,24.1,0,An Giang,10.5216,105.1259,Open-Meteo-Historical,
2026-04-16 13:00:00,35.8,42,,0.0,2,,9.1,24.5,0,An Giang,10.5216,105.1259,Open-Meteo-Historical,
2026-04-16 14:00:00,36.3,41,,0.0,13,,10.0,25.9,0,An Giang,10.5216,105.1259,Open-Meteo-Historical,
2026-04-16 15:00:00,36.0,41,,0.0,14,,11.9,27.7,0,An Giang,10.5216,105.1259,Open-Meteo-Historical,
2026-04-16 16:00:00,35.3,43,,0.0,19,,12.0,27.7,0,An Giang,10.5216,105.1259,Open-Meteo-Historical,
2026-04-16 17:00:00,34.4,45,,0.0,24,,10.9,25.9,1,An Giang,10.5216,105.1259,Open-Meteo-Historical,
2026-04-16 18:00:00,33.3,47,,0.0,12,,6.6,22.0,0,An Giang,10.5216,105.1259,Open-Meteo-Historical,
2026-04-16 19:00:00,31.8,50,,0.0,9,,8.0,11.5,0,An Giang,10.5216,105.1259,Open-Meteo-Historical,
2026-04-16 20:00:00,31.1,50,,0.0,3,,6.8,13.7,0,An Giang,10.5216,105.1259,Open-Meteo-Historical,
2026-04-16 21:00:00,30.1,54,,0.0,2,,10.2,16.2,0,An Giang,10.5216,105.1259,Open-Meteo-Historical,
2026-04-16 22:00:00,29.4,64,,0.0,1,,11.0,20.2,0,An Giang,10.5216,105.1259,Open-Meteo-Historical,
2026-04-16 23:00:00,28.9,66,,0.0,2,,12.0,20.5,0,An Giang,10.5216,105.1259,Open-Meteo-Historical,
2026-04-17 00:00:00,28.0,65,,0.0,5,,12.4,22.0,0,An Giang,10.5216,105.1259,Open-Meteo-Historical,
2026-04-17 01:00:00,27.5,71,,0.0,0,,10.8,21.6,0,An Giang,10.5216,105.1259,Open-Meteo-Historical,
2026-04-17 02:00:00,27.1,76,,0.0,0,,8.8,18.7,0,An Giang,10.5216,105.1259,Open-Meteo-Historical,
2026-04-17 03:00:00,26.6,79,,0.0,0,,7.6,15.1,0,An Giang,10.5216,105.1259,Open-Meteo-Historical,
2026-04-17 04:00:00,26.2,82,,0.0,0,,7.2,13.3,0,An Giang,10.5216,105.1259,Open-Meteo-Historical,
2026-04-17 05:00:00,25.8,85,,0.0,0,,5.8,12.2,0,An Giang,10.5216,105.1259,Open-Meteo-Historical,
2026-04-17 06:00:00,25.4,86,,0.0,0,,4.4,9.7,0,An Giang,10.5216,105.1259,Open-Meteo-Historical,
2026-04-17 07:00:00,26.5,82,,0.0,0,,4.7,13.3,0,An Giang,10.5216,105.1259,Open-Meteo-Historical,
2026-04-17 08:00:00,28.9,69,,0.0,0,,7.6,19.1,0,An Giang,10.5216,105.1259,Open-Meteo-Historical,
2026-04-17 09:00:00,30.9,58,,0.0,0,,8.1,22.0,0,An Giang,10.5216,105.1259,Open-Meteo-Historical,
2026-04-17 10:00:00,32.6,49,,0.0,0,,7.0,22.0,0,An Giang,10.5216,105.1259,Open-Meteo-Historical,
2026-04-17 11:00:00,34.2,41,,0.0,0,,5.7,21.2,0,An Giang,10.5216,105.1259,Open-Meteo-Historical,
2026-04-17 12:00:00,35.3,37,,0.0,20,,5.6,20.2,1,An Giang,10.5216,105.1259,Open-Meteo-Historical,
2026-04-17 13:00:00,35.5,36,,0.0,6,,6.3,20.9,0,An Giang,10.5216,105.1259,Open-Meteo-Historical,
2026-04-17 14:00:00,36.5,34,,0.0,12,,8.1,22.7,0,An Giang,10.5216,105.1259,Open-Meteo-Historical,
2026-04-17 15:00:00,36.0,35,,0.0,3,,9.8,24.1,0,An Giang,10.5216,105.1259,Open-Meteo-Historical,
2026-04-17 16:00:00,35.1,36,,0.0,26,,11.0,25.6,1,An Giang,10.5216,105.1259,Open-Meteo-Historical,
2026-04-17 17:00:00,35.0,36,,0.0,11,,9.8,24.5,0,An Giang,10.5216,105.1259,Open-Meteo-Historical,
2026-04-17 18:00:00,32.8,45,,0.0,5,,13.2,22.0,0,An Giang,10.5216,105.1259,Open-Meteo-Historical,
2026-04-17 19:00:00,30.2,59,,0.0,4,,11.6,30.2,0,An Giang,10.5216,105.1259,Open-Meteo-Historical,
2026-04-17 20:00:00,30.0,60,,0.0,2,,9.0,19.4,0,An Giang,10.5216,105.1259,Open-Meteo-Historical,
2026-04-17 21:00:00,29.2,64,,0.0,2,,8.8,16.2,0,An Giang,10.5216,105.1259,Open-Meteo-Historical,
2026-04-17 22:00:00,28.6,67,,0.0,2,,8.7,15.1,0,An Giang,10.5216,105.1259,Open-Meteo-Historical,
2026-04-17 23:00:00,28.1,71,,0.0,8,,6.3,14.8,0,An Giang,10.5216,105.1259,Open-Meteo-Historical,
2026-04-18 00:00:00,27.6,73,,0.0,100,,5.7,11.2,3,An Giang,10.5216,105.1259,Open-Meteo-Historical,
2026-04-18 01:00:00,27.2,77,,0.0,98,,5.4,11.5,3,An Giang,10.5216,105.1259,Open-Meteo-Historical,
2026-04-18 02:00:00,27.0,79,,0.0,100,,4.1,9.4,3,An Giang,10.5216,105.1259,Open-Meteo-Historical,
2026-04-18 03:00:00,26.5,82,,0.0,92,,5.6,9.0,3,An Giang,10.5216,105.1259,Open-Meteo-Historical,
2026-04-18 04:00:00,26.0,84,,0.0,94,,6.3,10.4,3,An Giang,10.5216,105.1259,Open-Meteo-Historical,
2026-04-18 05:00:00,25.6,86,,0.0,12,,5.7,10.8,0,An Giang,10.5216,105.1259,Open-Meteo-Historical,
2026-04-18 06:00:00,25.4,88,,0.0,26,,5.6,9.7,1,An Giang,10.5216,105.1259,Open-Meteo-Historical,
2026-04-18 07:00:00,26.9,79,,0.0,25,,6.4,14.0,1,An Giang,10.5216,105.1259,Open-Meteo-Historical,
2026-04-18 08:00:00,29.0,71,,0.0,2,,7.3,18.7,0,An Giang,10.5216,105.1259,Open-Meteo-Historical,
2026-04-18 09:00:00,31.0,62,,0.0,8,,6.6,19.8,0,An Giang,10.5216,105.1259,Open-Meteo-Historical,
2026-04-18 10:00:00,32.6,54,,0.0,2,,7.5,21.6,0,An Giang,10.5216,105.1259,Open-Meteo-Historical,
2026-04-18 11:00:00,34.2,47,,0.0,12,,7.9,24.8,0,An Giang,10.5216,105.1259,Open-Meteo-Historical,
2026-04-18 12:00:00,35.2,43,,0.0,20,,8.4,23.8,1,An Giang,10.5216,105.1259,Open-Meteo-Historical,
2026-04-18 13:00:00,35.3,40,,0.0,15,,11.1,25.2,0,An Giang,10.5216,105.1259,Open-Meteo-Historical,
2026-04-18 14:00:00,35.5,39,,0.0,17,,11.1,28.1,0,An Giang,10.5216,105.1259,Open-Meteo-Historical,
2026-04-18 15:00:00,35.5,39,,0.0,15,,10.4,27.0,0,An Giang,10.5216,105.1259,Open-Meteo-Historical,
2026-04-18 16:00:00,35.0,37,,0.0,12,,11.5,26.3,0,An Giang,10.5216,105.1259,Open-Meteo-Historical,
2026-04-18 17:00:00,34.8,37,,0.0,5,,4.8,24.5,0,An Giang,10.5216,105.1259,Open-Meteo-Historical,
2026-04-18 18:00:00,32.8,45,,0.0,8,,3.7,11.2,0,An Giang,10.5216,105.1259,Open-Meteo-Historical,
2026-04-18 19:00:00,31.5,52,,0.0,14,,9.4,5.4,0,An Giang,10.5216,105.1259,Open-Meteo-Historical,
2026-04-18 20:00:00,30.9,53,,0.0,2,,7.2,16.2,0,An Giang,10.5216,105.1259,Open-Meteo-Historical,
2026-04-18 21:00:00,30.0,56,,0.0,1,,7.6,13.0,0,An Giang,10.5216,105.1259,Open-Meteo-Historical,
2026-04-18 22:00:00,29.1,65,,0.0,5,,6.3,14.0,0,An Giang,10.5216,105.1259,Open-Meteo-Historical,
2026-04-18 23:00:00,28.6,69,,0.0,4,,8.0,14.4,0,An Giang,10.5216,105.1259,Open-Meteo-Historical,
2026-04-19 00:00:00,28.3,67,,0.0,9,,8.5,14.8,0,An Giang,10.5216,105.1259,Open-Meteo-Historical,
2026-04-19 01:00:00,27.1,76,,0.0,20,,7.4,14.8,1,An Giang,10.5216,105.1259,Open-Meteo-Historical,
2026-04-19 02:00:00,27.1,74,,0.0,24,,7.1,13.3,1,An Giang,10.5216,105.1259,Open-Meteo-Historical,
2026-04-19 03:00:00,26.6,77,,0.0,0,,6.2,11.9,0,An Giang,10.5216,105.1259,Open-Meteo-Historical,
2026-04-19 04:00:00,26.4,80,,0.0,1,,5.6,10.8,0,An Giang,10.5216,105.1259,Open-Meteo-Historical,
2026-04-19 05:00:00,26.0,84,,0.0,3,,2.8,9.4,0,An Giang,10.5216,105.1259,Open-Meteo-Historical,
2026-04-19 06:00:00,26.0,85,,0.0,0,,3.1,4.7,0,An Giang,10.5216,105.1259,Open-Meteo-Historical,
2026-04-19 07:00:00,27.5,77,,0.0,1,,3.8,12.6,0,An Giang,10.5216,105.1259,Open-Meteo-Historical,
2026-04-19 08:00:00,29.6,68,,0.0,9,,7.3,18.4,0,An Giang,10.5216,105.1259,Open-Meteo-Historical,
2026-04-19 09:00:00,31.4,58,,0.0,30,,9.9,24.5,1,An Giang,10.5216,105.1259,Open-Meteo-Historical,
2026-04-19 10:00:00,32.6,52,,0.0,20,,8.1,24.5,1,An Giang,10.5216,105.1259,Open-Meteo-Historical,
2026-04-19 11:00:00,33.8,47,,0.0,25,,7.0,22.3,1,An Giang,10.5216,105.1259,Open-Meteo-Historical,
2026-04-19 12:00:00,34.8,45,,0.0,13,,6.6,22.0,0,An Giang,10.5216,105.1259,Open-Meteo-Historical,
2026-04-19 13:00:00,35.1,44,,0.0,9,,7.2,22.7,0,An Giang,10.5216,105.1259,Open-Meteo-Historical,
2026-04-19 14:00:00,35.7,42,,0.0,16,,8.5,23.4,0,An Giang,10.5216,105.1259,Open-Meteo-Historical,
2026-04-19 15:00:00,35.5,42,,0.0,23,,9.1,23.4,1,An Giang,10.5216,105.1259,Open-Meteo-Historical,
2026-04-19 16:00:00,34.8,44,,0.0,25,,9.9,23.4,1,An Giang,10.5216,105.1259,Open-Meteo-Historical,
2026-04-19 17:00:00,33.7,45,,0.0,27,,11.5,24.5,1,An Giang,10.5216,105.1259,Open-Meteo-Historical,
2026-04-19 18:00:00,32.2,49,,0.0,26,,6.7,22.7,1,An Giang,10.5216,105.1259,Open-Meteo-Historical,
2026-04-19 19:00:00,29.5,69,,0.0,16,,10.5,14.0,0,An Giang,10.5216,105.1259,Open-Meteo-Historical,
2026-04-19 20:00:00,29.1,70,,0.0,66,,7.9,18.7,2,An Giang,10.5216,105.1259,Open-Meteo-Historical,
2026-04-19 21:00:00,28.9,71,,0.0,100,,8.1,13.3,3,An Giang,10.5216,105.1259,Open-Meteo-Historical,
2026-04-19 22:00:00,26.5,82,,0.1,100,,14.1,21.2,51,An Giang,10.5216,105.1259,Open-Meteo-Historical,
2026-04-19 23:00:00,24.9,90,,1.3,100,,5.1,32.8,61,An Giang,10.5216,105.1259,Open-Meteo-Historical,
2026-04-20 00:00:00,24.7,92,,1.0,100,,2.8,15.5,55,An Giang,10.5216,105.1259,Open-Meteo-Historical,
2026-04-20 01:00:00,24.9,92,,0.0,100,,2.7,6.8,3,An Giang,10.5216,105.1259,Open-Meteo-Historical,
2026-04-20 02:00:00,24.9,93,,0.0,100,,0.7,5.0,3,An Giang,10.5216,105.1259,Open-Meteo-Historical,
2026-04-20 03:00:00,25.0,94,,0.0,100,,1.8,2.5,3,An Giang,10.5216,105.1259,Open-Meteo-Historical,
2026-04-20 04:00:00,25.0,95,,0.0,100,,1.1,2.9,3,An Giang,10.5216,105.1259,Open-Meteo-Historical,
2026-04-20 05:00:00,24.9,96,,0.0,98,,0.4,2.2,3,An Giang,10.5216,105.1259,Open-Meteo-Historical,
2026-04-20 06:00:00,25.0,96,,0.0,100,,0.7,1.8,3,An Giang,10.5216,105.1259,Open-Meteo-Historical,
2026-04-20 07:00:00,26.8,89,,0.0,49,,4.8,6.8,1,An Giang,10.5216,105.1259,Open-Meteo-Historical,
2026-04-20 08:00:00,28.9,73,,0.0,17,,11.1,22.0,0,An Giang,10.5216,105.1259,Open-Meteo-Historical,
2026-04-20 09:00:00,30.5,61,,0.0,21,,11.5,26.3,1,An Giang,10.5216,105.1259,Open-Meteo-Historical,
2026-04-20 10:00:00,31.7,57,,0.0,26,,9.3,24.8,1,An Giang,10.5216,105.1259,Open-Meteo-Historical,
2026-04-20 11:00:00,32.8,54,,0.0,13,,8.1,22.7,0,An Giang,10.5216,105.1259,Open-Meteo-Historical,
2026-04-20 12:00:00,33.2,53,,0.1,18,,4.8,21.6,51,An Giang,10.5216,105.1259,Open-Meteo-Historical,
2026-04-20 13:00:00,33.1,52,,0.0,19,,3.8,17.3,0,An Giang,10.5216,105.1259,Open-Meteo-Historical,
2026-04-20 14:00:00,33.5,51,,0.0,37,,3.7,16.2,1,An Giang,10.5216,105.1259,Open-Meteo-Historical,
2026-04-20 15:00:00,32.5,53,,0.1,96,,11.0,22.0,51,An Giang,10.5216,105.1259,Open-Meteo-Historical,
2026-04-20 16:00:00,30.5,60,,0.3,40,,8.6,31.0,51,An Giang,10.5216,105.1259,Open-Meteo-Historical,
2026-04-20 17:00:00,30.6,58,,0.0,36,,3.4,19.1,1,An Giang,10.5216,105.1259,Open-Meteo-Historical,
2026-04-20 18:00:00,30.0,64,,0.0,26,,1.6,9.0,1,An Giang,10.5216,105.1259,Open-Meteo-Historical,
2026-04-20 19:00:00,28.3,77,,0.0,100,,2.1,5.8,3,An Giang,10.5216,105.1259,Open-Meteo-Historical,
2026-04-20 20:00:00,27.4,83,,0.0,98,,2.4,4.0,3,An Giang,10.5216,105.1259,Open-Meteo-Historical,
2026-04-20 21:00:00,27.0,86,,0.0,99,,4.9,7.6,3,An Giang,10.5216,105.1259,Open-Meteo-Historical,
2026-04-20 22:00:00,26.5,87,,0.0,37,,4.3,9.4,1,An Giang,10.5216,105.1259,Open-Meteo-Historical,
2026-04-20 23:00:00,26.0,88,,0.0,54,,4.9,7.6,2,An Giang,10.5216,105.1259,Open-Meteo-Historical,
2026-04-21 00:00:00,25.9,86,,0.0,99,,6.2,10.1,3,An Giang,10.5216,105.1259,Open-Meteo-Historical,
2026-04-21 01:00:00,25.5,88,,0.0,98,,6.1,10.4,3,An Giang,10.5216,105.1259,Open-Meteo-Historical,
2026-04-21 02:00:00,25.3,87,,0.0,98,,6.6,11.2,3,An Giang,10.5216,105.1259,Open-Meteo-Historical,
2026-04-21 03:00:00,25.0,85,,0.0,100,,6.3,10.8,3,An Giang,10.5216,105.1259,Open-Meteo-Historical,
2026-04-21 04:00:00,24.5,83,,0.0,100,,5.2,10.1,3,An Giang,10.5216,105.1259,Open-Meteo-Historical,
2026-04-21 05:00:00,24.0,82,,0.0,100,,5.0,7.9,3,An Giang,10.5216,105.1259,Open-Meteo-Historical,
2026-04-21 06:00:00,23.9,82,,0.0,98,,4.9,7.2,3,An Giang,10.5216,105.1259,Open-Meteo-Historical,
2026-04-21 07:00:00,25.7,76,,0.0,16,,6.8,12.6,0,An Giang,10.5216,105.1259,Open-Meteo-Historical,
2026-04-21 08:00:00,27.9,68,,0.0,16,,8.3,18.0,0,An Giang,10.5216,105.1259,Open-Meteo-Historical,
2026-04-21 09:00:00,29.8,60,,0.0,0,,12.4,26.3,0,An Giang,10.5216,105.1259,Open-Meteo-Historical,
2026-04-21 10:00:00,31.5,55,,0.0,84,,11.7,27.4,3,An Giang,10.5216,105.1259,Open-Meteo-Historical,
2026-04-21 11:00:00,32.0,54,,0.1,40,,10.8,26.3,51,An Giang,10.5216,105.1259,Open-Meteo-Historical,
2026-04-21 12:00:00,32.2,53,,0.3,33,,11.4,25.9,51,An Giang,10.5216,105.1259,Open-Meteo-Historical,
2026-04-21 13:00:00,32.2,53,,0.0,19,,11.8,26.6,0,An Giang,10.5216,105.1259,Open-Meteo-Historical,
2026-04-21 14:00:00,33.0,50,,0.0,9,,10.8,25.9,0,An Giang,10.5216,105.1259,Open-Meteo-Historical,
2026-04-21 15:00:00,33.3,47,,0.0,18,,9.4,25.2,0,An Giang,10.5216,105.1259,Open-Meteo-Historical,
2026-04-21 16:00:00,33.2,47,,0.0,41,,9.0,20.9,1,An Giang,10.5216,105.1259,Open-Meteo-Historical,
2026-04-21 17:00:00,32.1,51,,0.0,30,,8.8,19.1,1,An Giang,10.5216,105.1259,Open-Meteo-Historical,
2026-04-21 18:00:00,30.2,63,,0.0,7,,3.8,15.5,0,An Giang,10.5216,105.1259,Open-Meteo-Historical,
2026-04-21 19:00:00,29.2,60,,0.0,5,,7.9,10.1,0,An Giang,10.5216,105.1259,Open-Meteo-Historical,
2026-04-21 20:00:00,28.7,62,,0.0,5,,7.8,13.0,0,An Giang,10.5216,105.1259,Open-Meteo-Historical,
2026-04-21 21:00:00,28.3,63,,0.0,5,,8.7,14.4,0,An Giang,10.5216,105.1259,Open-Meteo-Historical,
2026-04-21 22:00:00,27.7,66,,0.0,6,,8.9,14.8,0,An Giang,10.5216,105.1259,Open-Meteo-Historical,
2026-04-21 23:00:00,27.0,67,,0.0,0,,9.3,16.2,0,An Giang,10.5216,105.1259,Open-Meteo-Historical,
2026-04-22 00:00:00,26.4,69,,0.0,0,,8.5,15.5,0,An Giang,10.5216,105.1259,Open-Meteo-Historical,
2026-04-22 01:00:00,25.7,74,,0.0,0,,7.4,14.4,0,An Giang,10.5216,105.1259,Open-Meteo-Historical,
2026-04-22 02:00:00,25.2,76,,0.0,0,,7.3,12.6,0,An Giang,10.5216,105.1259,Open-Meteo-Historical,
2026-04-22 03:00:00,24.8,78,,0.0,74,,6.8,12.2,2,An Giang,10.5216,105.1259,Open-Meteo-Historical,
2026-04-22 04:00:00,24.3,80,,0.0,75,,6.6,11.2,2,An Giang,10.5216,105.1259,Open-Meteo-Historical,
2026-04-22 05:00:00,23.9,82,,0.0,100,,5.3,10.8,3,An Giang,10.5216,105.1259,Open-Meteo-Historical,
2026-04-22 06:00:00,23.6,84,,0.0,95,,5.6,9.0,3,An Giang,10.5216,105.1259,Open-Meteo-Historical,
2026-04-22 07:00:00,25.5,79,,0.0,66,,6.6,11.9,2,An Giang,10.5216,105.1259,Open-Meteo-Historical,
2026-04-22 08:00:00,27.6,74,,0.0,93,,6.9,15.8,3,An Giang,10.5216,105.1259,Open-Meteo-Historical,
2026-04-22 09:00:00,29.6,61,,0.0,77,,11.1,24.1,2,An Giang,10.5216,105.1259,Open-Meteo-Historical,
2026-04-22 10:00:00,31.0,52,,0.0,20,,9.5,24.1,1,An Giang,10.5216,105.1259,Open-Meteo-Historical,
2026-04-22 11:00:00,32.0,48,,0.0,0,,7.0,22.3,0,An Giang,10.5216,105.1259,Open-Meteo-Historical,
2026-04-22 12:00:00,33.3,46,,0.0,22,,6.3,19.1,1,An Giang,10.5216,105.1259,Open-Meteo-Historical,
2026-04-22 13:00:00,34.0,42,,0.0,51,,7.0,18.4,2,An Giang,10.5216,105.1259,Open-Meteo-Historical,
2026-04-22 14:00:00,33.9,43,,0.0,100,,10.0,22.0,3,An Giang,10.5216,105.1259,Open-Meteo-Historical,
2026-04-22 15:00:00,33.4,47,,0.0,100,,12.8,25.6,3,An Giang,10.5216,105.1259,Open-Meteo-Historical,
2026-04-22 16:00:00,33.0,48,,0.0,84,,11.2,25.9,3,An Giang,10.5216,105.1259,Open-Meteo-Historical,
2026-04-22 17:00:00,32.2,54,,0.0,63,,6.0,20.9,2,An Giang,10.5216,105.1259,Open-Meteo-Historical,
2026-04-22 18:00:00,30.4,59,,0.0,1,,6.9,10.8,0,An Giang,10.5216,105.1259,Open-Meteo-Historical,
2026-04-22 19:00:00,29.8,59,,0.0,13,,10.9,14.8,0,An Giang,10.5216,105.1259,Open-Meteo-Historical,
2026-04-22 20:00:00,28.9,64,,0.0,2,,7.8,18.4,0,An Giang,10.5216,105.1259,Open-Meteo-Historical,
2026-04-22 21:00:00,27.6,71,,0.0,0,,7.2,12.2,0,An Giang,10.5216,105.1259,Open-Meteo-Historical,
2026-04-22 22:00:00,27.2,73,,0.0,5,,8.8,14.8,0,An Giang,10.5216,105.1259,Open-Meteo-Historical,
2026-04-22 23:00:00,27.0,70,,0.0,3,,9.9,16.9,0,An Giang,10.5216,105.1259,Open-Meteo-Historical,
2026-04-23 00:00:00,26.1,71,,0.0,0,,8.6,16.9,0,An Giang,10.5216,105.1259,Open-Meteo-Historical,
2026-04-23 01:00:00,25.5,77,,0.0,0,,8.4,14.4,0,An Giang,10.5216,105.1259,Open-Meteo-Historical,
2026-04-23 02:00:00,24.9,81,,0.0,0,,7.6,14.0,0,An Giang,10.5216,105.1259,Open-Meteo-Historical,
2026-04-23 03:00:00,24.5,84,,0.0,0,,6.7,12.6,0,An Giang,10.5216,105.1259,Open-Meteo-Historical,
2026-04-23 04:00:00,24.0,86,,0.0,0,,5.9,11.2,0,An Giang,10.5216,105.1259,Open-Meteo-Historical,
2026-04-23 05:00:00,23.6,89,,0.0,0,,5.4,9.7,0,An Giang,10.5216,105.1259,Open-Meteo-Historical,
2026-04-23 06:00:00,23.5,90,,0.0,0,,5.2,8.6,0,An Giang,10.5216,105.1259,Open-Meteo-Historical,
2026-04-23 07:00:00,25.6,83,,0.0,0,,5.6,12.2,0,An Giang,10.5216,105.1259,Open-Meteo-Historical,
2026-04-23 08:00:00,27.9,76,,0.0,0,,6.7,16.2,0,An Giang,10.5216,105.1259,Open-Meteo-Historical,
2026-04-23 09:00:00,29.7,68,,0.0,3,,9.6,22.3,0,An Giang,10.5216,105.1259,Open-Meteo-Historical,
2026-04-23 10:00:00,31.2,60,,0.0,15,,9.5,23.4,0,An Giang,10.5216,105.1259,Open-Meteo-Historical,
2026-04-23 11:00:00,32.3,55,,0.0,16,,8.9,23.0,0,An Giang,10.5216,105.1259,Open-Meteo-Historical,
2026-04-23 12:00:00,33.2,51,,0.0,10,,8.0,22.3,0,An Giang,10.5216,105.1259,Open-Meteo-Historical,
2026-04-23 13:00:00,33.6,50,,0.0,20,,6.5,21.2,1,An Giang,10.5216,105.1259,Open-Meteo-Historical,
2026-04-23 14:00:00,33.8,47,,0.0,26,,7.7,19.8,1,An Giang,10.5216,105.1259,Open-Meteo-Historical,
2026-04-23 15:00:00,33.9,47,,0.0,34,,8.8,20.5,1,An Giang,10.5216,105.1259,Open-Meteo-Historical,
2026-04-23 16:00:00,33.7,45,,0.0,13,,9.7,20.5,0,An Giang,10.5216,105.1259,Open-Meteo-Historical,
2026-04-23 17:00:00,32.9,49,,0.0,11,,9.0,19.4,0,An Giang,10.5216,105.1259,Open-Meteo-Historical,
2026-04-23 18:00:00,30.6,58,,0.0,5,,12.9,22.0,0,An Giang,10.5216,105.1259,Open-Meteo-Historical,
2026-04-23 19:00:00,29.2,65,,0.0,5,,10.0,23.0,0,An Giang,10.5216,105.1259,Open-Meteo-Historical,
2026-04-23 20:00:00,28.9,69,,0.0,9,,10.1,18.0,0,An Giang,10.5216,105.1259,Open-Meteo-Historical,
2026-04-23 21:00:00,28.1,74,,0.0,41,,6.9,16.9,1,An Giang,10.5216,105.1259,Open-Meteo-Historical,
2026-04-23 22:00:00,27.3,78,,0.0,69,,6.0,11.5,2,An Giang,10.5216,105.1259,Open-Meteo-Historical,
2026-04-23 23:00:00,26.8,82,,0.0,88,,6.7,10.8,3,An Giang,10.5216,105.1259,Open-Meteo-Historical,
2026-04-24 00:00:00,26.5,81,,0.0,60,,10.0,16.6,2,An Giang,10.5216,105.1259,Open-Meteo-Historical,
2026-04-24 01:00:00,25.9,81,,0.0,86,,9.0,16.9,3,An Giang,10.5216,105.1259,Open-Meteo-Historical,
2026-04-24 02:00:00,25.0,85,,0.0,100,,7.3,15.1,3,An Giang,10.5216,105.1259,Open-Meteo-Historical,
2026-04-24 03:00:00,24.1,91,,0.0,98,,4.9,11.9,3,An Giang,10.5216,105.1259,Open-Meteo-Historical,
2026-04-24 04:00:00,23.6,92,,0.0,97,,3.5,7.2,3,An Giang,10.5216,105.1259,Open-Meteo-Historical,
2026-04-24 05:00:00,23.3,94,,0.0,66,,3.9,5.0,2,An Giang,10.5216,105.1259,Open-Meteo-Historical,
2026-04-24 06:00:00,23.1,96,,0.0,17,,4.3,6.1,0,An Giang,10.5216,105.1259,Open-Meteo-Historical,
2026-04-24 07:00:00,25.0,89,,0.0,1,,2.4,10.1,0,An Giang,10.5216,105.1259,Open-Meteo-Historical,
2026-04-24 08:00:00,27.5,81,,0.0,1,,2.9,11.9,0,An Giang,10.5216,105.1259,Open-Meteo-Historical,
2026-04-24 09:00:00,29.6,70,,0.0,28,,6.0,17.6,1,An Giang,10.5216,105.1259,Open-Meteo-Historical,
2026-04-24 10:00:00,31.0,62,,0.0,81,,4.3,17.3,3,An Giang,10.5216,105.1259,Open-Meteo-Historical,
2026-04-24 11:00:00,32.2,56,,0.0,88,,3.3,16.2,3,An Giang,10.5216,105.1259,Open-Meteo-Historical,
2026-04-24 12:00:00,33.0,52,,0.0,100,,3.7,15.8,3,An Giang,10.5216,105.1259,Open-Meteo-Historical,
2026-04-24 13:00:00,33.5,44,,0.0,100,,6.8,16.6,3,An Giang,10.5216,105.1259,Open-Meteo-Historical,
2026-04-24 14:00:00,34.2,40,,0.0,100,,8.8,21.6,3,An Giang,10.5216,105.1259,Open-Meteo-Historical,
2026-04-24 15:00:00,34.0,41,,0.0,100,,10.6,23.4,3,An Giang,10.5216,105.1259,Open-Meteo-Historical,
2026-04-24 16:00:00,33.4,43,,0.0,98,,10.8,23.4,3,An Giang,10.5216,105.1259,Open-Meteo-Historical,
2026-04-24 17:00:00,32.7,46,,0.0,96,,7.4,22.0,3,An Giang,10.5216,105.1259,Open-Meteo-Historical,
2026-04-24 18:00:00,30.6,56,,0.0,100,,4.7,13.3,3,An Giang,10.5216,105.1259,Open-Meteo-Historical,
2026-04-24 19:00:00,29.2,61,,0.0,100,,2.8,8.3,3,An Giang,10.5216,105.1259,Open-Meteo-Historical,
2026-04-24 20:00:00,28.5,63,,0.0,100,,5.0,6.1,3,An Giang,10.5216,105.1259,Open-Meteo-Historical,
2026-04-24 21:00:00,28.1,67,,0.0,100,,9.7,16.6,3,An Giang,10.5216,105.1259,Open-Meteo-Historical,
2026-04-24 22:00:00,27.3,77,,0.0,100,,6.8,16.6,3,An Giang,10.5216,105.1259,Open-Meteo-Historical,
2026-04-24 23:00:00,26.8,73,,0.0,99,,8.3,13.7,3,An Giang,10.5216,105.1259,Open-Meteo-Historical,
2026-04-25 00:00:00,25.9,73,,0.0,99,,8.3,14.0,3,An Giang,10.5216,105.1259,Open-Meteo-Historical,
2026-04-25 01:00:00,25.1,80,,0.0,100,,6.9,13.7,3,An Giang,10.5216,105.1259,Open-Meteo-Historical,
2026-04-25 02:00:00,24.5,84,,0.0,100,,5.4,11.2,3,An Giang,10.5216,105.1259,Open-Meteo-Historical,
2026-04-25 03:00:00,23.8,89,,0.0,100,,5.0,8.3,3,An Giang,10.5216,105.1259,Open-Meteo-Historical,
2026-04-25 04:00:00,23.2,92,,0.0,100,,4.3,6.5,3,An Giang,10.5216,105.1259,Open-Meteo-Historical,
2026-04-25 05:00:00,23.0,93,,0.0,100,,4.4,5.8,3,An Giang,10.5216,105.1259,Open-Meteo-Historical,
2026-04-25 06:00:00,23.1,94,,0.0,100,,3.7,5.8,3,An Giang,10.5216,105.1259,Open-Meteo-Historical,
2026-04-25 07:00:00,25.4,86,,0.0,100,,3.5,10.1,3,An Giang,10.5216,105.1259,Open-Meteo-Historical,
2026-04-25 08:00:00,28.0,78,,0.0,36,,5.5,14.8,1,An Giang,10.5216,105.1259,Open-Meteo-Historical,
2026-04-25 09:00:00,30.2,68,,0.1,61,,12.2,25.9,51,An Giang,10.5216,105.1259,Open-Meteo-Historical,
2026-04-25 10:00:00,31.4,63,,0.0,51,,10.0,27.7,2,An Giang,10.5216,105.1259,Open-Meteo-Historical,
2026-04-25 11:00:00,32.6,59,,0.0,98,,8.3,27.4,3,An Giang,10.5216,105.1259,Open-Meteo-Historical,
2026-04-25 12:00:00,33.5,55,,0.0,49,,8.5,25.2,1,An Giang,10.5216,105.1259,Open-Meteo-Historical,
2026-04-25 13:00:00,33.8,50,,0.0,60,,8.9,24.5,2,An Giang,10.5216,105.1259,Open-Meteo-Historical,
2026-04-25 14:00:00,33.9,51,,0.0,63,,8.1,23.0,2,An Giang,10.5216,105.1259,Open-Meteo-Historical,
2026-04-25 15:00:00,34.2,50,,0.0,80,,7.3,21.2,3,An Giang,10.5216,105.1259,Open-Meteo-Historical,
2026-04-25 16:00:00,30.5,63,,0.3,76,,15.6,31.7,51,An Giang,10.5216,105.1259,Open-Meteo-Historical,
2026-04-25 17:00:00,29.9,66,,0.0,39,,8.0,30.2,1,An Giang,10.5216,105.1259,Open-Meteo-Historical,
2026-04-25 18:00:00,29.4,69,,0.0,4,,4.6,16.9,0,An Giang,10.5216,105.1259,Open-Meteo-Historical,
2026-04-25 19:00:00,28.5,83,,0.0,6,,3.2,7.6,0,An Giang,10.5216,105.1259,Open-Meteo-Historical,
2026-04-25 20:00:00,28.4,80,,0.0,4,,4.6,8.3,0,An Giang,10.5216,105.1259,Open-Meteo-Historical,
2026-04-25 21:00:00,27.9,79,,0.0,13,,5.2,7.6,0,An Giang,10.5216,105.1259,Open-Meteo-Historical,
2026-04-25 22:00:00,27.9,73,,0.0,2,,8.0,13.3,0,An Giang,10.5216,105.1259,Open-Meteo-Historical,
2026-04-25 23:00:00,27.3,74,,0.0,40,,6.9,13.3,1,An Giang,10.5216,105.1259,Open-Meteo-Historical,
2026-04-26 00:00:00,26.5,78,,0.0,1,,5.5,11.2,0,An Giang,10.5216,105.1259,Open-Meteo-Historical,
2026-04-26 01:00:00,26.4,82,,0.0,3,,6.5,8.6,0,An Giang,10.5216,105.1259,Open-Meteo-Historical,
2026-04-26 02:00:00,26.1,86,,0.0,27,,4.6,10.8,1,An Giang,10.5216,105.1259,Open-Meteo-Historical,
2026-04-26 03:00:00,25.8,90,,0.0,9,,3.2,7.2,0,An Giang,10.5216,105.1259,Open-Meteo-Historical,
2026-04-26 04:00:00,25.5,92,,0.0,66,,2.7,4.0,2,An Giang,10.5216,105.1259,Open-Meteo-Historical,
2026-04-26 05:00:00,25.1,94,,0.0,85,,3.4,4.3,3,An Giang,10.5216,105.1259,Open-Meteo-Historical,
2026-04-26 06:00:00,25.0,96,,0.0,90,,3.6,5.0,3,An Giang,10.5216,105.1259,Open-Meteo-Historical,
2026-04-26 07:00:00,27.2,87,,0.0,48,,8.9,10.4,1,An Giang,10.5216,105.1259,Open-Meteo-Historical,
2026-04-26 08:00:00,28.8,77,,0.0,16,,12.1,24.8,0,An Giang,10.5216,105.1259,Open-Meteo-Historical,
2026-04-26 09:00:00,30.2,66,,0.0,11,,12.1,26.3,0,An Giang,10.5216,105.1259,Open-Meteo-Historical,
2026-04-26 10:00:00,31.6,57,,0.0,14,,11.7,26.6,0,An Giang,10.5216,105.1259,Open-Meteo-Historical,
2026-04-26 11:00:00,32.8,52,,0.0,7,,10.4,26.3,0,An Giang,10.5216,105.1259,Open-Meteo-Historical,
2026-04-26 12:00:00,33.8,47,,0.0,100,,8.8,25.9,3,An Giang,10.5216,105.1259,Open-Meteo-Historical,
2026-04-26 13:00:00,33.4,49,,0.0,100,,7.3,23.8,3,An Giang,10.5216,105.1259,Open-Meteo-Historical,
2026-04-26 14:00:00,33.5,48,,0.0,100,,7.2,19.1,3,An Giang,10.5216,105.1259,Open-Meteo-Historical,
2026-04-26 15:00:00,33.7,47,,0.0,100,,6.6,19.8,3,An Giang,10.5216,105.1259,Open-Meteo-Historical,
2026-04-26 16:00:00,33.3,47,,0.0,100,,7.6,18.4,3,An Giang,10.5216,105.1259,Open-Meteo-Historical,
2026-04-26 17:00:00,32.6,53,,0.0,100,,5.6,16.2,3,An Giang,10.5216,105.1259,Open-Meteo-Historical,
2026-04-26 18:00:00,31.0,59,,0.0,100,,4.8,9.7,3,An Giang,10.5216,105.1259,Open-Meteo-Historical,
2026-04-26 19:00:00,30.4,66,,0.0,100,,2.6,7.2,3,An Giang,10.5216,105.1259,Open-Meteo-Historical,
2026-04-26 20:00:00,29.5,65,,0.0,70,,8.8,14.4,2,An Giang,10.5216,105.1259,Open-Meteo-Historical,
2026-04-26 21:00:00,28.5,68,,0.0,89,,6.5,14.8,3,An Giang,10.5216,105.1259,Open-Meteo-Historical,
2026-04-26 22:00:00,27.6,71,,0.0,87,,5.5,10.4,3,An Giang,10.5216,105.1259,Open-Meteo-Historical,
2026-04-26 23:00:00,27.1,74,,0.0,77,,5.3,8.3,2,An Giang,10.5216,105.1259,Open-Meteo-Historical,
2026-04-27 00:00:00,26.7,76,,0.0,38,,5.6,9.0,1,An Giang,10.5216,105.1259,Open-Meteo-Historical,
2026-04-27 01:00:00,26.1,82,,0.0,71,,4.1,9.0,2,An Giang,10.5216,105.1259,Open-Meteo-Historical,
2026-04-27 02:00:00,26.0,84,,0.0,92,,2.8,5.0,3,An Giang,10.5216,105.1259,Open-Meteo-Historical,
2026-04-27 03:00:00,25.5,88,,0.0,98,,3.8,5.4,3,An Giang,10.5216,105.1259,Open-Meteo-Historical,
2026-04-27 04:00:00,25.5,92,,0.0,99,,4.2,5.8,3,An Giang,10.5216,105.1259,Open-Meteo-Historical,
2026-04-27 05:00:00,25.4,94,,0.0,98,,4.2,6.1,3,An Giang,10.5216,105.1259,Open-Meteo-Historical,
2026-04-27 06:00:00,25.4,95,,0.0,66,,4.4,6.5,2,An Giang,10.5216,105.1259,Open-Meteo-Historical,
2026-04-27 07:00:00,27.3,87,,0.0,6,,7.9,14.4,0,An Giang,10.5216,105.1259,Open-Meteo-Historical,
2026-04-27 08:00:00,29.0,78,,0.0,12,,10.6,22.3,0,An Giang,10.5216,105.1259,Open-Meteo-Historical,
2026-04-27 09:00:00,30.6,68,,0.1,15,,11.3,24.8,51,An Giang,10.5216,105.1259,Open-Meteo-Historical,
2026-04-27 10:00:00,32.0,60,,0.0,10,,10.3,24.8,0,An Giang,10.5216,105.1259,Open-Meteo-Historical,
2026-04-27 11:00:00,33.2,52,,0.0,12,,11.0,25.2,0,An Giang,10.5216,105.1259,Open-Meteo-Historical,
2026-04-27 12:00:00,34.2,47,,0.0,10,,10.7,25.9,0,An Giang,10.5216,105.1259,Open-Meteo-Historical,
2026-04-27 13:00:00,34.7,44,,0.0,19,,9.9,26.3,0,An Giang,10.5216,105.1259,Open-Meteo-Historical,
2026-04-27 14:00:00,34.8,44,,0.0,13,,10.3,23.8,0,An Giang,10.5216,105.1259,Open-Meteo-Historical,
2026-04-27 15:00:00,34.7,43,,0.0,15,,9.9,23.4,0,An Giang,10.5216,105.1259,Open-Meteo-Historical,
2026-04-27 16:00:00,34.2,45,,0.0,26,,7.9,21.2,1,An Giang,10.5216,105.1259,Open-Meteo-Historical,
2026-04-27 17:00:00,33.3,51,,0.0,78,,5.2,15.8,2,An Giang,10.5216,105.1259,Open-Meteo-Historical,
2026-04-27 18:00:00,31.5,61,,0.0,100,,4.8,9.4,3,An Giang,10.5216,105.1259,Open-Meteo-Historical,
2026-04-27 19:00:00,30.2,59,,0.0,100,,5.7,6.5,3,An Giang,10.5216,105.1259,Open-Meteo-Historical,
2026-04-27 20:00:00,29.8,61,,0.0,100,,5.8,9.0,3,An Giang,10.5216,105.1259,Open-Meteo-Historical,
2026-04-27 21:00:00,29.4,62,,0.0,100,,6.9,10.8,3,An Giang,10.5216,105.1259,Open-Meteo-Historical,
2026-04-27 22:00:00,29.0,64,,0.0,100,,9.0,14.8,3,An Giang,10.5216,105.1259,Open-Meteo-Historical,
2026-04-27 23:00:00,28.5,67,,0.0,100,,9.1,15.8,3,An Giang,10.5216,105.1259,Open-Meteo-Historical,
2026-04-28 00:00:00,27.8,73,,0.0,100,,8.1,15.5,3,An Giang,10.5216,105.1259,Open-Meteo-Historical,
2026-04-28 01:00:00,27.2,80,,0.0,100,,6.8,14.0,3,An Giang,10.5216,105.1259,Open-Meteo-Historical,
2026-04-28 02:00:00,26.9,86,,0.0,100,,6.4,11.5,3,An Giang,10.5216,105.1259,Open-Meteo-Historical,
2026-04-28 03:00:00,26.5,91,,0.0,100,,6.4,10.8,3,An Giang,10.5216,105.1259,Open-Meteo-Historical,
2026-04-28 04:00:00,26.0,94,,0.0,98,,5.2,10.8,3,An Giang,10.5216,105.1259,Open-Meteo-Historical,
2026-04-28 05:00:00,25.7,96,,0.0,95,,4.7,8.6,3,An Giang,10.5216,105.1259,Open-Meteo-Historical,
2026-04-28 06:00:00,25.6,96,,0.0,90,,4.3,7.6,3,An Giang,10.5216,105.1259,Open-Meteo-Historical,
2026-04-28 07:00:00,27.4,88,,0.0,80,,5.5,11.2,3,An Giang,10.5216,105.1259,Open-Meteo-Historical,
2026-04-28 08:00:00,29.5,78,,0.0,97,,8.7,19.8,3,An Giang,10.5216,105.1259,Open-Meteo-Historical,
2026-04-28 09:00:00,31.4,65,,0.0,89,,9.3,22.3,3,An Giang,10.5216,105.1259,Open-Meteo-Historical,
2026-04-28 10:00:00,33.0,54,,0.0,100,,8.4,22.3,3,An Giang,10.5216,105.1259,Open-Meteo-Historical,
2026-04-28 11:00:00,33.8,49,,0.0,91,,7.5,21.6,3,An Giang,10.5216,105.1259,Open-Meteo-Historical,
2026-04-28 12:00:00,34.5,46,,0.0,74,,7.7,22.3,2,An Giang,10.5216,105.1259,Open-Meteo-Historical,
2026-04-28 13:00:00,34.5,47,,0.0,34,,8.9,22.0,1,An Giang,10.5216,105.1259,Open-Meteo-Historical,
2026-04-28 14:00:00,35.0,47,,0.0,13,,7.0,22.7,0,An Giang,10.5216,105.1259,Open-Meteo-Historical,
2026-04-28 15:00:00,35.0,47,,0.0,25,,4.6,19.8,1,An Giang,10.5216,105.1259,Open-Meteo-Historical,
2026-04-28 16:00:00,35.0,46,,0.0,23,,6.7,15.8,1,An Giang,10.5216,105.1259,Open-Meteo-Historical,
2026-04-28 17:00:00,34.2,48,,0.0,25,,6.7,15.8,1,An Giang,10.5216,105.1259,Open-Meteo-Historical,
2026-04-28 18:00:00,32.2,59,,0.0,36,,4.1,13.0,1,An Giang,10.5216,105.1259,Open-Meteo-Historical,
2026-04-28 19:00:00,31.0,59,,0.0,77,,5.7,7.2,2,An Giang,10.5216,105.1259,Open-Meteo-Historical,
2026-04-28 20:00:00,30.4,65,,0.0,88,,9.5,17.3,3,An Giang,10.5216,105.1259,Open-Meteo-Historical,
2026-04-28 21:00:00,28.9,76,,0.5,90,,8.2,16.2,53,An Giang,10.5216,105.1259,Open-Meteo-Historical,
2026-04-28 22:00:00,27.6,84,,0.1,66,,10.1,16.6,51,An Giang,10.5216,105.1259,Open-Meteo-Historical,
2026-04-28 23:00:00,26.0,85,,0.1,47,,8.8,23.4,51,An Giang,10.5216,105.1259,Open-Meteo-Historical,
2026-04-29 00:00:00,25.1,88,,0.0,16,,6.2,14.4,0,An Giang,10.5216,105.1259,Open-Meteo-Historical,
2026-04-29 01:00:00,25.0,93,,0.0,2,,2.2,10.4,0,An Giang,10.5216,105.1259,Open-Meteo-Historical,
2026-04-29 02:00:00,25.0,94,,0.0,16,,3.2,6.1,0,An Giang,10.5216,105.1259,Open-Meteo-Historical,
2026-04-29 03:00:00,24.5,96,,0.0,97,,2.6,6.5,3,An Giang,10.5216,105.1259,Open-Meteo-Historical,
2026-04-29 04:00:00,24.2,96,,0.0,79,,3.2,5.0,2,An Giang,10.5216,105.1259,Open-Meteo-Historical,
2026-04-29 05:00:00,24.1,96,,0.0,2,,3.9,6.1,0,An Giang,10.5216,105.1259,Open-Meteo-Historical,
2026-04-29 06:00:00,24.1,96,,0.0,5,,2.9,5.8,0,An Giang,10.5216,105.1259,Open-Meteo-Historical,
2026-04-29 07:00:00,26.5,89,,0.0,73,,4.0,10.1,2,An Giang,10.5216,105.1259,Open-Meteo-Historical,
2026-04-29 08:00:00,28.5,80,,0.0,98,,6.5,16.9,3,An Giang,10.5216,105.1259,Open-Meteo-Historical,
2026-04-29 09:00:00,30.2,67,,0.0,100,,6.7,18.7,3,An Giang,10.5216,105.1259,Open-Meteo-Historical,
2026-04-29 10:00:00,31.8,58,,0.0,100,,6.2,18.7,3,An Giang,10.5216,105.1259,Open-Meteo-Historical,
2026-04-29 11:00:00,33.0,52,,0.0,88,,5.5,18.7,3,An Giang,10.5216,105.1259,Open-Meteo-Historical,
2026-04-29 12:00:00,33.8,49,,0.0,54,,4.5,18.0,2,An Giang,10.5216,105.1259,Open-Meteo-Historical,
2026-04-29 13:00:00,34.3,44,,0.0,45,,5.6,16.9,1,An Giang,10.5216,105.1259,Open-Meteo-Historical,
2026-04-29 14:00:00,34.8,43,,0.0,68,,4.1,16.9,2,An Giang,10.5216,105.1259,Open-Meteo-Historical,
2026-04-29 15:00:00,35.0,41,,0.0,38,,4.1,14.8,1,An Giang,10.5216,105.1259,Open-Meteo-Historical,
2026-04-29 16:00:00,35.0,41,,0.0,48,,3.0,14.0,1,An Giang,10.5216,105.1259,Open-Meteo-Historical,
2026-04-29 17:00:00,34.2,45,,0.0,77,,4.3,10.1,2,An Giang,10.5216,105.1259,Open-Meteo-Historical,
2026-04-29 18:00:00,31.5,60,,0.0,25,,4.2,7.6,1,An Giang,10.5216,105.1259,Open-Meteo-Historical,
2026-04-29 19:00:00,30.1,63,,0.0,11,,3.1,6.5,0,An Giang,10.5216,105.1259,Open-Meteo-Historical,
2026-04-29 20:00:00,29.7,65,,0.0,27,,2.1,4.0,1,An Giang,10.5216,105.1259,Open-Meteo-Historical,
2026-04-29 21:00:00,29.5,67,,0.0,49,,0.5,2.9,1,An Giang,10.5216,105.1259,Open-Meteo-Historical,
2026-04-29 22:00:00,28.5,69,,0.0,38,,1.0,1.4,1,An Giang,10.5216,105.1259,Open-Meteo-Historical,
2026-04-29 23:00:00,27.6,70,,0.0,33,,4.3,7.6,1,An Giang,10.5216,105.1259,Open-Meteo-Historical,
2026-04-30 00:00:00,27.1,73,,0.0,43,,5.2,7.9,1,An Giang,10.5216,105.1259,Open-Meteo-Historical,
2026-04-30 01:00:00,26.6,77,,0.0,66,,4.3,12.2,2,An Giang,10.5216,105.1259,Open-Meteo-Historical,
2026-04-30 02:00:00,26.8,77,,0.0,87,,5.9,9.7,3,An Giang,10.5216,105.1259,Open-Meteo-Historical,
2026-04-30 03:00:00,26.6,77,,0.0,85,,6.5,10.8,3,An Giang,10.5216,105.1259,Open-Meteo-Historical,
2026-04-30 04:00:00,26.3,76,,0.0,86,,6.0,11.2,3,An Giang,10.5216,105.1259,Open-Meteo-Historical,
2026-04-30 05:00:00,25.7,80,,0.0,8,,4.0,9.7,0,An Giang,10.5216,105.1259,Open-Meteo-Historical,
2026-04-30 06:00:00,25.6,82,,0.0,3,,4.5,6.1,0,An Giang,10.5216,105.1259,Open-Meteo-Historical,
2026-04-30 07:00:00,27.4,81,,0.0,60,,5.2,13.7,2,An Giang,10.5216,105.1259,Open-Meteo-Historical,
2026-04-30 08:00:00,29.3,77,,0.0,8,,6.3,16.2,0,An Giang,10.5216,105.1259,Open-Meteo-Historical,
2026-04-30 09:00:00,31.3,61,,0.0,3,,7.2,18.7,0,An Giang,10.5216,105.1259,Open-Meteo-Historical,
2026-04-30 10:00:00,32.7,54,,0.0,23,,7.9,20.2,1,An Giang,10.5216,105.1259,Open-Meteo-Historical,
2026-04-30 11:00:00,33.5,53,,0.1,64,,8.4,26.3,51,An Giang,10.5216,105.1259,Open-Meteo-Historical,
2026-04-30 12:00:00,34.2,54,,0.0,95,,9.0,27.0,3,An Giang,10.5216,105.1259,Open-Meteo-Historical,
2026-04-30 13:00:00,34.2,53,,0.0,99,,10.7,26.6,3,An Giang,10.5216,105.1259,Open-Meteo-Historical,
2026-04-30 14:00:00,34.5,52,,0.0,99,,10.5,25.9,3,An Giang,10.5216,105.1259,Open-Meteo-Historical,
2026-04-30 15:00:00,34.4,51,,0.0,8,,11.3,25.6,0,An Giang,10.5216,105.1259,Open-Meteo-Historical,
2026-04-30 16:00:00,33.9,51,,0.0,2,,10.3,25.2,0,An Giang,10.5216,105.1259,Open-Meteo-Historical,
2026-04-30 17:00:00,33.0,54,,0.0,49,,10.0,22.7,1,An Giang,10.5216,105.1259,Open-Meteo-Historical,
2026-04-30 18:00:00,31.5,60,,0.0,54,,10.8,19.4,2,An Giang,10.5216,105.1259,Open-Meteo-Historical,
2026-04-30 19:00:00,30.5,67,,0.0,41,,4.7,19.1,1,An Giang,10.5216,105.1259,Open-Meteo-Historical,
2026-04-30 20:00:00,30.5,59,,0.0,86,,8.6,13.3,3,An Giang,10.5216,105.1259,Open-Meteo-Historical,
2026-04-30 21:00:00,30.0,58,,0.0,100,,10.6,18.4,3,An Giang,10.5216,105.1259,Open-Meteo-Historical,
2026-04-30 22:00:00,29.0,63,,0.0,100,,7.6,18.0,3,An Giang,10.5216,105.1259,Open-Meteo-Historical,
2026-04-30 23:00:00,28.0,68,,0.0,100,,7.0,12.6,3,An Giang,10.5216,105.1259,Open-Meteo-Historical,
2026-05-01 00:00:00,27.5,72,,0.0,100,,7.1,13.0,3,An Giang,10.5216,105.1259,Open-Meteo-Historical,
2026-05-01 01:00:00,26.9,76,,0.0,100,,5.6,11.5,3,An Giang,10.5216,105.1259,Open-Meteo-Historical,
2026-05-01 02:00:00,26.7,78,,0.0,98,,5.2,9.4,3,An Giang,10.5216,105.1259,Open-Meteo-Historical,
2026-05-01 03:00:00,26.1,82,,0.0,81,,4.9,8.6,3,An Giang,10.5216,105.1259,Open-Meteo-Historical,
2026-05-01 04:00:00,25.6,86,,0.0,97,,3.8,7.6,3,An Giang,10.5216,105.1259,Open-Meteo-Historical,
2026-05-01 05:00:00,25.6,88,,0.0,15,,2.1,5.8,0,An Giang,10.5216,105.1259,Open-Meteo-Historical,
2026-05-01 06:00:00,25.9,87,,0.0,61,,0.9,3.2,2,An Giang,10.5216,105.1259,Open-Meteo-Historical,
2026-05-01 07:00:00,27.6,85,,0.0,1,,3.6,5.8,0,An Giang,10.5216,105.1259,Open-Meteo-Historical,
2026-05-01 08:00:00,29.5,77,,0.0,46,,8.7,18.7,1,An Giang,10.5216,105.1259,Open-Meteo-Historical,
2026-05-01 09:00:00,31.3,65,,0.0,32,,12.3,28.8,1,An Giang,10.5216,105.1259,Open-Meteo-Historical,
2026-05-01 10:00:00,32.6,58,,0.0,100,,12.3,30.2,3,An Giang,10.5216,105.1259,Open-Meteo-Historical,
2026-05-01 11:00:00,33.8,49,,0.0,17,,13.4,31.3,0,An Giang,10.5216,105.1259,Open-Meteo-Historical,
2026-05-01 12:00:00,34.5,45,,0.0,23,,14.1,29.5,1,An Giang,10.5216,105.1259,Open-Meteo-Historical,
2026-05-01 13:00:00,35.1,41,,0.0,100,,14.1,30.2,3,An Giang,10.5216,105.1259,Open-Meteo-Historical,
2026-05-01 14:00:00,35.0,42,,0.0,100,,13.0,28.4,3,An Giang,10.5216,105.1259,Open-Meteo-Historical,
2026-05-01 15:00:00,34.8,43,,0.0,100,,14.4,28.1,3,An Giang,10.5216,105.1259,Open-Meteo-Historical,
2026-05-01 16:00:00,34.2,45,,0.0,100,,11.9,28.1,3,An Giang,10.5216,105.1259,Open-Meteo-Historical,
2026-05-01 17:00:00,33.2,51,,0.0,100,,8.3,21.6,3,An Giang,10.5216,105.1259,Open-Meteo-Historical,
2026-05-01 18:00:00,31.2,55,,0.0,99,,6.6,14.8,3,An Giang,10.5216,105.1259,Open-Meteo-Historical,
2026-05-01 19:00:00,30.7,53,,0.0,100,,9.4,10.1,3,An Giang,10.5216,105.1259,Open-Meteo-Historical,
2026-05-01 20:00:00,30.5,54,,0.0,100,,13.0,22.0,3,An Giang,10.5216,105.1259,Open-Meteo-Historical,
2026-05-01 21:00:00,29.8,60,,0.0,100,,11.1,22.3,3,An Giang,10.5216,105.1259,Open-Meteo-Historical,
2026-05-01 22:00:00,29.0,67,,0.0,98,,10.3,19.1,3,An Giang,10.5216,105.1259,Open-Meteo-Historical,
2026-05-01 23:00:00,28.3,75,,0.0,16,,9.2,17.6,0,An Giang,10.5216,105.1259,Open-Meteo-Historical,
2026-05-02 00:00:00,27.5,80,,0.0,74,,7.7,15.8,2,An Giang,10.5216,105.1259,Open-Meteo-Historical,
2026-05-02 01:00:00,27.2,82,,0.0,53,,7.4,13.0,2,An Giang,10.5216,105.1259,Open-Meteo-Historical,
2026-05-02 02:00:00,26.8,85,,0.0,12,,4.9,12.6,0,An Giang,10.5216,105.1259,Open-Meteo-Historical,
2026-05-02 03:00:00,26.3,89,,0.0,0,,3.5,7.9,0,An Giang,10.5216,105.1259,Open-Meteo-Historical,
2026-05-02 04:00:00,26.0,90,,0.0,0,,3.1,4.3,0,An Giang,10.5216,105.1259,Open-Meteo-Historical,
2026-05-02 05:00:00,26.0,91,,0.0,3,,1.4,3.6,0,An Giang,10.5216,105.1259,Open-Meteo-Historical,
2026-05-02 06:00:00,26.0,91,,0.0,1,,2.1,2.5,0,An Giang,10.5216,105.1259,Open-Meteo-Historical,
2026-05-02 07:00:00,27.9,84,,0.0,30,,3.4,9.7,1,An Giang,10.5216,105.1259,Open-Meteo-Historical,
2026-05-02 08:00:00,29.5,77,,0.0,99,,6.3,16.9,3,An Giang,10.5216,105.1259,Open-Meteo-Historical,
2026-05-02 09:00:00,29.9,68,,0.5,88,,13.2,28.1,53,An Giang,10.5216,105.1259,Open-Meteo-Historical,
2026-05-02 10:00:00,29.9,72,,0.2,84,,6.5,28.4,51,An Giang,10.5216,105.1259,Open-Meteo-Historical,
2026-05-02 11:00:00,32.0,65,,0.1,99,,8.1,22.7,51,An Giang,10.5216,105.1259,Open-Meteo-Historical,
2026-05-02 12:00:00,32.8,63,,0.1,100,,13.0,28.4,51,An Giang,10.5216,105.1259,Open-Meteo-Historical,
2026-05-02 13:00:00,32.3,58,,1.0,100,,12.8,31.3,55,An Giang,10.5216,105.1259,Open-Meteo-Historical,
2026-05-02 14:00:00,33.5,52,,0.0,89,,9.9,27.4,3,An Giang,10.5216,105.1259,Open-Meteo-Historical,
2026-05-02 15:00:00,33.7,51,,0.0,98,,9.0,23.0,3,An Giang,10.5216,105.1259,Open-Meteo-Historical,
2026-05-02 16:00:00,33.2,52,,0.0,100,,9.4,20.5,3,An Giang,10.5216,105.1259,Open-Meteo-Historical,
2026-05-02 17:00:00,32.3,55,,0.2,100,,9.4,19.1,51,An Giang,10.5216,105.1259,Open-Meteo-Historical,
2026-05-02 18:00:00,30.8,62,,0.0,99,,7.2,16.6,3,An Giang,10.5216,105.1259,Open-Meteo-Historical,
2026-05-02 19:00:00,29.0,78,,0.2,100,,2.9,22.0,51,An Giang,10.5216,105.1259,Open-Meteo-Historical,
2026-05-02 20:00:00,28.7,79,,0.0,100,,3.7,5.8,3,An Giang,10.5216,105.1259,Open-Meteo-Historical,
2026-05-02 21:00:00,28.5,77,,0.0,100,,6.0,9.4,3,An Giang,10.5216,105.1259,Open-Meteo-Historical,
2026-05-02 22:00:00,27.8,78,,0.0,100,,6.4,12.2,3,An Giang,10.5216,105.1259,Open-Meteo-Historical,
2026-05-02 23:00:00,27.1,83,,0.0,97,,3.4,10.8,3,An Giang,10.5216,105.1259,Open-Meteo-Historical,
2026-05-03 00:00:00,26.8,85,,0.0,100,,2.7,4.7,3,An Giang,10.5216,105.1259,Open-Meteo-Historical,
2026-05-03 01:00:00,26.2,91,,0.0,99,,2.7,5.0,3,An Giang,10.5216,105.1259,Open-Meteo-Historical,
2026-05-03 02:00:00,25.6,94,,1.4,99,,6.5,10.4,61,An Giang,10.5216,105.1259,Open-Meteo-Historical,
2026-05-03 03:00:00,25.3,93,,0.1,100,,5.7,14.0,51,An Giang,10.5216,105.1259,Open-Meteo-Historical,
2026-05-03 04:00:00,25.0,92,,0.1,100,,5.5,16.6,51,An Giang,10.5216,105.1259,Open-Meteo-Historical,
2026-05-03 05:00:00,24.8,94,,0.0,100,,1.9,8.3,3,An Giang,10.5216,105.1259,Open-Meteo-Historical,
2026-05-03 06:00:00,24.8,94,,0.0,100,,1.6,4.0,3,An Giang,10.5216,105.1259,Open-Meteo-Historical,
2026-05-03 07:00:00,27.7,85,,0.0,100,,2.1,7.9,3,An Giang,10.5216,105.1259,Open-Meteo-Historical,
2026-05-03 08:00:00,29.5,77,,0.0,98,,7.2,16.9,3,An Giang,10.5216,105.1259,Open-Meteo-Historical,
2026-05-03 09:00:00,30.8,71,,0.1,98,,7.7,21.2,51,An Giang,10.5216,105.1259,Open-Meteo-Historical,
2026-05-03 10:00:00,31.9,66,,0.1,98,,8.3,22.7,51,An Giang,10.5216,105.1259,Open-Meteo-Historical,
2026-05-03 11:00:00,33.0,59,,0.1,100,,10.5,24.8,51,An Giang,10.5216,105.1259,Open-Meteo-Historical,
2026-05-03 12:00:00,32.0,62,,1.4,100,,14.0,28.4,61,An Giang,10.5216,105.1259,Open-Meteo-Historical,
2026-05-03 13:00:00,30.2,71,,0.0,100,,4.6,28.1,3,An Giang,10.5216,105.1259,Open-Meteo-Historical,
2026-05-03 14:00:00,30.2,71,,5.1,100,,6.7,19.8,63,An Giang,10.5216,105.1259,Open-Meteo-Historical,
2026-05-03 15:00:00,30.0,74,,0.1,100,,6.8,20.2,51,An Giang,10.5216,105.1259,Open-Meteo-Historical,
2026-05-03 16:00:00,29.0,79,,0.4,100,,5.5,21.2,51,An Giang,10.5216,105.1259,Open-Meteo-Historical,
2026-05-03 17:00:00,29.0,78,,0.1,100,,2.8,13.7,51,An Giang,10.5216,105.1259,Open-Meteo-Historical,
2026-05-03 18:00:00,28.5,85,,0.0,100,,0.5,7.6,3,An Giang,10.5216,105.1259,Open-Meteo-Historical,
2026-05-03 19:00:00,26.9,85,,0.0,100,,1.9,2.2,3,An Giang,10.5216,105.1259,Open-Meteo-Historical,
2026-05-03 20:00:00,26.6,93,,0.2,100,,1.2,7.6,51,An Giang,10.5216,105.1259,Open-Meteo-Historical,
2026-05-03 21:00:00,26.4,94,,0.0,100,,2.3,4.3,3,An Giang,10.5216,105.1259,Open-Meteo-Historical,
2026-05-03 22:00:00,26.2,95,,0.0,82,,2.6,4.7,3,An Giang,10.5216,105.1259,Open-Meteo-Historical,
2026-05-03 23:00:00,26.2,95,,0.0,55,,0.3,4.3,2,An Giang,10.5216,105.1259,Open-Meteo-Historical,
2026-05-04 00:00:00,25.8,97,,0.0,99,,2.4,4.3,3,An Giang,10.5216,105.1259,Open-Meteo-Historical,
2026-05-04 01:00:00,25.5,99,,0.0,95,,3.6,7.6,3,An Giang,10.5216,105.1259,Open-Meteo-Historical,
2026-05-04 02:00:00,25.2,99,,0.0,53,,2.8,6.1,2,An Giang,10.5216,105.1259,Open-Meteo-Historical,
2026-05-04 03:00:00,25.2,98,,0.0,48,,0.5,4.7,1,An Giang,10.5216,105.1259,Open-Meteo-Historical,
2026-05-04 04:00:00,25.0,99,,0.0,27,,3.0,5.4,1,An Giang,10.5216,105.1259,Open-Meteo-Historical,
2026-05-04 05:00:00,25.4,99,,0.0,24,,5.4,9.0,1,An Giang,10.5216,105.1259,Open-Meteo-Historical,
2026-05-04 06:00:00,25.5,98,,0.0,16,,7.0,13.0,0,An Giang,10.5216,105.1259,Open-Meteo-Historical,
2026-05-04 07:00:00,26.4,93,,0.1,100,,14.0,20.9,51,An Giang,10.5216,105.1259,Open-Meteo-Historical,
2026-05-04 08:00:00,26.1,91,,0.2,100,,9.1,28.1,51,An Giang,10.5216,105.1259,Open-Meteo-Historical,
2026-05-04 09:00:00,27.4,85,,0.0,100,,5.9,20.9,3,An Giang,10.5216,105.1259,Open-Meteo-Historical,
2026-05-04 10:00:00,28.9,78,,0.0,100,,5.3,16.6,3,An Giang,10.5216,105.1259,Open-Meteo-Historical,
2026-05-04 11:00:00,30.5,72,,0.0,100,,7.7,24.8,3,An Giang,10.5216,105.1259,Open-Meteo-Historical,
2026-05-04 12:00:00,31.4,69,,0.0,100,,6.9,25.6,3,An Giang,10.5216,105.1259,Open-Meteo-Historical,
2026-05-04 13:00:00,32.4,65,,0.0,98,,9.4,26.3,3,An Giang,10.5216,105.1259,Open-Meteo-Historical,
2026-05-04 14:00:00,28.2,81,,10.8,99,,17.5,38.5,65,An Giang,10.5216,105.1259,Open-Meteo-Historical,
2026-05-04 15:00:00,27.0,84,,6.5,100,,2.3,39.2,63,An Giang,10.5216,105.1259,Open-Meteo-Historical,
2026-05-04 16:00:00,26.9,86,,0.5,100,,2.7,10.4,53,An Giang,10.5216,105.1259,Open-Meteo-Historical,
2026-05-04 17:00:00,27.0,88,,0.2,100,,1.1,7.9,51,An Giang,10.5216,105.1259,Open-Meteo-Historical,
2026-05-04 18:00:00,27.0,94,,0.0,100,,1.8,6.8,3,An Giang,10.5216,105.1259,Open-Meteo-Historical,
2026-05-04 19:00:00,28.0,84,,0.0,100,,1.7,8.3,3,An Giang,10.5216,105.1259,Open-Meteo-Historical,
2026-05-04 20:00:00,27.6,85,,0.0,100,,2.7,6.5,3,An Giang,10.5216,105.1259,Open-Meteo-Historical,
2026-05-04 21:00:00,26.0,91,,3.3,100,,5.6,24.8,63,An Giang,10.5216,105.1259,Open-Meteo-Historical,
2026-05-04 22:00:00,25.8,95,,0.1,100,,5.0,9.7,51,An Giang,10.5216,105.1259,Open-Meteo-Historical,
2026-05-04 23:00:00,25.5,97,,0.0,100,,3.2,8.3,3,An Giang,10.5216,105.1259,Open-Meteo-Historical,
2026-05-05 00:00:00,25.4,97,,1.3,100,,3.2,11.2,61,An Giang,10.5216,105.1259,Open-Meteo-Historical,
2026-05-05 01:00:00,25.0,96,,0.0,100,,4.2,7.2,3,An Giang,10.5216,105.1259,Open-Meteo-Historical,
2026-05-05 02:00:00,25.0,96,,0.0,100,,2.7,8.3,3,An Giang,10.5216,105.1259,Open-Meteo-Historical,
2026-05-05 03:00:00,24.8,99,,0.0,100,,1.8,5.8,3,An Giang,10.5216,105.1259,Open-Meteo-Historical,
2026-05-05 04:00:00,24.8,99,,0.0,100,,0.6,4.3,3,An Giang,10.5216,105.1259,Open-Meteo-Historical,
2026-05-05 05:00:00,24.5,99,,0.0,100,,0.3,2.2,3,An Giang,10.5216,105.1259,Open-Meteo-Historical,
2026-05-05 06:00:00,24.7,99,,0.0,100,,0.9,3.2,3,An Giang,10.5216,105.1259,Open-Meteo-Historical,
2026-05-05 07:00:00,26.9,90,,0.0,100,,2.2,9.0,3,An Giang,10.5216,105.1259,Open-Meteo-Historical,
2026-05-05 08:00:00,28.5,82,,0.1,99,,9.5,18.7,51,An Giang,10.5216,105.1259,Open-Meteo-Historical,
2026-05-05 09:00:00,30.0,75,,0.2,100,,13.6,31.7,51,An Giang,10.5216,105.1259,Open-Meteo-Historical,
2026-05-05 10:00:00,31.5,69,,0.0,99,,12.3,31.0,3,An Giang,10.5216,105.1259,Open-Meteo-Historical,
2026-05-05 11:00:00,32.3,64,,0.0,100,,13.2,32.0,3,An Giang,10.5216,105.1259,Open-Meteo-Historical,
2026-05-05 12:00:00,33.0,61,,0.0,100,,12.3,32.0,3,An Giang,10.5216,105.1259,Open-Meteo-Historical,
2026-05-05 13:00:00,33.5,57,,0.0,100,,9.5,28.8,3,An Giang,10.5216,105.1259,Open-Meteo-Historical,
2026-05-05 14:00:00,33.5,56,,0.0,100,,9.2,25.9,3,An Giang,10.5216,105.1259,Open-Meteo-Historical,
2026-05-05 15:00:00,29.8,72,,4.6,98,,13.9,31.7,63,An Giang,10.5216,105.1259,Open-Meteo-Historical,
2026-05-05 16:00:00,27.5,83,,1.1,81,,13.8,27.0,55,An Giang,10.5216,105.1259,Open-Meteo-Historical,
2026-05-05 17:00:00,27.0,83,,0.1,98,,8.8,25.6,51,An Giang,10.5216,105.1259,Open-Meteo-Historical,
2026-05-05 18:00:00,27.2,87,,0.0,98,,2.4,16.9,3,An Giang,10.5216,105.1259,Open-Meteo-Historical,
2026-05-05 19:00:00,28.3,84,,0.0,100,,3.0,5.4,3,An Giang,10.5216,105.1259,Open-Meteo-Historical,
2026-05-05 20:00:00,27.7,87,,0.0,100,,3.3,4.3,3,An Giang,10.5216,105.1259,Open-Meteo-Historical,
2026-05-05 21:00:00,27.5,87,,0.0,100,,5.4,8.6,3,An Giang,10.5216,105.1259,Open-Meteo-Historical,
2026-05-05 22:00:00,27.2,89,,0.0,100,,4.6,8.6,3,An Giang,10.5216,105.1259,Open-Meteo-Historical,
2026-05-05 23:00:00,27.0,89,,0.0,100,,5.6,8.6,3,An Giang,10.5216,105.1259,Open-Meteo-Historical,
2026-05-06 00:00:00,26.7,90,,0.0,100,,5.4,9.7,3,An Giang,10.5216,105.1259,Open-Meteo-Historical,
2026-05-06 01:00:00,26.2,90,,0.0,100,,6.8,8.6,3,An Giang,10.5216,105.1259,Open-Meteo-Historical,
2026-05-06 02:00:00,26.2,90,,0.0,100,,6.5,13.0,3,An Giang,10.5216,105.1259,Open-Meteo-Historical,
2026-05-06 03:00:00,25.9,92,,0.0,100,,4.7,10.8,3,An Giang,10.5216,105.1259,Open-Meteo-Historical,
2026-05-06 04:00:00,25.5,94,,0.0,100,,3.0,7.6,3,An Giang,10.5216,105.1259,Open-Meteo-Historical,
2026-05-06 05:00:00,25.1,95,,0.0,98,,4.0,6.1,3,An Giang,10.5216,105.1259,Open-Meteo-Historical,
2026-05-06 06:00:00,25.3,94,,0.0,72,,5.7,8.6,2,An Giang,10.5216,105.1259,Open-Meteo-Historical,
2026-05-06 07:00:00,27.8,85,,0.0,99,,13.1,11.5,3,An Giang,10.5216,105.1259,Open-Meteo-Historical,
2026-05-06 08:00:00,29.0,77,,0.1,100,,15.2,28.8,51,An Giang,10.5216,105.1259,Open-Meteo-Historical,
2026-05-06 09:00:00,29.9,75,,0.1,100,,13.5,32.4,51,An Giang,10.5216,105.1259,Open-Meteo-Historical,
2026-05-06 10:00:00,30.9,70,,0.1,100,,13.8,33.5,51,An Giang,10.5216,105.1259,Open-Meteo-Historical,
2026-05-06 11:00:00,31.6,68,,0.1,100,,14.1,34.9,51,An Giang,10.5216,105.1259,Open-Meteo-Historical,
2026-05-06 12:00:00,31.9,67,,0.1,100,,12.0,34.6,51,An Giang,10.5216,105.1259,Open-Meteo-Historical,
2026-05-06 13:00:00,32.5,64,,0.1,100,,12.1,29.5,51,An Giang,10.5216,105.1259,Open-Meteo-Historical,
2026-05-06 14:00:00,32.5,62,,0.1,100,,8.0,27.7,51,An Giang,10.5216,105.1259,Open-Meteo-Historical,
2026-05-06 15:00:00,32.4,63,,0.0,100,,7.9,23.0,3,An Giang,10.5216,105.1259,Open-Meteo-Historical,
2026-05-06 16:00:00,28.1,83,,8.5,100,,6.2,27.7,65,An Giang,10.5216,105.1259,Open-Meteo-Historical,
2026-05-06 17:00:00,27.8,85,,0.0,100,,2.1,16.2,3,An Giang,10.5216,105.1259,Open-Meteo-Historical,
2026-05-06 18:00:00,27.6,87,,0.0,100,,5.9,14.8,3,An Giang,10.5216,105.1259,Open-Meteo-Historical,
2026-05-06 19:00:00,26.3,90,,0.0,100,,9.2,13.0,3,An Giang,10.5216,105.1259,Open-Meteo-Historical,
2026-05-06 20:00:00,26.8,91,,0.6,100,,7.9,16.9,53,An Giang,10.5216,105.1259,Open-Meteo-Historical,
2026-05-06 21:00:00,26.7,91,,0.1,100,,5.2,13.3,51,An Giang,10.5216,105.1259,Open-Meteo-Historical,
2026-05-06 22:00:00,26.4,91,,0.0,100,,6.0,10.4,3,An Giang,10.5216,105.1259,Open-Meteo-Historical,
2026-05-06 23:00:00,26.0,92,,0.0,100,,5.1,10.1,3,An Giang,10.5216,105.1259,Open-Meteo-Historical,
2026-05-07 00:00:00,25.7,94,,0.0,100,,4.0,8.6,3,An Giang,10.5216,105.1259,Open-Meteo-Historical,
2026-05-07 01:00:00,26.0,91,,0.0,100,,4.0,5.8,3,An Giang,10.5216,105.1259,Open-Meteo-Historical,
2026-05-07 02:00:00,25.9,93,,0.0,100,,5.4,9.0,3,An Giang,10.5216,105.1259,Open-Meteo-Historical,
2026-05-07 03:00:00,25.5,95,,0.0,100,,4.7,9.4,3,An Giang,10.5216,105.1259,Open-Meteo-Historical,
2026-05-07 04:00:00,25.4,95,,0.0,96,,3.3,7.2,3,An Giang,10.5216,105.1259,Open-Meteo-Historical,
2026-05-07 05:00:00,25.2,96,,0.0,96,,4.4,6.1,3,An Giang,10.5216,105.1259,Open-Meteo-Historical,
2026-05-07 06:00:00,25.4,96,,0.0,3,,3.9,6.5,0,An Giang,10.5216,105.1259,Open-Meteo-Historical,
2026-05-07 07:00:00,27.4,92,,0.0,7,,4.0,11.9,0,An Giang,10.5216,105.1259,Open-Meteo-Historical,
2026-05-07 08:00:00,28.9,85,,0.1,14,,8.5,18.4,51,An Giang,10.5216,105.1259,Open-Meteo-Historical,
2026-05-07 09:00:00,30.0,80,,0.1,27,,9.7,22.7,51,An Giang,10.5216,105.1259,Open-Meteo-Historical,
2026-05-07 10:00:00,31.1,75,,0.1,35,,10.4,25.6,51,An Giang,10.5216,105.1259,Open-Meteo-Historical,
2026-05-07 11:00:00,32.0,70,,0.2,26,,10.5,26.6,51,An Giang,10.5216,105.1259,Open-Meteo-Historical,
2026-05-07 12:00:00,32.6,66,,0.1,22,,11.0,27.4,51,An Giang,10.5216,105.1259,Open-Meteo-Historical,
2026-05-07 13:00:00,33.0,61,,0.0,14,,9.5,27.4,0,An Giang,10.5216,105.1259,Open-Meteo-Historical,
2026-05-07 14:00:00,33.5,58,,0.0,40,,8.0,24.5,1,An Giang,10.5216,105.1259,Open-Meteo-Historical,
2026-05-07 15:00:00,33.0,58,,0.0,49,,8.0,22.7,1,An Giang,10.5216,105.1259,Open-Meteo-Historical,
2026-05-07 16:00:00,31.8,63,,0.5,74,,11.4,22.7,53,An Giang,10.5216,105.1259,Open-Meteo-Historical,
2026-05-07 17:00:00,29.6,76,,0.2,70,,5.3,25.2,51,An Giang,10.5216,105.1259,Open-Meteo-Historical,
2026-05-07 18:00:00,29.5,82,,0.0,85,,0.5,11.9,3,An Giang,10.5216,105.1259,Open-Meteo-Historical,
2026-05-07 19:00:00,28.8,88,,0.0,100,,3.5,6.5,3,An Giang,10.5216,105.1259,Open-Meteo-Historical,
2026-05-07 20:00:00,28.3,89,,0.0,100,,5.3,9.4,3,An Giang,10.5216,105.1259,Open-Meteo-Historical,
2026-05-07 21:00:00,27.9,90,,0.0,100,,5.0,9.0,3,An Giang,10.5216,105.1259,Open-Meteo-Historical,
2026-05-07 22:00:00,27.4,92,,0.0,99,,5.0,8.3,3,An Giang,10.5216,105.1259,Open-Meteo-Historical,
2026-05-07 23:00:00,26.9,95,,0.0,96,,4.9,8.6,3,An Giang,10.5216,105.1259,Open-Meteo-Historical,
2026-05-08 00:00:00,26.5,96,,0.0,100,,4.7,8.3,3,An Giang,10.5216,105.1259,Open-Meteo-Historical,
2026-05-08 01:00:00,25.6,95,,0.0,100,,8.4,9.4,3,An Giang,10.5216,105.1259,Open-Meteo-Historical,
2026-05-08 02:00:00,25.7,91,,0.1,100,,6.6,17.3,51,An Giang,10.5216,105.1259,Open-Meteo-Historical,
2026-05-08 03:00:00,25.1,94,,0.0,100,,1.5,10.8,3,An Giang,10.5216,105.1259,Open-Meteo-Historical,
2026-05-08 04:00:00,24.9,96,,0.0,98,,3.9,7.2,3,An Giang,10.5216,105.1259,Open-Meteo-Historical,
2026-05-08 05:00:00,24.9,94,,0.0,98,,2.0,6.8,3,An Giang,10.5216,105.1259,Open-Meteo-Historical,
2026-05-08 06:00:00,25.0,94,,0.0,98,,3.5,5.8,3,An Giang,10.5216,105.1259,Open-Meteo-Historical,
2026-05-08 07:00:00,26.5,94,,0.0,100,,4.5,10.1,3,An Giang,10.5216,105.1259,Open-Meteo-Historical,
2026-05-08 08:00:00,28.4,84,,0.0,100,,3.2,11.9,3,An Giang,10.5216,105.1259,Open-Meteo-Historical,
2026-05-08 09:00:00,30.0,76,,0.1,100,,7.3,17.6,51,An Giang,10.5216,105.1259,Open-Meteo-Historical,
2026-05-08 10:00:00,29.4,76,,0.6,100,,9.4,27.7,53,An Giang,10.5216,105.1259,Open-Meteo-Historical,
2026-05-08 11:00:00,30.9,70,,0.1,100,,9.6,22.0,51,An Giang,10.5216,105.1259,Open-Meteo-Historical,
2026-05-08 12:00:00,31.6,69,,0.0,100,,8.2,24.8,3,An Giang,10.5216,105.1259,Open-Meteo-Historical,
2026-05-08 13:00:00,32.1,59,,0.0,95,,9.6,23.0,3,An Giang,10.5216,105.1259,Open-Meteo-Historical,
2026-05-08 14:00:00,32.7,56,,0.0,100,,7.6,22.0,3,An Giang,10.5216,105.1259,Open-Meteo-Historical,
2026-05-08 15:00:00,32.9,56,,0.0,100,,7.0,19.8,3,An Giang,10.5216,105.1259,Open-Meteo-Historical,
2026-05-08 16:00:00,32.7,56,,0.0,100,,7.4,19.1,3,An Giang,10.5216,105.1259,Open-Meteo-Historical,
2026-05-08 17:00:00,32.0,59,,0.0,100,,6.4,18.0,3,An Giang,10.5216,105.1259,Open-Meteo-Historical,
2026-05-08 18:00:00,31.0,69,,0.0,100,,2.3,11.5,3,An Giang,10.5216,105.1259,Open-Meteo-Historical,
2026-05-08 19:00:00,29.8,73,,0.0,100,,6.6,6.1,3,An Giang,10.5216,105.1259,Open-Meteo-Historical,
2026-05-08 20:00:00,29.6,70,,0.0,100,,7.4,12.6,3,An Giang,10.5216,105.1259,Open-Meteo-Historical,
2026-05-08 21:00:00,29.1,71,,0.0,100,,7.3,12.2,3,An Giang,10.5216,105.1259,Open-Meteo-Historical,
2026-05-08 22:00:00,29.0,72,,0.0,90,,10.9,19.1,3,An Giang,10.5216,105.1259,Open-Meteo-Historical,
2026-05-08 23:00:00,28.2,76,,0.0,63,,9.2,19.1,2,An Giang,10.5216,105.1259,Open-Meteo-Historical,
2026-05-09 00:00:00,27.6,80,,0.0,100,,7.2,15.8,3,An Giang,10.5216,105.1259,Open-Meteo-Historical,
2026-05-09 01:00:00,27.1,83,,0.0,100,,6.0,11.9,3,An Giang,10.5216,105.1259,Open-Meteo-Historical,
2026-05-09 02:00:00,27.3,84,,0.0,98,,5.9,11.5,3,An Giang,10.5216,105.1259,Open-Meteo-Historical,
2026-05-09 03:00:00,27.0,88,,0.0,100,,2.9,9.7,3,An Giang,10.5216,105.1259,Open-Meteo-Historical,
2026-05-09 04:00:00,26.3,90,,0.0,100,,2.3,3.6,3,An Giang,10.5216,105.1259,Open-Meteo-Historical,
2026-05-09 05:00:00,25.6,93,,0.0,13,,1.8,3.6,0,An Giang,10.5216,105.1259,Open-Meteo-Historical,
2026-05-09 06:00:00,25.3,94,,0.0,1,,3.4,5.4,0,An Giang,10.5216,105.1259,Open-Meteo-Historical,
2026-05-09 07:00:00,27.5,86,,0.0,83,,3.3,9.0,3,An Giang,10.5216,105.1259,Open-Meteo-Historical,
2026-05-09 08:00:00,28.9,78,,0.0,53,,5.1,13.0,2,An Giang,10.5216,105.1259,Open-Meteo-Historical,
2026-05-09 09:00:00,30.5,70,,0.0,100,,8.7,20.9,3,An Giang,10.5216,105.1259,Open-Meteo-Historical,
2026-05-09 10:00:00,31.7,60,,0.0,95,,10.2,23.0,3,An Giang,10.5216,105.1259,Open-Meteo-Historical,
2026-05-09 11:00:00,33.0,54,,0.0,98,,11.0,24.8,3,An Giang,10.5216,105.1259,Open-Meteo-Historical,
2026-05-09 12:00:00,34.0,50,,0.0,100,,9.9,25.2,3,An Giang,10.5216,105.1259,Open-Meteo-Historical,
2026-05-09 13:00:00,34.6,47,,0.0,100,,9.9,23.8,3,An Giang,10.5216,105.1259,Open-Meteo-Historical,
2026-05-09 14:00:00,34.8,46,,0.0,100,,8.6,24.1,3,An Giang,10.5216,105.1259,Open-Meteo-Historical,
2026-05-09 15:00:00,34.6,47,,0.0,100,,8.0,21.6,3,An Giang,10.5216,105.1259,Open-Meteo-Historical,
2026-05-09 16:00:00,33.2,50,,0.1,100,,10.2,21.2,51,An Giang,10.5216,105.1259,Open-Meteo-Historical,
2026-05-09 17:00:00,32.6,54,,0.0,100,,7.7,21.6,3,An Giang,10.5216,105.1259,Open-Meteo-Historical,
2026-05-09 18:00:00,31.2,61,,0.0,100,,5.2,15.1,3,An Giang,10.5216,105.1259,Open-Meteo-Historical,
2026-05-09 19:00:00,30.4,64,,0.0,29,,8.3,8.6,1,An Giang,10.5216,105.1259,Open-Meteo-Historical,
2026-05-09 20:00:00,30.1,62,,0.0,50,,7.6,14.8,2,An Giang,10.5216,105.1259,Open-Meteo-Historical,
2026-05-09 21:00:00,29.7,59,,0.0,97,,11.5,19.8,3,An Giang,10.5216,105.1259,Open-Meteo-Historical,
2026-05-09 22:00:00,29.1,63,,0.0,99,,9.4,19.8,3,An Giang,10.5216,105.1259,Open-Meteo-Historical,
2026-05-09 23:00:00,28.6,67,,0.0,100,,10.7,18.4,3,An Giang,10.5216,105.1259,Open-Meteo-Historical,
2026-05-10 00:00:00,28.0,75,,0.0,98,,8.9,18.0,3,An Giang,10.5216,105.1259,Open-Meteo-Historical,
2026-05-10 01:00:00,27.5,84,,0.0,100,,7.6,15.1,3,An Giang,10.5216,105.1259,Open-Meteo-Historical,
2026-05-10 02:00:00,27.2,86,,0.0,100,,6.1,13.3,3,An Giang,10.5216,105.1259,Open-Meteo-Historical,
2026-05-10 03:00:00,26.8,88,,0.0,97,,4.9,10.1,3,An Giang,10.5216,105.1259,Open-Meteo-Historical,
2026-05-10 04:00:00,26.5,90,,0.0,66,,4.3,7.6,2,An Giang,10.5216,105.1259,Open-Meteo-Historical,
2026-05-10 05:00:00,26.4,90,,0.0,5,,3.4,6.1,0,An Giang,10.5216,105.1259,Open-Meteo-Historical,
2026-05-10 06:00:00,26.5,90,,0.0,80,,1.8,4.0,3,An Giang,10.5216,105.1259,Open-Meteo-Historical,
2026-05-10 07:00:00,28.9,78,,0.0,86,,4.3,9.0,3,An Giang,10.5216,105.1259,Open-Meteo-Historical,
2026-05-10 08:00:00,30.4,69,,0.0,77,,9.9,21.6,2,An Giang,10.5216,105.1259,Open-Meteo-Historical,
2026-05-10 09:00:00,32.0,60,,0.0,62,,11.2,25.2,2,An Giang,10.5216,105.1259,Open-Meteo-Historical,
2026-05-10 10:00:00,33.1,55,,0.0,95,,12.8,32.4,3,An Giang,10.5216,105.1259,Open-Meteo-Historical,
2026-05-10 11:00:00,33.8,55,,1.9,96,,11.3,34.9,61,An Giang,10.5216,105.1259,Open-Meteo-Historical,
2026-05-10 12:00:00,35.2,48,,0.0,100,,14.5,33.5,3,An Giang,10.5216,105.1259,Open-Meteo-Historical,
2026-05-10 13:00:00,33.0,52,,0.3,99,,15.7,38.5,51,An Giang,10.5216,105.1259,Open-Meteo-Historical,
2026-05-10 14:00:00,32.5,60,,1.5,100,,11.2,34.2,61,An Giang,10.5216,105.1259,Open-Meteo-Historical,
2026-05-10 15:00:00,31.3,66,,0.4,91,,9.2,27.4,51,An Giang,10.5216,105.1259,Open-Meteo-Historical,
2026-05-10 16:00:00,31.8,64,,0.0,100,,5.7,22.3,3,An Giang,10.5216,105.1259,Open-Meteo-Historical,
2026-05-10 17:00:00,27.9,84,,6.4,100,,7.3,29.5,63,An Giang,10.5216,105.1259,Open-Meteo-Historical,
2026-05-10 18:00:00,27.3,87,,0.0,100,,4.2,16.2,3,An Giang,10.5216,105.1259,Open-Meteo-Historical,
2026-05-10 19:00:00,28.3,89,,0.4,98,,8.0,7.6,51,An Giang,10.5216,105.1259,Open-Meteo-Historical,
2026-05-10 20:00:00,27.9,87,,0.0,96,,6.8,14.4,3,An Giang,10.5216,105.1259,Open-Meteo-Historical,
2026-05-10 21:00:00,27.0,92,,0.0,98,,5.3,11.9,3,An Giang,10.5216,105.1259,Open-Meteo-Historical,
2026-05-10 22:00:00,25.5,94,,0.9,100,,10.3,18.0,53,An Giang,10.5216,105.1259,Open-Meteo-Historical,
2026-05-10 23:00:00,25.3,95,,0.2,93,,4.9,18.0,51,An Giang,10.5216,105.1259,Open-Meteo-Historical,
2026-05-11 00:00:00,25.0,98,,0.0,100,,1.8,8.6,3,An Giang,10.5216,105.1259,Open-Meteo-Historical,
2026-05-11 01:00:00,25.5,96,,0.0,100,,4.1,5.4,3,An Giang,10.5216,105.1259,Open-Meteo-Historical,
2026-05-11 02:00:00,24.6,97,,2.0,100,,2.0,13.7,61,An Giang,10.5216,105.1259,Open-Meteo-Historical,
2026-05-11 03:00:00,24.4,94,,3.6,100,,5.2,13.0,63,An Giang,10.5216,105.1259,Open-Meteo-Historical,
2026-05-11 04:00:00,24.4,95,,0.0,100,,1.4,10.4,3,An Giang,10.5216,105.1259,Open-Meteo-Historical,
2026-05-11 05:00:00,24.5,95,,0.0,100,,3.0,6.1,3,An Giang,10.5216,105.1259,Open-Meteo-Historical,
2026-05-11 06:00:00,24.9,95,,0.1,100,,5.3,9.4,51,An Giang,10.5216,105.1259,Open-Meteo-Historical,
2026-05-11 07:00:00,27.0,89,,0.0,98,,8.8,13.0,3,An Giang,10.5216,105.1259,Open-Meteo-Historical,
2026-05-11 08:00:00,28.2,83,,0.0,98,,13.4,24.5,3,An Giang,10.5216,105.1259,Open-Meteo-Historical,
2026-05-11 09:00:00,29.5,77,,0.0,98,,14.8,30.2,3,An Giang,10.5216,105.1259,Open-Meteo-Historical,
2026-05-11 10:00:00,31.0,68,,0.0,98,,17.4,33.8,3,An Giang,10.5216,105.1259,Open-Meteo-Historical,
2026-05-11 11:00:00,32.2,62,,0.0,99,,18.5,36.4,3,An Giang,10.5216,105.1259,Open-Meteo-Historical,
2026-05-11 12:00:00,33.0,58,,0.0,100,,18.9,37.1,3,An Giang,10.5216,105.1259,Open-Meteo-Historical,
2026-05-11 13:00:00,33.2,57,,0.0,100,,19.2,37.1,3,An Giang,10.5216,105.1259,Open-Meteo-Historical,
2026-05-11 14:00:00,33.2,57,,0.0,100,,17.4,35.3,3,An Giang,10.5216,105.1259,Open-Meteo-Historical,
2026-05-11 15:00:00,33.0,58,,0.0,92,,16.8,32.8,3,An Giang,10.5216,105.1259,Open-Meteo-Historical,
2026-05-11 16:00:00,32.4,60,,0.0,72,,14.1,31.3,2,An Giang,10.5216,105.1259,Open-Meteo-Historical,
2026-05-11 17:00:00,31.5,64,,0.0,65,,15.0,27.7,2,An Giang,10.5216,105.1259,Open-Meteo-Historical,
2026-05-11 18:00:00,30.0,70,,0.0,91,,11.0,27.0,3,An Giang,10.5216,105.1259,Open-Meteo-Historical,
2026-05-11 19:00:00,29.2,76,,0.0,80,,8.6,19.1,3,An Giang,10.5216,105.1259,Open-Meteo-Historical,
2026-05-11 20:00:00,28.6,79,,0.0,95,,7.9,14.8,3,An Giang,10.5216,105.1259,Open-Meteo-Historical,
2026-05-11 21:00:00,28.1,81,,0.0,95,,7.3,13.3,3,An Giang,10.5216,105.1259,Open-Meteo-Historical,
2026-05-11 22:00:00,27.5,84,,0.0,6,,7.3,12.2,0,An Giang,10.5216,105.1259,Open-Meteo-Historical,
2026-05-11 23:00:00,27.1,86,,0.0,2,,7.1,12.2,0,An Giang,10.5216,105.1259,Open-Meteo-Historical,
2026-05-12 00:00:00,26.6,89,,0.0,34,,6.3,11.5,1,An Giang,10.5216,105.1259,Open-Meteo-Historical,
2026-05-12 01:00:00,26.4,93,,0.0,73,,5.7,10.4,2,An Giang,10.5216,105.1259,Open-Meteo-Historical,
2026-05-12 02:00:00,26.1,95,,0.0,96,,5.2,9.0,3,An Giang,10.5216,105.1259,Open-Meteo-Historical,
2026-05-12 03:00:00,25.8,96,,0.0,50,,4.3,8.3,2,An Giang,10.5216,105.1259,Open-Meteo-Historical,
2026-05-12 04:00:00,25.6,96,,0.0,19,,4.3,5.8,0,An Giang,10.5216,105.1259,Open-Meteo-Historical,
2026-05-12 05:00:00,25.6,96,,0.0,84,,4.9,7.2,3,An Giang,10.5216,105.1259,Open-Meteo-Historical,
2026-05-12 06:00:00,25.9,95,,0.0,80,,5.0,7.9,3,An Giang,10.5216,105.1259,Open-Meteo-Historical,
2026-05-12 07:00:00,28.3,88,,0.0,95,,7.0,15.5,3,An Giang,10.5216,105.1259,Open-Meteo-Historical,
2026-05-12 08:00:00,29.8,78,,0.0,100,,12.4,23.8,3,An Giang,10.5216,105.1259,Open-Meteo-Historical,
2026-05-12 09:00:00,30.9,69,,0.0,97,,13.2,27.4,3,An Giang,10.5216,105.1259,Open-Meteo-Historical,
2026-05-12 10:00:00,32.0,64,,0.0,98,,12.4,28.8,3,An Giang,10.5216,105.1259,Open-Meteo-Historical,
2026-05-12 11:00:00,32.9,58,,0.0,99,,11.0,28.4,3,An Giang,10.5216,105.1259,Open-Meteo-Historical,
2026-05-12 12:00:00,33.4,55,,0.0,98,,10.9,26.6,3,An Giang,10.5216,105.1259,Open-Meteo-Historical,
2026-05-12 13:00:00,34.5,50,,0.0,99,,9.7,26.3,3,An Giang,10.5216,105.1259,Open-Meteo-Historical,
2026-05-12 14:00:00,34.1,51,,0.1,98,,10.9,25.9,51,An Giang,10.5216,105.1259,Open-Meteo-Historical,
2026-05-12 15:00:00,34.0,51,,0.0,98,,10.6,24.8,3,An Giang,10.5216,105.1259,Open-Meteo-Historical,
2026-05-12 16:00:00,33.4,53,,0.1,97,,7.6,23.0,51,An Giang,10.5216,105.1259,Open-Meteo-Historical,
2026-05-12 17:00:00,32.9,56,,0.0,85,,7.8,16.9,3,An Giang,10.5216,105.1259,Open-Meteo-Historical,
2026-05-12 18:00:00,29.5,76,,0.2,86,,14.8,27.0,51,An Giang,10.5216,105.1259,Open-Meteo-Historical,
2026-05-12 19:00:00,28.9,82,,0.0,66,,9.0,25.9,2,An Giang,10.5216,105.1259,Open-Meteo-Historical,
2026-05-12 20:00:00,28.5,84,,0.0,88,,6.5,15.5,3,An Giang,10.5216,105.1259,Open-Meteo-Historical,
2026-05-12 21:00:00,28.2,86,,0.0,97,,5.9,10.8,3,An Giang,10.5216,105.1259,Open-Meteo-Historical,
2026-05-12 22:00:00,28.0,88,,0.0,99,,4.0,9.7,3,An Giang,10.5216,105.1259,Open-Meteo-Historical,
2026-05-12 23:00:00,27.6,89,,0.0,100,,4.3,7.2,3,An Giang,10.5216,105.1259,Open-Meteo-Historical,
2026-05-13 00:00:00,27.3,91,,0.1,100,,4.9,7.9,51,An Giang,10.5216,105.1259,Open-Meteo-Historical,
2026-05-13 01:00:00,26.7,93,,0.0,99,,7.3,11.2,3,An Giang,10.5216,105.1259,Open-Meteo-Historical,
2026-05-13 02:00:00,26.6,91,,0.0,98,,7.7,13.0,3,An Giang,10.5216,105.1259,Open-Meteo-Historical,
2026-05-13 03:00:00,26.4,89,,0.0,99,,6.6,13.0,3,An Giang,10.5216,105.1259,Open-Meteo-Historical,
2026-05-13 04:00:00,26.1,89,,0.0,99,,5.3,10.8,3,An Giang,10.5216,105.1259,Open-Meteo-Historical,
2026-05-13 05:00:00,25.9,90,,0.0,91,,4.2,8.6,3,An Giang,10.5216,105.1259,Open-Meteo-Historical,
2026-05-13 06:00:00,25.9,90,,0.0,95,,4.0,6.8,3,An Giang,10.5216,105.1259,Open-Meteo-Historical,
2026-05-13 07:00:00,27.5,83,,0.0,88,,1.2,8.3,3,An Giang,10.5216,105.1259,Open-Meteo-Historical,
2026-05-13 08:00:00,29.3,76,,0.0,77,,2.7,11.2,2,An Giang,10.5216,105.1259,Open-Meteo-Historical,
2026-05-13 09:00:00,30.8,68,,0.0,90,,6.1,17.6,3,An Giang,10.5216,105.1259,Open-Meteo-Historical,
2026-05-13 10:00:00,31.9,63,,0.0,63,,4.9,18.4,2,An Giang,10.5216,105.1259,Open-Meteo-Historical,
2026-05-13 11:00:00,33.2,56,,0.0,46,,4.6,20.5,1,An Giang,10.5216,105.1259,Open-Meteo-Historical,
2026-05-13 12:00:00,33.8,53,,0.0,54,,4.3,20.5,2,An Giang,10.5216,105.1259,Open-Meteo-Historical,
2026-05-13 13:00:00,34.2,52,,0.0,64,,3.1,20.5,2,An Giang,10.5216,105.1259,Open-Meteo-Historical,
2026-05-13 14:00:00,34.5,52,,0.0,91,,4.5,17.3,3,An Giang,10.5216,105.1259,Open-Meteo-Historical,
2026-05-13 15:00:00,34.3,52,,0.1,95,,6.0,17.6,51,An Giang,10.5216,105.1259,Open-Meteo-Historical,
2026-05-13 16:00:00,34.1,52,,0.1,72,,8.2,18.0,51,An Giang,10.5216,105.1259,Open-Meteo-Historical,
2026-05-13 17:00:00,31.9,63,,0.2,55,,14.5,26.6,51,An Giang,10.5216,105.1259,Open-Meteo-Historical,
2026-05-13 18:00:00,30.8,68,,0.0,58,,10.4,27.0,2,An Giang,10.5216,105.1259,Open-Meteo-Historical,
2026-05-13 19:00:00,30.4,67,,0.0,84,,9.5,19.4,3,An Giang,10.5216,105.1259,Open-Meteo-Historical,
2026-05-13 20:00:00,30.0,70,,0.0,95,,10.2,18.0,3,An Giang,10.5216,105.1259,Open-Meteo-Historical,
2026-05-13 21:00:00,29.5,73,,0.0,98,,9.3,18.0,3,An Giang,10.5216,105.1259,Open-Meteo-Historical,
2026-05-13 22:00:00,29.1,76,,0.0,98,,8.8,16.2,3,An Giang,10.5216,105.1259,Open-Meteo-Historical,
2026-05-13 23:00:00,28.8,78,,0.0,100,,9.6,16.2,3,An Giang,10.5216,105.1259,Open-Meteo-Historical,
2026-05-14 00:00:00,28.5,79,,0.0,94,,10.1,17.6,3,An Giang,10.5216,105.1259,Open-Meteo-Historical,
2026-05-14 01:00:00,28.0,82,,0.0,98,,9.1,17.3,3,An Giang,10.5216,105.1259,Open-Meteo-Historical,
2026-05-14 02:00:00,27.8,83,,0.0,100,,8.2,15.8,3,An Giang,10.5216,105.1259,Open-Meteo-Historical,
2026-05-14 03:00:00,27.5,83,,0.0,100,,6.7,13.7,3,An Giang,10.5216,105.1259,Open-Meteo-Historical,
2026-05-14 04:00:00,27.4,84,,0.0,99,,6.5,11.9,3,An Giang,10.5216,105.1259,Open-Meteo-Historical,
2026-05-14 05:00:00,27.2,84,,0.0,99,,5.0,10.8,3,An Giang,10.5216,105.1259,Open-Meteo-Historical,
2026-05-14 06:00:00,27.2,84,,0.0,95,,5.5,8.3,3,An Giang,10.5216,105.1259,Open-Meteo-Historical,
2026-05-14 07:00:00,28.9,79,,0.0,67,,4.7,13.0,2,An Giang,10.5216,105.1259,Open-Meteo-Historical,
2026-05-14 08:00:00,31.0,69,,0.0,52,,6.5,17.6,2,An Giang,10.5216,105.1259,Open-Meteo-Historical,
2026-05-14 09:00:00,32.3,63,,0.3,68,,8.4,22.3,51,An Giang,10.5216,105.1259,Open-Meteo-Historical,
2026-05-14 10:00:00,33.2,61,,0.6,78,,9.8,25.2,53,An Giang,10.5216,105.1259,Open-Meteo-Historical,
2026-05-14 11:00:00,34.3,57,,0.1,100,,9.7,25.6,51,An Giang,10.5216,105.1259,Open-Meteo-Historical,
2026-05-14 12:00:00,35.6,51,,0.0,100,,10.0,26.3,3,An Giang,10.5216,105.1259,Open-Meteo-Historical,
2026-05-14 13:00:00,35.7,46,,0.1,98,,8.8,28.1,51,An Giang,10.5216,105.1259,Open-Meteo-Historical,
2026-05-14 14:00:00,33.8,50,,0.7,98,,17.5,35.6,53,An Giang,10.5216,105.1259,Open-Meteo-Historical,
2026-05-14 15:00:00,32.6,60,,0.7,97,,13.2,37.4,53,An Giang,10.5216,105.1259,Open-Meteo-Historical,
2026-05-14 16:00:00,33.1,54,,0.0,95,,15.3,31.3,3,An Giang,10.5216,105.1259,Open-Meteo-Historical,
2026-05-14 17:00:00,32.5,56,,0.0,93,,14.7,31.0,3,An Giang,10.5216,105.1259,Open-Meteo-Historical,
2026-05-14 18:00:00,31.5,61,,0.0,99,,13.6,28.4,3,An Giang,10.5216,105.1259,Open-Meteo-Historical,
2026-05-14 19:00:00,30.1,71,,0.0,97,,7.3,23.8,3,An Giang,10.5216,105.1259,Open-Meteo-Historical,
2026-05-14 20:00:00,29.5,74,,0.0,94,,8.3,14.0,3,An Giang,10.5216,105.1259,Open-Meteo-Historical,
2026-05-14 21:00:00,29.0,76,,0.0,92,,6.6,14.0,3,An Giang,10.5216,105.1259,Open-Meteo-Historical,
2026-05-14 22:00:00,28.7,79,,0.0,95,,5.9,10.8,3,An Giang,10.5216,105.1259,Open-Meteo-Historical,
2026-05-14 23:00:00,28.5,80,,0.0,84,,6.3,10.8,3,An Giang,10.5216,105.1259,Open-Meteo-Historical,
2026-05-15 00:00:00,28.3,82,,0.0,77,,6.4,10.8,2,An Giang,10.5216,105.1259,Open-Meteo-Historical,
2026-05-15 01:00:00,27.9,84,,0.0,95,,6.5,10.4,3,An Giang,10.5216,105.1259,Open-Meteo-Historical,
2026-05-15 02:00:00,27.6,86,,0.0,88,,5.9,10.8,3,An Giang,10.5216,105.1259,Open-Meteo-Historical,
2026-05-15 03:00:00,27.4,88,,0.0,98,,5.0,9.4,3,An Giang,10.5216,105.1259,Open-Meteo-Historical,
2026-05-15 04:00:00,27.1,90,,0.0,69,,3.8,8.3,2,An Giang,10.5216,105.1259,Open-Meteo-Historical,
2026-05-15 05:00:00,27.0,90,,0.0,85,,4.3,6.8,3,An Giang,10.5216,105.1259,Open-Meteo-Historical,
2026-05-15 06:00:00,27.5,87,,0.0,100,,6.9,10.8,3,An Giang,10.5216,105.1259,Open-Meteo-Historical,
2026-05-15 07:00:00,29.4,81,,0.0,100,,7.5,16.2,3,An Giang,10.5216,105.1259,Open-Meteo-Historical,
2026-05-15 08:00:00,30.6,76,,0.0,99,,10.1,20.9,3,An Giang,10.5216,105.1259,Open-Meteo-Historical,
2026-05-15 09:00:00,31.9,68,,0.0,100,,10.5,23.0,3,An Giang,10.5216,105.1259,Open-Meteo-Historical,
2026-05-15 10:00:00,32.8,63,,0.1,98,,10.6,23.8,51,An Giang,10.5216,105.1259,Open-Meteo-Historical,
2026-05-15 11:00:00,33.7,59,,0.1,100,,9.8,23.8,51,An Giang,10.5216,105.1259,Open-Meteo-Historical,
2026-05-15 12:00:00,34.2,56,,0.1,100,,10.6,24.1,51,An Giang,10.5216,105.1259,Open-Meteo-Historical,
2026-05-15 13:00:00,34.6,52,,0.3,100,,12.2,25.9,51,An Giang,10.5216,105.1259,Open-Meteo-Historical,
2026-05-15 14:00:00,34.2,53,,0.1,100,,14.0,28.4,51,An Giang,10.5216,105.1259,Open-Meteo-Historical,
2026-05-15 15:00:00,33.9,53,,0.0,98,,15.7,30.6,3,An Giang,10.5216,105.1259,Open-Meteo-Historical,
2026-05-15 16:00:00,33.3,55,,0.0,85,,16.7,31.7,3,An Giang,10.5216,105.1259,Open-Meteo-Historical,
2026-05-15 17:00:00,32.4,60,,0.0,91,,15.6,32.8,3,An Giang,10.5216,105.1259,Open-Meteo-Historical,
2026-05-15 18:00:00,31.2,66,,0.0,91,,14.2,28.1,3,An Giang,10.5216,105.1259,Open-Meteo-Historical,
2026-05-15 19:00:00,30.9,64,,0.0,36,,16.5,24.8,1,An Giang,10.5216,105.1259,Open-Meteo-Historical,
2026-05-15 20:00:00,30.1,66,,0.0,63,,12.3,28.8,2,An Giang,10.5216,105.1259,Open-Meteo-Historical,
2026-05-15 21:00:00,29.8,68,,0.0,81,,8.5,20.9,3,An Giang,10.5216,105.1259,Open-Meteo-Historical,
2026-05-15 22:00:00,29.4,70,,0.0,99,,5.7,14.4,3,An Giang,10.5216,105.1259,Open-Meteo-Historical,
2026-05-15 23:00:00,28.9,73,,0.0,100,,5.4,9.4,3,An Giang,10.5216,105.1259,Open-Meteo-Historical,
2026-05-16 00:00:00,28.5,76,,0.0,99,,4.8,9.0,3,An Giang,10.5216,105.1259,Open-Meteo-Historical,
2026-05-16 01:00:00,28.1,81,,0.0,99,,8.1,9.4,3,An Giang,10.5216,105.1259,Open-Meteo-Historical,
2026-05-16 02:00:00,28.0,81,,0.0,98,,7.1,13.3,3,An Giang,10.5216,105.1259,Open-Meteo-Historical,
2026-05-16 03:00:00,27.8,84,,0.0,100,,4.1,11.9,3,An Giang,10.5216,105.1259,Open-Meteo-Historical,
2026-05-16 04:00:00,27.7,87,,0.0,100,,2.7,6.1,3,An Giang,10.5216,105.1259,Open-Meteo-Historical,
2026-05-16 05:00:00,27.5,87,,0.0,99,,4.3,7.2,3,An Giang,10.5216,105.1259,Open-Meteo-Historical,
2026-05-16 06:00:00,27.4,87,,0.0,100,,5.5,8.6,3,An Giang,10.5216,105.1259,Open-Meteo-Historical,
2026-05-16 07:00:00,28.7,79,,0.0,99,,5.4,10.1,3,An Giang,10.5216,105.1259,Open-Meteo-Historical,
2026-05-16 08:00:00,30.6,69,,0.0,100,,5.6,15.8,3,An Giang,10.5216,105.1259,Open-Meteo-Historical,
2026-05-16 09:00:00,32.1,61,,0.0,100,,4.4,15.8,3,An Giang,10.5216,105.1259,Open-Meteo-Historical,
2026-05-16 10:00:00,33.3,56,,0.0,98,,3.5,15.5,3,An Giang,10.5216,105.1259,Open-Meteo-Historical,
2026-05-16 11:00:00,34.7,52,,0.0,99,,5.8,19.1,3,An Giang,10.5216,105.1259,Open-Meteo-Historical,
2026-05-16 12:00:00,36.0,48,,0.0,98,,5.0,19.8,3,An Giang,10.5216,105.1259,Open-Meteo-Historical,
2026-05-16 13:00:00,36.3,46,,0.0,91,,5.5,18.7,3,An Giang,10.5216,105.1259,Open-Meteo-Historical,
2026-05-16 14:00:00,36.2,46,,0.0,99,,6.6,22.3,3,An Giang,10.5216,105.1259,Open-Meteo-Historical,
2026-05-16 15:00:00,33.0,56,,0.5,98,,13.3,28.4,53,An Giang,10.5216,105.1259,Open-Meteo-Historical,
2026-05-16 16:00:00,32.2,62,,0.5,72,,12.9,29.9,53,An Giang,10.5216,105.1259,Open-Meteo-Historical,
2026-05-16 17:00:00,31.8,64,,0.1,67,,16.7,32.4,51,An Giang,10.5216,105.1259,Open-Meteo-Historical,
2026-05-16 18:00:00,30.5,71,,0.0,84,,10.8,31.3,3,An Giang,10.5216,105.1259,Open-Meteo-Historical,
2026-05-16 19:00:00,29.5,81,,0.1,94,,10.1,19.8,51,An Giang,10.5216,105.1259,Open-Meteo-Historical,
2026-05-16 20:00:00,29.5,80,,0.0,98,,10.6,19.1,3,An Giang,10.5216,105.1259,Open-Meteo-Historical,
2026-05-16 21:00:00,29.4,76,,0.0,89,,12.0,19.8,3,An Giang,10.5216,105.1259,Open-Meteo-Historical,
2026-05-16 22:00:00,29.2,74,,0.0,99,,11.6,20.2,3,An Giang,10.5216,105.1259,Open-Meteo-Historical,
2026-05-16 23:00:00,29.2,74,,0.0,100,,10.4,20.5,3,An Giang,10.5216,105.1259,Open-Meteo-Historical,
2026-05-17 00:00:00,29.1,75,,0.0,95,,8.6,17.3,3,An Giang,10.5216,105.1259,Open-Meteo-Historical,
2026-05-17 01:00:00,29.0,77,,0.0,100,,9.4,14.4,3,An Giang,10.5216,105.1259,Open-Meteo-Historical,
2026-05-17 02:00:00,29.0,77,,0.0,100,,8.7,16.2,3,An Giang,10.5216,105.1259,Open-Meteo-Historical,
2026-05-17 03:00:00,29.0,77,,0.0,92,,9.4,16.2,3,An Giang,10.5216,105.1259,Open-Meteo-Historical,
2026-05-17 04:00:00,28.5,80,,0.0,91,,6.5,15.5,3,An Giang,10.5216,105.1259,Open-Meteo-Historical,
2026-05-17 05:00:00,28.1,83,,0.0,95,,2.9,10.8,3,An Giang,10.5216,105.1259,Open-Meteo-Historical,
2026-05-17 06:00:00,28.0,84,,0.0,98,,2.2,4.0,3,An Giang,10.5216,105.1259,Open-Meteo-Historical,
2026-05-17 07:00:00,29.0,79,,0.0,98,,1.9,6.8,3,An Giang,10.5216,105.1259,Open-Meteo-Historical,
2026-05-17 08:00:00,30.3,73,,0.0,93,,1.5,9.4,3,An Giang,10.5216,105.1259,Open-Meteo-Historical,
2026-05-17 09:00:00,31.8,67,,0.0,60,,1.7,11.5,2,An Giang,10.5216,105.1259,Open-Meteo-Historical,
2026-05-17 10:00:00,33.2,61,,0.0,42,,3.0,15.5,1,An Giang,10.5216,105.1259,Open-Meteo-Historical,
2026-05-17 11:00:00,34.6,56,,0.0,98,,2.3,16.2,3,An Giang,10.5216,105.1259,Open-Meteo-Historical,
2026-05-17 12:00:00,32.0,64,,0.9,100,,12.4,25.2,53,An Giang,10.5216,105.1259,Open-Meteo-Historical,
2026-05-17 13:00:00,34.0,58,,3.3,91,,11.9,37.8,63,An Giang,10.5216,105.1259,Open-Meteo-Historical,
2026-05-17 14:00:00,32.2,67,,0.5,98,,11.2,25.2,53,An Giang,10.5216,105.1259,Open-Meteo-Historical,
2026-05-17 15:00:00,29.0,81,,2.8,100,,9.6,24.8,63,An Giang,10.5216,105.1259,Open-Meteo-Historical,
2026-05-17 16:00:00,27.8,88,,2.4,89,,6.3,26.3,61,An Giang,10.5216,105.1259,Open-Meteo-Historical,
2026-05-17 17:00:00,28.4,87,,0.6,94,,3.6,16.2,53,An Giang,10.5216,105.1259,Open-Meteo-Historical,
2026-05-17 18:00:00,28.4,89,,0.1,86,,2.4,9.7,51,An Giang,10.5216,105.1259,Open-Meteo-Historical,
2026-05-17 19:00:00,29.5,75,,0.0,99,,9.7,5.8,3,An Giang,10.5216,105.1259,Open-Meteo-Historical,
2026-05-17 20:00:00,29.0,77,,0.0,100,,9.0,16.6,3,An Giang,10.5216,105.1259,Open-Meteo-Historical,
2026-05-17 21:00:00,28.8,78,,0.0,99,,8.3,15.1,3,An Giang,10.5216,105.1259,Open-Meteo-Historical,
2026-05-17 22:00:00,28.5,79,,0.0,99,,8.4,13.7,3,An Giang,10.5216,105.1259,Open-Meteo-Historical,
2026-05-17 23:00:00,28.4,79,,0.0,100,,8.0,14.4,3,An Giang,10.5216,105.1259,Open-Meteo-Historical,
2026-05-18 00:00:00,28.1,81,,0.0,97,,8.5,13.7,3,An Giang,10.5216,105.1259,Open-Meteo-Historical,
2026-05-18 01:00:00,27.8,80,,0.0,98,,7.2,14.4,3,An Giang,10.5216,105.1259,Open-Meteo-Historical,
2026-05-18 02:00:00,27.6,81,,0.0,83,,5.8,12.2,3,An Giang,10.5216,105.1259,Open-Meteo-Historical,
2026-05-18 03:00:00,27.2,84,,0.0,85,,3.9,9.4,3,An Giang,10.5216,105.1259,Open-Meteo-Historical,
2026-05-18 04:00:00,26.9,86,,0.0,76,,4.0,6.5,2,An Giang,10.5216,105.1259,Open-Meteo-Historical,
2026-05-18 05:00:00,26.8,86,,0.0,54,,4.6,8.3,2,An Giang,10.5216,105.1259,Open-Meteo-Historical,
2026-05-18 06:00:00,27.2,85,,0.0,27,,6.0,9.0,1,An Giang,10.5216,105.1259,Open-Meteo-Historical,
2026-05-18 07:00:00,27.8,86,,0.0,77,,8.0,23.4,2,An Giang,10.5216,105.1259,Open-Meteo-Historical,
2026-05-18 08:00:00,29.5,79,,0.0,82,,11.3,23.4,3,An Giang,10.5216,105.1259,Open-Meteo-Historical,
2026-05-18 09:00:00,31.2,69,,0.0,81,,13.3,27.4,3,An Giang,10.5216,105.1259,Open-Meteo-Historical,
2026-05-18 10:00:00,32.4,62,,0.1,70,,14.7,30.2,51,An Giang,10.5216,105.1259,Open-Meteo-Historical,
2026-05-18 11:00:00,33.0,59,,0.3,83,,16.5,33.1,51,An Giang,10.5216,105.1259,Open-Meteo-Historical,
2026-05-18 12:00:00,31.9,69,,1.3,95,,15.8,36.4,61,An Giang,10.5216,105.1259,Open-Meteo-Historical,
2026-05-18 13:00:00,32.3,59,,0.7,87,,20.2,38.5,53,An Giang,10.5216,105.1259,Open-Meteo-Historical,
2026-05-18 14:00:00,32.0,65,,1.1,74,,16.1,38.5,55,An Giang,10.5216,105.1259,Open-Meteo-Historical,
2026-05-18 15:00:00,32.2,61,,0.1,97,,18.2,36.7,51,An Giang,10.5216,105.1259,Open-Meteo-Historical,
2026-05-18 16:00:00,31.6,62,,0.3,85,,19.0,36.0,51,An Giang,10.5216,105.1259,Open-Meteo-Historical,
2026-05-18 17:00:00,29.3,73,,0.4,92,,20.1,36.4,51,An Giang,10.5216,105.1259,Open-Meteo-Historical,
2026-05-18 18:00:00,26.9,86,,0.2,93,,14.6,38.5,51,An Giang,10.5216,105.1259,Open-Meteo-Historical,
2026-05-18 19:00:00,28.4,76,,0.3,99,,12.6,26.3,51,An Giang,10.5216,105.1259,Open-Meteo-Historical,
2026-05-18 20:00:00,27.0,86,,1.3,100,,10.6,21.6,61,An Giang,10.5216,105.1259,Open-Meteo-Historical,
2026-05-18 21:00:00,26.8,89,,0.1,86,,12.8,22.7,51,An Giang,10.5216,105.1259,Open-Meteo-Historical,
2026-05-18 22:00:00,26.6,90,,0.0,91,,9.6,21.2,3,An Giang,10.5216,105.1259,Open-Meteo-Historical,
2026-05-18 23:00:00,26.6,92,,0.0,99,,7.9,16.2,3,An Giang,10.5216,105.1259,Open-Meteo-Historical,
2026-05-19 00:00:00,26.5,93,,0.0,69,,7.1,13.0,2,An Giang,10.5216,105.1259,Open-Meteo-Historical,
2026-05-19 01:00:00,26.9,92,,0.0,100,,7.3,12.2,3,An Giang,10.5216,105.1259,Open-Meteo-Historical,
2026-05-19 02:00:00,26.8,92,,0.0,100,,7.4,12.6,3,An Giang,10.5216,105.1259,Open-Meteo-Historical,
2026-05-19 03:00:00,26.8,91,,0.0,99,,9.4,15.5,3,An Giang,10.5216,105.1259,Open-Meteo-Historical,
2026-05-19 04:00:00,26.2,90,,0.2,100,,11.3,20.2,51,An Giang,10.5216,105.1259,Open-Meteo-Historical,
2026-05-19 05:00:00,26.2,91,,0.2,88,,11.0,19.1,51,An Giang,10.5216,105.1259,Open-Meteo-Historical,
2026-05-19 06:00:00,25.9,93,,0.9,98,,15.5,25.9,53,An Giang,10.5216,105.1259,Open-Meteo-Historical,
2026-05-19 07:00:00,28.2,86,,1.4,92,,8.1,31.0,61,An Giang,10.5216,105.1259,Open-Meteo-Historical,
2026-05-19 08:00:00,29.5,79,,0.2,94,,12.2,25.6,51,An Giang,10.5216,105.1259,Open-Meteo-Historical,
2026-05-19 09:00:00,29.1,83,,2.5,88,,12.4,31.3,63,An Giang,10.5216,105.1259,Open-Meteo-Historical,
2026-05-19 10:00:00,28.4,85,,1.1,96,,16.4,34.6,55,An Giang,10.5216,105.1259,Open-Meteo-Historical,
2026-05-19 11:00:00,30.0,76,,0.2,97,,16.8,36.0,51,An Giang,10.5216,105.1259,Open-Meteo-Historical,
2026-05-19 12:00:00,31.1,69,,0.1,99,,19.0,38.2,51,An Giang,10.5216,105.1259,Open-Meteo-Historical,
2026-05-19 13:00:00,33.1,58,,0.3,97,,18.2,38.5,51,An Giang,10.5216,105.1259,Open-Meteo-Historical,
2026-05-19 14:00:00,33.5,55,,0.1,98,,19.8,39.2,51,An Giang,10.5216,105.1259,Open-Meteo-Historical,
2026-05-19 15:00:00,33.2,55,,0.1,91,,21.8,41.8,51,An Giang,10.5216,105.1259,Open-Meteo-Historical,
2026-05-19 16:00:00,32.3,58,,0.2,99,,20.8,42.1,51,An Giang,10.5216,105.1259,Open-Meteo-Historical,
2026-05-19 17:00:00,31.2,63,,0.1,95,,18.8,39.2,51,An Giang,10.5216,105.1259,Open-Meteo-Historical,
2026-05-19 18:00:00,30.4,67,,0.0,99,,11.8,34.2,3,An Giang,10.5216,105.1259,Open-Meteo-Historical,
2026-05-19 19:00:00,28.1,85,,0.0,100,,6.3,20.5,3,An Giang,10.5216,105.1259,Open-Meteo-Historical,
2026-05-19 20:00:00,27.9,85,,0.0,99,,7.0,11.9,3,An Giang,10.5216,105.1259,Open-Meteo-Historical,
2026-05-19 21:00:00,27.9,85,,0.0,99,,4.7,11.2,3,An Giang,10.5216,105.1259,Open-Meteo-Historical,
2026-05-19 22:00:00,27.5,87,,0.0,100,,4.6,7.2,3,An Giang,10.5216,105.1259,Open-Meteo-Historical,
2026-05-19 23:00:00,27.4,86,,0.0,100,,4.6,7.2,3,An Giang,10.5216,105.1259,Open-Meteo-Historical,
2026-05-20 00:00:00,27.4,85,,0.0,100,,5.5,9.0,3,An Giang,10.5216,105.1259,Open-Meteo-Historical,
2026-05-20 01:00:00,27.4,86,,0.0,100,,6.8,10.1,3,An Giang,10.5216,105.1259,Open-Meteo-Historical,
2026-05-20 02:00:00,27.0,86,,0.2,100,,13.4,22.7,51,An Giang,10.5216,105.1259,Open-Meteo-Historical,
2026-05-20 03:00:00,25.4,94,,1.9,100,,13.9,25.2,61,An Giang,10.5216,105.1259,Open-Meteo-Historical,
2026-05-20 04:00:00,25.4,95,,1.1,98,,8.3,23.8,55,An Giang,10.5216,105.1259,Open-Meteo-Historical,
2026-05-20 05:00:00,25.7,95,,0.1,95,,9.3,14.8,51,An Giang,10.5216,105.1259,Open-Meteo-Historical,
2026-05-20 06:00:00,25.8,95,,0.3,91,,11.4,20.5,51,An Giang,10.5216,105.1259,Open-Meteo-Historical,
2026-05-20 07:00:00,26.8,94,,0.3,99,,9.1,19.8,51,An Giang,10.5216,105.1259,Open-Meteo-Historical,
2026-05-20 08:00:00,28.0,88,,0.0,100,,9.4,20.2,3,An Giang,10.5216,105.1259,Open-Meteo-Historical,
2026-05-20 09:00:00,29.4,81,,0.0,99,,9.7,21.6,3,An Giang,10.5216,105.1259,Open-Meteo-Historical,
2026-05-20 10:00:00,30.6,73,,0.1,100,,13.3,27.7,51,An Giang,10.5216,105.1259,Open-Meteo-Historical,
2026-05-20 11:00:00,31.0,71,,0.0,100,,13.1,27.7,3,An Giang,10.5216,105.1259,Open-Meteo-Historical,
2026-05-20 12:00:00,32.2,65,,0.0,100,,14.2,29.5,3,An Giang,10.5216,105.1259,Open-Meteo-Historical,
2026-05-20 13:00:00,32.5,63,,0.0,99,,14.7,30.6,3,An Giang,10.5216,105.1259,Open-Meteo-Historical,
2026-05-20 14:00:00,32.6,61,,0.0,97,,16.1,31.7,3,An Giang,10.5216,105.1259,Open-Meteo-Historical,
2026-05-20 15:00:00,29.0,74,,1.6,99,,24.9,45.4,61,An Giang,10.5216,105.1259,Open-Meteo-Historical,
2026-05-20 16:00:00,27.8,86,,1.0,95,,15.3,46.1,55,An Giang,10.5216,105.1259,Open-Meteo-Historical,
2026-05-20 17:00:00,27.4,90,,0.3,95,,10.7,30.6,51,An Giang,10.5216,105.1259,Open-Meteo-Historical,
2026-05-20 18:00:00,27.5,90,,0.0,98,,9.9,21.6,3,An Giang,10.5216,105.1259,Open-Meteo-Historical,
2026-05-20 19:00:00,27.2,92,,0.0,100,,9.0,16.9,3,An Giang,10.5216,105.1259,Open-Meteo-Historical,
2026-05-20 20:00:00,27.0,95,,0.0,100,,7.9,15.5,3,An Giang,10.5216,105.1259,Open-Meteo-Historical,
2026-05-20 21:00:00,26.5,96,,0.1,100,,8.0,15.1,51,An Giang,10.5216,105.1259,Open-Meteo-Historical,
2026-05-20 22:00:00,26.5,96,,0.0,99,,8.2,14.0,3,An Giang,10.5216,105.1259,Open-Meteo-Historical,
2026-05-20 23:00:00,26.4,96,,0.0,99,,7.5,14.0,3,An Giang,10.5216,105.1259,Open-Meteo-Historical,
2026-03-21 00:00:00,24.2,91,,0.0,96,,7.6,15.1,3,Can Tho,10.0341,105.7878,Open-Meteo-Historical,
2026-03-21 01:00:00,24.0,94,,0.0,1,,6.5,14.0,0,Can Tho,10.0341,105.7878,Open-Meteo-Historical,
2026-03-21 02:00:00,23.7,96,,0.0,16,,5.4,11.5,0,Can Tho,10.0341,105.7878,Open-Meteo-Historical,
2026-03-21 03:00:00,23.6,96,,0.0,84,,4.5,10.1,3,Can Tho,10.0341,105.7878,Open-Meteo-Historical,
2026-03-21 04:00:00,23.6,96,,0.0,97,,5.4,9.7,3,Can Tho,10.0341,105.7878,Open-Meteo-Historical,
2026-03-21 05:00:00,23.5,96,,0.0,91,,6.3,11.9,3,Can Tho,10.0341,105.7878,Open-Meteo-Historical,
2026-03-21 06:00:00,23.5,96,,0.0,52,,6.1,12.6,2,Can Tho,10.0341,105.7878,Open-Meteo-Historical,
2026-03-21 07:00:00,24.6,93,,0.0,87,,5.4,14.8,3,Can Tho,10.0341,105.7878,Open-Meteo-Historical,
2026-03-21 08:00:00,26.2,82,,0.0,72,,10.3,22.0,2,Can Tho,10.0341,105.7878,Open-Meteo-Historical,
2026-03-21 09:00:00,27.9,73,,0.0,65,,11.9,27.7,2,Can Tho,10.0341,105.7878,Open-Meteo-Historical,
2026-03-21 10:00:00,29.5,64,,0.0,69,,14.7,33.8,2,Can Tho,10.0341,105.7878,Open-Meteo-Historical,
2026-03-21 11:00:00,30.5,59,,0.1,33,,13.3,33.1,51,Can Tho,10.0341,105.7878,Open-Meteo-Historical,
2026-03-21 12:00:00,31.1,56,,0.1,33,,13.9,32.4,51,Can Tho,10.0341,105.7878,Open-Meteo-Historical,
2026-03-21 13:00:00,31.5,55,,0.1,25,,14.2,32.8,51,Can Tho,10.0341,105.7878,Open-Meteo-Historical,
2026-03-21 14:00:00,31.7,53,,0.1,16,,13.7,32.8,51,Can Tho,10.0341,105.7878,Open-Meteo-Historical,
2026-03-21 15:00:00,31.8,53,,0.0,13,,13.9,31.7,0,Can Tho,10.0341,105.7878,Open-Meteo-Historical,
2026-03-21 16:00:00,31.3,51,,0.0,14,,15.3,32.4,0,Can Tho,10.0341,105.7878,Open-Meteo-Historical,
2026-03-21 17:00:00,30.0,53,,0.0,4,,14.4,32.4,0,Can Tho,10.0341,105.7878,Open-Meteo-Historical,
2026-03-21 18:00:00,28.3,61,,0.0,2,,11.8,28.8,0,Can Tho,10.0341,105.7878,Open-Meteo-Historical,
2026-03-21 19:00:00,27.0,70,,0.0,2,,9.0,21.6,0,Can Tho,10.0341,105.7878,Open-Meteo-Historical,
2026-03-21 20:00:00,26.2,74,,0.0,4,,11.1,19.8,0,Can Tho,10.0341,105.7878,Open-Meteo-Historical,
2026-03-21 21:00:00,25.5,78,,0.0,2,,11.7,21.2,0,Can Tho,10.0341,105.7878,Open-Meteo-Historical,
2026-03-21 22:00:00,25.0,83,,0.0,1,,11.5,21.6,0,Can Tho,10.0341,105.7878,Open-Meteo-Historical,
2026-03-21 23:00:00,24.6,87,,0.0,9,,10.1,21.2,0,Can Tho,10.0341,105.7878,Open-Meteo-Historical,
2026-03-22 00:00:00,24.4,90,,0.0,7,,9.9,18.7,0,Can Tho,10.0341,105.7878,Open-Meteo-Historical,
2026-03-22 01:00:00,24.4,92,,0.0,9,,9.3,18.7,0,Can Tho,10.0341,105.7878,Open-Meteo-Historical,
2026-03-22 02:00:00,24.5,92,,0.0,9,,9.3,17.6,0,Can Tho,10.0341,105.7878,Open-Meteo-Historical,
2026-03-22 03:00:00,24.2,93,,0.0,12,,7.8,17.3,0,Can Tho,10.0341,105.7878,Open-Meteo-Historical,
2026-03-22 04:00:00,24.0,94,,0.0,17,,8.0,14.4,0,Can Tho,10.0341,105.7878,Open-Meteo-Historical,
2026-03-22 05:00:00,24.0,93,,0.0,5,,7.4,14.8,0,Can Tho,10.0341,105.7878,Open-Meteo-Historical,
2026-03-22 06:00:00,23.9,93,,0.0,13,,7.8,14.4,0,Can Tho,10.0341,105.7878,Open-Meteo-Historical,
2026-03-22 07:00:00,25.7,83,,0.0,38,,14.3,29.2,1,Can Tho,10.0341,105.7878,Open-Meteo-Historical,
2026-03-22 08:00:00,27.1,75,,0.0,36,,17.4,34.6,1,Can Tho,10.0341,105.7878,Open-Meteo-Historical,
2026-03-22 09:00:00,28.5,67,,0.0,27,,18.8,39.6,1,Can Tho,10.0341,105.7878,Open-Meteo-Historical,
2026-03-22 10:00:00,29.9,61,,0.0,16,,17.0,40.0,0,Can Tho,10.0341,105.7878,Open-Meteo-Historical,
2026-03-22 11:00:00,31.0,55,,0.0,12,,16.1,37.1,0,Can Tho,10.0341,105.7878,Open-Meteo-Historical,
2026-03-22 12:00:00,31.9,52,,0.0,9,,15.5,36.4,0,Can Tho,10.0341,105.7878,Open-Meteo-Historical,
2026-03-22 13:00:00,32.2,48,,0.0,16,,15.6,36.0,0,Can Tho,10.0341,105.7878,Open-Meteo-Historical,
2026-03-22 14:00:00,32.0,47,,0.0,37,,15.7,35.3,1,Can Tho,10.0341,105.7878,Open-Meteo-Historical,
2026-03-22 15:00:00,31.6,47,,0.0,83,,16.1,34.9,3,Can Tho,10.0341,105.7878,Open-Meteo-Historical,
2026-03-22 16:00:00,30.5,50,,0.0,26,,15.3,34.9,1,Can Tho,10.0341,105.7878,Open-Meteo-Historical,
2026-03-22 17:00:00,30.1,51,,0.0,9,,13.9,31.7,0,Can Tho,10.0341,105.7878,Open-Meteo-Historical,
2026-03-22 18:00:00,28.1,62,,0.0,5,,12.9,27.7,0,Can Tho,10.0341,105.7878,Open-Meteo-Historical,
2026-03-22 19:00:00,27.2,69,,0.0,1,,12.6,23.8,0,Can Tho,10.0341,105.7878,Open-Meteo-Historical,
2026-03-22 20:00:00,26.3,75,,0.0,0,,10.3,23.4,0,Can Tho,10.0341,105.7878,Open-Meteo-Historical,
2026-03-22 21:00:00,25.3,81,,0.0,0,,7.6,18.7,0,Can Tho,10.0341,105.7878,Open-Meteo-Historical,
2026-03-22 22:00:00,24.6,87,,0.0,0,,8.5,15.1,0,Can Tho,10.0341,105.7878,Open-Meteo-Historical,
2026-03-22 23:00:00,24.5,90,,0.0,4,,9.3,16.9,0,Can Tho,10.0341,105.7878,Open-Meteo-Historical,
2026-03-23 00:00:00,24.3,91,,0.0,9,,8.6,17.6,0,Can Tho,10.0341,105.7878,Open-Meteo-Historical,
2026-03-23 01:00:00,24.2,94,,0.0,7,,6.0,15.8,0,Can Tho,10.0341,105.7878,Open-Meteo-Historical,
2026-03-23 02:00:00,24.1,95,,0.0,9,,5.2,10.8,0,Can Tho,10.0341,105.7878,Open-Meteo-Historical,
2026-03-23 03:00:00,24.0,95,,0.0,3,,5.7,10.8,0,Can Tho,10.0341,105.7878,Open-Meteo-Historical,
2026-03-23 04:00:00,23.8,95,,0.0,45,,6.3,11.9,1,Can Tho,10.0341,105.7878,Open-Meteo-Historical,
2026-03-23 05:00:00,23.6,95,,0.0,7,,5.9,11.5,0,Can Tho,10.0341,105.7878,Open-Meteo-Historical,
2026-03-23 06:00:00,23.5,96,,0.0,3,,5.8,10.8,0,Can Tho,10.0341,105.7878,Open-Meteo-Historical,
2026-03-23 07:00:00,25.2,88,,0.0,5,,9.3,20.9,0,Can Tho,10.0341,105.7878,Open-Meteo-Historical,
2026-03-23 08:00:00,27.0,79,,0.0,13,,13.7,29.9,0,Can Tho,10.0341,105.7878,Open-Meteo-Historical,
2026-03-23 09:00:00,28.5,72,,0.0,13,,12.3,29.9,0,Can Tho,10.0341,105.7878,Open-Meteo-Historical,
2026-03-23 10:00:00,29.8,64,,0.2,20,,12.9,30.2,51,Can Tho,10.0341,105.7878,Open-Meteo-Historical,
2026-03-23 11:00:00,30.9,59,,0.1,41,,12.8,31.3,51,Can Tho,10.0341,105.7878,Open-Meteo-Historical,
2026-03-23 12:00:00,31.8,54,,0.0,45,,12.4,31.0,1,Can Tho,10.0341,105.7878,Open-Meteo-Historical,
2026-03-23 13:00:00,32.0,53,,0.0,48,,12.4,30.2,1,Can Tho,10.0341,105.7878,Open-Meteo-Historical,
2026-03-23 14:00:00,31.8,53,,0.0,25,,12.0,29.5,1,Can Tho,10.0341,105.7878,Open-Meteo-Historical,
2026-03-23 15:00:00,31.5,53,,0.0,30,,12.4,28.8,1,Can Tho,10.0341,105.7878,Open-Meteo-Historical,
2026-03-23 16:00:00,30.8,54,,0.0,36,,11.4,28.8,1,Can Tho,10.0341,105.7878,Open-Meteo-Historical,
2026-03-23 17:00:00,30.2,55,,0.0,4,,9.0,25.6,0,Can Tho,10.0341,105.7878,Open-Meteo-Historical,
2026-03-23 18:00:00,28.5,64,,0.0,0,,11.7,20.9,0,Can Tho,10.0341,105.7878,Open-Meteo-Historical,
2026-03-23 19:00:00,27.5,69,,0.0,0,,13.8,24.8,0,Can Tho,10.0341,105.7878,Open-Meteo-Historical,
2026-03-23 20:00:00,26.6,74,,0.0,0,,13.8,25.9,0,Can Tho,10.0341,105.7878,Open-Meteo-Historical,
2026-03-23 21:00:00,25.7,80,,0.0,0,,13.1,25.9,0,Can Tho,10.0341,105.7878,Open-Meteo-Historical,
2026-03-23 22:00:00,25.0,87,,0.0,0,,10.9,24.5,0,Can Tho,10.0341,105.7878,Open-Meteo-Historical,
2026-03-23 23:00:00,24.5,90,,0.0,2,,9.8,20.2,0,Can Tho,10.0341,105.7878,Open-Meteo-Historical,
2026-03-24 00:00:00,24.2,92,,0.0,6,,9.6,18.0,0,Can Tho,10.0341,105.7878,Open-Meteo-Historical,
2026-03-24 01:00:00,24.2,94,,0.0,16,,8.5,17.6,0,Can Tho,10.0341,105.7878,Open-Meteo-Historical,
2026-03-24 02:00:00,24.0,94,,0.0,9,,9.1,16.9,0,Can Tho,10.0341,105.7878,Open-Meteo-Historical,
2026-03-24 03:00:00,24.0,93,,0.0,2,,8.8,16.9,0,Can Tho,10.0341,105.7878,Open-Meteo-Historical,
2026-03-24 04:00:00,23.7,94,,0.0,1,,7.5,16.6,0,Can Tho,10.0341,105.7878,Open-Meteo-Historical,
2026-03-24 05:00:00,23.2,96,,0.0,13,,4.3,14.0,0,Can Tho,10.0341,105.7878,Open-Meteo-Historical,
2026-03-24 06:00:00,23.1,95,,0.0,9,,4.6,8.3,0,Can Tho,10.0341,105.7878,Open-Meteo-Historical,
2026-03-24 07:00:00,25.0,88,,0.0,2,,8.7,15.5,0,Can Tho,10.0341,105.7878,Open-Meteo-Historical,
2026-03-24 08:00:00,26.8,78,,0.0,22,,12.4,25.2,1,Can Tho,10.0341,105.7878,Open-Meteo-Historical,
2026-03-24 09:00:00,28.3,69,,0.0,23,,14.2,31.7,1,Can Tho,10.0341,105.7878,Open-Meteo-Historical,
2026-03-24 10:00:00,29.5,63,,0.0,13,,12.5,32.0,0,Can Tho,10.0341,105.7878,Open-Meteo-Historical,
2026-03-24 11:00:00,30.5,58,,0.0,12,,11.7,29.9,0,Can Tho,10.0341,105.7878,Open-Meteo-Historical,
2026-03-24 12:00:00,31.6,52,,0.0,65,,10.5,28.8,2,Can Tho,10.0341,105.7878,Open-Meteo-Historical,
2026-03-24 13:00:00,32.2,49,,0.0,85,,10.4,27.0,3,Can Tho,10.0341,105.7878,Open-Meteo-Historical,
2026-03-24 14:00:00,32.3,48,,0.0,28,,10.1,26.6,1,Can Tho,10.0341,105.7878,Open-Meteo-Historical,
2026-03-24 15:00:00,32.2,47,,0.0,20,,9.5,25.6,1,Can Tho,10.0341,105.7878,Open-Meteo-Historical,
2026-03-24 16:00:00,31.9,46,,0.0,23,,10.0,23.4,1,Can Tho,10.0341,105.7878,Open-Meteo-Historical,
2026-03-24 17:00:00,31.0,49,,0.0,13,,10.2,22.7,0,Can Tho,10.0341,105.7878,Open-Meteo-Historical,
2026-03-24 18:00:00,29.1,60,,0.0,2,,11.4,20.9,0,Can Tho,10.0341,105.7878,Open-Meteo-Historical,
2026-03-24 19:00:00,28.0,68,,0.0,2,,13.9,24.8,0,Can Tho,10.0341,105.7878,Open-Meteo-Historical,
2026-03-24 20:00:00,26.8,75,,0.0,0,,14.1,25.9,0,Can Tho,10.0341,105.7878,Open-Meteo-Historical,
2026-03-24 21:00:00,25.7,80,,0.0,0,,13.0,26.3,0,Can Tho,10.0341,105.7878,Open-Meteo-Historical,
2026-03-24 22:00:00,25.0,85,,0.0,0,,10.1,24.1,0,Can Tho,10.0341,105.7878,Open-Meteo-Historical,
2026-03-24 23:00:00,24.4,89,,0.0,0,,7.7,18.4,0,Can Tho,10.0341,105.7878,Open-Meteo-Historical,
2026-03-25 00:00:00,24.0,92,,0.0,0,,5.3,14.0,0,Can Tho,10.0341,105.7878,Open-Meteo-Historical,
2026-03-25 01:00:00,23.9,94,,0.0,24,,2.8,9.7,1,Can Tho,10.0341,105.7878,Open-Meteo-Historical,
2026-03-25 02:00:00,23.6,95,,0.0,27,,2.5,4.7,1,Can Tho,10.0341,105.7878,Open-Meteo-Historical,
2026-03-25 03:00:00,23.4,96,,0.0,9,,3.1,5.4,0,Can Tho,10.0341,105.7878,Open-Meteo-Historical,
2026-03-25 04:00:00,23.3,97,,0.0,1,,4.1,7.6,0,Can Tho,10.0341,105.7878,Open-Meteo-Historical,
2026-03-25 05:00:00,23.4,96,,0.0,0,,6.1,11.2,0,Can Tho,10.0341,105.7878,Open-Meteo-Historical,
2026-03-25 06:00:00,23.4,96,,0.0,0,,7.6,13.7,0,Can Tho,10.0341,105.7878,Open-Meteo-Historical,
2026-03-25 07:00:00,24.6,92,,0.0,2,,6.5,16.9,0,Can Tho,10.0341,105.7878,Open-Meteo-Historical,
2026-03-25 08:00:00,26.6,79,,0.0,13,,10.6,23.8,0,Can Tho,10.0341,105.7878,Open-Meteo-Historical,
2026-03-25 09:00:00,28.2,70,,0.0,4,,10.4,26.3,0,Can Tho,10.0341,105.7878,Open-Meteo-Historical,
2026-03-25 10:00:00,29.7,61,,0.0,15,,9.3,25.9,0,Can Tho,10.0341,105.7878,Open-Meteo-Historical,
2026-03-25 11:00:00,31.0,56,,0.0,66,,9.0,25.2,2,Can Tho,10.0341,105.7878,Open-Meteo-Historical,
2026-03-25 12:00:00,32.2,51,,0.0,33,,9.4,25.6,1,Can Tho,10.0341,105.7878,Open-Meteo-Historical,
2026-03-25 13:00:00,33.2,45,,0.0,84,,12.5,27.0,3,Can Tho,10.0341,105.7878,Open-Meteo-Historical,
2026-03-25 14:00:00,32.8,44,,0.0,25,,12.8,30.2,1,Can Tho,10.0341,105.7878,Open-Meteo-Historical,
2026-03-25 15:00:00,32.8,45,,0.0,28,,13.3,30.6,1,Can Tho,10.0341,105.7878,Open-Meteo-Historical,
2026-03-25 16:00:00,32.2,44,,0.0,1,,13.4,30.2,0,Can Tho,10.0341,105.7878,Open-Meteo-Historical,
2026-03-25 17:00:00,31.0,44,,0.0,1,,13.0,29.2,0,Can Tho,10.0341,105.7878,Open-Meteo-Historical,
2026-03-25 18:00:00,29.0,54,,0.0,95,,13.9,27.0,3,Can Tho,10.0341,105.7878,Open-Meteo-Historical,
2026-03-25 19:00:00,27.8,62,,0.0,79,,15.0,26.6,2,Can Tho,10.0341,105.7878,Open-Meteo-Historical,
2026-03-25 20:00:00,26.5,69,,0.0,81,,12.9,27.0,3,Can Tho,10.0341,105.7878,Open-Meteo-Historical,
2026-03-25 21:00:00,25.5,79,,0.0,0,,11.0,23.4,0,Can Tho,10.0341,105.7878,Open-Meteo-Historical,
2026-03-25 22:00:00,24.8,84,,0.0,0,,8.5,20.2,0,Can Tho,10.0341,105.7878,Open-Meteo-Historical,
2026-03-25 23:00:00,24.5,87,,0.0,0,,6.6,15.1,0,Can Tho,10.0341,105.7878,Open-Meteo-Historical,
2026-03-26 00:00:00,24.3,90,,0.0,0,,7.7,14.0,0,Can Tho,10.0341,105.7878,Open-Meteo-Historical,
2026-03-26 01:00:00,24.4,94,,0.0,5,,7.5,14.0,0,Can Tho,10.0341,105.7878,Open-Meteo-Historical,
2026-03-26 02:00:00,24.3,96,,0.0,2,,7.5,14.0,0,Can Tho,10.0341,105.7878,Open-Meteo-Historical,
2026-03-26 03:00:00,24.0,96,,0.0,9,,6.5,14.0,0,Can Tho,10.0341,105.7878,Open-Meteo-Historical,
2026-03-26 04:00:00,23.9,96,,0.0,30,,5.7,12.2,1,Can Tho,10.0341,105.7878,Open-Meteo-Historical,
2026-03-26 05:00:00,23.7,96,,0.0,19,,5.0,10.8,0,Can Tho,10.0341,105.7878,Open-Meteo-Historical,
2026-03-26 06:00:00,23.6,96,,0.0,69,,5.1,10.4,2,Can Tho,10.0341,105.7878,Open-Meteo-Historical,
2026-03-26 07:00:00,25.1,91,,0.0,24,,10.0,15.5,1,Can Tho,10.0341,105.7878,Open-Meteo-Historical,
2026-03-26 08:00:00,26.5,82,,0.0,34,,11.7,25.2,1,Can Tho,10.0341,105.7878,Open-Meteo-Historical,
2026-03-26 09:00:00,28.2,70,,0.0,9,,12.5,29.2,0,Can Tho,10.0341,105.7878,Open-Meteo-Historical,
2026-03-26 10:00:00,29.7,60,,0.0,6,,11.9,29.2,0,Can Tho,10.0341,105.7878,Open-Meteo-Historical,
2026-03-26 11:00:00,31.0,54,,0.0,21,,11.7,29.2,1,Can Tho,10.0341,105.7878,Open-Meteo-Historical,
2026-03-26 12:00:00,32.2,48,,0.0,90,,12.9,31.0,3,Can Tho,10.0341,105.7878,Open-Meteo-Historical,
2026-03-26 13:00:00,31.7,50,,0.0,44,,12.3,31.0,1,Can Tho,10.0341,105.7878,Open-Meteo-Historical,
2026-03-26 14:00:00,32.2,49,,0.0,27,,12.5,29.9,1,Can Tho,10.0341,105.7878,Open-Meteo-Historical,
2026-03-26 15:00:00,32.2,47,,0.0,11,,10.9,29.5,0,Can Tho,10.0341,105.7878,Open-Meteo-Historical,
2026-03-26 16:00:00,32.2,46,,0.0,61,,9.6,25.9,2,Can Tho,10.0341,105.7878,Open-Meteo-Historical,
2026-03-26 17:00:00,31.4,48,,0.0,21,,9.7,22.3,1,Can Tho,10.0341,105.7878,Open-Meteo-Historical,
2026-03-26 18:00:00,29.4,57,,0.0,0,,11.5,20.5,0,Can Tho,10.0341,105.7878,Open-Meteo-Historical,
2026-03-26 19:00:00,28.3,60,,0.0,0,,14.7,27.0,0,Can Tho,10.0341,105.7878,Open-Meteo-Historical,
2026-03-26 20:00:00,26.8,68,,0.0,0,,14.2,27.7,0,Can Tho,10.0341,105.7878,Open-Meteo-Historical,
2026-03-26 21:00:00,25.8,76,,0.0,0,,13.5,26.3,0,Can Tho,10.0341,105.7878,Open-Meteo-Historical,
2026-03-26 22:00:00,25.1,83,,0.0,0,,13.3,25.6,0,Can Tho,10.0341,105.7878,Open-Meteo-Historical,
2026-03-26 23:00:00,24.5,88,,0.0,0,,12.5,24.8,0,Can Tho,10.0341,105.7878,Open-Meteo-Historical,
2026-03-27 00:00:00,24.1,92,,0.0,2,,10.7,23.0,0,Can Tho,10.0341,105.7878,Open-Meteo-Historical,
2026-03-27 01:00:00,24.1,94,,0.0,10,,9.3,19.8,0,Can Tho,10.0341,105.7878,Open-Meteo-Historical,
2026-03-27 02:00:00,23.9,95,,0.0,32,,7.5,16.9,1,Can Tho,10.0341,105.7878,Open-Meteo-Historical,
2026-03-27 03:00:00,23.7,96,,0.0,25,,7.2,14.0,1,Can Tho,10.0341,105.7878,Open-Meteo-Historical,
2026-03-27 04:00:00,23.6,96,,0.0,18,,7.5,14.0,0,Can Tho,10.0341,105.7878,Open-Meteo-Historical,
2026-03-27 05:00:00,23.5,96,,0.0,20,,7.8,14.8,1,Can Tho,10.0341,105.7878,Open-Meteo-Historical,
2026-03-27 06:00:00,23.3,95,,0.0,5,,6.9,14.8,0,Can Tho,10.0341,105.7878,Open-Meteo-Historical,
2026-03-27 07:00:00,24.6,91,,0.0,6,,8.8,20.2,0,Can Tho,10.0341,105.7878,Open-Meteo-Historical,
2026-03-27 08:00:00,26.5,79,,0.0,23,,13.0,28.4,1,Can Tho,10.0341,105.7878,Open-Meteo-Historical,
2026-03-27 09:00:00,27.8,70,,0.1,43,,12.3,28.8,51,Can Tho,10.0341,105.7878,Open-Meteo-Historical,
2026-03-27 10:00:00,29.2,60,,0.0,38,,11.3,28.8,1,Can Tho,10.0341,105.7878,Open-Meteo-Historical,
2026-03-27 11:00:00,30.5,53,,0.0,41,,10.1,27.7,1,Can Tho,10.0341,105.7878,Open-Meteo-Historical,
2026-03-27 12:00:00,31.5,49,,0.0,38,,8.2,25.9,1,Can Tho,10.0341,105.7878,Open-Meteo-Historical,
2026-03-27 13:00:00,32.1,46,,0.0,38,,7.9,23.4,1,Can Tho,10.0341,105.7878,Open-Meteo-Historical,
2026-03-27 14:00:00,32.5,43,,0.0,47,,7.3,22.3,1,Can Tho,10.0341,105.7878,Open-Meteo-Historical,
2026-03-27 15:00:00,32.8,43,,0.0,16,,7.2,20.9,0,Can Tho,10.0341,105.7878,Open-Meteo-Historical,
2026-03-27 16:00:00,32.3,44,,0.0,5,,9.4,22.3,0,Can Tho,10.0341,105.7878,Open-Meteo-Historical,
2026-03-27 17:00:00,31.4,46,,0.0,6,,9.9,22.7,0,Can Tho,10.0341,105.7878,Open-Meteo-Historical,
2026-03-27 18:00:00,29.6,54,,0.0,0,,10.4,20.9,0,Can Tho,10.0341,105.7878,Open-Meteo-Historical,
2026-03-27 19:00:00,28.7,62,,0.0,0,,13.3,26.6,0,Can Tho,10.0341,105.7878,Open-Meteo-Historical,
2026-03-27 20:00:00,27.5,66,,0.0,0,,14.2,26.3,0,Can Tho,10.0341,105.7878,Open-Meteo-Historical,
2026-03-27 21:00:00,26.4,71,,0.0,0,,13.6,26.3,0,Can Tho,10.0341,105.7878,Open-Meteo-Historical,
2026-03-27 22:00:00,25.4,78,,0.0,0,,12.3,25.2,0,Can Tho,10.0341,105.7878,Open-Meteo-Historical,
2026-03-27 23:00:00,24.7,83,,0.0,0,,10.9,22.3,0,Can Tho,10.0341,105.7878,Open-Meteo-Historical,
2026-03-28 00:00:00,24.1,87,,0.0,4,,9.1,20.2,0,Can Tho,10.0341,105.7878,Open-Meteo-Historical,
2026-03-28 01:00:00,24.0,92,,0.0,0,,7.3,16.6,0,Can Tho,10.0341,105.7878,Open-Meteo-Historical,
2026-03-28 02:00:00,23.5,95,,0.0,0,,5.9,13.0,0,Can Tho,10.0341,105.7878,Open-Meteo-Historical,
2026-03-28 03:00:00,23.5,95,,0.0,0,,7.1,13.0,0,Can Tho,10.0341,105.7878,Open-Meteo-Historical,
2026-03-28 04:00:00,23.3,96,,0.0,2,,8.1,15.1,0,Can Tho,10.0341,105.7878,Open-Meteo-Historical,
2026-03-28 05:00:00,23.1,96,,0.0,3,,7.9,15.1,0,Can Tho,10.0341,105.7878,Open-Meteo-Historical,
2026-03-28 06:00:00,23.0,96,,0.0,5,,6.1,14.8,0,Can Tho,10.0341,105.7878,Open-Meteo-Historical,
2026-03-28 07:00:00,24.7,91,,0.0,10,,6.8,14.4,0,Can Tho,10.0341,105.7878,Open-Meteo-Historical,
2026-03-28 08:00:00,26.7,79,,0.0,19,,10.6,23.4,0,Can Tho,10.0341,105.7878,Open-Meteo-Historical,
2026-03-28 09:00:00,28.2,69,,0.0,16,,11.4,27.7,0,Can Tho,10.0341,105.7878,Open-Meteo-Historical,
2026-03-28 10:00:00,29.7,61,,0.0,18,,10.8,27.4,0,Can Tho,10.0341,105.7878,Open-Meteo-Historical,
2026-03-28 11:00:00,31.0,56,,0.0,13,,10.5,27.4,0,Can Tho,10.0341,105.7878,Open-Meteo-Historical,
2026-03-28 12:00:00,32.1,52,,0.0,22,,10.3,27.7,1,Can Tho,10.0341,105.7878,Open-Meteo-Historical,
2026-03-28 13:00:00,32.8,48,,0.0,85,,12.2,28.8,3,Can Tho,10.0341,105.7878,Open-Meteo-Historical,
2026-03-28 14:00:00,32.7,45,,0.0,100,,12.9,31.0,3,Can Tho,10.0341,105.7878,Open-Meteo-Historical,
2026-03-28 15:00:00,32.5,45,,0.0,100,,14.8,33.1,3,Can Tho,10.0341,105.7878,Open-Meteo-Historical,
2026-03-28 16:00:00,31.6,49,,0.0,95,,16.5,35.3,3,Can Tho,10.0341,105.7878,Open-Meteo-Historical,
2026-03-28 17:00:00,30.0,54,,0.0,20,,16.4,36.0,1,Can Tho,10.0341,105.7878,Open-Meteo-Historical,
2026-03-28 18:00:00,28.3,59,,0.0,17,,13.6,33.8,0,Can Tho,10.0341,105.7878,Open-Meteo-Historical,
2026-03-28 19:00:00,27.6,68,,0.0,2,,12.5,25.2,0,Can Tho,10.0341,105.7878,Open-Meteo-Historical,
2026-03-28 20:00:00,26.8,73,,0.0,2,,9.2,22.7,0,Can Tho,10.0341,105.7878,Open-Meteo-Historical,
2026-03-28 21:00:00,26.0,77,,0.0,9,,7.1,16.9,0,Can Tho,10.0341,105.7878,Open-Meteo-Historical,
2026-03-28 22:00:00,25.4,80,,0.0,8,,6.6,13.0,0,Can Tho,10.0341,105.7878,Open-Meteo-Historical,
2026-03-28 23:00:00,24.9,84,,0.0,30,,4.3,11.9,1,Can Tho,10.0341,105.7878,Open-Meteo-Historical,
2026-03-29 00:00:00,24.4,89,,0.0,98,,3.1,7.9,3,Can Tho,10.0341,105.7878,Open-Meteo-Historical,
2026-03-29 01:00:00,24.6,90,,0.0,100,,3.5,7.6,3,Can Tho,10.0341,105.7878,Open-Meteo-Historical,
2026-03-29 02:00:00,24.1,93,,0.0,100,,3.3,6.8,3,Can Tho,10.0341,105.7878,Open-Meteo-Historical,
2026-03-29 03:00:00,24.2,93,,0.0,99,,1.2,5.8,3,Can Tho,10.0341,105.7878,Open-Meteo-Historical,
2026-03-29 04:00:00,24.0,94,,0.0,100,,1.1,2.2,3,Can Tho,10.0341,105.7878,Open-Meteo-Historical,
2026-03-29 05:00:00,23.6,95,,0.0,98,,2.3,3.2,3,Can Tho,10.0341,105.7878,Open-Meteo-Historical,
2026-03-29 06:00:00,23.8,96,,0.0,96,,5.4,9.7,3,Can Tho,10.0341,105.7878,Open-Meteo-Historical,
2026-03-29 07:00:00,25.4,90,,0.0,9,,9.5,16.6,0,Can Tho,10.0341,105.7878,Open-Meteo-Historical,
2026-03-29 08:00:00,27.5,78,,0.0,25,,12.1,26.6,1,Can Tho,10.0341,105.7878,Open-Meteo-Historical,
2026-03-29 09:00:00,29.5,67,,0.0,50,,14.1,32.0,2,Can Tho,10.0341,105.7878,Open-Meteo-Historical,
2026-03-29 10:00:00,31.0,62,,0.0,26,,13.0,32.4,1,Can Tho,10.0341,105.7878,Open-Meteo-Historical,
2026-03-29 11:00:00,32.4,56,,0.0,27,,11.1,32.4,1,Can Tho,10.0341,105.7878,Open-Meteo-Historical,
2026-03-29 12:00:00,33.3,52,,0.1,26,,11.2,32.4,51,Can Tho,10.0341,105.7878,Open-Meteo-Historical,
2026-03-29 13:00:00,33.4,50,,0.0,16,,12.6,31.0,0,Can Tho,10.0341,105.7878,Open-Meteo-Historical,
2026-03-29 14:00:00,33.6,46,,0.0,15,,12.9,31.3,0,Can Tho,10.0341,105.7878,Open-Meteo-Historical,
2026-03-29 15:00:00,33.5,46,,0.0,9,,13.1,31.0,0,Can Tho,10.0341,105.7878,Open-Meteo-Historical,
2026-03-29 16:00:00,33.0,46,,0.0,5,,13.2,29.9,0,Can Tho,10.0341,105.7878,Open-Meteo-Historical,
2026-03-29 17:00:00,31.9,49,,0.0,2,,13.4,29.2,0,Can Tho,10.0341,105.7878,Open-Meteo-Historical,
2026-03-29 18:00:00,30.0,57,,0.0,1,,13.3,28.1,0,Can Tho,10.0341,105.7878,Open-Meteo-Historical,
2026-03-29 19:00:00,29.0,63,,0.0,0,,14.0,24.1,0,Can Tho,10.0341,105.7878,Open-Meteo-Historical,
2026-03-29 20:00:00,27.6,71,,0.0,0,,12.9,25.2,0,Can Tho,10.0341,105.7878,Open-Meteo-Historical,
2026-03-29 21:00:00,26.7,79,,0.0,0,,11.1,23.8,0,Can Tho,10.0341,105.7878,Open-Meteo-Historical,
2026-03-29 22:00:00,26.0,86,,0.0,0,,10.1,20.2,0,Can Tho,10.0341,105.7878,Open-Meteo-Historical,
2026-03-29 23:00:00,25.4,92,,0.0,0,,10.1,18.4,0,Can Tho,10.0341,105.7878,Open-Meteo-Historical,
2026-03-30 00:00:00,25.0,95,,0.0,0,,8.0,18.4,0,Can Tho,10.0341,105.7878,Open-Meteo-Historical,
2026-03-30 01:00:00,25.0,98,,0.0,13,,5.3,14.4,0,Can Tho,10.0341,105.7878,Open-Meteo-Historical,
2026-03-30 02:00:00,24.6,99,,0.0,100,,4.5,9.4,3,Can Tho,10.0341,105.7878,Open-Meteo-Historical,
2026-03-30 03:00:00,24.8,99,,0.0,100,,7.1,13.0,3,Can Tho,10.0341,105.7878,Open-Meteo-Historical,
2026-03-30 04:00:00,25.4,95,,0.0,100,,8.9,19.1,3,Can Tho,10.0341,105.7878,Open-Meteo-Historical,
2026-03-30 05:00:00,25.5,94,,0.0,91,,7.7,18.0,3,Can Tho,10.0341,105.7878,Open-Meteo-Historical,
2026-03-30 06:00:00,25.1,96,,0.0,100,,5.1,15.1,3,Can Tho,10.0341,105.7878,Open-Meteo-Historical,
2026-03-30 07:00:00,25.7,93,,0.0,30,,9.7,17.6,1,Can Tho,10.0341,105.7878,Open-Meteo-Historical,
2026-03-30 08:00:00,27.5,81,,0.0,28,,9.9,23.4,1,Can Tho,10.0341,105.7878,Open-Meteo-Historical,
2026-03-30 09:00:00,29.0,71,,0.1,15,,8.4,23.0,51,Can Tho,10.0341,105.7878,Open-Meteo-Historical,
2026-03-30 10:00:00,30.0,65,,0.1,23,,7.3,22.3,51,Can Tho,10.0341,105.7878,Open-Meteo-Historical,
2026-03-30 11:00:00,31.2,58,,0.1,14,,5.2,22.0,51,Can Tho,10.0341,105.7878,Open-Meteo-Historical,
2026-03-30 12:00:00,32.2,53,,0.0,17,,3.8,19.1,0,Can Tho,10.0341,105.7878,Open-Meteo-Historical,
2026-03-30 13:00:00,31.5,54,,0.1,41,,1.7,17.3,51,Can Tho,10.0341,105.7878,Open-Meteo-Historical,
2026-03-30 14:00:00,32.1,54,,0.1,34,,3.8,16.2,51,Can Tho,10.0341,105.7878,Open-Meteo-Historical,
2026-03-30 15:00:00,32.2,55,,0.0,16,,5.2,16.9,0,Can Tho,10.0341,105.7878,Open-Meteo-Historical,
2026-03-30 16:00:00,32.3,54,,0.0,9,,4.2,18.0,0,Can Tho,10.0341,105.7878,Open-Meteo-Historical,
2026-03-30 17:00:00,29.2,66,,0.2,58,,15.1,32.8,51,Can Tho,10.0341,105.7878,Open-Meteo-Historical,
2026-03-30 18:00:00,28.3,69,,0.0,30,,6.6,31.3,1,Can Tho,10.0341,105.7878,Open-Meteo-Historical,
2026-03-30 19:00:00,28.4,68,,0.0,6,,9.9,14.0,0,Can Tho,10.0341,105.7878,Open-Meteo-Historical,
2026-03-30 20:00:00,27.6,73,,0.0,3,,9.3,18.4,0,Can Tho,10.0341,105.7878,Open-Meteo-Historical,
2026-03-30 21:00:00,27.3,76,,0.0,65,,11.1,20.5,2,Can Tho,10.0341,105.7878,Open-Meteo-Historical,
2026-03-30 22:00:00,26.6,81,,0.0,5,,11.0,20.9,0,Can Tho,10.0341,105.7878,Open-Meteo-Historical,
2026-03-30 23:00:00,26.0,85,,0.0,1,,10.3,20.5,0,Can Tho,10.0341,105.7878,Open-Meteo-Historical,
2026-03-31 00:00:00,25.5,88,,0.0,0,,9.7,19.1,0,Can Tho,10.0341,105.7878,Open-Meteo-Historical,
2026-03-31 01:00:00,25.2,93,,0.0,0,,10.2,18.4,0,Can Tho,10.0341,105.7878,Open-Meteo-Historical,
2026-03-31 02:00:00,24.9,95,,0.0,8,,9.7,18.4,0,Can Tho,10.0341,105.7878,Open-Meteo-Historical,
2026-03-31 03:00:00,24.8,97,,0.0,10,,8.3,18.0,0,Can Tho,10.0341,105.7878,Open-Meteo-Historical,
2026-03-31 04:00:00,24.6,98,,0.0,13,,7.3,15.5,0,Can Tho,10.0341,105.7878,Open-Meteo-Historical,
2026-03-31 05:00:00,24.5,98,,0.0,16,,6.0,13.7,0,Can Tho,10.0341,105.7878,Open-Meteo-Historical,
2026-03-31 06:00:00,24.3,98,,0.0,10,,4.7,11.2,0,Can Tho,10.0341,105.7878,Open-Meteo-Historical,
2026-03-31 07:00:00,25.8,90,,0.0,23,,8.2,16.6,1,Can Tho,10.0341,105.7878,Open-Meteo-Historical,
2026-03-31 08:00:00,27.5,79,,0.0,22,,8.3,21.6,1,Can Tho,10.0341,105.7878,Open-Meteo-Historical,
2026-03-31 09:00:00,29.0,69,,0.0,38,,6.7,20.9,1,Can Tho,10.0341,105.7878,Open-Meteo-Historical,
2026-03-31 10:00:00,30.5,61,,0.0,63,,3.8,19.8,2,Can Tho,10.0341,105.7878,Open-Meteo-Historical,
2026-03-31 11:00:00,31.6,55,,0.0,34,,2.2,16.6,1,Can Tho,10.0341,105.7878,Open-Meteo-Historical,
2026-03-31 12:00:00,32.5,52,,0.0,9,,2.6,15.1,0,Can Tho,10.0341,105.7878,Open-Meteo-Historical,
2026-03-31 13:00:00,32.3,53,,0.0,7,,1.6,15.8,0,Can Tho,10.0341,105.7878,Open-Meteo-Historical,
2026-03-31 14:00:00,32.9,50,,0.0,41,,0.8,14.0,1,Can Tho,10.0341,105.7878,Open-Meteo-Historical,
2026-03-31 15:00:00,33.0,48,,0.0,96,,1.0,12.6,3,Can Tho,10.0341,105.7878,Open-Meteo-Historical,
2026-03-31 16:00:00,32.8,48,,0.0,75,,1.4,11.5,2,Can Tho,10.0341,105.7878,Open-Meteo-Historical,
2026-03-31 17:00:00,32.5,48,,0.0,82,,3.0,10.1,3,Can Tho,10.0341,105.7878,Open-Meteo-Historical,
2026-03-31 18:00:00,31.2,53,,0.0,98,,5.5,10.1,3,Can Tho,10.0341,105.7878,Open-Meteo-Historical,
2026-03-31 19:00:00,29.3,63,,0.0,84,,13.3,20.9,3,Can Tho,10.0341,105.7878,Open-Meteo-Historical,
2026-03-31 20:00:00,28.2,72,,0.0,79,,10.2,24.1,2,Can Tho,10.0341,105.7878,Open-Meteo-Historical,
2026-03-31 21:00:00,27.5,75,,0.0,41,,10.4,20.5,1,Can Tho,10.0341,105.7878,Open-Meteo-Historical,
2026-03-31 22:00:00,26.7,79,,0.0,4,,7.3,19.1,0,Can Tho,10.0341,105.7878,Open-Meteo-Historical,
2026-03-31 23:00:00,26.1,83,,0.0,0,,7.3,13.7,0,Can Tho,10.0341,105.7878,Open-Meteo-Historical,
2026-04-01 00:00:00,25.6,86,,0.0,0,,6.3,14.0,0,Can Tho,10.0341,105.7878,Open-Meteo-Historical,
2026-04-01 01:00:00,25.2,91,,0.0,0,,6.4,11.9,0,Can Tho,10.0341,105.7878,Open-Meteo-Historical,
2026-04-01 02:00:00,25.0,94,,0.0,0,,5.9,11.9,0,Can Tho,10.0341,105.7878,Open-Meteo-Historical,
2026-04-01 03:00:00,24.6,96,,0.0,29,,6.0,11.9,1,Can Tho,10.0341,105.7878,Open-Meteo-Historical,
2026-04-01 04:00:00,24.5,97,,0.0,46,,5.6,11.2,1,Can Tho,10.0341,105.7878,Open-Meteo-Historical,
2026-04-01 05:00:00,24.3,98,,0.0,100,,6.1,11.5,3,Can Tho,10.0341,105.7878,Open-Meteo-Historical,
2026-04-01 06:00:00,24.4,97,,0.0,83,,7.1,14.4,3,Can Tho,10.0341,105.7878,Open-Meteo-Historical,
2026-04-01 07:00:00,25.3,93,,0.0,30,,8.7,19.8,1,Can Tho,10.0341,105.7878,Open-Meteo-Historical,
2026-04-01 08:00:00,27.2,80,,0.0,31,,7.7,20.5,1,Can Tho,10.0341,105.7878,Open-Meteo-Historical,
2026-04-01 09:00:00,28.8,72,,0.0,41,,6.9,20.2,1,Can Tho,10.0341,105.7878,Open-Meteo-Historical,
2026-04-01 10:00:00,29.9,65,,0.0,23,,7.4,21.6,1,Can Tho,10.0341,105.7878,Open-Meteo-Historical,
2026-04-01 11:00:00,31.1,57,,0.0,58,,7.7,23.4,2,Can Tho,10.0341,105.7878,Open-Meteo-Historical,
2026-04-01 12:00:00,32.3,48,,0.0,27,,7.3,23.4,1,Can Tho,10.0341,105.7878,Open-Meteo-Historical,
2026-04-01 13:00:00,32.7,48,,0.0,16,,6.2,22.3,0,Can Tho,10.0341,105.7878,Open-Meteo-Historical,
2026-04-01 14:00:00,32.8,49,,0.0,28,,5.1,19.8,1,Can Tho,10.0341,105.7878,Open-Meteo-Historical,
2026-04-01 15:00:00,33.0,49,,0.0,4,,6.3,18.7,0,Can Tho,10.0341,105.7878,Open-Meteo-Historical,
2026-04-01 16:00:00,32.8,49,,0.0,11,,7.7,19.4,0,Can Tho,10.0341,105.7878,Open-Meteo-Historical,
2026-04-01 17:00:00,32.5,49,,0.0,27,,9.4,19.4,1,Can Tho,10.0341,105.7878,Open-Meteo-Historical,
2026-04-01 18:00:00,30.0,59,,0.0,10,,16.3,31.3,0,Can Tho,10.0341,105.7878,Open-Meteo-Historical,
2026-04-01 19:00:00,28.5,66,,0.0,0,,15.7,32.0,0,Can Tho,10.0341,105.7878,Open-Meteo-Historical,
2026-04-01 20:00:00,27.2,70,,0.0,0,,14.3,29.5,0,Can Tho,10.0341,105.7878,Open-Meteo-Historical,
2026-04-01 21:00:00,26.4,76,,0.0,0,,13.1,26.6,0,Can Tho,10.0341,105.7878,Open-Meteo-Historical,
2026-04-01 22:00:00,25.8,81,,0.0,0,,11.4,24.5,0,Can Tho,10.0341,105.7878,Open-Meteo-Historical,
2026-04-01 23:00:00,25.1,85,,0.0,0,,8.6,20.9,0,Can Tho,10.0341,105.7878,Open-Meteo-Historical,
2026-04-02 00:00:00,24.6,88,,0.0,0,,7.2,15.8,0,Can Tho,10.0341,105.7878,Open-Meteo-Historical,
2026-04-02 01:00:00,24.5,91,,0.0,2,,5.8,13.3,0,Can Tho,10.0341,105.7878,Open-Meteo-Historical,
2026-04-02 02:00:00,24.2,92,,0.0,7,,4.7,10.4,0,Can Tho,10.0341,105.7878,Open-Meteo-Historical,
2026-04-02 03:00:00,24.0,95,,0.0,19,,3.9,9.0,0,Can Tho,10.0341,105.7878,Open-Meteo-Historical,
2026-04-02 04:00:00,23.8,95,,0.0,37,,3.1,7.2,1,Can Tho,10.0341,105.7878,Open-Meteo-Historical,
2026-04-02 05:00:00,23.9,95,,0.0,88,,2.1,5.4,3,Can Tho,10.0341,105.7878,Open-Meteo-Historical,
2026-04-02 06:00:00,24.2,95,,0.0,91,,2.6,5.4,3,Can Tho,10.0341,105.7878,Open-Meteo-Historical,
2026-04-02 07:00:00,25.4,88,,0.0,30,,4.1,11.5,1,Can Tho,10.0341,105.7878,Open-Meteo-Historical,
2026-04-02 08:00:00,27.2,79,,0.0,13,,6.6,16.6,0,Can Tho,10.0341,105.7878,Open-Meteo-Historical,
2026-04-02 09:00:00,29.0,68,,0.0,12,,8.9,23.0,0,Can Tho,10.0341,105.7878,Open-Meteo-Historical,
2026-04-02 10:00:00,30.4,60,,0.0,14,,9.6,25.2,0,Can Tho,10.0341,105.7878,Open-Meteo-Historical,
2026-04-02 11:00:00,31.5,55,,0.0,12,,9.2,25.2,0,Can Tho,10.0341,105.7878,Open-Meteo-Historical,
2026-04-02 12:00:00,32.5,49,,0.0,6,,9.5,25.9,0,Can Tho,10.0341,105.7878,Open-Meteo-Historical,
2026-04-02 13:00:00,33.3,44,,0.0,26,,12.0,29.2,1,Can Tho,10.0341,105.7878,Open-Meteo-Historical,
2026-04-02 14:00:00,33.0,44,,0.0,73,,13.5,31.0,2,Can Tho,10.0341,105.7878,Open-Meteo-Historical,
2026-04-02 15:00:00,32.4,46,,0.0,16,,13.8,31.3,0,Can Tho,10.0341,105.7878,Open-Meteo-Historical,
2026-04-02 16:00:00,32.3,45,,0.0,9,,13.2,31.0,0,Can Tho,10.0341,105.7878,Open-Meteo-Historical,
2026-04-02 17:00:00,31.2,48,,0.0,2,,13.3,28.8,0,Can Tho,10.0341,105.7878,Open-Meteo-Historical,
2026-04-02 18:00:00,29.4,56,,0.0,0,,13.0,27.4,0,Can Tho,10.0341,105.7878,Open-Meteo-Historical,
2026-04-02 19:00:00,28.6,62,,0.0,0,,13.4,24.1,0,Can Tho,10.0341,105.7878,Open-Meteo-Historical,
2026-04-02 20:00:00,27.5,69,,0.0,0,,11.6,24.1,0,Can Tho,10.0341,105.7878,Open-Meteo-Historical,
2026-04-02 21:00:00,26.5,76,,0.0,0,,9.8,20.9,0,Can Tho,10.0341,105.7878,Open-Meteo-Historical,
2026-04-02 22:00:00,25.9,81,,0.0,0,,9.4,17.6,0,Can Tho,10.0341,105.7878,Open-Meteo-Historical,
2026-04-02 23:00:00,25.5,84,,0.0,0,,9.9,18.0,0,Can Tho,10.0341,105.7878,Open-Meteo-Historical,
2026-04-03 00:00:00,25.5,86,,0.0,0,,11.0,20.2,0,Can Tho,10.0341,105.7878,Open-Meteo-Historical,
2026-04-03 01:00:00,25.5,85,,0.0,3,,10.3,20.2,0,Can Tho,10.0341,105.7878,Open-Meteo-Historical,
2026-04-03 02:00:00,25.2,85,,0.0,3,,9.8,18.7,0,Can Tho,10.0341,105.7878,Open-Meteo-Historical,
2026-04-03 03:00:00,24.8,87,,0.0,3,,8.3,18.4,0,Can Tho,10.0341,105.7878,Open-Meteo-Historical,
2026-04-03 04:00:00,24.4,90,,0.0,16,,5.5,15.1,0,Can Tho,10.0341,105.7878,Open-Meteo-Historical,
2026-04-03 05:00:00,23.9,93,,0.0,88,,4.0,10.4,3,Can Tho,10.0341,105.7878,Open-Meteo-Historical,
2026-04-03 06:00:00,24.6,89,,0.0,41,,4.7,9.0,1,Can Tho,10.0341,105.7878,Open-Meteo-Historical,
2026-04-03 07:00:00,25.6,87,,0.0,2,,6.2,15.1,0,Can Tho,10.0341,105.7878,Open-Meteo-Historical,
2026-04-03 08:00:00,27.6,71,,0.0,0,,11.4,25.2,0,Can Tho,10.0341,105.7878,Open-Meteo-Historical,
2026-04-03 09:00:00,29.0,62,,0.0,13,,12.2,28.8,0,Can Tho,10.0341,105.7878,Open-Meteo-Historical,
2026-04-03 10:00:00,30.2,56,,0.0,16,,11.0,28.8,0,Can Tho,10.0341,105.7878,Open-Meteo-Historical,
2026-04-03 11:00:00,31.2,52,,0.0,14,,9.3,27.4,0,Can Tho,10.0341,105.7878,Open-Meteo-Historical,
2026-04-03 12:00:00,32.2,49,,0.0,6,,8.0,25.6,0,Can Tho,10.0341,105.7878,Open-Meteo-Historical,
2026-04-03 13:00:00,32.8,45,,0.0,95,,8.6,23.4,3,Can Tho,10.0341,105.7878,Open-Meteo-Historical,
2026-04-03 14:00:00,32.2,46,,0.0,99,,7.9,22.7,3,Can Tho,10.0341,105.7878,Open-Meteo-Historical,
2026-04-03 15:00:00,31.9,46,,0.0,100,,7.2,21.2,3,Can Tho,10.0341,105.7878,Open-Meteo-Historical,
2026-04-03 16:00:00,32.0,46,,0.0,100,,6.5,19.4,3,Can Tho,10.0341,105.7878,Open-Meteo-Historical,
2026-04-03 17:00:00,31.5,47,,0.0,100,,7.2,16.9,3,Can Tho,10.0341,105.7878,Open-Meteo-Historical,
2026-04-03 18:00:00,29.4,56,,0.0,99,,7.4,15.8,3,Can Tho,10.0341,105.7878,Open-Meteo-Historical,
2026-04-03 19:00:00,28.8,61,,0.0,100,,16.4,24.8,3,Can Tho,10.0341,105.7878,Open-Meteo-Historical,
2026-04-03 20:00:00,27.4,67,,0.0,100,,12.8,31.3,3,Can Tho,10.0341,105.7878,Open-Meteo-Historical,
2026-04-03 21:00:00,26.5,72,,0.0,72,,9.6,22.7,2,Can Tho,10.0341,105.7878,Open-Meteo-Historical,
2026-04-03 22:00:00,25.7,77,,0.0,0,,7.1,17.6,0,Can Tho,10.0341,105.7878,Open-Meteo-Historical,
2026-04-03 23:00:00,25.2,80,,0.0,0,,7.2,13.3,0,Can Tho,10.0341,105.7878,Open-Meteo-Historical,
2026-04-04 00:00:00,24.7,83,,0.0,90,,7.2,13.7,3,Can Tho,10.0341,105.7878,Open-Meteo-Historical,
2026-04-04 01:00:00,24.1,90,,0.0,95,,5.4,13.3,3,Can Tho,10.0341,105.7878,Open-Meteo-Historical,
2026-04-04 02:00:00,23.4,93,,0.0,94,,2.2,9.7,3,Can Tho,10.0341,105.7878,Open-Meteo-Historical,
2026-04-04 03:00:00,23.1,93,,0.0,89,,1.1,3.6,3,Can Tho,10.0341,105.7878,Open-Meteo-Historical,
2026-04-04 04:00:00,22.9,95,,0.0,94,,1.3,2.5,3,Can Tho,10.0341,105.7878,Open-Meteo-Historical,
2026-04-04 05:00:00,22.7,95,,0.0,99,,0.6,2.5,3,Can Tho,10.0341,105.7878,Open-Meteo-Historical,
2026-04-04 06:00:00,22.5,96,,0.0,100,,0.5,1.8,3,Can Tho,10.0341,105.7878,Open-Meteo-Historical,
2026-04-04 07:00:00,24.6,92,,0.0,99,,0.4,6.8,3,Can Tho,10.0341,105.7878,Open-Meteo-Historical,
2026-04-04 08:00:00,26.9,80,,0.0,99,,2.9,11.9,3,Can Tho,10.0341,105.7878,Open-Meteo-Historical,
2026-04-04 09:00:00,28.8,69,,0.0,96,,5.2,17.6,3,Can Tho,10.0341,105.7878,Open-Meteo-Historical,
2026-04-04 10:00:00,30.1,60,,0.0,97,,3.6,17.6,3,Can Tho,10.0341,105.7878,Open-Meteo-Historical,
2026-04-04 11:00:00,31.4,53,,0.0,100,,3.1,16.2,3,Can Tho,10.0341,105.7878,Open-Meteo-Historical,
2026-04-04 12:00:00,32.5,49,,0.0,100,,3.2,16.2,3,Can Tho,10.0341,105.7878,Open-Meteo-Historical,
2026-04-04 13:00:00,32.7,46,,0.0,98,,3.1,17.3,3,Can Tho,10.0341,105.7878,Open-Meteo-Historical,
2026-04-04 14:00:00,33.4,44,,0.0,98,,4.8,17.6,3,Can Tho,10.0341,105.7878,Open-Meteo-Historical,
2026-04-04 15:00:00,33.4,43,,0.0,98,,5.0,18.0,3,Can Tho,10.0341,105.7878,Open-Meteo-Historical,
2026-04-04 16:00:00,33.2,43,,0.0,98,,3.9,16.6,3,Can Tho,10.0341,105.7878,Open-Meteo-Historical,
2026-04-04 17:00:00,32.8,44,,0.0,84,,1.2,13.0,3,Can Tho,10.0341,105.7878,Open-Meteo-Historical,
2026-04-04 18:00:00,31.5,58,,0.0,89,,0.2,5.0,3,Can Tho,10.0341,105.7878,Open-Meteo-Historical,
2026-04-04 19:00:00,29.5,58,,0.0,89,,13.5,20.2,3,Can Tho,10.0341,105.7878,Open-Meteo-Historical,
2026-04-04 20:00:00,28.0,67,,0.0,4,,12.2,26.3,0,Can Tho,10.0341,105.7878,Open-Meteo-Historical,
2026-04-04 21:00:00,27.5,71,,0.0,7,,9.8,22.0,0,Can Tho,10.0341,105.7878,Open-Meteo-Historical,
2026-04-04 22:00:00,26.8,76,,0.0,0,,8.0,17.6,0,Can Tho,10.0341,105.7878,Open-Meteo-Historical,
2026-04-04 23:00:00,26.3,80,,0.0,0,,7.6,14.4,0,Can Tho,10.0341,105.7878,Open-Meteo-Historical,
2026-04-05 00:00:00,25.9,83,,0.0,0,,8.1,14.4,0,Can Tho,10.0341,105.7878,Open-Meteo-Historical,
2026-04-05 01:00:00,25.4,87,,0.0,0,,7.4,14.8,0,Can Tho,10.0341,105.7878,Open-Meteo-Historical,
2026-04-05 02:00:00,24.9,91,,0.0,4,,4.9,13.0,0,Can Tho,10.0341,105.7878,Open-Meteo-Historical,
2026-04-05 03:00:00,24.6,92,,0.0,5,,5.2,9.7,0,Can Tho,10.0341,105.7878,Open-Meteo-Historical,
2026-04-05 04:00:00,24.4,93,,0.0,23,,4.7,10.1,1,Can Tho,10.0341,105.7878,Open-Meteo-Historical,
2026-04-05 05:00:00,24.0,95,,0.0,2,,3.7,9.0,0,Can Tho,10.0341,105.7878,Open-Meteo-Historical,
2026-04-05 06:00:00,23.7,96,,0.0,2,,3.7,6.8,0,Can Tho,10.0341,105.7878,Open-Meteo-Historical,
2026-04-05 07:00:00,25.6,88,,0.0,2,,4.9,11.5,0,Can Tho,10.0341,105.7878,Open-Meteo-Historical,
2026-04-05 08:00:00,27.7,78,,0.0,21,,6.6,16.9,1,Can Tho,10.0341,105.7878,Open-Meteo-Historical,
2026-04-05 09:00:00,29.5,68,,0.0,35,,7.2,22.3,1,Can Tho,10.0341,105.7878,Open-Meteo-Historical,
2026-04-05 10:00:00,31.1,60,,0.0,30,,6.2,20.9,1,Can Tho,10.0341,105.7878,Open-Meteo-Historical,
2026-04-05 11:00:00,32.5,55,,0.0,23,,6.1,20.2,1,Can Tho,10.0341,105.7878,Open-Meteo-Historical,
2026-04-05 12:00:00,33.5,49,,0.0,26,,6.2,20.5,1,Can Tho,10.0341,105.7878,Open-Meteo-Historical,
2026-04-05 13:00:00,33.9,47,,0.0,16,,4.6,20.5,0,Can Tho,10.0341,105.7878,Open-Meteo-Historical,
2026-04-05 14:00:00,34.2,46,,0.0,23,,6.1,19.4,1,Can Tho,10.0341,105.7878,Open-Meteo-Historical,
2026-04-05 15:00:00,34.2,45,,0.0,26,,7.3,20.2,1,Can Tho,10.0341,105.7878,Open-Meteo-Historical,
2026-04-05 16:00:00,34.1,46,,0.0,9,,8.1,20.5,0,Can Tho,10.0341,105.7878,Open-Meteo-Historical,
2026-04-05 17:00:00,33.5,47,,0.0,18,,6.5,20.2,0,Can Tho,10.0341,105.7878,Open-Meteo-Historical,
2026-04-05 18:00:00,31.8,53,,0.0,20,,9.4,15.1,1,Can Tho,10.0341,105.7878,Open-Meteo-Historical,
2026-04-05 19:00:00,30.2,58,,0.0,13,,12.0,25.9,0,Can Tho,10.0341,105.7878,Open-Meteo-Historical,
2026-04-05 20:00:00,28.9,62,,0.0,4,,11.9,22.3,0,Can Tho,10.0341,105.7878,Open-Meteo-Historical,
2026-04-05 21:00:00,27.4,73,,0.0,0,,12.2,22.7,0,Can Tho,10.0341,105.7878,Open-Meteo-Historical,
2026-04-05 22:00:00,26.6,80,,0.0,0,,11.3,22.7,0,Can Tho,10.0341,105.7878,Open-Meteo-Historical,
2026-04-05 23:00:00,26.3,84,,0.0,0,,11.0,21.2,0,Can Tho,10.0341,105.7878,Open-Meteo-Historical,
2026-04-06 00:00:00,26.0,86,,0.0,0,,10.0,20.5,0,Can Tho,10.0341,105.7878,Open-Meteo-Historical,
2026-04-06 01:00:00,25.5,90,,0.0,3,,8.0,18.4,0,Can Tho,10.0341,105.7878,Open-Meteo-Historical,
2026-04-06 02:00:00,25.2,91,,0.0,0,,7.0,14.0,0,Can Tho,10.0341,105.7878,Open-Meteo-Historical,
2026-04-06 03:00:00,24.9,93,,0.0,0,,6.5,13.3,0,Can Tho,10.0341,105.7878,Open-Meteo-Historical,
2026-04-06 04:00:00,24.5,95,,0.0,0,,5.3,11.9,0,Can Tho,10.0341,105.7878,Open-Meteo-Historical,
2026-04-06 05:00:00,24.2,96,,0.0,0,,4.8,10.1,0,Can Tho,10.0341,105.7878,Open-Meteo-Historical,
2026-04-06 06:00:00,23.8,96,,0.0,2,,3.8,9.0,0,Can Tho,10.0341,105.7878,Open-Meteo-Historical,
2026-04-06 07:00:00,25.5,90,,0.0,16,,3.9,11.5,0,Can Tho,10.0341,105.7878,Open-Meteo-Historical,
2026-04-06 08:00:00,27.6,78,,0.0,28,,7.6,18.0,1,Can Tho,10.0341,105.7878,Open-Meteo-Historical,
2026-04-06 09:00:00,29.4,68,,0.0,45,,10.4,25.6,1,Can Tho,10.0341,105.7878,Open-Meteo-Historical,
2026-04-06 10:00:00,31.0,60,,0.0,37,,9.1,25.9,1,Can Tho,10.0341,105.7878,Open-Meteo-Historical,
2026-04-06 11:00:00,32.3,56,,0.0,13,,7.3,24.5,0,Can Tho,10.0341,105.7878,Open-Meteo-Historical,
2026-04-06 12:00:00,33.5,52,,0.0,2,,5.9,22.3,0,Can Tho,10.0341,105.7878,Open-Meteo-Historical,
2026-04-06 13:00:00,34.2,47,,0.0,18,,5.4,20.5,0,Can Tho,10.0341,105.7878,Open-Meteo-Historical,
2026-04-06 14:00:00,34.8,43,,0.0,16,,5.2,18.7,0,Can Tho,10.0341,105.7878,Open-Meteo-Historical,
2026-04-06 15:00:00,35.0,41,,0.0,6,,7.1,19.8,0,Can Tho,10.0341,105.7878,Open-Meteo-Historical,
2026-04-06 16:00:00,34.6,41,,0.0,17,,9.3,22.0,0,Can Tho,10.0341,105.7878,Open-Meteo-Historical,
2026-04-06 17:00:00,33.7,42,,0.0,13,,9.8,22.0,0,Can Tho,10.0341,105.7878,Open-Meteo-Historical,
2026-04-06 18:00:00,31.8,51,,0.0,6,,13.1,23.4,0,Can Tho,10.0341,105.7878,Open-Meteo-Historical,
2026-04-06 19:00:00,30.6,57,,0.0,4,,11.7,24.5,0,Can Tho,10.0341,105.7878,Open-Meteo-Historical,
2026-04-06 20:00:00,29.2,64,,0.0,2,,11.2,21.6,0,Can Tho,10.0341,105.7878,Open-Meteo-Historical,
2026-04-06 21:00:00,28.0,72,,0.0,0,,11.9,22.0,0,Can Tho,10.0341,105.7878,Open-Meteo-Historical,
2026-04-06 22:00:00,27.4,77,,0.0,4,,12.1,22.3,0,Can Tho,10.0341,105.7878,Open-Meteo-Historical,
2026-04-06 23:00:00,27.0,80,,0.0,2,,12.5,23.0,0,Can Tho,10.0341,105.7878,Open-Meteo-Historical,
2026-04-07 00:00:00,26.7,83,,0.0,5,,11.7,23.4,0,Can Tho,10.0341,105.7878,Open-Meteo-Historical,
2026-04-07 01:00:00,26.2,88,,0.0,14,,9.0,21.6,0,Can Tho,10.0341,105.7878,Open-Meteo-Historical,
2026-04-07 02:00:00,25.7,91,,0.0,4,,7.4,16.2,0,Can Tho,10.0341,105.7878,Open-Meteo-Historical,
2026-04-07 03:00:00,25.2,93,,0.0,0,,7.1,13.7,0,Can Tho,10.0341,105.7878,Open-Meteo-Historical,
2026-04-07 04:00:00,24.9,94,,0.0,0,,7.4,13.7,0,Can Tho,10.0341,105.7878,Open-Meteo-Historical,
2026-04-07 05:00:00,24.7,94,,0.0,0,,8.3,15.1,0,Can Tho,10.0341,105.7878,Open-Meteo-Historical,
2026-04-07 06:00:00,24.5,95,,0.0,0,,8.0,15.5,0,Can Tho,10.0341,105.7878,Open-Meteo-Historical,
2026-04-07 07:00:00,26.0,88,,0.0,0,,6.6,15.1,0,Can Tho,10.0341,105.7878,Open-Meteo-Historical,
2026-04-07 08:00:00,28.1,74,,0.0,0,,8.1,20.2,0,Can Tho,10.0341,105.7878,Open-Meteo-Historical,
2026-04-07 09:00:00,30.1,61,,0.0,0,,8.0,22.0,0,Can Tho,10.0341,105.7878,Open-Meteo-Historical,
2026-04-07 10:00:00,31.8,52,,0.0,48,,7.3,22.0,1,Can Tho,10.0341,105.7878,Open-Meteo-Historical,
2026-04-07 11:00:00,33.2,46,,0.0,91,,7.0,21.6,3,Can Tho,10.0341,105.7878,Open-Meteo-Historical,
2026-04-07 12:00:00,34.3,42,,0.0,95,,6.5,21.6,3,Can Tho,10.0341,105.7878,Open-Meteo-Historical,
2026-04-07 13:00:00,34.7,42,,0.0,91,,7.2,20.9,3,Can Tho,10.0341,105.7878,Open-Meteo-Historical,
2026-04-07 14:00:00,34.9,39,,0.0,96,,6.2,21.6,3,Can Tho,10.0341,105.7878,Open-Meteo-Historical,
2026-04-07 15:00:00,35.0,38,,0.0,96,,8.3,21.6,3,Can Tho,10.0341,105.7878,Open-Meteo-Historical,
2026-04-07 16:00:00,34.0,40,,0.0,93,,12.9,28.1,3,Can Tho,10.0341,105.7878,Open-Meteo-Historical,
2026-04-07 17:00:00,33.0,41,,0.0,95,,13.1,29.5,3,Can Tho,10.0341,105.7878,Open-Meteo-Historical,
2026-04-07 18:00:00,31.5,45,,0.0,95,,6.6,26.6,3,Can Tho,10.0341,105.7878,Open-Meteo-Historical,
2026-04-07 19:00:00,30.6,49,,0.0,99,,11.8,16.9,3,Can Tho,10.0341,105.7878,Open-Meteo-Historical,
2026-04-07 20:00:00,28.9,63,,0.0,99,,9.3,22.0,3,Can Tho,10.0341,105.7878,Open-Meteo-Historical,
2026-04-07 21:00:00,27.9,69,,0.0,100,,7.9,16.9,3,Can Tho,10.0341,105.7878,Open-Meteo-Historical,
2026-04-07 22:00:00,27.4,70,,0.0,100,,7.3,14.4,3,Can Tho,10.0341,105.7878,Open-Meteo-Historical,
2026-04-07 23:00:00,26.8,74,,0.0,88,,7.2,13.3,3,Can Tho,10.0341,105.7878,Open-Meteo-Historical,
2026-04-08 00:00:00,26.4,79,,0.0,23,,6.4,13.3,1,Can Tho,10.0341,105.7878,Open-Meteo-Historical,
2026-04-08 01:00:00,26.2,84,,0.0,1,,6.9,12.2,0,Can Tho,10.0341,105.7878,Open-Meteo-Historical,
2026-04-08 02:00:00,25.9,88,,0.0,6,,7.4,13.3,0,Can Tho,10.0341,105.7878,Open-Meteo-Historical,
2026-04-08 03:00:00,25.5,93,,0.0,8,,8.3,15.1,0,Can Tho,10.0341,105.7878,Open-Meteo-Historical,
2026-04-08 04:00:00,25.2,97,,0.0,1,,8.4,15.5,0,Can Tho,10.0341,105.7878,Open-Meteo-Historical,
2026-04-08 05:00:00,25.1,98,,0.0,5,,7.9,15.5,0,Can Tho,10.0341,105.7878,Open-Meteo-Historical,
2026-04-08 06:00:00,25.0,98,,0.0,6,,6.4,14.4,0,Can Tho,10.0341,105.7878,Open-Meteo-Historical,
2026-04-08 07:00:00,26.3,94,,0.0,58,,10.4,18.4,2,Can Tho,10.0341,105.7878,Open-Meteo-Historical,
2026-04-08 08:00:00,28.2,81,,0.0,89,,9.6,24.5,3,Can Tho,10.0341,105.7878,Open-Meteo-Historical,
2026-04-08 09:00:00,30.1,70,,0.0,100,,6.5,22.7,3,Can Tho,10.0341,105.7878,Open-Meteo-Historical,
2026-04-08 10:00:00,32.0,59,,0.0,100,,5.6,19.8,3,Can Tho,10.0341,105.7878,Open-Meteo-Historical,
2026-04-08 11:00:00,33.5,50,,0.0,82,,4.4,19.1,3,Can Tho,10.0341,105.7878,Open-Meteo-Historical,
2026-04-08 12:00:00,34.5,45,,0.0,70,,2.6,17.6,2,Can Tho,10.0341,105.7878,Open-Meteo-Historical,
2026-04-08 13:00:00,34.5,45,,0.0,28,,3.8,18.7,1,Can Tho,10.0341,105.7878,Open-Meteo-Historical,
2026-04-08 14:00:00,34.5,45,,0.0,9,,6.4,19.8,0,Can Tho,10.0341,105.7878,Open-Meteo-Historical,
2026-04-08 15:00:00,34.4,45,,0.0,10,,8.2,22.0,0,Can Tho,10.0341,105.7878,Open-Meteo-Historical,
2026-04-08 16:00:00,34.0,45,,0.0,18,,8.7,22.3,0,Can Tho,10.0341,105.7878,Open-Meteo-Historical,
2026-04-08 17:00:00,32.2,53,,0.0,42,,13.8,29.5,1,Can Tho,10.0341,105.7878,Open-Meteo-Historical,
2026-04-08 18:00:00,31.2,57,,0.0,15,,9.8,29.5,0,Can Tho,10.0341,105.7878,Open-Meteo-Historical,
2026-04-08 19:00:00,30.9,61,,0.0,14,,12.6,18.0,0,Can Tho,10.0341,105.7878,Open-Meteo-Historical,
2026-04-08 20:00:00,29.5,66,,0.0,4,,13.9,25.9,0,Can Tho,10.0341,105.7878,Open-Meteo-Historical,
2026-04-08 21:00:00,28.2,75,,0.0,0,,11.5,26.3,0,Can Tho,10.0341,105.7878,Open-Meteo-Historical,
2026-04-08 22:00:00,27.5,83,,0.0,0,,10.9,20.9,0,Can Tho,10.0341,105.7878,Open-Meteo-Historical,
2026-04-08 23:00:00,26.9,88,,0.0,0,,11.0,20.2,0,Can Tho,10.0341,105.7878,Open-Meteo-Historical,
2026-04-09 00:00:00,26.4,90,,0.0,0,,11.5,21.2,0,Can Tho,10.0341,105.7878,Open-Meteo-Historical,
2026-04-09 01:00:00,25.8,94,,0.0,16,,10.1,21.2,0,Can Tho,10.0341,105.7878,Open-Meteo-Historical,
2026-04-09 02:00:00,25.4,96,,0.0,14,,7.2,18.4,0,Can Tho,10.0341,105.7878,Open-Meteo-Historical,
2026-04-09 03:00:00,25.2,97,,0.0,14,,6.5,13.7,0,Can Tho,10.0341,105.7878,Open-Meteo-Historical,
2026-04-09 04:00:00,25.0,97,,0.0,23,,5.8,12.2,1,Can Tho,10.0341,105.7878,Open-Meteo-Historical,
2026-04-09 05:00:00,24.9,98,,0.0,50,,4.4,10.8,2,Can Tho,10.0341,105.7878,Open-Meteo-Historical,
2026-04-09 06:00:00,24.9,98,,0.0,64,,4.0,8.3,2,Can Tho,10.0341,105.7878,Open-Meteo-Historical,
2026-04-09 07:00:00,26.5,91,,0.0,35,,5.9,14.4,1,Can Tho,10.0341,105.7878,Open-Meteo-Historical,
2026-04-09 08:00:00,28.2,80,,0.0,26,,8.7,21.2,1,Can Tho,10.0341,105.7878,Open-Meteo-Historical,
2026-04-09 09:00:00,29.6,70,,0.0,42,,8.5,22.7,1,Can Tho,10.0341,105.7878,Open-Meteo-Historical,
2026-04-09 10:00:00,31.0,63,,0.0,7,,7.9,22.7,0,Can Tho,10.0341,105.7878,Open-Meteo-Historical,
2026-04-09 11:00:00,32.4,56,,0.0,17,,7.5,23.0,0,Can Tho,10.0341,105.7878,Open-Meteo-Historical,
2026-04-09 12:00:00,33.5,50,,0.0,14,,6.9,22.7,0,Can Tho,10.0341,105.7878,Open-Meteo-Historical,
2026-04-09 13:00:00,33.4,50,,0.0,34,,5.1,22.0,1,Can Tho,10.0341,105.7878,Open-Meteo-Historical,
2026-04-09 14:00:00,33.6,47,,0.0,22,,5.9,19.4,1,Can Tho,10.0341,105.7878,Open-Meteo-Historical,
2026-04-09 15:00:00,33.8,45,,0.0,28,,6.3,19.4,1,Can Tho,10.0341,105.7878,Open-Meteo-Historical,
2026-04-09 16:00:00,33.4,45,,0.0,73,,8.3,20.2,2,Can Tho,10.0341,105.7878,Open-Meteo-Historical,
2026-04-09 17:00:00,32.7,47,,0.0,51,,8.5,20.2,2,Can Tho,10.0341,105.7878,Open-Meteo-Historical,
2026-04-09 18:00:00,31.4,53,,0.0,77,,9.5,18.7,2,Can Tho,10.0341,105.7878,Open-Meteo-Historical,
2026-04-09 19:00:00,30.2,59,,0.0,49,,12.9,27.4,1,Can Tho,10.0341,105.7878,Open-Meteo-Historical,
2026-04-09 20:00:00,29.2,62,,0.0,15,,11.9,23.8,0,Can Tho,10.0341,105.7878,Open-Meteo-Historical,
2026-04-09 21:00:00,28.0,70,,0.0,0,,11.3,23.0,0,Can Tho,10.0341,105.7878,Open-Meteo-Historical,
2026-04-09 22:00:00,27.0,76,,0.0,0,,10.2,20.9,0,Can Tho,10.0341,105.7878,Open-Meteo-Historical,
2026-04-09 23:00:00,26.4,81,,0.0,0,,9.2,19.1,0,Can Tho,10.0341,105.7878,Open-Meteo-Historical,
2026-04-10 00:00:00,25.9,84,,0.0,0,,8.0,16.9,0,Can Tho,10.0341,105.7878,Open-Meteo-Historical,
2026-04-10 01:00:00,25.6,87,,0.0,0,,6.8,14.8,0,Can Tho,10.0341,105.7878,Open-Meteo-Historical,
2026-04-10 02:00:00,25.2,89,,0.0,0,,5.4,12.2,0,Can Tho,10.0341,105.7878,Open-Meteo-Historical,
2026-04-10 03:00:00,25.0,91,,0.0,0,,5.9,11.5,0,Can Tho,10.0341,105.7878,Open-Meteo-Historical,
2026-04-10 04:00:00,24.4,94,,0.0,0,,4.1,11.2,0,Can Tho,10.0341,105.7878,Open-Meteo-Historical,
2026-04-10 05:00:00,24.1,94,,0.0,0,,4.3,8.3,0,Can Tho,10.0341,105.7878,Open-Meteo-Historical,
2026-04-10 06:00:00,23.9,95,,0.0,1,,4.5,8.6,0,Can Tho,10.0341,105.7878,Open-Meteo-Historical,
2026-04-10 07:00:00,25.8,86,,0.0,1,,4.9,13.0,0,Can Tho,10.0341,105.7878,Open-Meteo-Historical,
2026-04-10 08:00:00,28.0,76,,0.0,28,,7.0,17.6,1,Can Tho,10.0341,105.7878,Open-Meteo-Historical,
2026-04-10 09:00:00,29.6,67,,0.0,76,,7.7,22.0,2,Can Tho,10.0341,105.7878,Open-Meteo-Historical,
2026-04-10 10:00:00,31.0,60,,0.0,83,,6.5,21.6,3,Can Tho,10.0341,105.7878,Open-Meteo-Historical,
2026-04-10 11:00:00,32.2,55,,0.0,26,,5.7,20.5,1,Can Tho,10.0341,105.7878,Open-Meteo-Historical,
2026-04-10 12:00:00,33.1,51,,0.0,63,,4.2,19.8,2,Can Tho,10.0341,105.7878,Open-Meteo-Historical,
2026-04-10 13:00:00,33.2,48,,0.0,84,,2.7,17.6,3,Can Tho,10.0341,105.7878,Open-Meteo-Historical,
2026-04-10 14:00:00,33.8,47,,0.0,42,,3.1,15.5,1,Can Tho,10.0341,105.7878,Open-Meteo-Historical,
2026-04-10 15:00:00,33.8,48,,0.0,34,,3.2,15.5,1,Can Tho,10.0341,105.7878,Open-Meteo-Historical,
2026-04-10 16:00:00,33.6,49,,0.0,9,,4.2,14.0,0,Can Tho,10.0341,105.7878,Open-Meteo-Historical,
2026-04-10 17:00:00,32.8,51,,0.0,9,,6.4,15.8,0,Can Tho,10.0341,105.7878,Open-Meteo-Historical,
2026-04-10 18:00:00,31.6,57,,0.0,3,,2.6,15.5,0,Can Tho,10.0341,105.7878,Open-Meteo-Historical,
2026-04-10 19:00:00,31.4,54,,0.0,13,,3.8,14.4,0,Can Tho,10.0341,105.7878,Open-Meteo-Historical,
2026-04-10 20:00:00,29.2,66,,0.0,1,,13.5,25.9,0,Can Tho,10.0341,105.7878,Open-Meteo-Historical,
2026-04-10 21:00:00,28.2,70,,0.0,0,,11.4,25.2,0,Can Tho,10.0341,105.7878,Open-Meteo-Historical,
2026-04-10 22:00:00,27.5,74,,0.0,5,,10.5,22.0,0,Can Tho,10.0341,105.7878,Open-Meteo-Historical,
2026-04-10 23:00:00,27.0,77,,0.0,35,,9.7,19.4,1,Can Tho,10.0341,105.7878,Open-Meteo-Historical,
2026-04-11 00:00:00,26.5,78,,0.0,12,,10.1,18.7,0,Can Tho,10.0341,105.7878,Open-Meteo-Historical,
2026-04-11 01:00:00,26.2,81,,0.0,1,,7.9,18.4,0,Can Tho,10.0341,105.7878,Open-Meteo-Historical,
2026-04-11 02:00:00,26.0,83,,0.0,1,,8.2,15.1,0,Can Tho,10.0341,105.7878,Open-Meteo-Historical,
2026-04-11 03:00:00,25.8,86,,0.0,0,,7.6,15.1,0,Can Tho,10.0341,105.7878,Open-Meteo-Historical,
2026-04-11 04:00:00,25.5,89,,0.0,0,,7.5,14.0,0,Can Tho,10.0341,105.7878,Open-Meteo-Historical,
2026-04-11 05:00:00,25.2,92,,0.0,0,,6.6,13.7,0,Can Tho,10.0341,105.7878,Open-Meteo-Historical,
2026-04-11 06:00:00,25.1,94,,0.0,0,,6.0,12.2,0,Can Tho,10.0341,105.7878,Open-Meteo-Historical,
2026-04-11 07:00:00,26.5,87,,0.0,1,,5.4,13.7,0,Can Tho,10.0341,105.7878,Open-Meteo-Historical,
2026-04-11 08:00:00,28.5,77,,0.0,13,,8.7,20.9,0,Can Tho,10.0341,105.7878,Open-Meteo-Historical,
2026-04-11 09:00:00,30.5,65,,0.0,32,,9.0,23.8,1,Can Tho,10.0341,105.7878,Open-Meteo-Historical,
2026-04-11 10:00:00,32.0,57,,0.0,28,,6.8,23.4,1,Can Tho,10.0341,105.7878,Open-Meteo-Historical,
2026-04-11 11:00:00,33.2,51,,0.0,9,,6.2,20.5,0,Can Tho,10.0341,105.7878,Open-Meteo-Historical,
2026-04-11 12:00:00,34.2,46,,0.0,9,,5.7,20.5,0,Can Tho,10.0341,105.7878,Open-Meteo-Historical,
2026-04-11 13:00:00,34.4,45,,0.0,10,,3.6,19.8,0,Can Tho,10.0341,105.7878,Open-Meteo-Historical,
2026-04-11 14:00:00,35.1,42,,0.0,14,,2.8,15.5,0,Can Tho,10.0341,105.7878,Open-Meteo-Historical,
2026-04-11 15:00:00,35.2,39,,0.0,20,,3.5,14.8,1,Can Tho,10.0341,105.7878,Open-Meteo-Historical,
2026-04-11 16:00:00,35.0,39,,0.0,20,,2.7,14.0,1,Can Tho,10.0341,105.7878,Open-Meteo-Historical,
2026-04-11 17:00:00,34.5,41,,0.0,17,,4.7,10.8,0,Can Tho,10.0341,105.7878,Open-Meteo-Historical,
2026-04-11 18:00:00,31.8,54,,0.0,28,,9.3,19.4,1,Can Tho,10.0341,105.7878,Open-Meteo-Historical,
2026-04-11 19:00:00,30.4,64,,0.1,35,,10.3,20.2,51,Can Tho,10.0341,105.7878,Open-Meteo-Historical,
2026-04-11 20:00:00,29.6,66,,0.0,16,,7.1,19.4,0,Can Tho,10.0341,105.7878,Open-Meteo-Historical,
2026-04-11 21:00:00,28.9,69,,0.0,6,,9.3,16.9,0,Can Tho,10.0341,105.7878,Open-Meteo-Historical,
2026-04-11 22:00:00,28.1,74,,0.0,2,,8.1,16.9,0,Can Tho,10.0341,105.7878,Open-Meteo-Historical,
2026-04-11 23:00:00,27.5,79,,0.0,0,,7.4,14.8,0,Can Tho,10.0341,105.7878,Open-Meteo-Historical,
2026-04-12 00:00:00,26.9,82,,0.0,0,,7.7,14.0,0,Can Tho,10.0341,105.7878,Open-Meteo-Historical,
2026-04-12 01:00:00,26.5,87,,0.0,0,,6.3,13.7,0,Can Tho,10.0341,105.7878,Open-Meteo-Historical,
2026-04-12 02:00:00,26.1,90,,0.0,0,,5.5,11.2,0,Can Tho,10.0341,105.7878,Open-Meteo-Historical,
2026-04-12 03:00:00,25.8,92,,0.0,0,,4.4,10.1,0,Can Tho,10.0341,105.7878,Open-Meteo-Historical,
2026-04-12 04:00:00,25.4,94,,0.0,0,,4.3,8.6,0,Can Tho,10.0341,105.7878,Open-Meteo-Historical,
2026-04-12 05:00:00,25.1,95,,0.0,0,,4.6,9.0,0,Can Tho,10.0341,105.7878,Open-Meteo-Historical,
2026-04-12 06:00:00,25.0,96,,0.0,0,,5.4,10.1,0,Can Tho,10.0341,105.7878,Open-Meteo-Historical,
2026-04-12 07:00:00,26.7,88,,0.0,0,,6.2,13.3,0,Can Tho,10.0341,105.7878,Open-Meteo-Historical,
2026-04-12 08:00:00,28.8,78,,0.0,0,,8.0,20.2,0,Can Tho,10.0341,105.7878,Open-Meteo-Historical,
2026-04-12 09:00:00,30.5,68,,0.0,0,,8.2,22.3,0,Can Tho,10.0341,105.7878,Open-Meteo-Historical,
2026-04-12 10:00:00,32.1,61,,0.0,4,,8.0,23.0,0,Can Tho,10.0341,105.7878,Open-Meteo-Historical,
2026-04-12 11:00:00,33.6,51,,0.0,14,,7.7,23.0,0,Can Tho,10.0341,105.7878,Open-Meteo-Historical,
2026-04-12 12:00:00,34.6,44,,0.0,11,,6.7,22.7,0,Can Tho,10.0341,105.7878,Open-Meteo-Historical,
2026-04-12 13:00:00,34.9,44,,0.0,20,,7.7,20.9,1,Can Tho,10.0341,105.7878,Open-Meteo-Historical,
2026-04-12 14:00:00,35.0,42,,0.0,16,,8.0,22.0,0,Can Tho,10.0341,105.7878,Open-Meteo-Historical,
2026-04-12 15:00:00,34.7,42,,0.0,19,,9.7,23.4,0,Can Tho,10.0341,105.7878,Open-Meteo-Historical,
2026-04-12 16:00:00,34.1,44,,0.0,59,,10.1,24.5,2,Can Tho,10.0341,105.7878,Open-Meteo-Historical,
2026-04-12 17:00:00,32.9,48,,0.0,30,,10.9,23.4,1,Can Tho,10.0341,105.7878,Open-Meteo-Historical,
2026-04-12 18:00:00,31.2,57,,0.0,10,,13.5,24.5,0,Can Tho,10.0341,105.7878,Open-Meteo-Historical,
2026-04-12 19:00:00,30.4,60,,0.0,15,,13.5,25.2,0,Can Tho,10.0341,105.7878,Open-Meteo-Historical,
2026-04-12 20:00:00,29.1,65,,0.0,2,,12.8,26.3,0,Can Tho,10.0341,105.7878,Open-Meteo-Historical,
2026-04-12 21:00:00,28.2,67,,0.0,1,,12.6,24.1,0,Can Tho,10.0341,105.7878,Open-Meteo-Historical,
2026-04-12 22:00:00,27.6,71,,0.0,0,,10.7,23.4,0,Can Tho,10.0341,105.7878,Open-Meteo-Historical,
2026-04-12 23:00:00,27.1,74,,0.0,0,,10.0,19.8,0,Can Tho,10.0341,105.7878,Open-Meteo-Historical,
2026-04-13 00:00:00,26.8,76,,0.0,0,,9.8,18.4,0,Can Tho,10.0341,105.7878,Open-Meteo-Historical,
2026-04-13 01:00:00,26.4,81,,0.0,16,,9.2,18.0,0,Can Tho,10.0341,105.7878,Open-Meteo-Historical,
2026-04-13 02:00:00,26.0,85,,0.0,78,,7.6,16.6,2,Can Tho,10.0341,105.7878,Open-Meteo-Historical,
2026-04-13 03:00:00,25.6,88,,0.0,52,,6.0,14.0,2,Can Tho,10.0341,105.7878,Open-Meteo-Historical,
2026-04-13 04:00:00,25.4,90,,0.0,24,,5.7,11.5,1,Can Tho,10.0341,105.7878,Open-Meteo-Historical,
2026-04-13 05:00:00,25.1,91,,0.0,71,,5.4,10.8,2,Can Tho,10.0341,105.7878,Open-Meteo-Historical,
2026-04-13 06:00:00,24.9,92,,0.0,29,,4.7,10.4,1,Can Tho,10.0341,105.7878,Open-Meteo-Historical,
2026-04-13 07:00:00,26.8,86,,0.0,2,,4.9,12.6,0,Can Tho,10.0341,105.7878,Open-Meteo-Historical,
2026-04-13 08:00:00,28.8,76,,0.0,32,,7.9,18.4,1,Can Tho,10.0341,105.7878,Open-Meteo-Historical,
2026-04-13 09:00:00,30.4,66,,0.0,18,,8.8,24.1,0,Can Tho,10.0341,105.7878,Open-Meteo-Historical,
2026-04-13 10:00:00,32.0,56,,0.0,1,,8.3,23.4,0,Can Tho,10.0341,105.7878,Open-Meteo-Historical,
2026-04-13 11:00:00,33.4,49,,0.0,10,,7.5,23.8,0,Can Tho,10.0341,105.7878,Open-Meteo-Historical,
2026-04-13 12:00:00,34.3,43,,0.0,9,,6.4,23.0,0,Can Tho,10.0341,105.7878,Open-Meteo-Historical,
2026-04-13 13:00:00,33.7,47,,0.0,29,,7.0,22.0,1,Can Tho,10.0341,105.7878,Open-Meteo-Historical,
2026-04-13 14:00:00,34.0,46,,0.2,41,,7.6,21.6,51,Can Tho,10.0341,105.7878,Open-Meteo-Historical,
2026-04-13 15:00:00,33.5,48,,0.5,43,,7.2,21.6,53,Can Tho,10.0341,105.7878,Open-Meteo-Historical,
2026-04-13 16:00:00,33.2,49,,0.0,16,,6.0,19.4,0,Can Tho,10.0341,105.7878,Open-Meteo-Historical,
2026-04-13 17:00:00,33.0,49,,0.0,26,,6.0,15.8,1,Can Tho,10.0341,105.7878,Open-Meteo-Historical,
2026-04-13 18:00:00,31.8,54,,0.0,21,,7.6,14.0,1,Can Tho,10.0341,105.7878,Open-Meteo-Historical,
2026-04-13 19:00:00,30.0,64,,0.0,9,,16.2,16.9,0,Can Tho,10.0341,105.7878,Open-Meteo-Historical,
2026-04-13 20:00:00,29.0,68,,0.0,5,,11.5,29.9,0,Can Tho,10.0341,105.7878,Open-Meteo-Historical,
2026-04-13 21:00:00,28.5,72,,0.0,1,,8.8,21.6,0,Can Tho,10.0341,105.7878,Open-Meteo-Historical,
2026-04-13 22:00:00,27.9,75,,0.0,0,,8.7,16.6,0,Can Tho,10.0341,105.7878,Open-Meteo-Historical,
2026-04-13 23:00:00,27.4,78,,0.0,0,,6.7,16.2,0,Can Tho,10.0341,105.7878,Open-Meteo-Historical,
2026-04-14 00:00:00,27.0,81,,0.0,0,,6.6,12.2,0,Can Tho,10.0341,105.7878,Open-Meteo-Historical,
2026-04-14 01:00:00,26.7,85,,0.0,0,,6.8,12.2,0,Can Tho,10.0341,105.7878,Open-Meteo-Historical,
2026-04-14 02:00:00,26.3,89,,0.0,2,,5.6,12.2,0,Can Tho,10.0341,105.7878,Open-Meteo-Historical,
2026-04-14 03:00:00,26.0,91,,0.0,76,,5.9,11.2,2,Can Tho,10.0341,105.7878,Open-Meteo-Historical,
2026-04-14 04:00:00,25.8,93,,0.0,70,,4.4,11.2,2,Can Tho,10.0341,105.7878,Open-Meteo-Historical,
2026-04-14 05:00:00,25.5,94,,0.0,1,,4.3,8.6,0,Can Tho,10.0341,105.7878,Open-Meteo-Historical,
2026-04-14 06:00:00,25.3,95,,0.0,0,,3.7,8.3,0,Can Tho,10.0341,105.7878,Open-Meteo-Historical,
2026-04-14 07:00:00,27.1,86,,0.0,0,,3.3,10.8,0,Can Tho,10.0341,105.7878,Open-Meteo-Historical,
2026-04-14 08:00:00,29.0,75,,0.0,9,,5.6,16.6,0,Can Tho,10.0341,105.7878,Open-Meteo-Historical,
2026-04-14 09:00:00,30.4,66,,0.0,13,,4.8,20.2,0,Can Tho,10.0341,105.7878,Open-Meteo-Historical,
2026-04-14 10:00:00,31.5,61,,0.0,15,,4.5,18.0,0,Can Tho,10.0341,105.7878,Open-Meteo-Historical,
2026-04-14 11:00:00,32.5,56,,0.0,12,,5.1,18.4,0,Can Tho,10.0341,105.7878,Open-Meteo-Historical,
2026-04-14 12:00:00,33.4,52,,0.0,13,,5.9,20.2,0,Can Tho,10.0341,105.7878,Open-Meteo-Historical,
2026-04-14 13:00:00,33.5,52,,0.0,13,,4.6,22.3,0,Can Tho,10.0341,105.7878,Open-Meteo-Historical,
2026-04-14 14:00:00,33.7,53,,0.0,7,,5.8,19.4,0,Can Tho,10.0341,105.7878,Open-Meteo-Historical,
2026-04-14 15:00:00,33.6,53,,0.0,12,,6.0,19.8,0,Can Tho,10.0341,105.7878,Open-Meteo-Historical,
2026-04-14 16:00:00,33.0,53,,0.0,17,,5.8,18.7,0,Can Tho,10.0341,105.7878,Open-Meteo-Historical,
2026-04-14 17:00:00,32.5,54,,0.0,10,,5.5,16.9,0,Can Tho,10.0341,105.7878,Open-Meteo-Historical,
2026-04-14 18:00:00,31.5,59,,0.0,11,,4.4,13.7,0,Can Tho,10.0341,105.7878,Open-Meteo-Historical,
2026-04-14 19:00:00,30.0,65,,0.0,20,,9.2,17.6,1,Can Tho,10.0341,105.7878,Open-Meteo-Historical,
2026-04-14 20:00:00,29.4,68,,0.0,14,,11.8,23.4,0,Can Tho,10.0341,105.7878,Open-Meteo-Historical,
2026-04-14 21:00:00,28.8,70,,0.0,4,,9.0,23.0,0,Can Tho,10.0341,105.7878,Open-Meteo-Historical,
2026-04-14 22:00:00,28.2,73,,0.0,2,,9.9,18.4,0,Can Tho,10.0341,105.7878,Open-Meteo-Historical,
2026-04-14 23:00:00,27.6,77,,0.0,2,,8.6,18.0,0,Can Tho,10.0341,105.7878,Open-Meteo-Historical,
2026-04-15 00:00:00,27.1,79,,0.0,2,,8.4,16.2,0,Can Tho,10.0341,105.7878,Open-Meteo-Historical,
2026-04-15 01:00:00,26.6,84,,0.0,1,,7.0,15.1,0,Can Tho,10.0341,105.7878,Open-Meteo-Historical,
2026-04-15 02:00:00,26.2,86,,0.0,98,,6.2,12.6,3,Can Tho,10.0341,105.7878,Open-Meteo-Historical,
2026-04-15 03:00:00,26.0,87,,0.0,95,,5.8,11.5,3,Can Tho,10.0341,105.7878,Open-Meteo-Historical,
2026-04-15 04:00:00,25.8,87,,0.0,90,,5.2,11.2,3,Can Tho,10.0341,105.7878,Open-Meteo-Historical,
2026-04-15 05:00:00,25.4,90,,0.0,95,,3.4,9.7,3,Can Tho,10.0341,105.7878,Open-Meteo-Historical,
2026-04-15 06:00:00,25.1,92,,0.0,13,,2.8,6.8,0,Can Tho,10.0341,105.7878,Open-Meteo-Historical,
2026-04-15 07:00:00,27.0,82,,0.0,7,,3.7,11.2,0,Can Tho,10.0341,105.7878,Open-Meteo-Historical,
2026-04-15 08:00:00,28.9,73,,0.0,30,,8.0,19.4,1,Can Tho,10.0341,105.7878,Open-Meteo-Historical,
2026-04-15 09:00:00,30.2,65,,0.0,34,,8.4,22.7,1,Can Tho,10.0341,105.7878,Open-Meteo-Historical,
2026-04-15 10:00:00,31.4,59,,0.0,25,,7.1,22.7,1,Can Tho,10.0341,105.7878,Open-Meteo-Historical,
2026-04-15 11:00:00,32.5,55,,0.0,28,,8.7,24.1,1,Can Tho,10.0341,105.7878,Open-Meteo-Historical,
2026-04-15 12:00:00,33.1,51,,0.0,100,,8.5,25.2,3,Can Tho,10.0341,105.7878,Open-Meteo-Historical,
2026-04-15 13:00:00,33.6,47,,0.0,45,,7.4,27.4,1,Can Tho,10.0341,105.7878,Open-Meteo-Historical,
2026-04-15 14:00:00,33.5,47,,0.2,91,,5.2,21.2,51,Can Tho,10.0341,105.7878,Open-Meteo-Historical,
2026-04-15 15:00:00,32.6,50,,0.1,100,,7.3,22.0,51,Can Tho,10.0341,105.7878,Open-Meteo-Historical,
2026-04-15 16:00:00,30.7,62,,0.0,91,,6.3,23.8,3,Can Tho,10.0341,105.7878,Open-Meteo-Historical,
2026-04-15 17:00:00,30.9,62,,0.0,85,,6.8,17.3,3,Can Tho,10.0341,105.7878,Open-Meteo-Historical,
2026-04-15 18:00:00,29.8,63,,0.0,11,,9.4,19.1,0,Can Tho,10.0341,105.7878,Open-Meteo-Historical,
2026-04-15 19:00:00,28.5,74,,0.0,21,,6.4,18.4,1,Can Tho,10.0341,105.7878,Open-Meteo-Historical,
2026-04-15 20:00:00,28.3,73,,0.0,11,,7.9,13.7,0,Can Tho,10.0341,105.7878,Open-Meteo-Historical,
2026-04-15 21:00:00,27.8,68,,0.0,12,,10.0,18.0,0,Can Tho,10.0341,105.7878,Open-Meteo-Historical,
2026-04-15 22:00:00,27.1,71,,0.0,5,,9.2,18.0,0,Can Tho,10.0341,105.7878,Open-Meteo-Historical,
2026-04-15 23:00:00,26.7,74,,0.0,2,,7.6,16.6,0,Can Tho,10.0341,105.7878,Open-Meteo-Historical,
2026-04-16 00:00:00,26.2,77,,0.0,0,,6.0,13.7,0,Can Tho,10.0341,105.7878,Open-Meteo-Historical,
2026-04-16 01:00:00,25.9,82,,0.0,1,,5.4,10.8,0,Can Tho,10.0341,105.7878,Open-Meteo-Historical,
2026-04-16 02:00:00,25.5,84,,0.0,0,,4.7,10.1,0,Can Tho,10.0341,105.7878,Open-Meteo-Historical,
2026-04-16 03:00:00,25.2,85,,0.0,0,,5.0,9.4,0,Can Tho,10.0341,105.7878,Open-Meteo-Historical,
2026-04-16 04:00:00,24.9,88,,0.0,6,,4.3,9.4,0,Can Tho,10.0341,105.7878,Open-Meteo-Historical,
2026-04-16 05:00:00,24.6,90,,0.0,9,,3.6,7.9,0,Can Tho,10.0341,105.7878,Open-Meteo-Historical,
2026-04-16 06:00:00,24.7,91,,0.0,40,,3.3,6.1,1,Can Tho,10.0341,105.7878,Open-Meteo-Historical,
2026-04-16 07:00:00,26.5,85,,0.0,5,,3.5,9.7,0,Can Tho,10.0341,105.7878,Open-Meteo-Historical,
2026-04-16 08:00:00,28.7,74,,0.0,4,,5.4,15.5,0,Can Tho,10.0341,105.7878,Open-Meteo-Historical,
2026-04-16 09:00:00,30.1,66,,0.0,9,,6.5,19.8,0,Can Tho,10.0341,105.7878,Open-Meteo-Historical,
2026-04-16 10:00:00,31.2,59,,0.0,5,,5.9,19.8,0,Can Tho,10.0341,105.7878,Open-Meteo-Historical,
2026-04-16 11:00:00,32.3,54,,0.0,9,,6.0,20.2,0,Can Tho,10.0341,105.7878,Open-Meteo-Historical,
2026-04-16 12:00:00,33.3,51,,0.0,24,,7.8,22.7,1,Can Tho,10.0341,105.7878,Open-Meteo-Historical,
2026-04-16 13:00:00,34.2,46,,0.0,59,,10.1,24.1,2,Can Tho,10.0341,105.7878,Open-Meteo-Historical,
2026-04-16 14:00:00,34.4,45,,0.0,38,,9.7,25.6,1,Can Tho,10.0341,105.7878,Open-Meteo-Historical,
2026-04-16 15:00:00,34.7,44,,0.0,20,,9.1,24.1,1,Can Tho,10.0341,105.7878,Open-Meteo-Historical,
2026-04-16 16:00:00,34.5,43,,0.0,59,,9.8,23.0,2,Can Tho,10.0341,105.7878,Open-Meteo-Historical,
2026-04-16 17:00:00,33.3,49,,0.0,9,,12.7,22.7,0,Can Tho,10.0341,105.7878,Open-Meteo-Historical,
2026-04-16 18:00:00,30.6,59,,0.0,6,,16.7,33.5,0,Can Tho,10.0341,105.7878,Open-Meteo-Historical,
2026-04-16 19:00:00,29.5,65,,0.0,4,,14.4,31.0,0,Can Tho,10.0341,105.7878,Open-Meteo-Historical,
2026-04-16 20:00:00,28.6,69,,0.0,5,,13.4,27.0,0,Can Tho,10.0341,105.7878,Open-Meteo-Historical,
2026-04-16 21:00:00,27.9,74,,0.0,5,,12.1,24.8,0,Can Tho,10.0341,105.7878,Open-Meteo-Historical,
2026-04-16 22:00:00,27.4,77,,0.0,2,,10.4,22.3,0,Can Tho,10.0341,105.7878,Open-Meteo-Historical,
2026-04-16 23:00:00,26.9,80,,0.0,0,,8.4,19.1,0,Can Tho,10.0341,105.7878,Open-Meteo-Historical,
2026-04-17 00:00:00,26.5,82,,0.0,0,,7.6,15.5,0,Can Tho,10.0341,105.7878,Open-Meteo-Historical,
2026-04-17 01:00:00,26.4,85,,0.0,1,,8.1,14.4,0,Can Tho,10.0341,105.7878,Open-Meteo-Historical,
2026-04-17 02:00:00,26.1,86,,0.0,0,,6.7,14.8,0,Can Tho,10.0341,105.7878,Open-Meteo-Historical,
2026-04-17 03:00:00,25.7,88,,0.0,0,,5.7,12.2,0,Can Tho,10.0341,105.7878,Open-Meteo-Historical,
2026-04-17 04:00:00,25.1,91,,0.0,0,,4.4,10.4,0,Can Tho,10.0341,105.7878,Open-Meteo-Historical,
2026-04-17 05:00:00,24.9,91,,0.0,0,,3.8,7.6,0,Can Tho,10.0341,105.7878,Open-Meteo-Historical,
2026-04-17 06:00:00,25.0,91,,0.0,2,,2.7,6.1,0,Can Tho,10.0341,105.7878,Open-Meteo-Historical,
2026-04-17 07:00:00,26.5,83,,0.0,3,,2.6,10.4,0,Can Tho,10.0341,105.7878,Open-Meteo-Historical,
2026-04-17 08:00:00,28.8,71,,0.0,31,,5.8,15.1,1,Can Tho,10.0341,105.7878,Open-Meteo-Historical,
2026-04-17 09:00:00,30.1,63,,0.0,21,,6.8,20.5,1,Can Tho,10.0341,105.7878,Open-Meteo-Historical,
2026-04-17 10:00:00,31.4,58,,0.0,9,,4.9,19.8,0,Can Tho,10.0341,105.7878,Open-Meteo-Historical,
2026-04-17 11:00:00,32.6,53,,0.0,6,,3.7,18.0,0,Can Tho,10.0341,105.7878,Open-Meteo-Historical,
2026-04-17 12:00:00,33.6,49,,0.0,50,,4.5,18.0,2,Can Tho,10.0341,105.7878,Open-Meteo-Historical,
2026-04-17 13:00:00,33.8,45,,0.0,55,,5.2,18.7,2,Can Tho,10.0341,105.7878,Open-Meteo-Historical,
2026-04-17 14:00:00,34.4,42,,0.0,73,,3.1,17.6,2,Can Tho,10.0341,105.7878,Open-Meteo-Historical,
2026-04-17 15:00:00,34.6,41,,0.0,34,,3.3,14.8,1,Can Tho,10.0341,105.7878,Open-Meteo-Historical,
2026-04-17 16:00:00,34.3,41,,0.0,29,,5.6,14.8,1,Can Tho,10.0341,105.7878,Open-Meteo-Historical,
2026-04-17 17:00:00,33.7,42,,0.0,35,,5.4,15.8,1,Can Tho,10.0341,105.7878,Open-Meteo-Historical,
2026-04-17 18:00:00,31.8,52,,0.0,18,,16.5,28.8,0,Can Tho,10.0341,105.7878,Open-Meteo-Historical,
2026-04-17 19:00:00,30.2,60,,0.0,7,,12.3,35.6,0,Can Tho,10.0341,105.7878,Open-Meteo-Historical,
2026-04-17 20:00:00,29.2,64,,0.0,4,,9.5,23.0,0,Can Tho,10.0341,105.7878,Open-Meteo-Historical,
2026-04-17 21:00:00,28.3,68,,0.0,2,,10.5,19.8,0,Can Tho,10.0341,105.7878,Open-Meteo-Historical,
2026-04-17 22:00:00,27.4,73,,0.0,1,,6.6,19.1,0,Can Tho,10.0341,105.7878,Open-Meteo-Historical,
2026-04-17 23:00:00,26.8,78,,0.0,8,,5.3,11.9,0,Can Tho,10.0341,105.7878,Open-Meteo-Historical,
2026-04-18 00:00:00,26.2,81,,0.0,39,,4.7,9.7,1,Can Tho,10.0341,105.7878,Open-Meteo-Historical,
2026-04-18 01:00:00,26.0,86,,0.0,100,,3.9,8.6,3,Can Tho,10.0341,105.7878,Open-Meteo-Historical,
2026-04-18 02:00:00,25.9,88,,0.0,100,,4.5,9.4,3,Can Tho,10.0341,105.7878,Open-Meteo-Historical,
2026-04-18 03:00:00,25.5,91,,0.0,99,,5.0,9.7,3,Can Tho,10.0341,105.7878,Open-Meteo-Historical,
2026-04-18 04:00:00,25.3,92,,0.0,96,,5.9,11.2,3,Can Tho,10.0341,105.7878,Open-Meteo-Historical,
2026-04-18 05:00:00,25.0,94,,0.0,94,,5.4,11.2,3,Can Tho,10.0341,105.7878,Open-Meteo-Historical,
2026-04-18 06:00:00,24.9,94,,0.0,87,,5.2,10.4,3,Can Tho,10.0341,105.7878,Open-Meteo-Historical,
2026-04-18 07:00:00,26.6,85,,0.0,47,,6.4,13.3,1,Can Tho,10.0341,105.7878,Open-Meteo-Historical,
2026-04-18 08:00:00,28.6,72,,0.0,100,,8.6,21.2,3,Can Tho,10.0341,105.7878,Open-Meteo-Historical,
2026-04-18 09:00:00,30.1,64,,0.0,87,,7.5,21.6,3,Can Tho,10.0341,105.7878,Open-Meteo-Historical,
2026-04-18 10:00:00,31.4,57,,0.0,2,,6.6,21.2,0,Can Tho,10.0341,105.7878,Open-Meteo-Historical,
2026-04-18 11:00:00,32.5,49,,0.0,5,,7.2,22.0,0,Can Tho,10.0341,105.7878,Open-Meteo-Historical,
2026-04-18 12:00:00,33.5,45,,0.0,76,,6.8,23.0,2,Can Tho,10.0341,105.7878,Open-Meteo-Historical,
2026-04-18 13:00:00,33.2,44,,0.0,66,,11.1,20.9,2,Can Tho,10.0341,105.7878,Open-Meteo-Historical,
2026-04-18 14:00:00,33.7,44,,0.0,58,,9.9,27.0,2,Can Tho,10.0341,105.7878,Open-Meteo-Historical,
2026-04-18 15:00:00,33.8,43,,0.0,60,,8.5,24.5,2,Can Tho,10.0341,105.7878,Open-Meteo-Historical,
2026-04-18 16:00:00,33.8,43,,0.0,19,,6.8,20.9,0,Can Tho,10.0341,105.7878,Open-Meteo-Historical,
2026-04-18 17:00:00,33.5,44,,0.0,13,,6.9,17.3,0,Can Tho,10.0341,105.7878,Open-Meteo-Historical,
2026-04-18 18:00:00,31.0,54,,0.0,14,,11.9,20.9,0,Can Tho,10.0341,105.7878,Open-Meteo-Historical,
2026-04-18 19:00:00,30.2,58,,0.0,3,,14.2,26.6,0,Can Tho,10.0341,105.7878,Open-Meteo-Historical,
2026-04-18 20:00:00,29.1,61,,0.0,1,,14.5,29.2,0,Can Tho,10.0341,105.7878,Open-Meteo-Historical,
2026-04-18 21:00:00,28.1,70,,0.0,0,,11.4,27.0,0,Can Tho,10.0341,105.7878,Open-Meteo-Historical,
2026-04-18 22:00:00,27.5,75,,0.0,0,,10.1,20.5,0,Can Tho,10.0341,105.7878,Open-Meteo-Historical,
2026-04-18 23:00:00,27.3,78,,0.0,0,,8.9,18.4,0,Can Tho,10.0341,105.7878,Open-Meteo-Historical,
2026-04-19 00:00:00,27.0,79,,0.0,82,,7.7,16.2,3,Can Tho,10.0341,105.7878,Open-Meteo-Historical,
2026-04-19 01:00:00,26.8,83,,0.0,63,,6.6,13.7,2,Can Tho,10.0341,105.7878,Open-Meteo-Historical,
2026-04-19 02:00:00,26.6,83,,0.0,38,,6.4,11.9,1,Can Tho,10.0341,105.7878,Open-Meteo-Historical,
2026-04-19 03:00:00,26.4,85,,0.0,7,,7.3,13.3,0,Can Tho,10.0341,105.7878,Open-Meteo-Historical,
2026-04-19 04:00:00,26.1,86,,0.0,34,,5.5,13.3,1,Can Tho,10.0341,105.7878,Open-Meteo-Historical,
2026-04-19 05:00:00,25.6,90,,0.0,73,,3.5,10.1,2,Can Tho,10.0341,105.7878,Open-Meteo-Historical,
2026-04-19 06:00:00,25.9,91,,0.0,38,,4.5,7.9,1,Can Tho,10.0341,105.7878,Open-Meteo-Historical,
2026-04-19 07:00:00,27.4,80,,0.0,0,,3.0,16.9,0,Can Tho,10.0341,105.7878,Open-Meteo-Historical,
2026-04-19 08:00:00,29.4,72,,0.0,13,,7.4,18.0,0,Can Tho,10.0341,105.7878,Open-Meteo-Historical,
2026-04-19 09:00:00,30.6,63,,0.0,16,,9.5,23.8,0,Can Tho,10.0341,105.7878,Open-Meteo-Historical,
2026-04-19 10:00:00,31.9,58,,0.0,26,,8.6,23.8,1,Can Tho,10.0341,105.7878,Open-Meteo-Historical,
2026-04-19 11:00:00,32.8,54,,0.0,26,,9.6,25.6,1,Can Tho,10.0341,105.7878,Open-Meteo-Historical,
2026-04-19 12:00:00,33.0,53,,0.1,40,,10.9,27.7,51,Can Tho,10.0341,105.7878,Open-Meteo-Historical,
2026-04-19 13:00:00,33.3,51,,0.3,27,,10.2,30.2,51,Can Tho,10.0341,105.7878,Open-Meteo-Historical,
2026-04-19 14:00:00,33.2,50,,0.0,16,,11.4,28.1,0,Can Tho,10.0341,105.7878,Open-Meteo-Historical,
2026-04-19 15:00:00,32.9,50,,0.0,22,,13.6,31.0,1,Can Tho,10.0341,105.7878,Open-Meteo-Historical,
2026-04-19 16:00:00,32.6,51,,0.0,46,,13.5,32.0,1,Can Tho,10.0341,105.7878,Open-Meteo-Historical,
2026-04-19 17:00:00,31.6,54,,0.0,95,,12.8,30.2,3,Can Tho,10.0341,105.7878,Open-Meteo-Historical,
2026-04-19 18:00:00,30.5,59,,0.0,32,,12.9,27.0,1,Can Tho,10.0341,105.7878,Open-Meteo-Historical,
2026-04-19 19:00:00,29.6,68,,0.0,18,,11.1,26.3,0,Can Tho,10.0341,105.7878,Open-Meteo-Historical,
2026-04-19 20:00:00,28.8,72,,0.0,48,,10.7,20.5,1,Can Tho,10.0341,105.7878,Open-Meteo-Historical,
2026-04-19 21:00:00,28.4,72,,0.0,38,,9.9,20.2,1,Can Tho,10.0341,105.7878,Open-Meteo-Historical,
2026-04-19 22:00:00,28.0,72,,0.0,92,,9.6,18.4,3,Can Tho,10.0341,105.7878,Open-Meteo-Historical,
2026-04-19 23:00:00,27.4,74,,0.0,100,,8.2,17.6,3,Can Tho,10.0341,105.7878,Open-Meteo-Historical,
2026-04-20 00:00:00,27.0,76,,0.0,92,,6.3,14.8,3,Can Tho,10.0341,105.7878,Open-Meteo-Historical,
2026-04-20 01:00:00,26.9,80,,0.0,100,,5.6,13.0,3,Can Tho,10.0341,105.7878,Open-Meteo-Historical,
2026-04-20 02:00:00,26.8,80,,0.0,100,,6.4,11.9,3,Can Tho,10.0341,105.7878,Open-Meteo-Historical,
2026-04-20 03:00:00,26.5,81,,0.0,100,,5.1,11.9,3,Can Tho,10.0341,105.7878,Open-Meteo-Historical,
2026-04-20 04:00:00,26.2,82,,0.0,100,,5.3,9.7,3,Can Tho,10.0341,105.7878,Open-Meteo-Historical,
2026-04-20 05:00:00,25.9,83,,0.0,98,,5.2,10.1,3,Can Tho,10.0341,105.7878,Open-Meteo-Historical,
2026-04-20 06:00:00,25.8,85,,0.0,100,,3.7,9.7,3,Can Tho,10.0341,105.7878,Open-Meteo-Historical,
2026-04-20 07:00:00,27.6,77,,0.0,32,,7.1,12.2,1,Can Tho,10.0341,105.7878,Open-Meteo-Historical,
2026-04-20 08:00:00,29.4,64,,0.0,98,,12.9,28.1,3,Can Tho,10.0341,105.7878,Open-Meteo-Historical,
2026-04-20 09:00:00,30.6,58,,0.0,9,,12.2,29.5,0,Can Tho,10.0341,105.7878,Open-Meteo-Historical,
2026-04-20 10:00:00,31.9,53,,0.0,13,,10.0,28.4,0,Can Tho,10.0341,105.7878,Open-Meteo-Historical,
2026-04-20 11:00:00,32.9,50,,0.0,23,,9.5,25.9,1,Can Tho,10.0341,105.7878,Open-Meteo-Historical,
2026-04-20 12:00:00,33.3,48,,0.0,21,,10.8,27.7,1,Can Tho,10.0341,105.7878,Open-Meteo-Historical,
2026-04-20 13:00:00,32.8,51,,0.0,47,,11.0,29.2,1,Can Tho,10.0341,105.7878,Open-Meteo-Historical,
2026-04-20 14:00:00,31.8,55,,0.1,30,,11.2,30.6,51,Can Tho,10.0341,105.7878,Open-Meteo-Historical,
2026-04-20 15:00:00,32.0,55,,0.0,35,,10.1,27.4,1,Can Tho,10.0341,105.7878,Open-Meteo-Historical,
2026-04-20 16:00:00,31.8,54,,0.0,24,,9.7,24.8,1,Can Tho,10.0341,105.7878,Open-Meteo-Historical,
2026-04-20 17:00:00,31.2,55,,0.0,16,,10.2,23.4,0,Can Tho,10.0341,105.7878,Open-Meteo-Historical,
2026-04-20 18:00:00,30.2,60,,0.0,10,,7.1,22.0,0,Can Tho,10.0341,105.7878,Open-Meteo-Historical,
2026-04-20 19:00:00,29.1,63,,0.0,3,,10.6,21.2,0,Can Tho,10.0341,105.7878,Open-Meteo-Historical,
2026-04-20 20:00:00,28.3,65,,0.0,30,,12.5,23.4,1,Can Tho,10.0341,105.7878,Open-Meteo-Historical,
2026-04-20 21:00:00,27.5,67,,0.0,12,,11.8,23.0,0,Can Tho,10.0341,105.7878,Open-Meteo-Historical,
2026-04-20 22:00:00,26.9,70,,0.0,63,,11.0,21.6,2,Can Tho,10.0341,105.7878,Open-Meteo-Historical,
2026-04-20 23:00:00,26.2,73,,0.0,30,,10.2,20.2,1,Can Tho,10.0341,105.7878,Open-Meteo-Historical,
2026-04-21 00:00:00,25.6,75,,0.0,55,,8.2,18.7,2,Can Tho,10.0341,105.7878,Open-Meteo-Historical,
2026-04-21 01:00:00,25.3,77,,0.0,88,,6.8,14.8,3,Can Tho,10.0341,105.7878,Open-Meteo-Historical,
2026-04-21 02:00:00,24.7,78,,0.0,98,,4.9,11.9,3,Can Tho,10.0341,105.7878,Open-Meteo-Historical,
2026-04-21 03:00:00,24.4,77,,0.0,100,,5.2,9.4,3,Can Tho,10.0341,105.7878,Open-Meteo-Historical,
2026-04-21 04:00:00,24.5,74,,0.0,99,,6.4,11.9,3,Can Tho,10.0341,105.7878,Open-Meteo-Historical,
2026-04-21 05:00:00,24.1,76,,0.0,100,,5.1,11.5,3,Can Tho,10.0341,105.7878,Open-Meteo-Historical,
2026-04-21 06:00:00,24.1,80,,0.0,100,,3.9,8.6,3,Can Tho,10.0341,105.7878,Open-Meteo-Historical,
2026-04-21 07:00:00,26.5,74,,0.0,97,,5.9,13.3,3,Can Tho,10.0341,105.7878,Open-Meteo-Historical,
2026-04-21 08:00:00,28.2,69,,0.0,45,,7.5,18.7,1,Can Tho,10.0341,105.7878,Open-Meteo-Historical,
2026-04-21 09:00:00,30.0,60,,0.0,0,,12.9,29.5,0,Can Tho,10.0341,105.7878,Open-Meteo-Historical,
2026-04-21 10:00:00,31.5,52,,0.0,0,,12.8,31.0,0,Can Tho,10.0341,105.7878,Open-Meteo-Historical,
2026-04-21 11:00:00,32.8,46,,0.0,55,,13.0,31.7,2,Can Tho,10.0341,105.7878,Open-Meteo-Historical,
2026-04-21 12:00:00,33.5,43,,0.0,72,,11.5,31.0,2,Can Tho,10.0341,105.7878,Open-Meteo-Historical,
2026-04-21 13:00:00,32.8,46,,0.0,90,,16.1,31.7,3,Can Tho,10.0341,105.7878,Open-Meteo-Historical,
2026-04-21 14:00:00,32.0,49,,0.0,46,,16.7,36.7,1,Can Tho,10.0341,105.7878,Open-Meteo-Historical,
2026-04-21 15:00:00,32.6,47,,0.0,63,,13.3,36.4,2,Can Tho,10.0341,105.7878,Open-Meteo-Historical,
2026-04-21 16:00:00,32.0,49,,0.0,23,,12.0,30.2,1,Can Tho,10.0341,105.7878,Open-Meteo-Historical,
2026-04-21 17:00:00,31.5,51,,0.0,4,,11.5,26.3,0,Can Tho,10.0341,105.7878,Open-Meteo-Historical,
2026-04-21 18:00:00,30.0,58,,0.0,1,,12.5,23.8,0,Can Tho,10.0341,105.7878,Open-Meteo-Historical,
2026-04-21 19:00:00,28.6,62,,0.0,8,,12.6,27.0,0,Can Tho,10.0341,105.7878,Open-Meteo-Historical,
2026-04-21 20:00:00,27.9,62,,0.0,3,,13.0,23.8,0,Can Tho,10.0341,105.7878,Open-Meteo-Historical,
2026-04-21 21:00:00,27.0,66,,0.0,2,,11.5,23.8,0,Can Tho,10.0341,105.7878,Open-Meteo-Historical,
2026-04-21 22:00:00,26.3,70,,0.0,41,,11.0,20.9,1,Can Tho,10.0341,105.7878,Open-Meteo-Historical,
2026-04-21 23:00:00,25.6,74,,0.0,71,,8.8,20.2,2,Can Tho,10.0341,105.7878,Open-Meteo-Historical,
2026-04-22 00:00:00,25.0,78,,0.0,22,,6.5,15.8,1,Can Tho,10.0341,105.7878,Open-Meteo-Historical,
2026-04-22 01:00:00,24.8,82,,0.0,20,,5.6,11.9,1,Can Tho,10.0341,105.7878,Open-Meteo-Historical,
2026-04-22 02:00:00,24.1,86,,0.0,17,,5.1,10.1,0,Can Tho,10.0341,105.7878,Open-Meteo-Historical,
2026-04-22 03:00:00,23.8,87,,0.0,27,,4.7,9.7,1,Can Tho,10.0341,105.7878,Open-Meteo-Historical,
2026-04-22 04:00:00,23.6,88,,0.0,21,,3.7,8.3,1,Can Tho,10.0341,105.7878,Open-Meteo-Historical,
2026-04-22 05:00:00,23.4,89,,0.0,0,,4.2,6.5,0,Can Tho,10.0341,105.7878,Open-Meteo-Historical,
2026-04-22 06:00:00,23.5,89,,0.0,0,,4.8,8.3,0,Can Tho,10.0341,105.7878,Open-Meteo-Historical,
2026-04-22 07:00:00,26.2,81,,0.0,0,,6.0,11.2,0,Can Tho,10.0341,105.7878,Open-Meteo-Historical,
2026-04-22 08:00:00,28.5,69,,0.0,0,,5.4,15.1,0,Can Tho,10.0341,105.7878,Open-Meteo-Historical,
2026-04-22 09:00:00,30.0,61,,0.0,0,,9.2,23.4,0,Can Tho,10.0341,105.7878,Open-Meteo-Historical,
2026-04-22 10:00:00,31.4,56,,0.0,5,,9.7,25.2,0,Can Tho,10.0341,105.7878,Open-Meteo-Historical,
2026-04-22 11:00:00,32.6,51,,0.0,84,,11.4,28.1,3,Can Tho,10.0341,105.7878,Open-Meteo-Historical,
2026-04-22 12:00:00,32.5,52,,0.0,95,,11.9,28.4,3,Can Tho,10.0341,105.7878,Open-Meteo-Historical,
2026-04-22 13:00:00,32.5,52,,0.0,38,,8.3,28.4,1,Can Tho,10.0341,105.7878,Open-Meteo-Historical,
2026-04-22 14:00:00,33.1,50,,0.0,45,,9.4,23.8,1,Can Tho,10.0341,105.7878,Open-Meteo-Historical,
2026-04-22 15:00:00,32.8,51,,0.0,80,,10.6,25.2,3,Can Tho,10.0341,105.7878,Open-Meteo-Historical,
2026-04-22 16:00:00,32.5,51,,0.0,52,,10.6,25.6,2,Can Tho,10.0341,105.7878,Open-Meteo-Historical,
2026-04-22 17:00:00,31.9,53,,0.0,9,,11.2,24.1,0,Can Tho,10.0341,105.7878,Open-Meteo-Historical,
2026-04-22 18:00:00,30.0,60,,0.0,0,,13.2,24.1,0,Can Tho,10.0341,105.7878,Open-Meteo-Historical,
2026-04-22 19:00:00,29.0,63,,0.0,9,,13.0,25.2,0,Can Tho,10.0341,105.7878,Open-Meteo-Historical,
2026-04-22 20:00:00,28.0,64,,0.0,3,,12.6,23.8,0,Can Tho,10.0341,105.7878,Open-Meteo-Historical,
2026-04-22 21:00:00,27.2,68,,0.0,1,,11.6,23.0,0,Can Tho,10.0341,105.7878,Open-Meteo-Historical,
2026-04-22 22:00:00,26.6,72,,0.0,1,,10.8,21.2,0,Can Tho,10.0341,105.7878,Open-Meteo-Historical,
2026-04-22 23:00:00,26.1,75,,0.0,0,,10.9,19.8,0,Can Tho,10.0341,105.7878,Open-Meteo-Historical,
2026-04-23 00:00:00,25.7,76,,0.0,0,,9.7,19.8,0,Can Tho,10.0341,105.7878,Open-Meteo-Historical,
2026-04-23 01:00:00,25.3,81,,0.0,0,,8.3,17.6,0,Can Tho,10.0341,105.7878,Open-Meteo-Historical,
2026-04-23 02:00:00,24.8,83,,0.0,0,,6.1,14.8,0,Can Tho,10.0341,105.7878,Open-Meteo-Historical,
2026-04-23 03:00:00,24.2,85,,0.0,0,,5.0,11.2,0,Can Tho,10.0341,105.7878,Open-Meteo-Historical,
2026-04-23 04:00:00,24.0,87,,0.0,0,,4.5,9.0,0,Can Tho,10.0341,105.7878,Open-Meteo-Historical,
2026-04-23 05:00:00,23.8,89,,0.0,0,,4.5,8.3,0,Can Tho,10.0341,105.7878,Open-Meteo-Historical,
2026-04-23 06:00:00,23.9,89,,0.0,0,,4.2,7.9,0,Can Tho,10.0341,105.7878,Open-Meteo-Historical,
2026-04-23 07:00:00,26.5,80,,0.0,0,,6.7,12.6,0,Can Tho,10.0341,105.7878,Open-Meteo-Historical,
2026-04-23 08:00:00,28.6,71,,0.0,0,,10.0,22.0,0,Can Tho,10.0341,105.7878,Open-Meteo-Historical,
2026-04-23 09:00:00,30.2,61,,0.0,0,,11.4,27.7,0,Can Tho,10.0341,105.7878,Open-Meteo-Historical,
2026-04-23 10:00:00,31.6,53,,0.0,5,,10.5,27.7,0,Can Tho,10.0341,105.7878,Open-Meteo-Historical,
2026-04-23 11:00:00,33.0,47,,0.0,28,,10.0,26.6,1,Can Tho,10.0341,105.7878,Open-Meteo-Historical,
2026-04-23 12:00:00,33.8,43,,0.0,39,,9.7,26.3,1,Can Tho,10.0341,105.7878,Open-Meteo-Historical,
2026-04-23 13:00:00,33.6,46,,0.0,44,,9.5,25.9,1,Can Tho,10.0341,105.7878,Open-Meteo-Historical,
2026-04-23 14:00:00,33.8,44,,0.0,59,,11.1,27.0,2,Can Tho,10.0341,105.7878,Open-Meteo-Historical,
2026-04-23 15:00:00,33.5,45,,0.0,19,,11.1,27.7,0,Can Tho,10.0341,105.7878,Open-Meteo-Historical,
2026-04-23 16:00:00,33.5,44,,0.0,24,,9.1,25.9,1,Can Tho,10.0341,105.7878,Open-Meteo-Historical,
2026-04-23 17:00:00,32.5,46,,0.0,46,,13.3,26.6,1,Can Tho,10.0341,105.7878,Open-Meteo-Historical,
2026-04-23 18:00:00,30.3,53,,0.0,3,,14.0,31.0,0,Can Tho,10.0341,105.7878,Open-Meteo-Historical,
2026-04-23 19:00:00,29.5,55,,0.0,2,,12.7,24.5,0,Can Tho,10.0341,105.7878,Open-Meteo-Historical,
2026-04-23 20:00:00,28.1,64,,0.0,2,,11.5,22.7,0,Can Tho,10.0341,105.7878,Open-Meteo-Historical,
2026-04-23 21:00:00,27.2,72,,0.0,1,,10.3,20.9,0,Can Tho,10.0341,105.7878,Open-Meteo-Historical,
2026-04-23 22:00:00,26.5,78,,0.0,0,,9.0,18.4,0,Can Tho,10.0341,105.7878,Open-Meteo-Historical,
2026-04-23 23:00:00,25.8,83,,0.0,0,,6.1,15.8,0,Can Tho,10.0341,105.7878,Open-Meteo-Historical,
2026-04-24 00:00:00,25.2,87,,0.0,0,,5.1,11.2,0,Can Tho,10.0341,105.7878,Open-Meteo-Historical,
2026-04-24 01:00:00,25.1,92,,0.0,0,,4.3,9.4,0,Can Tho,10.0341,105.7878,Open-Meteo-Historical,
2026-04-24 02:00:00,24.7,93,,0.0,0,,4.8,9.0,0,Can Tho,10.0341,105.7878,Open-Meteo-Historical,
2026-04-24 03:00:00,24.4,94,,0.0,0,,4.4,9.0,0,Can Tho,10.0341,105.7878,Open-Meteo-Historical,
2026-04-24 04:00:00,24.2,94,,0.0,52,,4.5,7.9,2,Can Tho,10.0341,105.7878,Open-Meteo-Historical,
2026-04-24 05:00:00,24.0,95,,0.0,97,,4.6,8.3,3,Can Tho,10.0341,105.7878,Open-Meteo-Historical,
2026-04-24 06:00:00,24.0,95,,0.0,74,,4.8,8.6,2,Can Tho,10.0341,105.7878,Open-Meteo-Historical,
2026-04-24 07:00:00,26.1,87,,0.0,14,,5.5,13.0,0,Can Tho,10.0341,105.7878,Open-Meteo-Historical,
2026-04-24 08:00:00,28.5,74,,0.0,17,,6.2,17.3,0,Can Tho,10.0341,105.7878,Open-Meteo-Historical,
2026-04-24 09:00:00,30.2,62,,0.0,13,,6.5,20.2,0,Can Tho,10.0341,105.7878,Open-Meteo-Historical,
2026-04-24 10:00:00,31.5,54,,0.0,81,,5.6,19.8,3,Can Tho,10.0341,105.7878,Open-Meteo-Historical,
2026-04-24 11:00:00,32.6,47,,0.0,100,,5.4,19.4,3,Can Tho,10.0341,105.7878,Open-Meteo-Historical,
2026-04-24 12:00:00,33.4,44,,0.0,100,,4.8,19.4,3,Can Tho,10.0341,105.7878,Open-Meteo-Historical,
2026-04-24 13:00:00,34.2,41,,0.0,100,,6.6,18.7,3,Can Tho,10.0341,105.7878,Open-Meteo-Historical,
2026-04-24 14:00:00,34.3,40,,0.0,100,,8.1,21.2,3,Can Tho,10.0341,105.7878,Open-Meteo-Historical,
2026-04-24 15:00:00,34.3,39,,0.0,99,,10.2,24.1,3,Can Tho,10.0341,105.7878,Open-Meteo-Historical,
2026-04-24 16:00:00,34.0,41,,0.0,99,,12.5,27.4,3,Can Tho,10.0341,105.7878,Open-Meteo-Historical,
2026-04-24 17:00:00,32.8,44,,0.0,100,,13.3,28.8,3,Can Tho,10.0341,105.7878,Open-Meteo-Historical,
2026-04-24 18:00:00,30.9,53,,0.0,100,,13.4,27.7,3,Can Tho,10.0341,105.7878,Open-Meteo-Historical,
2026-04-24 19:00:00,29.5,58,,0.0,100,,15.6,26.6,3,Can Tho,10.0341,105.7878,Open-Meteo-Historical,
2026-04-24 20:00:00,28.4,63,,0.0,100,,14.2,28.4,3,Can Tho,10.0341,105.7878,Open-Meteo-Historical,
2026-04-24 21:00:00,27.4,68,,0.0,99,,11.8,25.9,3,Can Tho,10.0341,105.7878,Open-Meteo-Historical,
2026-04-24 22:00:00,26.5,74,,0.0,100,,9.7,21.2,3,Can Tho,10.0341,105.7878,Open-Meteo-Historical,
2026-04-24 23:00:00,25.9,79,,0.0,100,,9.0,17.6,3,Can Tho,10.0341,105.7878,Open-Meteo-Historical,
2026-04-25 00:00:00,25.4,82,,0.0,23,,7.7,16.2,1,Can Tho,10.0341,105.7878,Open-Meteo-Historical,
2026-04-25 01:00:00,25.4,86,,0.0,5,,7.7,14.0,0,Can Tho,10.0341,105.7878,Open-Meteo-Historical,
2026-04-25 02:00:00,25.1,89,,0.0,1,,5.9,13.7,0,Can Tho,10.0341,105.7878,Open-Meteo-Historical,
2026-04-25 03:00:00,24.9,91,,0.0,38,,4.8,10.8,1,Can Tho,10.0341,105.7878,Open-Meteo-Historical,
2026-04-25 04:00:00,24.8,93,,0.0,94,,5.2,9.4,3,Can Tho,10.0341,105.7878,Open-Meteo-Historical,
2026-04-25 05:00:00,24.7,94,,0.0,51,,7.2,13.0,2,Can Tho,10.0341,105.7878,Open-Meteo-Historical,
2026-04-25 06:00:00,24.7,94,,0.0,95,,7.8,13.7,3,Can Tho,10.0341,105.7878,Open-Meteo-Historical,
2026-04-25 07:00:00,26.6,86,,0.0,32,,7.2,15.5,1,Can Tho,10.0341,105.7878,Open-Meteo-Historical,
2026-04-25 08:00:00,29.0,76,,0.0,58,,10.6,23.0,2,Can Tho,10.0341,105.7878,Open-Meteo-Historical,
2026-04-25 09:00:00,30.6,66,,0.0,80,,13.8,31.7,3,Can Tho,10.0341,105.7878,Open-Meteo-Historical,
2026-04-25 10:00:00,31.8,59,,0.1,100,,12.6,31.7,51,Can Tho,10.0341,105.7878,Open-Meteo-Historical,
2026-04-25 11:00:00,33.0,55,,0.2,100,,13.0,32.4,51,Can Tho,10.0341,105.7878,Open-Meteo-Historical,
2026-04-25 12:00:00,33.2,55,,0.0,100,,13.5,33.1,3,Can Tho,10.0341,105.7878,Open-Meteo-Historical,
2026-04-25 13:00:00,33.9,50,,0.1,98,,14.4,33.8,51,Can Tho,10.0341,105.7878,Open-Meteo-Historical,
2026-04-25 14:00:00,33.0,53,,0.1,100,,11.4,33.1,51,Can Tho,10.0341,105.7878,Open-Meteo-Historical,
2026-04-25 15:00:00,33.2,53,,0.0,55,,11.2,29.9,2,Can Tho,10.0341,105.7878,Open-Meteo-Historical,
2026-04-25 16:00:00,31.4,59,,0.0,46,,9.9,29.2,1,Can Tho,10.0341,105.7878,Open-Meteo-Historical,
2026-04-25 17:00:00,31.0,64,,0.0,19,,4.6,23.8,0,Can Tho,10.0341,105.7878,Open-Meteo-Historical,
2026-04-25 18:00:00,30.5,63,,0.0,5,,8.1,13.0,0,Can Tho,10.0341,105.7878,Open-Meteo-Historical,
2026-04-25 19:00:00,30.0,59,,0.0,10,,11.6,22.7,0,Can Tho,10.0341,105.7878,Open-Meteo-Historical,
2026-04-25 20:00:00,29.3,64,,0.0,8,,12.3,22.3,0,Can Tho,10.0341,105.7878,Open-Meteo-Historical,
2026-04-25 21:00:00,28.6,70,,0.0,25,,11.3,22.3,1,Can Tho,10.0341,105.7878,Open-Meteo-Historical,
2026-04-25 22:00:00,27.9,77,,0.0,31,,7.9,20.5,1,Can Tho,10.0341,105.7878,Open-Meteo-Historical,
2026-04-25 23:00:00,27.1,82,,0.0,12,,5.8,14.0,0,Can Tho,10.0341,105.7878,Open-Meteo-Historical,
2026-04-26 00:00:00,26.8,85,,0.0,1,,5.7,10.8,0,Can Tho,10.0341,105.7878,Open-Meteo-Historical,
2026-04-26 01:00:00,26.6,88,,0.0,1,,8.1,10.4,0,Can Tho,10.0341,105.7878,Open-Meteo-Historical,
2026-04-26 02:00:00,26.4,88,,0.0,0,,6.6,14.0,0,Can Tho,10.0341,105.7878,Open-Meteo-Historical,
2026-04-26 03:00:00,26.0,89,,0.0,0,,5.0,11.9,0,Can Tho,10.0341,105.7878,Open-Meteo-Historical,
2026-04-26 04:00:00,25.5,91,,0.0,1,,3.9,9.0,0,Can Tho,10.0341,105.7878,Open-Meteo-Historical,
2026-04-26 05:00:00,25.4,91,,0.0,2,,4.9,9.0,0,Can Tho,10.0341,105.7878,Open-Meteo-Historical,
2026-04-26 06:00:00,25.5,90,,0.0,5,,6.3,10.8,0,Can Tho,10.0341,105.7878,Open-Meteo-Historical,
2026-04-26 07:00:00,27.4,86,,0.0,72,,7.7,15.5,2,Can Tho,10.0341,105.7878,Open-Meteo-Historical,
2026-04-26 08:00:00,29.1,75,,0.0,98,,13.5,29.5,3,Can Tho,10.0341,105.7878,Open-Meteo-Historical,
2026-04-26 09:00:00,30.8,64,,0.0,75,,13.5,31.3,2,Can Tho,10.0341,105.7878,Open-Meteo-Historical,
2026-04-26 10:00:00,32.2,56,,0.0,73,,14.1,32.8,2,Can Tho,10.0341,105.7878,Open-Meteo-Historical,
2026-04-26 11:00:00,33.5,49,,0.0,30,,12.5,32.8,1,Can Tho,10.0341,105.7878,Open-Meteo-Historical,
2026-04-26 12:00:00,34.5,44,,0.0,79,,11.7,30.2,2,Can Tho,10.0341,105.7878,Open-Meteo-Historical,
2026-04-26 13:00:00,35.0,43,,0.0,79,,11.7,29.2,2,Can Tho,10.0341,105.7878,Open-Meteo-Historical,
2026-04-26 14:00:00,34.8,44,,0.0,55,,11.3,29.2,2,Can Tho,10.0341,105.7878,Open-Meteo-Historical,
2026-04-26 15:00:00,34.3,44,,0.0,56,,11.0,28.4,2,Can Tho,10.0341,105.7878,Open-Meteo-Historical,
2026-04-26 16:00:00,34.2,43,,0.0,24,,9.9,26.6,1,Can Tho,10.0341,105.7878,Open-Meteo-Historical,
2026-04-26 17:00:00,33.4,44,,0.0,13,,9.9,24.1,0,Can Tho,10.0341,105.7878,Open-Meteo-Historical,
2026-04-26 18:00:00,31.6,52,,0.0,88,,12.2,22.3,3,Can Tho,10.0341,105.7878,Open-Meteo-Historical,
2026-04-26 19:00:00,30.3,61,,0.0,5,,9.6,24.8,0,Can Tho,10.0341,105.7878,Open-Meteo-Historical,
2026-04-26 20:00:00,29.5,66,,0.0,19,,8.7,16.9,0,Can Tho,10.0341,105.7878,Open-Meteo-Historical,
2026-04-26 21:00:00,28.5,73,,0.0,59,,9.0,16.6,2,Can Tho,10.0341,105.7878,Open-Meteo-Historical,
2026-04-26 22:00:00,27.6,80,,0.0,84,,8.1,16.2,3,Can Tho,10.0341,105.7878,Open-Meteo-Historical,
2026-04-26 23:00:00,27.0,85,,0.0,77,,6.9,14.8,2,Can Tho,10.0341,105.7878,Open-Meteo-Historical,
2026-04-27 00:00:00,26.6,88,,0.0,48,,7.1,13.0,1,Can Tho,10.0341,105.7878,Open-Meteo-Historical,
2026-04-27 01:00:00,26.5,90,,0.0,20,,5.6,13.0,1,Can Tho,10.0341,105.7878,Open-Meteo-Historical,
2026-04-27 02:00:00,26.2,93,,0.0,5,,4.9,10.1,0,Can Tho,10.0341,105.7878,Open-Meteo-Historical,
2026-04-27 03:00:00,26.1,93,,0.1,52,,7.1,12.2,51,Can Tho,10.0341,105.7878,Open-Meteo-Historical,
2026-04-27 04:00:00,26.0,94,,0.0,99,,7.0,13.3,3,Can Tho,10.0341,105.7878,Open-Meteo-Historical,
2026-04-27 05:00:00,25.7,96,,0.0,100,,7.3,13.3,3,Can Tho,10.0341,105.7878,Open-Meteo-Historical,
2026-04-27 06:00:00,25.8,95,,0.0,100,,8.6,15.1,3,Can Tho,10.0341,105.7878,Open-Meteo-Historical,
2026-04-27 07:00:00,27.5,87,,0.0,9,,7.3,20.2,0,Can Tho,10.0341,105.7878,Open-Meteo-Historical,
2026-04-27 08:00:00,29.5,75,,0.0,5,,12.4,27.4,0,Can Tho,10.0341,105.7878,Open-Meteo-Historical,
2026-04-27 09:00:00,31.1,64,,0.0,12,,13.5,31.3,0,Can Tho,10.0341,105.7878,Open-Meteo-Historical,
2026-04-27 10:00:00,32.5,56,,0.0,23,,13.5,32.0,1,Can Tho,10.0341,105.7878,Open-Meteo-Historical,
2026-04-27 11:00:00,33.7,50,,0.0,21,,13.2,32.0,1,Can Tho,10.0341,105.7878,Open-Meteo-Historical,
2026-04-27 12:00:00,34.5,47,,0.0,19,,13.7,32.8,0,Can Tho,10.0341,105.7878,Open-Meteo-Historical,
2026-04-27 13:00:00,34.8,44,,0.0,20,,14.5,32.8,1,Can Tho,10.0341,105.7878,Open-Meteo-Historical,
2026-04-27 14:00:00,34.5,44,,0.0,12,,14.3,33.1,0,Can Tho,10.0341,105.7878,Open-Meteo-Historical,
2026-04-27 15:00:00,34.3,44,,0.0,45,,13.9,33.1,1,Can Tho,10.0341,105.7878,Open-Meteo-Historical,
2026-04-27 16:00:00,33.8,46,,0.0,36,,12.9,31.7,1,Can Tho,10.0341,105.7878,Open-Meteo-Historical,
2026-04-27 17:00:00,33.0,48,,0.0,26,,12.2,28.4,1,Can Tho,10.0341,105.7878,Open-Meteo-Historical,
2026-04-27 18:00:00,31.5,56,,0.0,14,,10.5,25.6,0,Can Tho,10.0341,105.7878,Open-Meteo-Historical,
2026-04-27 19:00:00,30.6,61,,0.0,17,,13.6,20.9,0,Can Tho,10.0341,105.7878,Open-Meteo-Historical,
2026-04-27 20:00:00,29.5,71,,0.0,8,,12.9,24.5,0,Can Tho,10.0341,105.7878,Open-Meteo-Historical,
2026-04-27 21:00:00,28.5,79,,0.0,38,,11.3,23.8,1,Can Tho,10.0341,105.7878,Open-Meteo-Historical,
2026-04-27 22:00:00,27.9,84,,0.0,98,,8.7,20.5,3,Can Tho,10.0341,105.7878,Open-Meteo-Historical,
2026-04-27 23:00:00,27.2,88,,0.0,99,,7.2,15.8,3,Can Tho,10.0341,105.7878,Open-Meteo-Historical,
2026-04-28 00:00:00,27.0,90,,0.0,23,,7.5,14.0,1,Can Tho,10.0341,105.7878,Open-Meteo-Historical,
2026-04-28 01:00:00,26.9,92,,0.0,21,,7.0,13.7,1,Can Tho,10.0341,105.7878,Open-Meteo-Historical,
2026-04-28 02:00:00,26.7,93,,0.0,34,,5.9,12.2,1,Can Tho,10.0341,105.7878,Open-Meteo-Historical,
2026-04-28 03:00:00,26.5,93,,0.0,41,,5.7,11.2,1,Can Tho,10.0341,105.7878,Open-Meteo-Historical,
2026-04-28 04:00:00,26.2,94,,0.0,10,,4.4,10.8,0,Can Tho,10.0341,105.7878,Open-Meteo-Historical,
2026-04-28 05:00:00,26.1,95,,0.0,3,,4.6,8.3,0,Can Tho,10.0341,105.7878,Open-Meteo-Historical,
2026-04-28 06:00:00,26.1,93,,0.0,3,,6.0,10.1,0,Can Tho,10.0341,105.7878,Open-Meteo-Historical,
2026-04-28 07:00:00,27.9,86,,0.0,48,,5.1,14.4,1,Can Tho,10.0341,105.7878,Open-Meteo-Historical,
2026-04-28 08:00:00,30.0,72,,0.0,11,,8.9,21.2,0,Can Tho,10.0341,105.7878,Open-Meteo-Historical,
2026-04-28 09:00:00,31.5,63,,0.0,12,,10.6,26.6,0,Can Tho,10.0341,105.7878,Open-Meteo-Historical,
2026-04-28 10:00:00,33.0,56,,0.0,35,,10.8,27.7,1,Can Tho,10.0341,105.7878,Open-Meteo-Historical,
2026-04-28 11:00:00,34.2,49,,0.0,7,,11.3,29.2,0,Can Tho,10.0341,105.7878,Open-Meteo-Historical,
2026-04-28 12:00:00,35.2,43,,0.0,10,,11.7,29.5,0,Can Tho,10.0341,105.7878,Open-Meteo-Historical,
2026-04-28 13:00:00,35.7,39,,0.0,24,,13.0,31.0,1,Can Tho,10.0341,105.7878,Open-Meteo-Historical,
2026-04-28 14:00:00,35.3,40,,0.0,10,,11.6,31.3,0,Can Tho,10.0341,105.7878,Open-Meteo-Historical,
2026-04-28 15:00:00,35.2,40,,0.0,9,,10.9,28.4,0,Can Tho,10.0341,105.7878,Open-Meteo-Historical,
2026-04-28 16:00:00,34.8,42,,0.0,92,,11.0,26.6,3,Can Tho,10.0341,105.7878,Open-Meteo-Historical,
2026-04-28 17:00:00,33.8,45,,0.0,83,,11.9,25.9,3,Can Tho,10.0341,105.7878,Open-Meteo-Historical,
2026-04-28 18:00:00,32.0,52,,0.0,80,,13.4,26.6,3,Can Tho,10.0341,105.7878,Open-Meteo-Historical,
2026-04-28 19:00:00,30.5,56,,0.0,9,,16.9,29.2,0,Can Tho,10.0341,105.7878,Open-Meteo-Historical,
2026-04-28 20:00:00,29.0,70,,0.0,26,,13.5,31.3,1,Can Tho,10.0341,105.7878,Open-Meteo-Historical,
2026-04-28 21:00:00,27.9,82,,0.0,0,,10.8,25.2,0,Can Tho,10.0341,105.7878,Open-Meteo-Historical,
2026-04-28 22:00:00,27.1,88,,0.0,0,,8.4,19.8,0,Can Tho,10.0341,105.7878,Open-Meteo-Historical,
2026-04-28 23:00:00,26.5,92,,0.0,7,,6.5,15.8,0,Can Tho,10.0341,105.7878,Open-Meteo-Historical,
2026-04-29 00:00:00,26.0,95,,0.0,95,,5.0,12.2,3,Can Tho,10.0341,105.7878,Open-Meteo-Historical,
2026-04-29 01:00:00,25.8,96,,0.0,99,,1.7,9.7,3,Can Tho,10.0341,105.7878,Open-Meteo-Historical,
2026-04-29 02:00:00,26.0,95,,0.0,87,,2.4,5.8,3,Can Tho,10.0341,105.7878,Open-Meteo-Historical,
2026-04-29 03:00:00,25.6,98,,0.0,25,,1.5,6.1,1,Can Tho,10.0341,105.7878,Open-Meteo-Historical,
2026-04-29 04:00:00,25.2,99,,0.0,55,,2.0,4.3,2,Can Tho,10.0341,105.7878,Open-Meteo-Historical,
2026-04-29 05:00:00,25.0,99,,0.0,89,,2.3,4.3,3,Can Tho,10.0341,105.7878,Open-Meteo-Historical,
2026-04-29 06:00:00,25.0,99,,0.0,99,,2.4,5.0,3,Can Tho,10.0341,105.7878,Open-Meteo-Historical,
2026-04-29 07:00:00,26.9,92,,0.0,77,,3.1,11.2,2,Can Tho,10.0341,105.7878,Open-Meteo-Historical,
2026-04-29 08:00:00,29.0,77,,0.0,13,,6.8,19.1,0,Can Tho,10.0341,105.7878,Open-Meteo-Historical,
2026-04-29 09:00:00,30.7,67,,0.0,7,,6.2,19.8,0,Can Tho,10.0341,105.7878,Open-Meteo-Historical,
2026-04-29 10:00:00,32.0,59,,0.0,80,,4.7,19.8,3,Can Tho,10.0341,105.7878,Open-Meteo-Historical,
2026-04-29 11:00:00,33.4,49,,0.0,94,,4.2,18.4,3,Can Tho,10.0341,105.7878,Open-Meteo-Historical,
2026-04-29 12:00:00,34.3,43,,0.0,66,,5.1,19.4,2,Can Tho,10.0341,105.7878,Open-Meteo-Historical,
2026-04-29 13:00:00,34.8,42,,0.0,22,,7.8,20.5,1,Can Tho,10.0341,105.7878,Open-Meteo-Historical,
2026-04-29 14:00:00,34.7,43,,0.0,57,,7.6,22.7,2,Can Tho,10.0341,105.7878,Open-Meteo-Historical,
2026-04-29 15:00:00,34.6,43,,0.0,51,,8.3,22.7,2,Can Tho,10.0341,105.7878,Open-Meteo-Historical,
2026-04-29 16:00:00,34.5,42,,0.0,93,,7.2,22.7,3,Can Tho,10.0341,105.7878,Open-Meteo-Historical,
2026-04-29 17:00:00,33.9,43,,0.0,16,,5.8,19.1,0,Can Tho,10.0341,105.7878,Open-Meteo-Historical,
2026-04-29 18:00:00,32.8,47,,0.0,18,,5.6,14.0,0,Can Tho,10.0341,105.7878,Open-Meteo-Historical,
2026-04-29 19:00:00,32.2,50,,0.0,16,,4.5,22.3,0,Can Tho,10.0341,105.7878,Open-Meteo-Historical,
2026-04-29 20:00:00,30.7,55,,0.0,13,,11.6,20.5,0,Can Tho,10.0341,105.7878,Open-Meteo-Historical,
2026-04-29 21:00:00,29.5,59,,0.0,8,,8.6,20.5,0,Can Tho,10.0341,105.7878,Open-Meteo-Historical,
2026-04-29 22:00:00,28.8,65,,0.0,27,,9.2,17.3,1,Can Tho,10.0341,105.7878,Open-Meteo-Historical,
2026-04-29 23:00:00,28.0,71,,0.0,4,,8.1,17.3,0,Can Tho,10.0341,105.7878,Open-Meteo-Historical,
2026-04-30 00:00:00,27.4,77,,0.0,73,,6.8,14.8,2,Can Tho,10.0341,105.7878,Open-Meteo-Historical,
2026-04-30 01:00:00,27.2,80,,0.0,76,,3.4,12.2,2,Can Tho,10.0341,105.7878,Open-Meteo-Historical,
2026-04-30 02:00:00,26.8,83,,0.0,89,,2.5,6.1,3,Can Tho,10.0341,105.7878,Open-Meteo-Historical,
2026-04-30 03:00:00,26.4,85,,0.0,0,,2.5,5.4,0,Can Tho,10.0341,105.7878,Open-Meteo-Historical,
2026-04-30 04:00:00,26.1,89,,0.0,3,,1.9,5.0,0,Can Tho,10.0341,105.7878,Open-Meteo-Historical,
2026-04-30 05:00:00,26.0,91,,0.0,1,,3.9,7.2,0,Can Tho,10.0341,105.7878,Open-Meteo-Historical,
2026-04-30 06:00:00,26.1,93,,0.0,0,,4.7,8.3,0,Can Tho,10.0341,105.7878,Open-Meteo-Historical,
2026-04-30 07:00:00,27.9,87,,0.0,1,,6.1,14.0,0,Can Tho,10.0341,105.7878,Open-Meteo-Historical,
2026-04-30 08:00:00,29.9,76,,0.0,27,,11.3,27.0,1,Can Tho,10.0341,105.7878,Open-Meteo-Historical,
2026-04-30 09:00:00,31.5,65,,0.0,16,,10.4,29.5,0,Can Tho,10.0341,105.7878,Open-Meteo-Historical,
2026-04-30 10:00:00,33.1,55,,0.0,11,,11.7,30.2,0,Can Tho,10.0341,105.7878,Open-Meteo-Historical,
2026-04-30 11:00:00,34.3,48,,0.0,38,,13.6,33.8,1,Can Tho,10.0341,105.7878,Open-Meteo-Historical,
2026-04-30 12:00:00,34.9,45,,0.0,97,,13.5,33.1,3,Can Tho,10.0341,105.7878,Open-Meteo-Historical,
2026-04-30 13:00:00,35.7,41,,0.0,80,,14.0,33.5,3,Can Tho,10.0341,105.7878,Open-Meteo-Historical,
2026-04-30 14:00:00,35.2,42,,0.0,99,,14.8,34.6,3,Can Tho,10.0341,105.7878,Open-Meteo-Historical,
2026-04-30 15:00:00,35.0,42,,0.0,75,,15.3,35.3,2,Can Tho,10.0341,105.7878,Open-Meteo-Historical,
2026-04-30 16:00:00,34.3,44,,0.0,22,,15.5,34.2,1,Can Tho,10.0341,105.7878,Open-Meteo-Historical,
2026-04-30 17:00:00,33.3,47,,0.0,8,,14.6,33.8,0,Can Tho,10.0341,105.7878,Open-Meteo-Historical,
2026-04-30 18:00:00,31.7,53,,0.0,10,,11.8,30.6,0,Can Tho,10.0341,105.7878,Open-Meteo-Historical,
2026-04-30 19:00:00,30.6,60,,0.0,51,,10.0,21.2,2,Can Tho,10.0341,105.7878,Open-Meteo-Historical,
2026-04-30 20:00:00,29.6,65,,0.0,100,,10.4,18.4,3,Can Tho,10.0341,105.7878,Open-Meteo-Historical,
2026-04-30 21:00:00,28.8,72,,0.0,100,,10.1,19.8,3,Can Tho,10.0341,105.7878,Open-Meteo-Historical,
2026-04-30 22:00:00,27.9,80,,0.0,98,,8.2,18.7,3,Can Tho,10.0341,105.7878,Open-Meteo-Historical,
2026-04-30 23:00:00,27.4,85,,0.0,98,,6.6,15.1,3,Can Tho,10.0341,105.7878,Open-Meteo-Historical,
2026-05-01 00:00:00,26.7,91,,0.0,97,,3.6,11.9,3,Can Tho,10.0341,105.7878,Open-Meteo-Historical,
2026-05-01 01:00:00,26.6,92,,0.0,100,,3.3,6.5,3,Can Tho,10.0341,105.7878,Open-Meteo-Historical,
2026-05-01 02:00:00,26.7,92,,0.0,100,,3.7,7.2,3,Can Tho,10.0341,105.7878,Open-Meteo-Historical,
2026-05-01 03:00:00,26.6,92,,0.0,100,,6.2,11.9,3,Can Tho,10.0341,105.7878,Open-Meteo-Historical,
2026-05-01 04:00:00,26.4,92,,0.0,100,,5.6,11.9,3,Can Tho,10.0341,105.7878,Open-Meteo-Historical,
2026-05-01 05:00:00,26.1,93,,0.0,70,,4.5,10.8,2,Can Tho,10.0341,105.7878,Open-Meteo-Historical,
2026-05-01 06:00:00,26.4,91,,0.0,55,,4.2,8.3,2,Can Tho,10.0341,105.7878,Open-Meteo-Historical,
2026-05-01 07:00:00,28.4,81,,0.0,1,,6.0,15.5,0,Can Tho,10.0341,105.7878,Open-Meteo-Historical,
2026-05-01 08:00:00,30.3,69,,0.0,23,,12.2,26.6,1,Can Tho,10.0341,105.7878,Open-Meteo-Historical,
2026-05-01 09:00:00,32.0,58,,0.0,14,,16.7,36.4,0,Can Tho,10.0341,105.7878,Open-Meteo-Historical,
2026-05-01 10:00:00,33.3,52,,0.0,22,,16.6,37.4,1,Can Tho,10.0341,105.7878,Open-Meteo-Historical,
2026-05-01 11:00:00,34.3,48,,0.0,22,,15.5,37.1,1,Can Tho,10.0341,105.7878,Open-Meteo-Historical,
2026-05-01 12:00:00,35.0,43,,0.0,27,,15.5,36.4,1,Can Tho,10.0341,105.7878,Open-Meteo-Historical,
2026-05-01 13:00:00,36.0,37,,0.0,16,,15.3,36.0,0,Can Tho,10.0341,105.7878,Open-Meteo-Historical,
2026-05-01 14:00:00,35.6,37,,0.0,15,,16.6,37.1,0,Can Tho,10.0341,105.7878,Open-Meteo-Historical,
2026-05-01 15:00:00,35.0,39,,0.0,17,,16.7,37.8,0,Can Tho,10.0341,105.7878,Open-Meteo-Historical,
2026-05-01 16:00:00,34.2,43,,0.0,14,,16.9,37.4,0,Can Tho,10.0341,105.7878,Open-Meteo-Historical,
2026-05-01 17:00:00,32.8,49,,0.0,43,,17.5,36.7,1,Can Tho,10.0341,105.7878,Open-Meteo-Historical,
2026-05-01 18:00:00,31.3,57,,0.0,98,,13.6,36.4,3,Can Tho,10.0341,105.7878,Open-Meteo-Historical,
2026-05-01 19:00:00,30.2,65,,0.0,100,,12.8,29.5,3,Can Tho,10.0341,105.7878,Open-Meteo-Historical,
2026-05-01 20:00:00,29.2,73,,0.0,98,,13.9,28.1,3,Can Tho,10.0341,105.7878,Open-Meteo-Historical,
2026-05-01 21:00:00,28.5,78,,0.0,98,,9.2,27.4,3,Can Tho,10.0341,105.7878,Open-Meteo-Historical,
2026-05-01 22:00:00,28.2,81,,0.0,95,,8.4,18.4,3,Can Tho,10.0341,105.7878,Open-Meteo-Historical,
2026-05-01 23:00:00,28.0,82,,0.0,100,,6.5,15.5,3,Can Tho,10.0341,105.7878,Open-Meteo-Historical,
2026-05-02 00:00:00,27.6,84,,0.0,84,,4.1,11.9,3,Can Tho,10.0341,105.7878,Open-Meteo-Historical,
2026-05-02 01:00:00,27.8,81,,0.0,6,,6.1,7.6,0,Can Tho,10.0341,105.7878,Open-Meteo-Historical,
2026-05-02 02:00:00,27.5,82,,0.0,2,,5.6,11.2,0,Can Tho,10.0341,105.7878,Open-Meteo-Historical,
2026-05-02 03:00:00,27.1,85,,0.0,22,,5.6,10.4,1,Can Tho,10.0341,105.7878,Open-Meteo-Historical,
2026-05-02 04:00:00,26.9,84,,0.0,25,,9.2,17.3,1,Can Tho,10.0341,105.7878,Open-Meteo-Historical,
2026-05-02 05:00:00,26.3,84,,0.0,74,,6.8,17.3,2,Can Tho,10.0341,105.7878,Open-Meteo-Historical,
2026-05-02 06:00:00,26.0,84,,0.0,17,,6.9,13.3,0,Can Tho,10.0341,105.7878,Open-Meteo-Historical,
2026-05-02 07:00:00,28.4,78,,0.0,90,,6.9,17.3,3,Can Tho,10.0341,105.7878,Open-Meteo-Historical,
2026-05-02 08:00:00,29.1,73,,0.1,98,,9.8,25.9,51,Can Tho,10.0341,105.7878,Open-Meteo-Historical,
2026-05-02 09:00:00,30.7,67,,0.0,93,,10.1,26.3,3,Can Tho,10.0341,105.7878,Open-Meteo-Historical,
2026-05-02 10:00:00,32.3,61,,0.0,83,,10.7,31.0,3,Can Tho,10.0341,105.7878,Open-Meteo-Historical,
2026-05-02 11:00:00,33.3,57,,0.0,68,,12.1,33.1,2,Can Tho,10.0341,105.7878,Open-Meteo-Historical,
2026-05-02 12:00:00,35.0,49,,0.0,100,,13.4,33.1,3,Can Tho,10.0341,105.7878,Open-Meteo-Historical,
2026-05-02 13:00:00,32.3,57,,2.4,100,,17.1,38.5,61,Can Tho,10.0341,105.7878,Open-Meteo-Historical,
2026-05-02 14:00:00,32.0,59,,1.0,98,,9.9,36.4,55,Can Tho,10.0341,105.7878,Open-Meteo-Historical,
2026-05-02 15:00:00,32.9,55,,0.1,99,,9.4,27.4,51,Can Tho,10.0341,105.7878,Open-Meteo-Historical,
2026-05-02 16:00:00,32.8,55,,0.0,100,,10.0,25.2,3,Can Tho,10.0341,105.7878,Open-Meteo-Historical,
2026-05-02 17:00:00,30.9,61,,0.0,97,,8.9,28.8,3,Can Tho,10.0341,105.7878,Open-Meteo-Historical,
2026-05-02 18:00:00,28.7,73,,0.2,99,,9.8,24.1,51,Can Tho,10.0341,105.7878,Open-Meteo-Historical,
2026-05-02 19:00:00,29.5,72,,0.1,42,,7.9,18.7,51,Can Tho,10.0341,105.7878,Open-Meteo-Historical,
2026-05-02 20:00:00,28.9,76,,0.0,95,,5.9,13.3,3,Can Tho,10.0341,105.7878,Open-Meteo-Historical,
2026-05-02 21:00:00,28.6,78,,0.0,96,,7.1,11.9,3,Can Tho,10.0341,105.7878,Open-Meteo-Historical,
2026-05-02 22:00:00,28.1,81,,0.0,100,,7.3,13.7,3,Can Tho,10.0341,105.7878,Open-Meteo-Historical,
2026-05-02 23:00:00,27.6,84,,0.0,100,,5.9,13.3,3,Can Tho,10.0341,105.7878,Open-Meteo-Historical,
2026-05-03 00:00:00,27.2,88,,0.0,100,,2.7,10.4,3,Can Tho,10.0341,105.7878,Open-Meteo-Historical,
2026-05-03 01:00:00,27.2,87,,0.0,100,,4.0,5.0,3,Can Tho,10.0341,105.7878,Open-Meteo-Historical,
2026-05-03 02:00:00,26.9,90,,0.0,100,,2.1,7.6,3,Can Tho,10.0341,105.7878,Open-Meteo-Historical,
2026-05-03 03:00:00,26.9,90,,0.0,100,,2.0,4.0,3,Can Tho,10.0341,105.7878,Open-Meteo-Historical,
2026-05-03 04:00:00,26.7,91,,0.0,100,,0.9,4.7,3,Can Tho,10.0341,105.7878,Open-Meteo-Historical,
2026-05-03 05:00:00,26.4,93,,0.0,100,,2.2,4.0,3,Can Tho,10.0341,105.7878,Open-Meteo-Historical,
2026-05-03 06:00:00,26.6,92,,0.0,100,,2.8,4.7,3,Can Tho,10.0341,105.7878,Open-Meteo-Historical,
2026-05-03 07:00:00,28.4,82,,0.0,100,,7.8,12.2,3,Can Tho,10.0341,105.7878,Open-Meteo-Historical,
2026-05-03 08:00:00,30.0,72,,0.0,100,,12.9,28.8,3,Can Tho,10.0341,105.7878,Open-Meteo-Historical,
2026-05-03 09:00:00,31.0,68,,0.0,100,,11.1,29.9,3,Can Tho,10.0341,105.7878,Open-Meteo-Historical,
2026-05-03 10:00:00,32.2,63,,0.0,100,,13.2,33.1,3,Can Tho,10.0341,105.7878,Open-Meteo-Historical,
2026-05-03 11:00:00,31.0,66,,2.0,100,,18.2,40.0,61,Can Tho,10.0341,105.7878,Open-Meteo-Historical,
2026-05-03 12:00:00,30.4,70,,0.1,100,,11.0,39.6,51,Can Tho,10.0341,105.7878,Open-Meteo-Historical,
2026-05-03 13:00:00,30.5,69,,0.0,100,,10.9,32.8,3,Can Tho,10.0341,105.7878,Open-Meteo-Historical,
2026-05-03 14:00:00,31.9,62,,0.1,100,,9.6,30.2,51,Can Tho,10.0341,105.7878,Open-Meteo-Historical,
2026-05-03 15:00:00,31.9,61,,0.0,100,,8.8,25.6,3,Can Tho,10.0341,105.7878,Open-Meteo-Historical,
2026-05-03 16:00:00,32.0,61,,0.0,100,,8.3,23.4,3,Can Tho,10.0341,105.7878,Open-Meteo-Historical,
2026-05-03 17:00:00,31.4,62,,0.0,100,,6.4,21.6,3,Can Tho,10.0341,105.7878,Open-Meteo-Historical,
2026-05-03 18:00:00,30.3,65,,0.0,100,,1.4,16.9,3,Can Tho,10.0341,105.7878,Open-Meteo-Historical,
2026-05-03 19:00:00,29.1,77,,0.0,100,,3.4,6.5,3,Can Tho,10.0341,105.7878,Open-Meteo-Historical,
2026-05-03 20:00:00,28.9,78,,0.0,100,,8.5,14.8,3,Can Tho,10.0341,105.7878,Open-Meteo-Historical,
2026-05-03 21:00:00,28.5,79,,0.0,100,,7.6,16.2,3,Can Tho,10.0341,105.7878,Open-Meteo-Historical,
2026-05-03 22:00:00,28.0,84,,0.0,100,,1.4,13.7,3,Can Tho,10.0341,105.7878,Open-Meteo-Historical,
2026-05-03 23:00:00,27.8,85,,0.0,100,,0.4,2.5,3,Can Tho,10.0341,105.7878,Open-Meteo-Historical,
2026-05-04 00:00:00,27.4,87,,0.0,100,,2.1,3.6,3,Can Tho,10.0341,105.7878,Open-Meteo-Historical,
2026-05-04 01:00:00,27.0,90,,0.0,100,,1.1,5.4,3,Can Tho,10.0341,105.7878,Open-Meteo-Historical,
2026-05-04 02:00:00,26.6,91,,0.0,100,,1.9,4.7,3,Can Tho,10.0341,105.7878,Open-Meteo-Historical,
2026-05-04 03:00:00,26.5,94,,0.0,99,,2.2,4.7,3,Can Tho,10.0341,105.7878,Open-Meteo-Historical,
2026-05-04 04:00:00,26.2,95,,0.2,73,,6.5,11.2,51,Can Tho,10.0341,105.7878,Open-Meteo-Historical,
2026-05-04 05:00:00,26.0,94,,0.0,70,,8.2,16.6,2,Can Tho,10.0341,105.7878,Open-Meteo-Historical,
2026-05-04 06:00:00,25.8,95,,0.0,91,,6.6,15.1,3,Can Tho,10.0341,105.7878,Open-Meteo-Historical,
2026-05-04 07:00:00,27.8,85,,0.0,100,,6.5,18.7,3,Can Tho,10.0341,105.7878,Open-Meteo-Historical,
2026-05-04 08:00:00,29.0,78,,0.0,89,,5.7,22.7,3,Can Tho,10.0341,105.7878,Open-Meteo-Historical,
2026-05-04 09:00:00,30.8,70,,0.0,64,,8.8,27.4,2,Can Tho,10.0341,105.7878,Open-Meteo-Historical,
2026-05-04 10:00:00,32.3,62,,0.1,100,,10.3,29.2,51,Can Tho,10.0341,105.7878,Open-Meteo-Historical,
2026-05-04 11:00:00,32.7,61,,0.1,100,,11.3,32.4,51,Can Tho,10.0341,105.7878,Open-Meteo-Historical,
2026-05-04 12:00:00,33.4,58,,0.1,100,,12.1,33.8,51,Can Tho,10.0341,105.7878,Open-Meteo-Historical,
2026-05-04 13:00:00,31.4,66,,0.1,96,,12.5,32.0,51,Can Tho,10.0341,105.7878,Open-Meteo-Historical,
2026-05-04 14:00:00,33.3,53,,0.0,98,,12.5,32.0,3,Can Tho,10.0341,105.7878,Open-Meteo-Historical,
2026-05-04 15:00:00,32.8,56,,0.3,100,,11.0,33.1,51,Can Tho,10.0341,105.7878,Open-Meteo-Historical,
2026-05-04 16:00:00,30.8,69,,3.2,100,,12.3,28.4,63,Can Tho,10.0341,105.7878,Open-Meteo-Historical,
2026-05-04 17:00:00,29.5,75,,0.1,100,,5.9,25.9,51,Can Tho,10.0341,105.7878,Open-Meteo-Historical,
2026-05-04 18:00:00,29.2,77,,0.0,100,,1.5,14.0,3,Can Tho,10.0341,105.7878,Open-Meteo-Historical,
2026-05-04 19:00:00,29.2,75,,0.0,99,,7.5,5.0,3,Can Tho,10.0341,105.7878,Open-Meteo-Historical,
2026-05-04 20:00:00,29.0,76,,0.0,100,,11.6,20.9,3,Can Tho,10.0341,105.7878,Open-Meteo-Historical,
2026-05-04 21:00:00,28.2,80,,0.0,99,,9.8,21.2,3,Can Tho,10.0341,105.7878,Open-Meteo-Historical,
2026-05-04 22:00:00,27.8,84,,0.0,100,,8.8,18.0,3,Can Tho,10.0341,105.7878,Open-Meteo-Historical,
2026-05-04 23:00:00,27.6,86,,0.0,100,,7.8,15.8,3,Can Tho,10.0341,105.7878,Open-Meteo-Historical,
2026-05-05 00:00:00,27.4,87,,0.0,100,,6.8,14.0,3,Can Tho,10.0341,105.7878,Open-Meteo-Historical,
2026-05-05 01:00:00,26.9,89,,0.0,100,,2.9,12.2,3,Can Tho,10.0341,105.7878,Open-Meteo-Historical,
2026-05-05 02:00:00,26.9,89,,0.0,100,,0.8,4.3,3,Can Tho,10.0341,105.7878,Open-Meteo-Historical,
2026-05-05 03:00:00,26.8,89,,0.0,100,,1.5,2.5,3,Can Tho,10.0341,105.7878,Open-Meteo-Historical,
2026-05-05 04:00:00,26.8,88,,0.0,100,,1.9,3.2,3,Can Tho,10.0341,105.7878,Open-Meteo-Historical,
2026-05-05 05:00:00,26.6,89,,0.0,100,,4.1,7.2,3,Can Tho,10.0341,105.7878,Open-Meteo-Historical,
2026-05-05 06:00:00,26.9,87,,0.0,100,,7.6,13.0,3,Can Tho,10.0341,105.7878,Open-Meteo-Historical,
2026-05-05 07:00:00,28.3,81,,0.0,29,,9.6,24.1,1,Can Tho,10.0341,105.7878,Open-Meteo-Historical,
2026-05-05 08:00:00,29.6,74,,0.0,55,,15.9,34.2,2,Can Tho,10.0341,105.7878,Open-Meteo-Historical,
2026-05-05 09:00:00,31.0,67,,0.1,74,,17.3,37.1,51,Can Tho,10.0341,105.7878,Open-Meteo-Historical,
2026-05-05 10:00:00,31.8,64,,0.1,98,,16.6,38.9,51,Can Tho,10.0341,105.7878,Open-Meteo-Historical,
2026-05-05 11:00:00,32.7,63,,0.2,100,,15.8,38.5,51,Can Tho,10.0341,105.7878,Open-Meteo-Historical,
2026-05-05 12:00:00,30.2,71,,2.0,96,,17.1,42.1,61,Can Tho,10.0341,105.7878,Open-Meteo-Historical,
2026-05-05 13:00:00,32.5,61,,2.4,87,,12.2,37.8,61,Can Tho,10.0341,105.7878,Open-Meteo-Historical,
2026-05-05 14:00:00,29.6,75,,3.9,98,,10.3,40.7,63,Can Tho,10.0341,105.7878,Open-Meteo-Historical,
2026-05-05 15:00:00,30.6,72,,0.0,99,,5.0,24.8,3,Can Tho,10.0341,105.7878,Open-Meteo-Historical,
2026-05-05 16:00:00,27.4,84,,4.5,100,,5.4,30.2,63,Can Tho,10.0341,105.7878,Open-Meteo-Historical,
2026-05-05 17:00:00,27.5,83,,0.0,100,,1.5,15.5,3,Can Tho,10.0341,105.7878,Open-Meteo-Historical,
2026-05-05 18:00:00,27.8,84,,0.0,100,,2.9,7.2,3,Can Tho,10.0341,105.7878,Open-Meteo-Historical,
2026-05-05 19:00:00,28.1,85,,0.0,100,,7.4,6.5,3,Can Tho,10.0341,105.7878,Open-Meteo-Historical,
2026-05-05 20:00:00,27.9,85,,0.0,100,,8.5,14.8,3,Can Tho,10.0341,105.7878,Open-Meteo-Historical,
2026-05-05 21:00:00,27.4,88,,0.0,100,,8.7,15.8,3,Can Tho,10.0341,105.7878,Open-Meteo-Historical,
2026-05-05 22:00:00,27.0,89,,0.0,100,,7.9,15.5,3,Can Tho,10.0341,105.7878,Open-Meteo-Historical,
2026-05-05 23:00:00,26.8,90,,0.0,100,,10.6,18.4,3,Can Tho,10.0341,105.7878,Open-Meteo-Historical,
2026-05-06 00:00:00,26.8,88,,0.0,100,,10.9,20.2,3,Can Tho,10.0341,105.7878,Open-Meteo-Historical,
2026-05-06 01:00:00,25.9,91,,0.0,100,,8.1,20.5,3,Can Tho,10.0341,105.7878,Open-Meteo-Historical,
2026-05-06 02:00:00,25.8,91,,0.0,100,,6.7,14.8,3,Can Tho,10.0341,105.7878,Open-Meteo-Historical,
2026-05-06 03:00:00,25.6,92,,0.0,100,,6.0,12.6,3,Can Tho,10.0341,105.7878,Open-Meteo-Historical,
2026-05-06 04:00:00,25.7,92,,0.0,100,,6.7,12.6,3,Can Tho,10.0341,105.7878,Open-Meteo-Historical,
2026-05-06 05:00:00,25.9,92,,0.0,100,,8.7,15.8,3,Can Tho,10.0341,105.7878,Open-Meteo-Historical,
2026-05-06 06:00:00,25.9,91,,0.0,100,,12.2,22.7,3,Can Tho,10.0341,105.7878,Open-Meteo-Historical,
2026-05-06 07:00:00,25.5,91,,0.0,99,,11.6,25.6,3,Can Tho,10.0341,105.7878,Open-Meteo-Historical,
2026-05-06 08:00:00,27.0,82,,0.0,99,,16.0,36.7,3,Can Tho,10.0341,105.7878,Open-Meteo-Historical,
2026-05-06 09:00:00,28.8,75,,0.0,100,,16.3,35.6,3,Can Tho,10.0341,105.7878,Open-Meteo-Historical,
2026-05-06 10:00:00,29.7,74,,0.1,94,,15.2,35.3,51,Can Tho,10.0341,105.7878,Open-Meteo-Historical,
2026-05-06 11:00:00,31.2,70,,0.1,99,,13.3,33.8,51,Can Tho,10.0341,105.7878,Open-Meteo-Historical,
2026-05-06 12:00:00,31.9,68,,0.1,100,,12.6,33.8,51,Can Tho,10.0341,105.7878,Open-Meteo-Historical,
2026-05-06 13:00:00,32.2,66,,2.0,98,,12.2,35.3,61,Can Tho,10.0341,105.7878,Open-Meteo-Historical,
2026-05-06 14:00:00,32.7,64,,0.1,88,,12.6,32.0,51,Can Tho,10.0341,105.7878,Open-Meteo-Historical,
2026-05-06 15:00:00,30.8,70,,1.7,99,,11.5,31.0,61,Can Tho,10.0341,105.7878,Open-Meteo-Historical,
2026-05-06 16:00:00,29.5,75,,0.1,100,,11.3,25.2,51,Can Tho,10.0341,105.7878,Open-Meteo-Historical,
2026-05-06 17:00:00,28.6,80,,0.0,100,,3.1,24.8,3,Can Tho,10.0341,105.7878,Open-Meteo-Historical,
2026-05-06 18:00:00,28.1,82,,0.0,100,,4.2,11.9,3,Can Tho,10.0341,105.7878,Open-Meteo-Historical,
2026-05-06 19:00:00,27.9,84,,0.0,100,,10.2,7.6,3,Can Tho,10.0341,105.7878,Open-Meteo-Historical,
2026-05-06 20:00:00,27.5,87,,0.0,100,,9.9,18.4,3,Can Tho,10.0341,105.7878,Open-Meteo-Historical,
2026-05-06 21:00:00,26.8,90,,0.0,100,,6.1,18.0,3,Can Tho,10.0341,105.7878,Open-Meteo-Historical,
2026-05-06 22:00:00,26.5,92,,0.0,100,,4.7,10.8,3,Can Tho,10.0341,105.7878,Open-Meteo-Historical,
2026-05-06 23:00:00,26.7,91,,0.0,100,,5.5,10.1,3,Can Tho,10.0341,105.7878,Open-Meteo-Historical,
2026-05-07 00:00:00,26.6,91,,0.0,100,,7.0,12.2,3,Can Tho,10.0341,105.7878,Open-Meteo-Historical,
2026-05-07 01:00:00,26.7,90,,0.0,100,,6.3,13.0,3,Can Tho,10.0341,105.7878,Open-Meteo-Historical,
2026-05-07 02:00:00,26.6,92,,0.0,100,,5.5,11.2,3,Can Tho,10.0341,105.7878,Open-Meteo-Historical,
2026-05-07 03:00:00,26.5,92,,0.1,100,,4.9,10.1,51,Can Tho,10.0341,105.7878,Open-Meteo-Historical,
2026-05-07 04:00:00,26.4,93,,0.0,99,,4.2,8.6,3,Can Tho,10.0341,105.7878,Open-Meteo-Historical,
2026-05-07 05:00:00,26.2,93,,0.0,81,,5.2,9.0,3,Can Tho,10.0341,105.7878,Open-Meteo-Historical,
2026-05-07 06:00:00,26.4,93,,0.0,13,,7.6,13.0,0,Can Tho,10.0341,105.7878,Open-Meteo-Historical,
2026-05-07 07:00:00,27.9,86,,0.0,4,,6.6,22.3,0,Can Tho,10.0341,105.7878,Open-Meteo-Historical,
2026-05-07 08:00:00,29.4,79,,0.1,100,,12.1,25.2,51,Can Tho,10.0341,105.7878,Open-Meteo-Historical,
2026-05-07 09:00:00,29.6,76,,0.0,100,,13.9,29.2,3,Can Tho,10.0341,105.7878,Open-Meteo-Historical,
2026-05-07 10:00:00,30.5,72,,0.0,99,,12.4,29.9,3,Can Tho,10.0341,105.7878,Open-Meteo-Historical,
2026-05-07 11:00:00,31.3,70,,0.0,14,,12.4,30.2,0,Can Tho,10.0341,105.7878,Open-Meteo-Historical,
2026-05-07 12:00:00,32.7,65,,0.0,16,,12.2,31.7,0,Can Tho,10.0341,105.7878,Open-Meteo-Historical,
2026-05-07 13:00:00,32.8,60,,0.0,84,,13.0,31.3,3,Can Tho,10.0341,105.7878,Open-Meteo-Historical,
2026-05-07 14:00:00,33.0,59,,0.0,6,,11.9,31.0,0,Can Tho,10.0341,105.7878,Open-Meteo-Historical,
2026-05-07 15:00:00,33.0,58,,0.0,9,,11.1,28.8,0,Can Tho,10.0341,105.7878,Open-Meteo-Historical,
2026-05-07 16:00:00,32.7,58,,0.0,17,,11.0,26.3,0,Can Tho,10.0341,105.7878,Open-Meteo-Historical,
2026-05-07 17:00:00,31.5,61,,0.0,31,,11.5,24.5,1,Can Tho,10.0341,105.7878,Open-Meteo-Historical,
2026-05-07 18:00:00,30.1,69,,0.0,37,,11.0,22.7,1,Can Tho,10.0341,105.7878,Open-Meteo-Historical,
2026-05-07 19:00:00,29.3,71,,0.0,100,,11.2,20.5,3,Can Tho,10.0341,105.7878,Open-Meteo-Historical,
2026-05-07 20:00:00,28.8,75,,0.0,100,,8.9,20.9,3,Can Tho,10.0341,105.7878,Open-Meteo-Historical,
2026-05-07 21:00:00,27.8,81,,0.0,100,,4.6,15.8,3,Can Tho,10.0341,105.7878,Open-Meteo-Historical,
2026-05-07 22:00:00,27.2,85,,0.0,100,,4.9,8.3,3,Can Tho,10.0341,105.7878,Open-Meteo-Historical,
2026-05-07 23:00:00,27.0,87,,0.0,100,,5.1,9.4,3,Can Tho,10.0341,105.7878,Open-Meteo-Historical,
2026-05-08 00:00:00,26.7,89,,0.0,100,,4.6,9.4,3,Can Tho,10.0341,105.7878,Open-Meteo-Historical,
2026-05-08 01:00:00,26.9,88,,0.0,100,,6.5,8.3,3,Can Tho,10.0341,105.7878,Open-Meteo-Historical,
2026-05-08 02:00:00,26.5,91,,0.0,100,,4.1,11.9,3,Can Tho,10.0341,105.7878,Open-Meteo-Historical,
2026-05-08 03:00:00,26.3,93,,0.0,23,,3.7,7.6,1,Can Tho,10.0341,105.7878,Open-Meteo-Historical,
2026-05-08 04:00:00,26.1,95,,0.0,45,,3.1,6.8,1,Can Tho,10.0341,105.7878,Open-Meteo-Historical,
2026-05-08 05:00:00,25.9,95,,0.0,100,,2.3,5.8,3,Can Tho,10.0341,105.7878,Open-Meteo-Historical,
2026-05-08 06:00:00,26.2,92,,0.0,100,,4.5,7.6,3,Can Tho,10.0341,105.7878,Open-Meteo-Historical,
2026-05-08 07:00:00,28.2,83,,0.0,100,,4.9,14.4,3,Can Tho,10.0341,105.7878,Open-Meteo-Historical,
2026-05-08 08:00:00,29.1,79,,0.1,100,,9.2,20.5,51,Can Tho,10.0341,105.7878,Open-Meteo-Historical,
2026-05-08 09:00:00,30.2,73,,0.2,100,,10.8,25.9,51,Can Tho,10.0341,105.7878,Open-Meteo-Historical,
2026-05-08 10:00:00,31.2,69,,0.1,100,,11.0,28.8,51,Can Tho,10.0341,105.7878,Open-Meteo-Historical,
2026-05-08 11:00:00,32.2,66,,0.1,100,,12.1,31.0,51,Can Tho,10.0341,105.7878,Open-Meteo-Historical,
2026-05-08 12:00:00,32.6,63,,0.0,100,,13.6,34.2,3,Can Tho,10.0341,105.7878,Open-Meteo-Historical,
2026-05-08 13:00:00,32.7,56,,0.0,100,,12.0,33.8,3,Can Tho,10.0341,105.7878,Open-Meteo-Historical,
2026-05-08 14:00:00,33.0,55,,0.0,100,,10.8,28.4,3,Can Tho,10.0341,105.7878,Open-Meteo-Historical,
2026-05-08 15:00:00,32.9,54,,0.0,100,,11.4,26.6,3,Can Tho,10.0341,105.7878,Open-Meteo-Historical,
2026-05-08 16:00:00,32.5,55,,0.0,100,,10.4,26.3,3,Can Tho,10.0341,105.7878,Open-Meteo-Historical,
2026-05-08 17:00:00,32.0,57,,0.0,92,,10.0,23.0,3,Can Tho,10.0341,105.7878,Open-Meteo-Historical,
2026-05-08 18:00:00,30.6,66,,0.0,90,,7.0,19.8,3,Can Tho,10.0341,105.7878,Open-Meteo-Historical,
2026-05-08 19:00:00,29.4,72,,0.0,100,,11.7,19.1,3,Can Tho,10.0341,105.7878,Open-Meteo-Historical,
2026-05-08 20:00:00,29.0,75,,0.0,100,,12.5,24.1,3,Can Tho,10.0341,105.7878,Open-Meteo-Historical,
2026-05-08 21:00:00,28.4,79,,0.0,100,,9.7,23.0,3,Can Tho,10.0341,105.7878,Open-Meteo-Historical,
2026-05-08 22:00:00,28.0,81,,0.0,100,,9.9,18.0,3,Can Tho,10.0341,105.7878,Open-Meteo-Historical,
2026-05-08 23:00:00,27.7,83,,0.0,100,,9.3,18.4,3,Can Tho,10.0341,105.7878,Open-Meteo-Historical,
2026-05-09 00:00:00,27.4,85,,0.0,100,,7.3,16.9,3,Can Tho,10.0341,105.7878,Open-Meteo-Historical,
2026-05-09 01:00:00,27.1,87,,0.0,50,,5.8,13.3,2,Can Tho,10.0341,105.7878,Open-Meteo-Historical,
2026-05-09 02:00:00,27.0,88,,0.0,2,,4.4,10.8,0,Can Tho,10.0341,105.7878,Open-Meteo-Historical,
2026-05-09 03:00:00,26.5,91,,0.0,5,,4.0,7.9,0,Can Tho,10.0341,105.7878,Open-Meteo-Historical,
2026-05-09 04:00:00,26.4,91,,0.0,2,,4.2,7.6,0,Can Tho,10.0341,105.7878,Open-Meteo-Historical,
2026-05-09 05:00:00,26.2,91,,0.0,2,,4.5,9.0,0,Can Tho,10.0341,105.7878,Open-Meteo-Historical,
2026-05-09 06:00:00,26.4,90,,0.0,0,,5.1,8.6,0,Can Tho,10.0341,105.7878,Open-Meteo-Historical,
2026-05-09 07:00:00,28.1,83,,0.0,20,,4.7,15.8,1,Can Tho,10.0341,105.7878,Open-Meteo-Historical,
2026-05-09 08:00:00,29.8,74,,0.0,10,,9.7,23.0,0,Can Tho,10.0341,105.7878,Open-Meteo-Historical,
2026-05-09 09:00:00,30.8,69,,0.0,63,,13.1,32.0,2,Can Tho,10.0341,105.7878,Open-Meteo-Historical,
2026-05-09 10:00:00,31.7,62,,0.0,92,,14.3,35.6,3,Can Tho,10.0341,105.7878,Open-Meteo-Historical,
2026-05-09 11:00:00,32.8,57,,0.0,98,,13.0,35.6,3,Can Tho,10.0341,105.7878,Open-Meteo-Historical,
2026-05-09 12:00:00,33.4,52,,0.1,99,,12.8,32.8,51,Can Tho,10.0341,105.7878,Open-Meteo-Historical,
2026-05-09 13:00:00,34.4,46,,0.0,100,,12.6,33.1,3,Can Tho,10.0341,105.7878,Open-Meteo-Historical,
2026-05-09 14:00:00,34.5,46,,0.0,100,,12.2,31.3,3,Can Tho,10.0341,105.7878,Open-Meteo-Historical,
2026-05-09 15:00:00,34.3,47,,0.0,100,,10.5,28.8,3,Can Tho,10.0341,105.7878,Open-Meteo-Historical,
2026-05-09 16:00:00,33.2,49,,0.1,100,,10.2,25.6,51,Can Tho,10.0341,105.7878,Open-Meteo-Historical,
2026-05-09 17:00:00,32.5,52,,0.0,100,,7.7,22.7,3,Can Tho,10.0341,105.7878,Open-Meteo-Historical,
2026-05-09 18:00:00,31.0,63,,0.0,64,,8.0,14.8,2,Can Tho,10.0341,105.7878,Open-Meteo-Historical,
2026-05-09 19:00:00,29.9,65,,0.0,68,,12.7,25.6,2,Can Tho,10.0341,105.7878,Open-Meteo-Historical,
2026-05-09 20:00:00,29.5,67,,0.0,98,,13.6,24.5,3,Can Tho,10.0341,105.7878,Open-Meteo-Historical,
2026-05-09 21:00:00,28.9,72,,0.0,97,,13.5,25.2,3,Can Tho,10.0341,105.7878,Open-Meteo-Historical,
2026-05-09 22:00:00,28.5,77,,0.0,94,,13.4,25.6,3,Can Tho,10.0341,105.7878,Open-Meteo-Historical,
2026-05-09 23:00:00,28.2,80,,0.0,100,,12.7,24.8,3,Can Tho,10.0341,105.7878,Open-Meteo-Historical,
2026-05-10 00:00:00,28.0,82,,0.0,96,,13.3,24.8,3,Can Tho,10.0341,105.7878,Open-Meteo-Historical,
2026-05-10 01:00:00,27.8,83,,0.0,99,,12.2,25.2,3,Can Tho,10.0341,105.7878,Open-Meteo-Historical,
2026-05-10 02:00:00,27.7,83,,0.0,100,,11.5,23.0,3,Can Tho,10.0341,105.7878,Open-Meteo-Historical,
2026-05-10 03:00:00,27.5,83,,0.0,97,,10.8,21.6,3,Can Tho,10.0341,105.7878,Open-Meteo-Historical,
2026-05-10 04:00:00,27.5,84,,0.0,100,,11.7,21.6,3,Can Tho,10.0341,105.7878,Open-Meteo-Historical,
2026-05-10 05:00:00,27.6,83,,0.0,47,,12.6,23.0,1,Can Tho,10.0341,105.7878,Open-Meteo-Historical,
2026-05-10 06:00:00,27.8,82,,0.0,94,,13.6,25.2,3,Can Tho,10.0341,105.7878,Open-Meteo-Historical,
2026-05-10 07:00:00,29.4,75,,0.0,76,,15.1,27.0,2,Can Tho,10.0341,105.7878,Open-Meteo-Historical,
2026-05-10 08:00:00,29.8,73,,0.1,80,,15.8,32.4,51,Can Tho,10.0341,105.7878,Open-Meteo-Historical,
2026-05-10 09:00:00,31.5,66,,0.1,69,,18.9,45.4,51,Can Tho,10.0341,105.7878,Open-Meteo-Historical,
2026-05-10 10:00:00,32.5,64,,0.1,87,,20.4,49.3,51,Can Tho,10.0341,105.7878,Open-Meteo-Historical,
2026-05-10 11:00:00,31.5,68,,1.4,98,,17.1,54.0,61,Can Tho,10.0341,105.7878,Open-Meteo-Historical,
2026-05-10 12:00:00,32.8,63,,0.1,99,,21.4,49.0,51,Can Tho,10.0341,105.7878,Open-Meteo-Historical,
2026-05-10 13:00:00,28.5,78,,0.8,99,,20.6,52.2,53,Can Tho,10.0341,105.7878,Open-Meteo-Historical,
2026-05-10 14:00:00,31.7,66,,0.4,100,,10.5,37.8,51,Can Tho,10.0341,105.7878,Open-Meteo-Historical,
2026-05-10 15:00:00,30.3,73,,1.6,100,,16.3,43.2,61,Can Tho,10.0341,105.7878,Open-Meteo-Historical,
2026-05-10 16:00:00,29.5,75,,0.5,100,,15.1,34.6,53,Can Tho,10.0341,105.7878,Open-Meteo-Historical,
2026-05-10 17:00:00,29.3,78,,0.0,100,,10.1,31.0,3,Can Tho,10.0341,105.7878,Open-Meteo-Historical,
2026-05-10 18:00:00,28.9,80,,0.0,100,,7.7,21.6,3,Can Tho,10.0341,105.7878,Open-Meteo-Historical,
2026-05-10 19:00:00,27.5,84,,0.0,98,,7.4,14.0,3,Can Tho,10.0341,105.7878,Open-Meteo-Historical,
2026-05-10 20:00:00,27.3,87,,0.0,99,,7.9,14.4,3,Can Tho,10.0341,105.7878,Open-Meteo-Historical,
2026-05-10 21:00:00,27.2,87,,0.0,99,,6.9,14.4,3,Can Tho,10.0341,105.7878,Open-Meteo-Historical,
2026-05-10 22:00:00,27.1,87,,0.0,98,,6.5,14.4,3,Can Tho,10.0341,105.7878,Open-Meteo-Historical,
2026-05-10 23:00:00,26.7,91,,0.0,96,,4.1,11.5,3,Can Tho,10.0341,105.7878,Open-Meteo-Historical,
2026-05-11 00:00:00,26.8,91,,0.1,99,,6.2,10.8,51,Can Tho,10.0341,105.7878,Open-Meteo-Historical,
2026-05-11 01:00:00,26.5,89,,0.0,100,,10.8,14.0,3,Can Tho,10.0341,105.7878,Open-Meteo-Historical,
2026-05-11 02:00:00,25.9,89,,0.0,100,,10.4,19.8,3,Can Tho,10.0341,105.7878,Open-Meteo-Historical,
2026-05-11 03:00:00,25.3,93,,0.2,100,,10.2,20.2,51,Can Tho,10.0341,105.7878,Open-Meteo-Historical,
2026-05-11 04:00:00,25.4,94,,0.0,100,,7.5,18.7,3,Can Tho,10.0341,105.7878,Open-Meteo-Historical,
2026-05-11 05:00:00,25.4,94,,0.0,100,,6.4,13.7,3,Can Tho,10.0341,105.7878,Open-Meteo-Historical,
2026-05-11 06:00:00,25.8,93,,0.0,100,,9.0,15.5,3,Can Tho,10.0341,105.7878,Open-Meteo-Historical,
2026-05-11 07:00:00,27.4,85,,0.0,98,,14.0,23.4,3,Can Tho,10.0341,105.7878,Open-Meteo-Historical,
2026-05-11 08:00:00,28.8,79,,0.0,98,,13.3,28.1,3,Can Tho,10.0341,105.7878,Open-Meteo-Historical,
2026-05-11 09:00:00,30.2,71,,0.0,98,,17.3,36.4,3,Can Tho,10.0341,105.7878,Open-Meteo-Historical,
2026-05-11 10:00:00,31.7,63,,0.0,98,,19.1,39.6,3,Can Tho,10.0341,105.7878,Open-Meteo-Historical,
2026-05-11 11:00:00,32.7,57,,0.0,99,,20.8,44.3,3,Can Tho,10.0341,105.7878,Open-Meteo-Historical,
2026-05-11 12:00:00,32.8,57,,0.0,100,,19.8,44.3,3,Can Tho,10.0341,105.7878,Open-Meteo-Historical,
2026-05-11 13:00:00,32.0,58,,0.0,100,,20.2,42.1,3,Can Tho,10.0341,105.7878,Open-Meteo-Historical,
2026-05-11 14:00:00,31.0,63,,0.0,100,,18.5,39.6,3,Can Tho,10.0341,105.7878,Open-Meteo-Historical,
2026-05-11 15:00:00,31.0,64,,0.0,100,,15.4,36.7,3,Can Tho,10.0341,105.7878,Open-Meteo-Historical,
2026-05-11 16:00:00,31.0,65,,0.0,100,,14.0,31.0,3,Can Tho,10.0341,105.7878,Open-Meteo-Historical,
2026-05-11 17:00:00,30.5,69,,0.0,99,,12.5,26.6,3,Can Tho,10.0341,105.7878,Open-Meteo-Historical,
2026-05-11 18:00:00,29.6,72,,0.0,77,,11.9,23.8,2,Can Tho,10.0341,105.7878,Open-Meteo-Historical,
2026-05-11 19:00:00,28.6,79,,0.0,44,,11.9,22.0,1,Can Tho,10.0341,105.7878,Open-Meteo-Historical,
2026-05-11 20:00:00,28.2,83,,0.0,3,,12.1,23.0,0,Can Tho,10.0341,105.7878,Open-Meteo-Historical,
2026-05-11 21:00:00,27.9,85,,0.0,1,,10.2,22.3,0,Can Tho,10.0341,105.7878,Open-Meteo-Historical,
2026-05-11 22:00:00,27.2,89,,0.0,61,,6.5,18.4,2,Can Tho,10.0341,105.7878,Open-Meteo-Historical,
2026-05-11 23:00:00,26.9,92,,0.0,78,,5.6,11.5,2,Can Tho,10.0341,105.7878,Open-Meteo-Historical,
2026-05-12 00:00:00,26.7,92,,0.0,66,,6.3,11.5,2,Can Tho,10.0341,105.7878,Open-Meteo-Historical,
2026-05-12 01:00:00,26.9,91,,0.0,72,,7.8,11.9,2,Can Tho,10.0341,105.7878,Open-Meteo-Historical,
2026-05-12 02:00:00,26.9,90,,0.0,93,,8.0,14.8,3,Can Tho,10.0341,105.7878,Open-Meteo-Historical,
2026-05-12 03:00:00,26.6,91,,0.0,60,,7.7,14.4,2,Can Tho,10.0341,105.7878,Open-Meteo-Historical,
2026-05-12 04:00:00,26.5,91,,0.0,52,,8.1,14.8,2,Can Tho,10.0341,105.7878,Open-Meteo-Historical,
2026-05-12 05:00:00,26.6,89,,0.0,70,,9.1,16.6,2,Can Tho,10.0341,105.7878,Open-Meteo-Historical,
2026-05-12 06:00:00,26.8,86,,0.0,100,,9.5,16.9,3,Can Tho,10.0341,105.7878,Open-Meteo-Historical,
2026-05-12 07:00:00,28.4,83,,0.0,94,,8.1,18.7,3,Can Tho,10.0341,105.7878,Open-Meteo-Historical,
2026-05-12 08:00:00,30.0,73,,0.0,96,,11.9,24.8,3,Can Tho,10.0341,105.7878,Open-Meteo-Historical,
2026-05-12 09:00:00,31.2,65,,0.0,97,,13.4,30.6,3,Can Tho,10.0341,105.7878,Open-Meteo-Historical,
2026-05-12 10:00:00,32.2,60,,0.0,96,,12.8,31.3,3,Can Tho,10.0341,105.7878,Open-Meteo-Historical,
2026-05-12 11:00:00,33.2,56,,0.0,99,,12.4,31.7,3,Can Tho,10.0341,105.7878,Open-Meteo-Historical,
2026-05-12 12:00:00,33.9,54,,0.0,99,,11.7,31.3,3,Can Tho,10.0341,105.7878,Open-Meteo-Historical,
2026-05-12 13:00:00,34.7,47,,0.0,100,,13.7,30.2,3,Can Tho,10.0341,105.7878,Open-Meteo-Historical,
2026-05-12 14:00:00,34.5,47,,0.0,98,,13.8,32.0,3,Can Tho,10.0341,105.7878,Open-Meteo-Historical,
2026-05-12 15:00:00,34.3,46,,0.0,99,,12.3,31.3,3,Can Tho,10.0341,105.7878,Open-Meteo-Historical,
2026-05-12 16:00:00,33.7,49,,0.0,98,,11.2,29.2,3,Can Tho,10.0341,105.7878,Open-Meteo-Historical,
2026-05-12 17:00:00,32.8,53,,0.0,93,,11.4,24.5,3,Can Tho,10.0341,105.7878,Open-Meteo-Historical,
2026-05-12 18:00:00,31.5,58,,0.0,94,,9.9,21.6,3,Can Tho,10.0341,105.7878,Open-Meteo-Historical,
2026-05-12 19:00:00,30.0,66,,0.0,77,,8.1,20.9,2,Can Tho,10.0341,105.7878,Open-Meteo-Historical,
2026-05-12 20:00:00,29.1,70,,0.0,66,,8.9,15.8,2,Can Tho,10.0341,105.7878,Open-Meteo-Historical,
2026-05-12 21:00:00,28.6,73,,0.0,86,,8.1,15.8,3,Can Tho,10.0341,105.7878,Open-Meteo-Historical,
2026-05-12 22:00:00,28.0,77,,0.0,92,,6.9,14.4,3,Can Tho,10.0341,105.7878,Open-Meteo-Historical,
2026-05-12 23:00:00,27.6,80,,0.0,98,,6.0,12.6,3,Can Tho,10.0341,105.7878,Open-Meteo-Historical,
2026-05-13 00:00:00,27.2,83,,0.0,88,,5.2,10.8,3,Can Tho,10.0341,105.7878,Open-Meteo-Historical,
2026-05-13 01:00:00,26.7,86,,0.0,95,,3.7,9.7,3,Can Tho,10.0341,105.7878,Open-Meteo-Historical,
2026-05-13 02:00:00,26.4,89,,0.0,100,,2.9,6.1,3,Can Tho,10.0341,105.7878,Open-Meteo-Historical,
2026-05-13 03:00:00,26.2,89,,0.0,100,,3.1,4.7,3,Can Tho,10.0341,105.7878,Open-Meteo-Historical,
2026-05-13 04:00:00,26.2,91,,0.0,97,,4.5,8.3,3,Can Tho,10.0341,105.7878,Open-Meteo-Historical,
2026-05-13 05:00:00,26.1,92,,0.0,82,,4.8,9.0,3,Can Tho,10.0341,105.7878,Open-Meteo-Historical,
2026-05-13 06:00:00,26.3,92,,0.0,67,,4.6,9.0,2,Can Tho,10.0341,105.7878,Open-Meteo-Historical,
2026-05-13 07:00:00,28.2,84,,0.0,52,,4.4,11.9,2,Can Tho,10.0341,105.7878,Open-Meteo-Historical,
2026-05-13 08:00:00,30.0,73,,0.0,77,,4.5,14.8,2,Can Tho,10.0341,105.7878,Open-Meteo-Historical,
2026-05-13 09:00:00,31.2,67,,0.0,81,,4.1,15.5,3,Can Tho,10.0341,105.7878,Open-Meteo-Historical,
2026-05-13 10:00:00,32.2,62,,0.0,95,,4.9,17.6,3,Can Tho,10.0341,105.7878,Open-Meteo-Historical,
2026-05-13 11:00:00,33.5,56,,0.0,91,,5.6,19.4,3,Can Tho,10.0341,105.7878,Open-Meteo-Historical,
2026-05-13 12:00:00,34.0,54,,0.1,62,,4.8,22.0,51,Can Tho,10.0341,105.7878,Open-Meteo-Historical,
2026-05-13 13:00:00,34.2,53,,0.2,76,,4.0,21.6,51,Can Tho,10.0341,105.7878,Open-Meteo-Historical,
2026-05-13 14:00:00,34.6,52,,0.0,95,,4.7,18.4,3,Can Tho,10.0341,105.7878,Open-Meteo-Historical,
2026-05-13 15:00:00,33.4,55,,0.0,97,,8.1,20.5,3,Can Tho,10.0341,105.7878,Open-Meteo-Historical,
2026-05-13 16:00:00,32.8,61,,0.6,88,,6.1,21.2,53,Can Tho,10.0341,105.7878,Open-Meteo-Historical,
2026-05-13 17:00:00,29.6,78,,1.3,89,,11.2,23.8,61,Can Tho,10.0341,105.7878,Open-Meteo-Historical,
2026-05-13 18:00:00,29.3,83,,0.7,70,,4.7,20.5,53,Can Tho,10.0341,105.7878,Open-Meteo-Historical,
2026-05-13 19:00:00,28.4,82,,0.2,89,,8.3,19.1,51,Can Tho,10.0341,105.7878,Open-Meteo-Historical,
2026-05-13 20:00:00,28.2,84,,0.1,84,,7.3,15.1,51,Can Tho,10.0341,105.7878,Open-Meteo-Historical,
2026-05-13 21:00:00,28.1,84,,0.0,86,,7.2,13.0,3,Can Tho,10.0341,105.7878,Open-Meteo-Historical,
2026-05-13 22:00:00,27.8,84,,0.0,95,,7.5,13.3,3,Can Tho,10.0341,105.7878,Open-Meteo-Historical,
2026-05-13 23:00:00,27.5,87,,0.0,99,,6.7,13.3,3,Can Tho,10.0341,105.7878,Open-Meteo-Historical,
2026-05-14 00:00:00,27.1,89,,0.0,98,,5.4,11.9,3,Can Tho,10.0341,105.7878,Open-Meteo-Historical,
2026-05-14 01:00:00,26.7,92,,0.0,99,,6.2,9.7,3,Can Tho,10.0341,105.7878,Open-Meteo-Historical,
2026-05-14 02:00:00,26.4,93,,0.0,99,,5.2,11.2,3,Can Tho,10.0341,105.7878,Open-Meteo-Historical,
2026-05-14 03:00:00,26.1,94,,0.0,100,,4.3,9.7,3,Can Tho,10.0341,105.7878,Open-Meteo-Historical,
2026-05-14 04:00:00,26.0,95,,0.0,100,,3.6,7.9,3,Can Tho,10.0341,105.7878,Open-Meteo-Historical,
2026-05-14 05:00:00,25.8,95,,0.0,97,,3.2,6.8,3,Can Tho,10.0341,105.7878,Open-Meteo-Historical,
2026-05-14 06:00:00,26.1,94,,0.0,97,,2.9,5.4,3,Can Tho,10.0341,105.7878,Open-Meteo-Historical,
2026-05-14 07:00:00,28.2,84,,0.0,94,,4.3,11.5,3,Can Tho,10.0341,105.7878,Open-Meteo-Historical,
2026-05-14 08:00:00,30.1,73,,0.0,86,,5.8,16.9,3,Can Tho,10.0341,105.7878,Open-Meteo-Historical,
2026-05-14 09:00:00,31.6,63,,0.0,52,,7.3,20.5,2,Can Tho,10.0341,105.7878,Open-Meteo-Historical,
2026-05-14 10:00:00,33.0,57,,0.0,25,,8.0,22.7,1,Can Tho,10.0341,105.7878,Open-Meteo-Historical,
2026-05-14 11:00:00,33.9,53,,0.1,61,,8.0,23.8,51,Can Tho,10.0341,105.7878,Open-Meteo-Historical,
2026-05-14 12:00:00,34.5,51,,0.0,100,,7.7,23.4,3,Can Tho,10.0341,105.7878,Open-Meteo-Historical,
2026-05-14 13:00:00,34.7,50,,0.0,95,,8.2,23.0,3,Can Tho,10.0341,105.7878,Open-Meteo-Historical,
2026-05-14 14:00:00,33.7,51,,0.2,96,,15.1,34.6,51,Can Tho,10.0341,105.7878,Open-Meteo-Historical,
2026-05-14 15:00:00,30.5,72,,1.4,91,,10.8,34.6,61,Can Tho,10.0341,105.7878,Open-Meteo-Historical,
2026-05-14 16:00:00,30.8,68,,0.4,98,,12.5,29.2,51,Can Tho,10.0341,105.7878,Open-Meteo-Historical,
2026-05-14 17:00:00,30.9,67,,0.0,96,,11.1,27.7,3,Can Tho,10.0341,105.7878,Open-Meteo-Historical,
2026-05-14 18:00:00,30.2,69,,0.0,99,,9.2,23.4,3,Can Tho,10.0341,105.7878,Open-Meteo-Historical,
2026-05-14 19:00:00,29.5,75,,0.0,100,,5.6,16.9,3,Can Tho,10.0341,105.7878,Open-Meteo-Historical,
2026-05-14 20:00:00,28.9,80,,0.0,97,,4.0,10.8,3,Can Tho,10.0341,105.7878,Open-Meteo-Historical,
2026-05-14 21:00:00,28.6,83,,0.0,100,,2.5,6.8,3,Can Tho,10.0341,105.7878,Open-Meteo-Historical,
2026-05-14 22:00:00,28.3,84,,0.0,99,,4.2,7.2,3,Can Tho,10.0341,105.7878,Open-Meteo-Historical,
2026-05-14 23:00:00,28.3,82,,0.0,100,,6.8,11.9,3,Can Tho,10.0341,105.7878,Open-Meteo-Historical,
2026-05-15 00:00:00,28.0,82,,0.0,100,,7.0,12.6,3,Can Tho,10.0341,105.7878,Open-Meteo-Historical,
2026-05-15 01:00:00,27.5,86,,0.0,100,,5.6,12.6,3,Can Tho,10.0341,105.7878,Open-Meteo-Historical,
2026-05-15 02:00:00,27.1,88,,0.0,100,,4.4,10.4,3,Can Tho,10.0341,105.7878,Open-Meteo-Historical,
2026-05-15 03:00:00,26.9,89,,0.0,100,,5.3,9.7,3,Can Tho,10.0341,105.7878,Open-Meteo-Historical,
2026-05-15 04:00:00,26.8,89,,0.0,98,,6.1,11.2,3,Can Tho,10.0341,105.7878,Open-Meteo-Historical,
2026-05-15 05:00:00,26.6,89,,0.0,98,,6.2,12.2,3,Can Tho,10.0341,105.7878,Open-Meteo-Historical,
2026-05-15 06:00:00,26.7,89,,0.0,98,,5.9,11.5,3,Can Tho,10.0341,105.7878,Open-Meteo-Historical,
2026-05-15 07:00:00,28.5,83,,0.0,99,,5.4,13.3,3,Can Tho,10.0341,105.7878,Open-Meteo-Historical,
2026-05-15 08:00:00,30.3,76,,0.0,96,,5.8,15.8,3,Can Tho,10.0341,105.7878,Open-Meteo-Historical,
2026-05-15 09:00:00,31.8,69,,0.0,91,,9.9,23.8,3,Can Tho,10.0341,105.7878,Open-Meteo-Historical,
2026-05-15 10:00:00,32.5,65,,0.0,22,,9.7,24.5,1,Can Tho,10.0341,105.7878,Open-Meteo-Historical,
2026-05-15 11:00:00,33.7,61,,0.1,10,,9.0,24.5,51,Can Tho,10.0341,105.7878,Open-Meteo-Historical,
2026-05-15 12:00:00,34.3,59,,0.1,17,,9.2,24.5,51,Can Tho,10.0341,105.7878,Open-Meteo-Historical,
2026-05-15 13:00:00,34.6,52,,0.1,80,,10.5,24.8,51,Can Tho,10.0341,105.7878,Open-Meteo-Historical,
2026-05-15 14:00:00,34.6,52,,0.1,89,,11.7,27.4,51,Can Tho,10.0341,105.7878,Open-Meteo-Historical,
2026-05-15 15:00:00,34.3,53,,0.0,84,,13.0,29.2,3,Can Tho,10.0341,105.7878,Open-Meteo-Historical,
2026-05-15 16:00:00,33.9,51,,0.0,84,,14.5,31.3,3,Can Tho,10.0341,105.7878,Open-Meteo-Historical,
2026-05-15 17:00:00,30.7,71,,0.8,91,,12.6,30.6,53,Can Tho,10.0341,105.7878,Open-Meteo-Historical,
2026-05-15 18:00:00,29.4,80,,0.2,60,,13.6,26.6,51,Can Tho,10.0341,105.7878,Open-Meteo-Historical,
2026-05-15 19:00:00,30.5,67,,0.0,88,,12.9,24.5,3,Can Tho,10.0341,105.7878,Open-Meteo-Historical,
2026-05-15 20:00:00,30.3,68,,0.0,95,,12.8,25.6,3,Can Tho,10.0341,105.7878,Open-Meteo-Historical,
2026-05-15 21:00:00,30.0,70,,0.0,95,,10.9,23.4,3,Can Tho,10.0341,105.7878,Open-Meteo-Historical,
2026-05-15 22:00:00,29.5,72,,0.0,87,,8.1,19.8,3,Can Tho,10.0341,105.7878,Open-Meteo-Historical,
2026-05-15 23:00:00,29.0,74,,0.0,98,,7.6,14.8,3,Can Tho,10.0341,105.7878,Open-Meteo-Historical,
2026-05-16 00:00:00,28.6,78,,0.0,97,,6.1,13.7,3,Can Tho,10.0341,105.7878,Open-Meteo-Historical,
2026-05-16 01:00:00,28.2,85,,0.0,98,,8.3,10.8,3,Can Tho,10.0341,105.7878,Open-Meteo-Historical,
2026-05-16 02:00:00,27.9,87,,0.0,96,,7.5,15.5,3,Can Tho,10.0341,105.7878,Open-Meteo-Historical,
2026-05-16 03:00:00,27.7,89,,0.0,99,,4.6,13.7,3,Can Tho,10.0341,105.7878,Open-Meteo-Historical,
2026-05-16 04:00:00,27.5,90,,0.0,82,,3.1,8.3,3,Can Tho,10.0341,105.7878,Open-Meteo-Historical,
2026-05-16 05:00:00,27.5,90,,0.0,54,,3.1,5.4,2,Can Tho,10.0341,105.7878,Open-Meteo-Historical,
2026-05-16 06:00:00,27.6,90,,0.0,92,,4.7,7.9,3,Can Tho,10.0341,105.7878,Open-Meteo-Historical,
2026-05-16 07:00:00,29.5,80,,0.0,68,,8.0,12.6,2,Can Tho,10.0341,105.7878,Open-Meteo-Historical,
2026-05-16 08:00:00,31.0,72,,0.0,89,,10.3,25.9,3,Can Tho,10.0341,105.7878,Open-Meteo-Historical,
2026-05-16 09:00:00,32.5,61,,0.0,98,,9.6,27.7,3,Can Tho,10.0341,105.7878,Open-Meteo-Historical,
2026-05-16 10:00:00,33.8,55,,0.0,100,,8.8,26.6,3,Can Tho,10.0341,105.7878,Open-Meteo-Historical,
2026-05-16 11:00:00,34.6,52,,0.0,98,,7.8,25.2,3,Can Tho,10.0341,105.7878,Open-Meteo-Historical,
2026-05-16 12:00:00,35.5,50,,0.0,90,,7.1,23.4,3,Can Tho,10.0341,105.7878,Open-Meteo-Historical,
2026-05-16 13:00:00,36.2,48,,0.0,85,,6.1,22.0,3,Can Tho,10.0341,105.7878,Open-Meteo-Historical,
2026-05-16 14:00:00,36.0,48,,0.0,80,,6.9,19.8,3,Can Tho,10.0341,105.7878,Open-Meteo-Historical,
2026-05-16 15:00:00,33.7,55,,0.2,68,,12.8,30.2,51,Can Tho,10.0341,105.7878,Open-Meteo-Historical,
2026-05-16 16:00:00,33.2,57,,0.2,50,,12.4,29.2,51,Can Tho,10.0341,105.7878,Open-Meteo-Historical,
2026-05-16 17:00:00,31.5,65,,0.1,84,,13.4,27.7,51,Can Tho,10.0341,105.7878,Open-Meteo-Historical,
2026-05-16 18:00:00,29.9,72,,0.1,42,,13.7,30.2,51,Can Tho,10.0341,105.7878,Open-Meteo-Historical,
2026-05-16 19:00:00,29.2,76,,0.1,32,,13.7,24.8,51,Can Tho,10.0341,105.7878,Open-Meteo-Historical,
2026-05-16 20:00:00,28.8,80,,0.0,45,,7.6,24.1,1,Can Tho,10.0341,105.7878,Open-Meteo-Historical,
2026-05-16 21:00:00,28.5,83,,0.0,60,,4.2,13.0,2,Can Tho,10.0341,105.7878,Open-Meteo-Historical,
2026-05-16 22:00:00,28.6,83,,0.0,97,,2.2,6.8,3,Can Tho,10.0341,105.7878,Open-Meteo-Historical,
2026-05-16 23:00:00,28.2,83,,0.0,99,,6.1,10.8,3,Can Tho,10.0341,105.7878,Open-Meteo-Historical,
2026-05-17 00:00:00,28.1,83,,0.0,100,,6.5,11.2,3,Can Tho,10.0341,105.7878,Open-Meteo-Historical,
2026-05-17 01:00:00,28.1,83,,0.0,100,,9.0,11.2,3,Can Tho,10.0341,105.7878,Open-Meteo-Historical,
2026-05-17 02:00:00,28.1,84,,0.0,100,,8.4,16.6,3,Can Tho,10.0341,105.7878,Open-Meteo-Historical,
2026-05-17 03:00:00,28.0,85,,0.1,100,,8.0,15.5,51,Can Tho,10.0341,105.7878,Open-Meteo-Historical,
2026-05-17 04:00:00,28.0,87,,0.1,100,,3.5,14.0,51,Can Tho,10.0341,105.7878,Open-Meteo-Historical,
2026-05-17 05:00:00,27.9,87,,0.0,100,,2.2,5.8,3,Can Tho,10.0341,105.7878,Open-Meteo-Historical,
2026-05-17 06:00:00,27.9,87,,0.0,100,,4.0,6.8,3,Can Tho,10.0341,105.7878,Open-Meteo-Historical,
2026-05-17 07:00:00,29.2,79,,0.0,48,,4.3,11.2,1,Can Tho,10.0341,105.7878,Open-Meteo-Historical,
2026-05-17 08:00:00,30.9,73,,0.0,11,,10.6,23.0,0,Can Tho,10.0341,105.7878,Open-Meteo-Historical,
2026-05-17 09:00:00,32.2,66,,0.0,13,,12.0,27.7,0,Can Tho,10.0341,105.7878,Open-Meteo-Historical,
2026-05-17 10:00:00,33.3,62,,0.0,84,,10.1,28.1,3,Can Tho,10.0341,105.7878,Open-Meteo-Historical,
2026-05-17 11:00:00,34.2,60,,0.0,100,,9.2,26.6,3,Can Tho,10.0341,105.7878,Open-Meteo-Historical,
2026-05-17 12:00:00,28.0,86,,5.3,99,,18.7,38.9,63,Can Tho,10.0341,105.7878,Open-Meteo-Historical,
2026-05-17 13:00:00,28.5,83,,2.7,99,,9.5,37.4,63,Can Tho,10.0341,105.7878,Open-Meteo-Historical,
2026-05-17 14:00:00,29.6,81,,1.7,95,,9.2,22.7,61,Can Tho,10.0341,105.7878,Open-Meteo-Historical,
2026-05-17 15:00:00,30.4,77,,0.4,91,,10.4,27.7,51,Can Tho,10.0341,105.7878,Open-Meteo-Historical,
2026-05-17 16:00:00,30.6,75,,0.2,92,,10.6,26.3,51,Can Tho,10.0341,105.7878,Open-Meteo-Historical,
2026-05-17 17:00:00,30.5,73,,0.1,93,,8.6,25.6,51,Can Tho,10.0341,105.7878,Open-Meteo-Historical,
2026-05-17 18:00:00,29.8,75,,0.0,94,,7.5,19.4,3,Can Tho,10.0341,105.7878,Open-Meteo-Historical,
2026-05-17 19:00:00,27.6,87,,0.0,99,,10.9,15.1,3,Can Tho,10.0341,105.7878,Open-Meteo-Historical,
2026-05-17 20:00:00,27.4,87,,0.0,97,,9.5,19.4,3,Can Tho,10.0341,105.7878,Open-Meteo-Historical,
2026-05-17 21:00:00,27.5,86,,0.0,98,,8.9,17.6,3,Can Tho,10.0341,105.7878,Open-Meteo-Historical,
2026-05-17 22:00:00,27.5,86,,0.0,99,,7.6,15.1,3,Can Tho,10.0341,105.7878,Open-Meteo-Historical,
2026-05-17 23:00:00,27.4,88,,0.0,95,,6.8,13.3,3,Can Tho,10.0341,105.7878,Open-Meteo-Historical,
2026-05-18 00:00:00,27.3,88,,0.0,100,,5.6,12.2,3,Can Tho,10.0341,105.7878,Open-Meteo-Historical,
2026-05-18 01:00:00,27.3,83,,0.0,99,,5.5,10.8,3,Can Tho,10.0341,105.7878,Open-Meteo-Historical,
2026-05-18 02:00:00,27.0,85,,0.0,99,,5.5,9.7,3,Can Tho,10.0341,105.7878,Open-Meteo-Historical,
2026-05-18 03:00:00,26.8,86,,0.0,77,,4.7,10.1,2,Can Tho,10.0341,105.7878,Open-Meteo-Historical,
2026-05-18 04:00:00,26.6,87,,0.0,71,,4.0,8.6,2,Can Tho,10.0341,105.7878,Open-Meteo-Historical,
2026-05-18 05:00:00,26.6,87,,0.0,42,,7.6,14.0,1,Can Tho,10.0341,105.7878,Open-Meteo-Historical,
2026-05-18 06:00:00,26.8,87,,0.0,42,,8.1,14.0,1,Can Tho,10.0341,105.7878,Open-Meteo-Historical,
2026-05-18 07:00:00,28.0,83,,0.0,21,,9.7,16.2,1,Can Tho,10.0341,105.7878,Open-Meteo-Historical,
2026-05-18 08:00:00,29.2,79,,0.0,37,,9.4,22.0,1,Can Tho,10.0341,105.7878,Open-Meteo-Historical,
2026-05-18 09:00:00,30.5,74,,0.0,61,,10.9,25.6,2,Can Tho,10.0341,105.7878,Open-Meteo-Historical,
2026-05-18 10:00:00,31.8,67,,0.0,63,,11.0,25.9,2,Can Tho,10.0341,105.7878,Open-Meteo-Historical,
2026-05-18 11:00:00,32.7,64,,0.1,85,,11.8,28.4,51,Can Tho,10.0341,105.7878,Open-Meteo-Historical,
2026-05-18 12:00:00,32.7,66,,0.0,100,,11.7,31.0,3,Can Tho,10.0341,105.7878,Open-Meteo-Historical,
2026-05-18 13:00:00,32.2,60,,1.1,84,,16.6,31.0,55,Can Tho,10.0341,105.7878,Open-Meteo-Historical,
2026-05-18 14:00:00,32.7,59,,0.1,97,,16.3,38.9,51,Can Tho,10.0341,105.7878,Open-Meteo-Historical,
2026-05-18 15:00:00,31.4,63,,0.3,98,,17.5,35.6,51,Can Tho,10.0341,105.7878,Open-Meteo-Historical,
2026-05-18 16:00:00,30.5,73,,0.5,98,,10.8,36.0,53,Can Tho,10.0341,105.7878,Open-Meteo-Historical,
2026-05-18 17:00:00,29.5,78,,0.2,91,,11.4,25.9,51,Can Tho,10.0341,105.7878,Open-Meteo-Historical,
2026-05-18 18:00:00,26.6,91,,2.5,100,,13.0,21.2,63,Can Tho,10.0341,105.7878,Open-Meteo-Historical,
2026-05-18 19:00:00,29.0,76,,1.8,98,,11.7,29.9,61,Can Tho,10.0341,105.7878,Open-Meteo-Historical,
2026-05-18 20:00:00,28.2,79,,0.1,83,,8.5,22.0,51,Can Tho,10.0341,105.7878,Open-Meteo-Historical,
2026-05-18 21:00:00,27.9,80,,0.1,97,,16.3,28.4,51,Can Tho,10.0341,105.7878,Open-Meteo-Historical,
2026-05-18 22:00:00,26.5,89,,0.2,99,,12.0,32.0,51,Can Tho,10.0341,105.7878,Open-Meteo-Historical,
2026-05-18 23:00:00,26.2,91,,0.1,99,,6.0,21.2,51,Can Tho,10.0341,105.7878,Open-Meteo-Historical,
2026-05-19 00:00:00,26.0,92,,0.0,98,,5.2,10.8,3,Can Tho,10.0341,105.7878,Open-Meteo-Historical,
2026-05-19 01:00:00,26.4,91,,0.0,99,,5.3,10.8,3,Can Tho,10.0341,105.7878,Open-Meteo-Historical,
2026-05-19 02:00:00,26.1,92,,0.0,100,,3.8,9.4,3,Can Tho,10.0341,105.7878,Open-Meteo-Historical,
2026-05-19 03:00:00,26.2,90,,0.0,100,,5.8,10.8,3,Can Tho,10.0341,105.7878,Open-Meteo-Historical,
2026-05-19 04:00:00,26.2,89,,0.0,100,,7.1,12.6,3,Can Tho,10.0341,105.7878,Open-Meteo-Historical,
2026-05-19 05:00:00,26.2,90,,0.0,98,,7.2,14.8,3,Can Tho,10.0341,105.7878,Open-Meteo-Historical,
2026-05-19 06:00:00,26.2,90,,0.0,82,,8.0,14.0,3,Can Tho,10.0341,105.7878,Open-Meteo-Historical,
2026-05-19 07:00:00,28.0,87,,0.1,95,,7.6,28.1,51,Can Tho,10.0341,105.7878,Open-Meteo-Historical,
2026-05-19 08:00:00,29.5,80,,0.0,98,,7.2,18.4,3,Can Tho,10.0341,105.7878,Open-Meteo-Historical,
2026-05-19 09:00:00,30.6,73,,0.1,90,,9.0,25.2,51,Can Tho,10.0341,105.7878,Open-Meteo-Historical,
2026-05-19 10:00:00,31.3,69,,0.1,100,,12.8,32.8,51,Can Tho,10.0341,105.7878,Open-Meteo-Historical,
2026-05-19 11:00:00,27.9,85,,2.3,98,,16.6,35.3,61,Can Tho,10.0341,105.7878,Open-Meteo-Historical,
2026-05-19 12:00:00,29.0,81,,0.7,98,,11.9,33.5,53,Can Tho,10.0341,105.7878,Open-Meteo-Historical,
2026-05-19 13:00:00,31.9,63,,0.2,99,,15.3,32.0,51,Can Tho,10.0341,105.7878,Open-Meteo-Historical,
2026-05-19 14:00:00,30.1,73,,0.9,97,,15.2,32.8,53,Can Tho,10.0341,105.7878,Open-Meteo-Historical,
2026-05-19 15:00:00,28.0,85,,2.6,100,,19.1,37.8,63,Can Tho,10.0341,105.7878,Open-Meteo-Historical,
2026-05-19 16:00:00,27.5,90,,1.3,98,,11.0,38.5,61,Can Tho,10.0341,105.7878,Open-Meteo-Historical,
2026-05-19 17:00:00,27.9,88,,0.3,97,,10.0,23.0,51,Can Tho,10.0341,105.7878,Open-Meteo-Historical,
2026-05-19 18:00:00,27.5,90,,0.0,97,,7.5,20.2,3,Can Tho,10.0341,105.7878,Open-Meteo-Historical,
2026-05-19 19:00:00,28.5,87,,0.0,97,,3.0,13.3,3,Can Tho,10.0341,105.7878,Open-Meteo-Historical,
2026-05-19 20:00:00,28.0,88,,0.0,99,,4.4,7.6,3,Can Tho,10.0341,105.7878,Open-Meteo-Historical,
2026-05-19 21:00:00,27.8,88,,0.0,99,,4.9,8.6,3,Can Tho,10.0341,105.7878,Open-Meteo-Historical,
2026-05-19 22:00:00,27.6,88,,0.0,100,,4.3,8.3,3,Can Tho,10.0341,105.7878,Open-Meteo-Historical,
2026-05-19 23:00:00,27.4,87,,0.0,99,,5.1,9.0,3,Can Tho,10.0341,105.7878,Open-Meteo-Historical,
2026-05-20 00:00:00,27.1,88,,0.0,98,,6.9,12.2,3,Can Tho,10.0341,105.7878,Open-Meteo-Historical,
2026-05-20 01:00:00,27.2,87,,0.0,98,,8.5,12.6,3,Can Tho,10.0341,105.7878,Open-Meteo-Historical,
2026-05-20 02:00:00,26.9,86,,0.0,100,,7.0,15.1,3,Can Tho,10.0341,105.7878,Open-Meteo-Historical,
2026-05-20 03:00:00,26.8,86,,0.0,100,,7.0,13.3,3,Can Tho,10.0341,105.7878,Open-Meteo-Historical,
2026-05-20 04:00:00,26.5,88,,0.0,100,,10.4,18.4,3,Can Tho,10.0341,105.7878,Open-Meteo-Historical,
2026-05-20 05:00:00,25.7,90,,0.0,99,,10.2,20.2,3,Can Tho,10.0341,105.7878,Open-Meteo-Historical,
2026-05-20 06:00:00,25.6,90,,0.0,99,,8.5,18.7,3,Can Tho,10.0341,105.7878,Open-Meteo-Historical,
2026-05-20 07:00:00,27.2,87,,0.0,98,,5.0,15.5,3,Can Tho,10.0341,105.7878,Open-Meteo-Historical,
2026-05-20 08:00:00,28.5,81,,0.0,98,,6.3,16.6,3,Can Tho,10.0341,105.7878,Open-Meteo-Historical,
2026-05-20 09:00:00,30.0,75,,0.0,99,,8.6,21.6,3,Can Tho,10.0341,105.7878,Open-Meteo-Historical,
2026-05-20 10:00:00,31.4,67,,0.0,100,,10.7,26.6,3,Can Tho,10.0341,105.7878,Open-Meteo-Historical,
2026-05-20 11:00:00,31.6,67,,0.0,100,,10.9,27.0,3,Can Tho,10.0341,105.7878,Open-Meteo-Historical,
2026-05-20 12:00:00,32.0,66,,0.1,99,,11.9,27.4,51,Can Tho,10.0341,105.7878,Open-Meteo-Historical,
2026-05-20 13:00:00,31.9,70,,0.1,96,,11.9,29.5,51,Can Tho,10.0341,105.7878,Open-Meteo-Historical,
2026-05-20 14:00:00,31.8,70,,0.3,98,,12.3,27.7,51,Can Tho,10.0341,105.7878,Open-Meteo-Historical,
2026-05-20 15:00:00,30.4,71,,0.1,91,,13.2,29.9,51,Can Tho,10.0341,105.7878,Open-Meteo-Historical,
2026-05-20 16:00:00,27.3,89,,2.5,97,,19.2,38.9,63,Can Tho,10.0341,105.7878,Open-Meteo-Historical,
2026-05-20 17:00:00,26.9,91,,0.8,96,,11.7,37.1,53,Can Tho,10.0341,105.7878,Open-Meteo-Historical,
2026-05-20 18:00:00,26.5,94,,0.9,98,,4.5,23.0,53,Can Tho,10.0341,105.7878,Open-Meteo-Historical,
2026-05-20 19:00:00,26.4,96,,0.2,98,,7.4,12.6,51,Can Tho,10.0341,105.7878,Open-Meteo-Historical,
2026-05-20 20:00:00,26.2,95,,0.0,97,,6.7,14.8,3,Can Tho,10.0341,105.7878,Open-Meteo-Historical,
2026-05-20 21:00:00,26.2,95,,0.0,95,,3.8,11.9,3,Can Tho,10.0341,105.7878,Open-Meteo-Historical,
2026-05-20 22:00:00,26.1,96,,0.0,98,,4.3,8.3,3,Can Tho,10.0341,105.7878,Open-Meteo-Historical,
2026-05-20 23:00:00,26.1,95,,0.0,99,,5.2,9.4,3,Can Tho,10.0341,105.7878,Open-Meteo-Historical,
2026-03-21 00:00:00,24.8,86,,0.0,85,,9.2,22.0,3,Ho Chi Minh,10.7769,106.7009,Open-Meteo-Historical,
2026-03-21 01:00:00,24.7,88,,0.0,4,,9.6,19.1,0,Ho Chi Minh,10.7769,106.7009,Open-Meteo-Historical,
2026-03-21 02:00:00,24.5,88,,0.0,2,,8.3,20.2,0,Ho Chi Minh,10.7769,106.7009,Open-Meteo-Historical,
2026-03-21 03:00:00,24.4,89,,0.0,16,,7.5,17.6,0,Ho Chi Minh,10.7769,106.7009,Open-Meteo-Historical,
2026-03-21 04:00:00,24.2,90,,0.0,15,,7.7,16.2,0,Ho Chi Minh,10.7769,106.7009,Open-Meteo-Historical,
2026-03-21 05:00:00,24.1,90,,0.0,2,,8.6,18.0,0,Ho Chi Minh,10.7769,106.7009,Open-Meteo-Historical,
2026-03-21 06:00:00,24.0,91,,0.0,77,,7.7,18.4,2,Ho Chi Minh,10.7769,106.7009,Open-Meteo-Historical,
2026-03-21 07:00:00,25.2,86,,0.0,86,,8.8,19.1,3,Ho Chi Minh,10.7769,106.7009,Open-Meteo-Historical,
2026-03-21 08:00:00,26.7,77,,0.0,75,,10.1,25.9,2,Ho Chi Minh,10.7769,106.7009,Open-Meteo-Historical,
2026-03-21 09:00:00,28.5,68,,0.0,2,,10.4,28.1,0,Ho Chi Minh,10.7769,106.7009,Open-Meteo-Historical,
2026-03-21 10:00:00,30.3,58,,0.0,0,,10.6,29.9,0,Ho Chi Minh,10.7769,106.7009,Open-Meteo-Historical,
2026-03-21 11:00:00,32.2,49,,0.0,17,,10.4,30.2,0,Ho Chi Minh,10.7769,106.7009,Open-Meteo-Historical,
2026-03-21 12:00:00,33.4,44,,0.0,11,,9.8,30.2,0,Ho Chi Minh,10.7769,106.7009,Open-Meteo-Historical,
2026-03-21 13:00:00,33.7,41,,0.0,23,,9.8,29.9,1,Ho Chi Minh,10.7769,106.7009,Open-Meteo-Historical,
2026-03-21 14:00:00,34.4,38,,0.0,30,,9.4,28.8,1,Ho Chi Minh,10.7769,106.7009,Open-Meteo-Historical,
2026-03-21 15:00:00,34.2,37,,0.0,95,,11.5,30.6,3,Ho Chi Minh,10.7769,106.7009,Open-Meteo-Historical,
2026-03-21 16:00:00,30.9,54,,0.1,78,,16.9,42.5,51,Ho Chi Minh,10.7769,106.7009,Open-Meteo-Historical,
2026-03-21 17:00:00,31.0,52,,0.0,27,,11.0,41.0,1,Ho Chi Minh,10.7769,106.7009,Open-Meteo-Historical,
2026-03-21 18:00:00,28.4,64,,0.0,0,,14.9,35.6,0,Ho Chi Minh,10.7769,106.7009,Open-Meteo-Historical,
2026-03-21 19:00:00,27.8,68,,0.0,2,,13.9,33.1,0,Ho Chi Minh,10.7769,106.7009,Open-Meteo-Historical,
2026-03-21 20:00:00,26.9,71,,0.0,0,,12.6,31.3,0,Ho Chi Minh,10.7769,106.7009,Open-Meteo-Historical,
2026-03-21 21:00:00,26.2,77,,0.0,0,,13.0,28.8,0,Ho Chi Minh,10.7769,106.7009,Open-Meteo-Historical,
2026-03-21 22:00:00,25.8,82,,0.0,0,,13.1,29.9,0,Ho Chi Minh,10.7769,106.7009,Open-Meteo-Historical,
2026-03-21 23:00:00,25.5,84,,0.0,0,,12.0,28.1,0,Ho Chi Minh,10.7769,106.7009,Open-Meteo-Historical,
2026-03-22 00:00:00,25.2,85,,0.0,1,,11.8,25.6,0,Ho Chi Minh,10.7769,106.7009,Open-Meteo-Historical,
2026-03-22 01:00:00,25.3,84,,0.0,1,,12.3,27.4,0,Ho Chi Minh,10.7769,106.7009,Open-Meteo-Historical,
2026-03-22 02:00:00,25.2,83,,0.0,1,,11.9,25.2,0,Ho Chi Minh,10.7769,106.7009,Open-Meteo-Historical,
2026-03-22 03:00:00,25.0,83,,0.0,1,,10.9,25.6,0,Ho Chi Minh,10.7769,106.7009,Open-Meteo-Historical,
2026-03-22 04:00:00,24.9,83,,0.0,2,,9.6,23.0,0,Ho Chi Minh,10.7769,106.7009,Open-Meteo-Historical,
2026-03-22 05:00:00,24.7,82,,0.0,1,,8.8,20.5,0,Ho Chi Minh,10.7769,106.7009,Open-Meteo-Historical,
2026-03-22 06:00:00,24.6,80,,0.0,0,,8.1,18.7,0,Ho Chi Minh,10.7769,106.7009,Open-Meteo-Historical,
2026-03-22 07:00:00,25.7,75,,0.0,9,,8.9,18.0,0,Ho Chi Minh,10.7769,106.7009,Open-Meteo-Historical,
2026-03-22 08:00:00,27.5,65,,0.0,20,,11.0,28.1,1,Ho Chi Minh,10.7769,106.7009,Open-Meteo-Historical,
2026-03-22 09:00:00,29.4,58,,0.0,73,,11.8,31.3,2,Ho Chi Minh,10.7769,106.7009,Open-Meteo-Historical,
2026-03-22 10:00:00,31.4,48,,0.0,7,,13.2,35.6,0,Ho Chi Minh,10.7769,106.7009,Open-Meteo-Historical,
2026-03-22 11:00:00,33.1,40,,0.0,70,,13.1,36.4,2,Ho Chi Minh,10.7769,106.7009,Open-Meteo-Historical,
2026-03-22 12:00:00,34.7,34,,0.0,95,,11.8,36.4,3,Ho Chi Minh,10.7769,106.7009,Open-Meteo-Historical,
2026-03-22 13:00:00,34.5,35,,0.0,28,,11.9,34.2,1,Ho Chi Minh,10.7769,106.7009,Open-Meteo-Historical,
2026-03-22 14:00:00,34.8,34,,0.0,30,,11.0,32.8,1,Ho Chi Minh,10.7769,106.7009,Open-Meteo-Historical,
2026-03-22 15:00:00,34.8,33,,0.0,23,,10.8,31.0,1,Ho Chi Minh,10.7769,106.7009,Open-Meteo-Historical,
2026-03-22 16:00:00,31.3,52,,0.0,71,,19.2,45.7,2,Ho Chi Minh,10.7769,106.7009,Open-Meteo-Historical,
2026-03-22 17:00:00,30.5,52,,0.0,2,,15.2,46.1,0,Ho Chi Minh,10.7769,106.7009,Open-Meteo-Historical,
2026-03-22 18:00:00,28.7,60,,0.0,2,,16.6,38.2,0,Ho Chi Minh,10.7769,106.7009,Open-Meteo-Historical,
2026-03-22 19:00:00,27.9,66,,0.0,0,,13.5,37.4,0,Ho Chi Minh,10.7769,106.7009,Open-Meteo-Historical,
2026-03-22 20:00:00,27.0,70,,0.0,2,,12.2,30.6,0,Ho Chi Minh,10.7769,106.7009,Open-Meteo-Historical,
2026-03-22 21:00:00,26.4,75,,0.0,2,,12.5,27.7,0,Ho Chi Minh,10.7769,106.7009,Open-Meteo-Historical,
2026-03-22 22:00:00,25.9,77,,0.0,1,,13.0,30.2,0,Ho Chi Minh,10.7769,106.7009,Open-Meteo-Historical,
2026-03-22 23:00:00,25.5,80,,0.0,0,,8.8,28.1,0,Ho Chi Minh,10.7769,106.7009,Open-Meteo-Historical,
2026-03-23 00:00:00,25.3,81,,0.0,0,,9.3,19.8,0,Ho Chi Minh,10.7769,106.7009,Open-Meteo-Historical,
2026-03-23 01:00:00,25.2,80,,0.0,72,,9.8,19.4,2,Ho Chi Minh,10.7769,106.7009,Open-Meteo-Historical,
2026-03-23 02:00:00,25.1,81,,0.0,80,,9.0,19.8,3,Ho Chi Minh,10.7769,106.7009,Open-Meteo-Historical,
2026-03-23 03:00:00,25.0,80,,0.0,59,,9.7,20.5,2,Ho Chi Minh,10.7769,106.7009,Open-Meteo-Historical,
2026-03-23 04:00:00,24.8,81,,0.0,30,,9.6,20.5,1,Ho Chi Minh,10.7769,106.7009,Open-Meteo-Historical,
2026-03-23 05:00:00,24.6,82,,0.0,40,,9.3,20.5,1,Ho Chi Minh,10.7769,106.7009,Open-Meteo-Historical,
2026-03-23 06:00:00,24.4,83,,0.0,1,,7.8,19.4,0,Ho Chi Minh,10.7769,106.7009,Open-Meteo-Historical,
2026-03-23 07:00:00,25.5,80,,0.0,0,,7.9,17.3,0,Ho Chi Minh,10.7769,106.7009,Open-Meteo-Historical,
2026-03-23 08:00:00,27.4,67,,0.0,59,,10.2,26.6,2,Ho Chi Minh,10.7769,106.7009,Open-Meteo-Historical,
2026-03-23 09:00:00,29.5,56,,0.0,34,,10.0,28.4,1,Ho Chi Minh,10.7769,106.7009,Open-Meteo-Historical,
2026-03-23 10:00:00,31.5,49,,0.0,9,,11.1,32.0,0,Ho Chi Minh,10.7769,106.7009,Open-Meteo-Historical,
2026-03-23 11:00:00,33.2,42,,0.0,0,,9.4,32.0,0,Ho Chi Minh,10.7769,106.7009,Open-Meteo-Historical,
2026-03-23 12:00:00,34.8,36,,0.0,10,,7.6,29.5,0,Ho Chi Minh,10.7769,106.7009,Open-Meteo-Historical,
2026-03-23 13:00:00,34.2,38,,0.0,23,,8.1,26.6,1,Ho Chi Minh,10.7769,106.7009,Open-Meteo-Historical,
2026-03-23 14:00:00,34.6,36,,0.0,41,,8.5,25.9,1,Ho Chi Minh,10.7769,106.7009,Open-Meteo-Historical,
2026-03-23 15:00:00,34.5,35,,0.0,16,,11.2,29.9,0,Ho Chi Minh,10.7769,106.7009,Open-Meteo-Historical,
2026-03-23 16:00:00,34.2,34,,0.0,66,,6.8,29.9,2,Ho Chi Minh,10.7769,106.7009,Open-Meteo-Historical,
2026-03-23 17:00:00,30.5,54,,0.0,16,,15.4,35.6,0,Ho Chi Minh,10.7769,106.7009,Open-Meteo-Historical,
2026-03-23 18:00:00,28.0,61,,0.0,12,,13.5,40.0,0,Ho Chi Minh,10.7769,106.7009,Open-Meteo-Historical,
2026-03-23 19:00:00,27.4,67,,0.0,29,,15.0,34.6,1,Ho Chi Minh,10.7769,106.7009,Open-Meteo-Historical,
2026-03-23 20:00:00,26.7,71,,0.0,1,,13.7,33.1,0,Ho Chi Minh,10.7769,106.7009,Open-Meteo-Historical,
2026-03-23 21:00:00,26.0,78,,0.0,0,,14.6,33.5,0,Ho Chi Minh,10.7769,106.7009,Open-Meteo-Historical,
2026-03-23 22:00:00,25.7,79,,0.0,0,,11.5,32.8,0,Ho Chi Minh,10.7769,106.7009,Open-Meteo-Historical,
2026-03-23 23:00:00,25.5,80,,0.0,0,,11.1,26.3,0,Ho Chi Minh,10.7769,106.7009,Open-Meteo-Historical,
2026-03-24 00:00:00,25.2,81,,0.0,0,,11.7,25.6,0,Ho Chi Minh,10.7769,106.7009,Open-Meteo-Historical,
2026-03-24 01:00:00,25.1,81,,0.0,0,,12.2,24.8,0,Ho Chi Minh,10.7769,106.7009,Open-Meteo-Historical,
2026-03-24 02:00:00,24.8,84,,0.0,0,,10.0,24.8,0,Ho Chi Minh,10.7769,106.7009,Open-Meteo-Historical,
2026-03-24 03:00:00,24.6,85,,0.0,0,,10.1,21.6,0,Ho Chi Minh,10.7769,106.7009,Open-Meteo-Historical,
2026-03-24 04:00:00,24.4,85,,0.0,0,,9.8,21.6,0,Ho Chi Minh,10.7769,106.7009,Open-Meteo-Historical,
2026-03-24 05:00:00,24.1,86,,0.0,0,,9.6,20.9,0,Ho Chi Minh,10.7769,106.7009,Open-Meteo-Historical,
2026-03-24 06:00:00,23.9,86,,0.0,0,,9.5,20.5,0,Ho Chi Minh,10.7769,106.7009,Open-Meteo-Historical,
2026-03-24 07:00:00,25.2,82,,0.0,2,,11.1,20.5,0,Ho Chi Minh,10.7769,106.7009,Open-Meteo-Historical,
2026-03-24 08:00:00,27.0,70,,0.0,2,,12.9,32.0,0,Ho Chi Minh,10.7769,106.7009,Open-Meteo-Historical,
2026-03-24 09:00:00,28.9,61,,0.0,4,,12.6,33.5,0,Ho Chi Minh,10.7769,106.7009,Open-Meteo-Historical,
2026-03-24 10:00:00,30.7,54,,0.0,3,,10.9,33.5,0,Ho Chi Minh,10.7769,106.7009,Open-Meteo-Historical,
2026-03-24 11:00:00,32.4,47,,0.0,2,,10.3,31.3,0,Ho Chi Minh,10.7769,106.7009,Open-Meteo-Historical,
2026-03-24 12:00:00,33.8,40,,0.0,0,,10.1,31.3,0,Ho Chi Minh,10.7769,106.7009,Open-Meteo-Historical,
2026-03-24 13:00:00,33.8,39,,0.0,26,,9.4,31.0,1,Ho Chi Minh,10.7769,106.7009,Open-Meteo-Historical,
2026-03-24 14:00:00,34.5,36,,0.0,46,,10.0,30.2,1,Ho Chi Minh,10.7769,106.7009,Open-Meteo-Historical,
2026-03-24 15:00:00,33.8,38,,0.0,61,,12.5,33.5,2,Ho Chi Minh,10.7769,106.7009,Open-Meteo-Historical,
2026-03-24 16:00:00,31.8,49,,0.0,42,,15.2,38.5,1,Ho Chi Minh,10.7769,106.7009,Open-Meteo-Historical,
2026-03-24 17:00:00,30.5,53,,0.0,5,,13.9,38.2,0,Ho Chi Minh,10.7769,106.7009,Open-Meteo-Historical,
2026-03-24 18:00:00,28.0,63,,0.0,1,,15.5,37.1,0,Ho Chi Minh,10.7769,106.7009,Open-Meteo-Historical,
2026-03-24 19:00:00,27.4,71,,0.0,2,,15.7,35.6,0,Ho Chi Minh,10.7769,106.7009,Open-Meteo-Historical,
2026-03-24 20:00:00,26.2,77,,0.0,1,,13.0,36.0,0,Ho Chi Minh,10.7769,106.7009,Open-Meteo-Historical,
2026-03-24 21:00:00,25.6,82,,0.0,2,,13.2,30.6,0,Ho Chi Minh,10.7769,106.7009,Open-Meteo-Historical,
2026-03-24 22:00:00,25.3,85,,0.0,2,,10.9,29.9,0,Ho Chi Minh,10.7769,106.7009,Open-Meteo-Historical,
2026-03-24 23:00:00,25.0,86,,0.0,2,,9.4,24.1,0,Ho Chi Minh,10.7769,106.7009,Open-Meteo-Historical,
2026-03-25 00:00:00,24.8,87,,0.0,0,,9.7,22.0,0,Ho Chi Minh,10.7769,106.7009,Open-Meteo-Historical,
2026-03-25 01:00:00,24.8,88,,0.0,2,,9.0,20.9,0,Ho Chi Minh,10.7769,106.7009,Open-Meteo-Historical,
2026-03-25 02:00:00,24.5,88,,0.0,9,,8.0,18.7,0,Ho Chi Minh,10.7769,106.7009,Open-Meteo-Historical,
2026-03-25 03:00:00,24.4,87,,0.0,3,,7.5,16.6,0,Ho Chi Minh,10.7769,106.7009,Open-Meteo-Historical,
2026-03-25 04:00:00,24.2,87,,0.0,0,,8.1,16.9,0,Ho Chi Minh,10.7769,106.7009,Open-Meteo-Historical,
2026-03-25 05:00:00,24.0,87,,0.0,0,,7.3,16.9,0,Ho Chi Minh,10.7769,106.7009,Open-Meteo-Historical,
2026-03-25 06:00:00,23.8,89,,0.0,0,,6.4,15.5,0,Ho Chi Minh,10.7769,106.7009,Open-Meteo-Historical,
2026-03-25 07:00:00,25.1,84,,0.0,0,,7.1,14.8,0,Ho Chi Minh,10.7769,106.7009,Open-Meteo-Historical,
2026-03-25 08:00:00,27.2,71,,0.0,0,,11.1,28.4,0,Ho Chi Minh,10.7769,106.7009,Open-Meteo-Historical,
2026-03-25 09:00:00,29.2,59,,0.0,0,,11.6,31.7,0,Ho Chi Minh,10.7769,106.7009,Open-Meteo-Historical,
2026-03-25 10:00:00,31.2,50,,0.0,0,,11.1,32.4,0,Ho Chi Minh,10.7769,106.7009,Open-Meteo-Historical,
2026-03-25 11:00:00,33.0,43,,0.0,12,,9.8,31.7,0,Ho Chi Minh,10.7769,106.7009,Open-Meteo-Historical,
2026-03-25 12:00:00,34.5,38,,0.0,27,,8.9,30.2,1,Ho Chi Minh,10.7769,106.7009,Open-Meteo-Historical,
2026-03-25 13:00:00,34.7,37,,0.0,44,,9.1,29.2,1,Ho Chi Minh,10.7769,106.7009,Open-Meteo-Historical,
2026-03-25 14:00:00,35.7,33,,0.0,59,,10.2,30.6,2,Ho Chi Minh,10.7769,106.7009,Open-Meteo-Historical,
2026-03-25 15:00:00,35.5,32,,0.0,62,,12.1,33.1,2,Ho Chi Minh,10.7769,106.7009,Open-Meteo-Historical,
2026-03-25 16:00:00,32.7,45,,0.0,57,,17.5,42.5,2,Ho Chi Minh,10.7769,106.7009,Open-Meteo-Historical,
2026-03-25 17:00:00,30.5,56,,0.0,20,,15.7,46.4,1,Ho Chi Minh,10.7769,106.7009,Open-Meteo-Historical,
2026-03-25 18:00:00,28.4,66,,0.0,20,,17.2,40.3,1,Ho Chi Minh,10.7769,106.7009,Open-Meteo-Historical,
2026-03-25 19:00:00,27.2,78,,0.0,3,,14.4,38.9,0,Ho Chi Minh,10.7769,106.7009,Open-Meteo-Historical,
2026-03-25 20:00:00,26.5,82,,0.0,2,,14.3,34.2,0,Ho Chi Minh,10.7769,106.7009,Open-Meteo-Historical,
2026-03-25 21:00:00,26.1,84,,0.0,13,,14.3,33.1,0,Ho Chi Minh,10.7769,106.7009,Open-Meteo-Historical,
2026-03-25 22:00:00,26.0,84,,0.0,5,,13.3,32.8,0,Ho Chi Minh,10.7769,106.7009,Open-Meteo-Historical,
2026-03-25 23:00:00,25.7,85,,0.0,2,,11.8,29.2,0,Ho Chi Minh,10.7769,106.7009,Open-Meteo-Historical,
2026-03-26 00:00:00,25.4,87,,0.0,2,,9.8,25.9,0,Ho Chi Minh,10.7769,106.7009,Open-Meteo-Historical,
2026-03-26 01:00:00,25.4,87,,0.0,1,,11.2,22.3,0,Ho Chi Minh,10.7769,106.7009,Open-Meteo-Historical,
2026-03-26 02:00:00,25.0,87,,0.0,2,,11.1,24.1,0,Ho Chi Minh,10.7769,106.7009,Open-Meteo-Historical,
2026-03-26 03:00:00,24.9,84,,0.0,1,,11.5,24.5,0,Ho Chi Minh,10.7769,106.7009,Open-Meteo-Historical,
2026-03-26 04:00:00,24.7,83,,0.0,1,,11.0,24.5,0,Ho Chi Minh,10.7769,106.7009,Open-Meteo-Historical,
2026-03-26 05:00:00,24.5,84,,0.0,7,,10.4,23.4,0,Ho Chi Minh,10.7769,106.7009,Open-Meteo-Historical,
2026-03-26 06:00:00,24.5,84,,0.0,10,,10.0,22.3,0,Ho Chi Minh,10.7769,106.7009,Open-Meteo-Historical,
2026-03-26 07:00:00,25.8,80,,0.0,16,,11.7,22.7,0,Ho Chi Minh,10.7769,106.7009,Open-Meteo-Historical,
2026-03-26 08:00:00,27.2,71,,0.0,16,,12.1,32.0,0,Ho Chi Minh,10.7769,106.7009,Open-Meteo-Historical,
2026-03-26 09:00:00,29.1,62,,0.0,13,,10.8,31.0,0,Ho Chi Minh,10.7769,106.7009,Open-Meteo-Historical,
2026-03-26 10:00:00,31.2,52,,0.0,100,,10.0,30.6,3,Ho Chi Minh,10.7769,106.7009,Open-Meteo-Historical,
2026-03-26 11:00:00,32.3,48,,0.0,35,,8.8,29.9,1,Ho Chi Minh,10.7769,106.7009,Open-Meteo-Historical,
2026-03-26 12:00:00,33.3,44,,0.0,31,,6.6,27.7,1,Ho Chi Minh,10.7769,106.7009,Open-Meteo-Historical,
2026-03-26 13:00:00,33.3,43,,0.0,15,,6.5,23.8,0,Ho Chi Minh,10.7769,106.7009,Open-Meteo-Historical,
2026-03-26 14:00:00,34.7,38,,0.0,16,,7.1,24.5,0,Ho Chi Minh,10.7769,106.7009,Open-Meteo-Historical,
2026-03-26 15:00:00,35.0,35,,0.0,70,,8.4,25.6,2,Ho Chi Minh,10.7769,106.7009,Open-Meteo-Historical,
2026-03-26 16:00:00,32.0,51,,0.0,18,,16.0,39.6,0,Ho Chi Minh,10.7769,106.7009,Open-Meteo-Historical,
2026-03-26 17:00:00,29.7,59,,0.0,24,,15.9,43.2,1,Ho Chi Minh,10.7769,106.7009,Open-Meteo-Historical,
2026-03-26 18:00:00,29.0,62,,0.0,0,,12.6,37.4,0,Ho Chi Minh,10.7769,106.7009,Open-Meteo-Historical,
2026-03-26 19:00:00,27.5,67,,0.0,0,,15.9,33.8,0,Ho Chi Minh,10.7769,106.7009,Open-Meteo-Historical,
2026-03-26 20:00:00,26.6,73,,0.0,0,,14.8,35.3,0,Ho Chi Minh,10.7769,106.7009,Open-Meteo-Historical,
2026-03-26 21:00:00,26.0,79,,0.0,1,,12.5,33.1,0,Ho Chi Minh,10.7769,106.7009,Open-Meteo-Historical,
2026-03-26 22:00:00,25.6,82,,0.0,2,,12.0,28.4,0,Ho Chi Minh,10.7769,106.7009,Open-Meteo-Historical,
2026-03-26 23:00:00,25.2,84,,0.0,2,,11.6,27.0,0,Ho Chi Minh,10.7769,106.7009,Open-Meteo-Historical,
2026-03-27 00:00:00,24.9,85,,0.0,1,,10.4,25.2,0,Ho Chi Minh,10.7769,106.7009,Open-Meteo-Historical,
2026-03-27 01:00:00,24.7,87,,0.0,13,,10.0,23.0,0,Ho Chi Minh,10.7769,106.7009,Open-Meteo-Historical,
2026-03-27 02:00:00,24.5,87,,0.0,9,,9.5,21.6,0,Ho Chi Minh,10.7769,106.7009,Open-Meteo-Historical,
2026-03-27 03:00:00,24.2,87,,0.0,8,,9.9,21.2,0,Ho Chi Minh,10.7769,106.7009,Open-Meteo-Historical,
2026-03-27 04:00:00,24.0,88,,0.0,5,,9.2,20.9,0,Ho Chi Minh,10.7769,106.7009,Open-Meteo-Historical,
2026-03-27 05:00:00,24.0,88,,0.0,11,,8.2,19.8,0,Ho Chi Minh,10.7769,106.7009,Open-Meteo-Historical,
2026-03-27 06:00:00,23.9,88,,0.0,10,,7.8,17.6,0,Ho Chi Minh,10.7769,106.7009,Open-Meteo-Historical,
2026-03-27 07:00:00,25.1,83,,0.0,7,,9.4,20.5,0,Ho Chi Minh,10.7769,106.7009,Open-Meteo-Historical,
2026-03-27 08:00:00,27.1,70,,0.0,8,,12.1,30.6,0,Ho Chi Minh,10.7769,106.7009,Open-Meteo-Historical,
2026-03-27 09:00:00,29.2,58,,0.0,27,,14.1,36.0,1,Ho Chi Minh,10.7769,106.7009,Open-Meteo-Historical,
2026-03-27 10:00:00,31.1,49,,0.0,26,,12.8,36.0,1,Ho Chi Minh,10.7769,106.7009,Open-Meteo-Historical,
2026-03-27 11:00:00,32.4,44,,0.0,31,,11.3,34.9,1,Ho Chi Minh,10.7769,106.7009,Open-Meteo-Historical,
2026-03-27 12:00:00,33.3,41,,0.0,41,,10.8,32.4,1,Ho Chi Minh,10.7769,106.7009,Open-Meteo-Historical,
2026-03-27 13:00:00,32.2,45,,0.0,48,,12.0,32.8,1,Ho Chi Minh,10.7769,106.7009,Open-Meteo-Historical,
2026-03-27 14:00:00,32.6,44,,0.0,27,,11.5,34.2,1,Ho Chi Minh,10.7769,106.7009,Open-Meteo-Historical,
2026-03-27 15:00:00,32.6,44,,0.0,3,,10.3,32.8,0,Ho Chi Minh,10.7769,106.7009,Open-Meteo-Historical,
2026-03-27 16:00:00,32.5,42,,0.0,2,,9.3,29.9,0,Ho Chi Minh,10.7769,106.7009,Open-Meteo-Historical,
2026-03-27 17:00:00,31.0,50,,0.0,0,,12.3,30.6,0,Ho Chi Minh,10.7769,106.7009,Open-Meteo-Historical,
2026-03-27 18:00:00,28.0,67,,0.0,0,,13.7,33.1,0,Ho Chi Minh,10.7769,106.7009,Open-Meteo-Historical,
2026-03-27 19:00:00,27.4,69,,0.0,0,,13.4,31.7,0,Ho Chi Minh,10.7769,106.7009,Open-Meteo-Historical,
2026-03-27 20:00:00,26.6,71,,0.0,55,,11.6,30.2,2,Ho Chi Minh,10.7769,106.7009,Open-Meteo-Historical,
2026-03-27 21:00:00,26.0,75,,0.0,10,,10.7,26.6,0,Ho Chi Minh,10.7769,106.7009,Open-Meteo-Historical,
2026-03-27 22:00:00,25.4,81,,0.0,0,,10.7,24.1,0,Ho Chi Minh,10.7769,106.7009,Open-Meteo-Historical,
2026-03-27 23:00:00,24.9,86,,0.0,65,,10.1,23.4,2,Ho Chi Minh,10.7769,106.7009,Open-Meteo-Historical,
2026-03-28 00:00:00,24.6,87,,0.0,5,,8.5,21.6,0,Ho Chi Minh,10.7769,106.7009,Open-Meteo-Historical,
2026-03-28 01:00:00,24.5,90,,0.0,2,,7.9,16.9,0,Ho Chi Minh,10.7769,106.7009,Open-Meteo-Historical,
2026-03-28 02:00:00,24.2,91,,0.0,0,,7.2,15.8,0,Ho Chi Minh,10.7769,106.7009,Open-Meteo-Historical,
2026-03-28 03:00:00,24.0,92,,0.0,0,,6.9,15.8,0,Ho Chi Minh,10.7769,106.7009,Open-Meteo-Historical,
2026-03-28 04:00:00,24.0,91,,0.0,4,,6.4,14.8,0,Ho Chi Minh,10.7769,106.7009,Open-Meteo-Historical,
2026-03-28 05:00:00,23.8,92,,0.0,0,,6.2,13.7,0,Ho Chi Minh,10.7769,106.7009,Open-Meteo-Historical,
2026-03-28 06:00:00,23.5,92,,0.0,0,,5.7,13.3,0,Ho Chi Minh,10.7769,106.7009,Open-Meteo-Historical,
2026-03-28 07:00:00,25.0,86,,0.0,2,,6.9,16.2,0,Ho Chi Minh,10.7769,106.7009,Open-Meteo-Historical,
2026-03-28 08:00:00,27.1,72,,0.0,5,,11.1,28.1,0,Ho Chi Minh,10.7769,106.7009,Open-Meteo-Historical,
2026-03-28 09:00:00,29.1,63,,0.0,4,,12.3,32.8,0,Ho Chi Minh,10.7769,106.7009,Open-Meteo-Historical,
2026-03-28 10:00:00,31.1,54,,0.0,1,,11.4,33.1,0,Ho Chi Minh,10.7769,106.7009,Open-Meteo-Historical,
2026-03-28 11:00:00,33.0,49,,0.0,24,,10.7,32.4,1,Ho Chi Minh,10.7769,106.7009,Open-Meteo-Historical,
2026-03-28 12:00:00,34.2,45,,0.0,86,,11.8,33.8,3,Ho Chi Minh,10.7769,106.7009,Open-Meteo-Historical,
2026-03-28 13:00:00,34.0,44,,0.0,85,,13.8,41.0,3,Ho Chi Minh,10.7769,106.7009,Open-Meteo-Historical,
2026-03-28 14:00:00,33.7,45,,0.0,87,,16.6,43.6,3,Ho Chi Minh,10.7769,106.7009,Open-Meteo-Historical,
2026-03-28 15:00:00,32.3,50,,0.0,98,,17.4,44.3,3,Ho Chi Minh,10.7769,106.7009,Open-Meteo-Historical,
2026-03-28 16:00:00,30.8,53,,0.0,44,,17.5,44.3,1,Ho Chi Minh,10.7769,106.7009,Open-Meteo-Historical,
2026-03-28 17:00:00,29.1,60,,0.0,15,,16.8,43.2,0,Ho Chi Minh,10.7769,106.7009,Open-Meteo-Historical,
2026-03-28 18:00:00,27.8,66,,0.0,5,,16.0,40.0,0,Ho Chi Minh,10.7769,106.7009,Open-Meteo-Historical,
2026-03-28 19:00:00,27.3,70,,0.0,2,,13.6,36.4,0,Ho Chi Minh,10.7769,106.7009,Open-Meteo-Historical,
2026-03-28 20:00:00,26.8,74,,0.0,0,,11.8,31.0,0,Ho Chi Minh,10.7769,106.7009,Open-Meteo-Historical,
2026-03-28 21:00:00,26.2,79,,0.0,1,,9.6,27.0,0,Ho Chi Minh,10.7769,106.7009,Open-Meteo-Historical,
2026-03-28 22:00:00,25.9,83,,0.0,1,,8.3,21.2,0,Ho Chi Minh,10.7769,106.7009,Open-Meteo-Historical,
2026-03-28 23:00:00,25.6,85,,0.0,9,,6.9,18.0,0,Ho Chi Minh,10.7769,106.7009,Open-Meteo-Historical,
2026-03-29 00:00:00,25.5,87,,0.0,76,,6.4,16.6,2,Ho Chi Minh,10.7769,106.7009,Open-Meteo-Historical,
2026-03-29 01:00:00,25.4,89,,0.0,100,,8.6,15.8,3,Ho Chi Minh,10.7769,106.7009,Open-Meteo-Historical,
2026-03-29 02:00:00,25.1,91,,0.0,100,,8.7,18.7,3,Ho Chi Minh,10.7769,106.7009,Open-Meteo-Historical,
2026-03-29 03:00:00,24.9,91,,0.0,100,,7.5,18.7,3,Ho Chi Minh,10.7769,106.7009,Open-Meteo-Historical,
2026-03-29 04:00:00,24.7,92,,0.0,100,,5.0,15.8,3,Ho Chi Minh,10.7769,106.7009,Open-Meteo-Historical,
2026-03-29 05:00:00,24.6,92,,0.0,100,,3.1,10.4,3,Ho Chi Minh,10.7769,106.7009,Open-Meteo-Historical,
2026-03-29 06:00:00,24.4,93,,0.0,99,,1.9,7.6,3,Ho Chi Minh,10.7769,106.7009,Open-Meteo-Historical,
2026-03-29 07:00:00,26.0,88,,0.0,96,,6.7,11.5,3,Ho Chi Minh,10.7769,106.7009,Open-Meteo-Historical,
2026-03-29 08:00:00,27.9,75,,0.0,25,,10.1,26.3,1,Ho Chi Minh,10.7769,106.7009,Open-Meteo-Historical,
2026-03-29 09:00:00,29.9,63,,0.0,35,,12.5,33.1,1,Ho Chi Minh,10.7769,106.7009,Open-Meteo-Historical,
2026-03-29 10:00:00,31.9,56,,0.0,22,,11.2,33.5,1,Ho Chi Minh,10.7769,106.7009,Open-Meteo-Historical,
2026-03-29 11:00:00,33.7,47,,0.0,12,,10.9,32.0,0,Ho Chi Minh,10.7769,106.7009,Open-Meteo-Historical,
2026-03-29 12:00:00,34.9,41,,0.0,11,,11.4,33.1,0,Ho Chi Minh,10.7769,106.7009,Open-Meteo-Historical,
2026-03-29 13:00:00,34.5,41,,0.0,15,,12.4,36.0,0,Ho Chi Minh,10.7769,106.7009,Open-Meteo-Historical,
2026-03-29 14:00:00,34.7,40,,0.0,30,,14.0,37.8,1,Ho Chi Minh,10.7769,106.7009,Open-Meteo-Historical,
2026-03-29 15:00:00,34.1,41,,0.0,52,,15.0,39.2,2,Ho Chi Minh,10.7769,106.7009,Open-Meteo-Historical,
2026-03-29 16:00:00,33.2,43,,0.0,48,,15.0,39.6,1,Ho Chi Minh,10.7769,106.7009,Open-Meteo-Historical,
2026-03-29 17:00:00,31.6,48,,0.0,32,,14.8,38.2,1,Ho Chi Minh,10.7769,106.7009,Open-Meteo-Historical,
2026-03-29 18:00:00,29.4,60,,0.0,0,,13.9,36.0,0,Ho Chi Minh,10.7769,106.7009,Open-Meteo-Historical,
2026-03-29 19:00:00,28.5,69,,0.0,24,,10.9,31.7,1,Ho Chi Minh,10.7769,106.7009,Open-Meteo-Historical,
2026-03-29 20:00:00,27.5,76,,0.0,0,,10.3,24.5,0,Ho Chi Minh,10.7769,106.7009,Open-Meteo-Historical,
2026-03-29 21:00:00,26.8,82,,0.0,1,,9.9,24.1,0,Ho Chi Minh,10.7769,106.7009,Open-Meteo-Historical,
2026-03-29 22:00:00,26.2,87,,0.0,5,,9.2,22.7,0,Ho Chi Minh,10.7769,106.7009,Open-Meteo-Historical,
2026-03-29 23:00:00,25.9,90,,0.0,10,,8.7,20.5,0,Ho Chi Minh,10.7769,106.7009,Open-Meteo-Historical,
2026-03-30 00:00:00,25.6,91,,0.0,21,,8.6,19.4,1,Ho Chi Minh,10.7769,106.7009,Open-Meteo-Historical,
2026-03-30 01:00:00,25.6,93,,0.0,32,,7.8,19.4,1,Ho Chi Minh,10.7769,106.7009,Open-Meteo-Historical,
2026-03-30 02:00:00,25.4,94,,0.0,30,,6.8,16.9,1,Ho Chi Minh,10.7769,106.7009,Open-Meteo-Historical,
2026-03-30 03:00:00,25.1,94,,0.0,24,,7.4,16.6,1,Ho Chi Minh,10.7769,106.7009,Open-Meteo-Historical,
2026-03-30 04:00:00,24.9,95,,0.0,23,,7.5,16.6,1,Ho Chi Minh,10.7769,106.7009,Open-Meteo-Historical,
2026-03-30 05:00:00,24.6,96,,0.0,2,,7.6,16.6,0,Ho Chi Minh,10.7769,106.7009,Open-Meteo-Historical,
2026-03-30 06:00:00,24.5,95,,0.0,0,,7.9,16.2,0,Ho Chi Minh,10.7769,106.7009,Open-Meteo-Historical,
2026-03-30 07:00:00,25.8,90,,0.0,25,,11.8,22.7,1,Ho Chi Minh,10.7769,106.7009,Open-Meteo-Historical,
2026-03-30 08:00:00,27.9,75,,0.0,21,,10.3,28.1,1,Ho Chi Minh,10.7769,106.7009,Open-Meteo-Historical,
2026-03-30 09:00:00,29.9,64,,0.0,15,,7.8,27.4,0,Ho Chi Minh,10.7769,106.7009,Open-Meteo-Historical,
2026-03-30 10:00:00,31.6,54,,0.0,11,,6.5,24.5,0,Ho Chi Minh,10.7769,106.7009,Open-Meteo-Historical,
2026-03-30 11:00:00,33.1,46,,0.0,16,,5.8,23.4,0,Ho Chi Minh,10.7769,106.7009,Open-Meteo-Historical,
2026-03-30 12:00:00,34.1,41,,0.0,13,,6.1,24.1,0,Ho Chi Minh,10.7769,106.7009,Open-Meteo-Historical,
2026-03-30 13:00:00,34.2,44,,0.0,27,,8.1,27.0,1,Ho Chi Minh,10.7769,106.7009,Open-Meteo-Historical,
2026-03-30 14:00:00,34.2,44,,0.0,30,,8.5,27.4,1,Ho Chi Minh,10.7769,106.7009,Open-Meteo-Historical,
2026-03-30 15:00:00,33.3,47,,0.0,16,,10.3,29.9,0,Ho Chi Minh,10.7769,106.7009,Open-Meteo-Historical,
2026-03-30 16:00:00,32.7,49,,0.0,2,,12.2,32.0,0,Ho Chi Minh,10.7769,106.7009,Open-Meteo-Historical,
2026-03-30 17:00:00,31.2,54,,0.0,2,,14.9,36.0,0,Ho Chi Minh,10.7769,106.7009,Open-Meteo-Historical,
2026-03-30 18:00:00,28.8,63,,0.0,4,,14.7,36.7,0,Ho Chi Minh,10.7769,106.7009,Open-Meteo-Historical,
2026-03-30 19:00:00,27.9,71,,0.0,1,,13.8,33.8,0,Ho Chi Minh,10.7769,106.7009,Open-Meteo-Historical,
2026-03-30 20:00:00,27.1,78,,0.0,0,,12.5,31.0,0,Ho Chi Minh,10.7769,106.7009,Open-Meteo-Historical,
2026-03-30 21:00:00,26.6,82,,0.0,0,,12.5,28.8,0,Ho Chi Minh,10.7769,106.7009,Open-Meteo-Historical,
2026-03-30 22:00:00,26.3,84,,0.0,0,,11.5,28.1,0,Ho Chi Minh,10.7769,106.7009,Open-Meteo-Historical,
2026-03-30 23:00:00,26.0,87,,0.0,1,,10.6,25.2,0,Ho Chi Minh,10.7769,106.7009,Open-Meteo-Historical,
2026-03-31 00:00:00,25.6,88,,0.0,2,,10.6,22.7,0,Ho Chi Minh,10.7769,106.7009,Open-Meteo-Historical,
2026-03-31 01:00:00,25.5,90,,0.0,5,,10.3,22.3,0,Ho Chi Minh,10.7769,106.7009,Open-Meteo-Historical,
2026-03-31 02:00:00,25.2,92,,0.0,16,,9.8,21.6,0,Ho Chi Minh,10.7769,106.7009,Open-Meteo-Historical,
2026-03-31 03:00:00,25.0,92,,0.0,13,,9.3,20.9,0,Ho Chi Minh,10.7769,106.7009,Open-Meteo-Historical,
2026-03-31 04:00:00,24.8,91,,0.0,9,,8.2,19.8,0,Ho Chi Minh,10.7769,106.7009,Open-Meteo-Historical,
2026-03-31 05:00:00,24.5,92,,0.0,9,,7.1,17.3,0,Ho Chi Minh,10.7769,106.7009,Open-Meteo-Historical,
2026-03-31 06:00:00,24.3,92,,0.0,4,,6.6,14.8,0,Ho Chi Minh,10.7769,106.7009,Open-Meteo-Historical,
2026-03-31 07:00:00,25.6,85,,0.0,5,,8.3,19.4,0,Ho Chi Minh,10.7769,106.7009,Open-Meteo-Historical,
2026-03-31 08:00:00,27.5,74,,0.0,14,,9.2,25.6,0,Ho Chi Minh,10.7769,106.7009,Open-Meteo-Historical,
2026-03-31 09:00:00,29.4,62,,0.0,10,,7.6,25.6,0,Ho Chi Minh,10.7769,106.7009,Open-Meteo-Historical,
2026-03-31 10:00:00,31.2,52,,0.0,4,,5.6,24.1,0,Ho Chi Minh,10.7769,106.7009,Open-Meteo-Historical,
2026-03-31 11:00:00,33.1,44,,0.0,0,,4.8,22.3,0,Ho Chi Minh,10.7769,106.7009,Open-Meteo-Historical,
2026-03-31 12:00:00,34.7,38,,0.0,0,,4.8,22.3,0,Ho Chi Minh,10.7769,106.7009,Open-Meteo-Historical,
2026-03-31 13:00:00,34.5,37,,0.0,34,,6.0,23.0,1,Ho Chi Minh,10.7769,106.7009,Open-Meteo-Historical,
2026-03-31 14:00:00,35.4,35,,0.0,98,,7.5,26.3,3,Ho Chi Minh,10.7769,106.7009,Open-Meteo-Historical,
2026-03-31 15:00:00,34.8,38,,0.0,94,,10.2,31.0,3,Ho Chi Minh,10.7769,106.7009,Open-Meteo-Historical,
2026-03-31 16:00:00,33.6,44,,0.2,86,,13.2,34.6,51,Ho Chi Minh,10.7769,106.7009,Open-Meteo-Historical,
2026-03-31 17:00:00,31.5,52,,0.0,86,,15.1,36.7,3,Ho Chi Minh,10.7769,106.7009,Open-Meteo-Historical,
2026-03-31 18:00:00,29.5,61,,0.0,88,,12.4,36.4,3,Ho Chi Minh,10.7769,106.7009,Open-Meteo-Historical,
2026-03-31 19:00:00,28.0,69,,0.0,88,,13.4,31.0,3,Ho Chi Minh,10.7769,106.7009,Open-Meteo-Historical,
2026-03-31 20:00:00,27.1,78,,0.0,75,,11.1,29.9,2,Ho Chi Minh,10.7769,106.7009,Open-Meteo-Historical,
2026-03-31 21:00:00,26.6,80,,0.0,92,,9.3,25.9,3,Ho Chi Minh,10.7769,106.7009,Open-Meteo-Historical,
2026-03-31 22:00:00,26.4,84,,0.0,59,,9.0,22.0,2,Ho Chi Minh,10.7769,106.7009,Open-Meteo-Historical,
2026-03-31 23:00:00,26.0,86,,0.0,68,,10.2,23.0,2,Ho Chi Minh,10.7769,106.7009,Open-Meteo-Historical,
2026-04-01 00:00:00,25.6,88,,0.0,95,,10.0,24.1,3,Ho Chi Minh,10.7769,106.7009,Open-Meteo-Historical,
2026-04-01 01:00:00,25.5,89,,0.0,97,,9.8,22.7,3,Ho Chi Minh,10.7769,106.7009,Open-Meteo-Historical,
2026-04-01 02:00:00,25.4,89,,0.0,93,,9.7,23.0,3,Ho Chi Minh,10.7769,106.7009,Open-Meteo-Historical,
2026-04-01 03:00:00,25.1,90,,0.0,94,,8.2,22.0,3,Ho Chi Minh,10.7769,106.7009,Open-Meteo-Historical,
2026-04-01 04:00:00,24.9,91,,0.0,92,,6.6,19.1,3,Ho Chi Minh,10.7769,106.7009,Open-Meteo-Historical,
2026-04-01 05:00:00,24.6,93,,0.0,91,,5.6,14.4,3,Ho Chi Minh,10.7769,106.7009,Open-Meteo-Historical,
2026-04-01 06:00:00,24.5,93,,0.0,96,,5.5,12.2,3,Ho Chi Minh,10.7769,106.7009,Open-Meteo-Historical,
2026-04-01 07:00:00,25.6,87,,0.0,92,,7.0,19.4,3,Ho Chi Minh,10.7769,106.7009,Open-Meteo-Historical,
2026-04-01 08:00:00,27.4,76,,0.0,29,,8.0,22.7,1,Ho Chi Minh,10.7769,106.7009,Open-Meteo-Historical,
2026-04-01 09:00:00,29.2,64,,0.0,12,,8.2,25.2,0,Ho Chi Minh,10.7769,106.7009,Open-Meteo-Historical,
2026-04-01 10:00:00,31.1,54,,0.0,8,,8.1,26.3,0,Ho Chi Minh,10.7769,106.7009,Open-Meteo-Historical,
2026-04-01 11:00:00,32.8,47,,0.0,3,,8.1,27.4,0,Ho Chi Minh,10.7769,106.7009,Open-Meteo-Historical,
2026-04-01 12:00:00,34.2,43,,0.0,5,,8.5,28.1,0,Ho Chi Minh,10.7769,106.7009,Open-Meteo-Historical,
2026-04-01 13:00:00,34.2,44,,0.0,13,,7.5,29.5,0,Ho Chi Minh,10.7769,106.7009,Open-Meteo-Historical,
2026-04-01 14:00:00,34.4,43,,0.0,36,,8.7,27.7,1,Ho Chi Minh,10.7769,106.7009,Open-Meteo-Historical,
2026-04-01 15:00:00,34.5,43,,0.0,19,,8.9,27.7,0,Ho Chi Minh,10.7769,106.7009,Open-Meteo-Historical,
2026-04-01 16:00:00,33.0,49,,0.0,16,,13.0,33.5,0,Ho Chi Minh,10.7769,106.7009,Open-Meteo-Historical,
2026-04-01 17:00:00,30.4,59,,0.0,5,,17.1,40.7,0,Ho Chi Minh,10.7769,106.7009,Open-Meteo-Historical,
2026-04-01 18:00:00,28.1,67,,0.0,2,,15.9,40.7,0,Ho Chi Minh,10.7769,106.7009,Open-Meteo-Historical,
2026-04-01 19:00:00,27.5,72,,0.0,8,,14.8,36.0,0,Ho Chi Minh,10.7769,106.7009,Open-Meteo-Historical,
2026-04-01 20:00:00,27.1,77,,0.0,3,,13.2,33.1,0,Ho Chi Minh,10.7769,106.7009,Open-Meteo-Historical,
2026-04-01 21:00:00,26.7,81,,0.0,1,,12.8,30.6,0,Ho Chi Minh,10.7769,106.7009,Open-Meteo-Historical,
2026-04-01 22:00:00,26.5,82,,0.0,1,,10.4,29.2,0,Ho Chi Minh,10.7769,106.7009,Open-Meteo-Historical,
2026-04-01 23:00:00,26.4,83,,0.0,0,,8.8,23.0,0,Ho Chi Minh,10.7769,106.7009,Open-Meteo-Historical,
2026-04-02 00:00:00,26.1,84,,0.0,0,,9.0,19.4,0,Ho Chi Minh,10.7769,106.7009,Open-Meteo-Historical,
2026-04-02 01:00:00,26.0,86,,0.0,1,,9.8,20.5,0,Ho Chi Minh,10.7769,106.7009,Open-Meteo-Historical,
2026-04-02 02:00:00,25.9,87,,0.0,34,,8.4,20.9,1,Ho Chi Minh,10.7769,106.7009,Open-Meteo-Historical,
2026-04-02 03:00:00,25.7,87,,0.0,38,,8.0,17.6,1,Ho Chi Minh,10.7769,106.7009,Open-Meteo-Historical,
2026-04-02 04:00:00,25.6,87,,0.0,24,,6.6,16.9,1,Ho Chi Minh,10.7769,106.7009,Open-Meteo-Historical,
2026-04-02 05:00:00,25.5,88,,0.0,9,,6.4,14.4,0,Ho Chi Minh,10.7769,106.7009,Open-Meteo-Historical,
2026-04-02 06:00:00,25.3,88,,0.0,16,,6.0,14.0,0,Ho Chi Minh,10.7769,106.7009,Open-Meteo-Historical,
2026-04-02 07:00:00,26.5,83,,0.0,17,,5.8,19.8,0,Ho Chi Minh,10.7769,106.7009,Open-Meteo-Historical,
2026-04-02 08:00:00,28.4,70,,0.0,27,,9.6,25.9,1,Ho Chi Minh,10.7769,106.7009,Open-Meteo-Historical,
2026-04-02 09:00:00,30.1,61,,0.0,18,,10.0,28.4,0,Ho Chi Minh,10.7769,106.7009,Open-Meteo-Historical,
2026-04-02 10:00:00,31.6,53,,0.0,12,,9.9,29.9,0,Ho Chi Minh,10.7769,106.7009,Open-Meteo-Historical,
2026-04-02 11:00:00,33.3,46,,0.0,2,,9.5,29.9,0,Ho Chi Minh,10.7769,106.7009,Open-Meteo-Historical,
2026-04-02 12:00:00,35.0,40,,0.0,19,,10.6,31.7,0,Ho Chi Minh,10.7769,106.7009,Open-Meteo-Historical,
2026-04-02 13:00:00,34.8,39,,0.0,10,,10.9,33.1,0,Ho Chi Minh,10.7769,106.7009,Open-Meteo-Historical,
2026-04-02 14:00:00,35.4,37,,0.0,24,,12.1,34.2,1,Ho Chi Minh,10.7769,106.7009,Open-Meteo-Historical,
2026-04-02 15:00:00,34.8,37,,0.0,48,,14.6,38.2,1,Ho Chi Minh,10.7769,106.7009,Open-Meteo-Historical,
2026-04-02 16:00:00,31.8,54,,0.0,8,,20.6,49.3,0,Ho Chi Minh,10.7769,106.7009,Open-Meteo-Historical,
2026-04-02 17:00:00,31.2,54,,0.0,0,,16.1,49.3,0,Ho Chi Minh,10.7769,106.7009,Open-Meteo-Historical,
2026-04-02 18:00:00,28.6,63,,0.0,0,,15.2,42.8,0,Ho Chi Minh,10.7769,106.7009,Open-Meteo-Historical,
2026-04-02 19:00:00,28.2,67,,0.0,2,,13.7,36.7,0,Ho Chi Minh,10.7769,106.7009,Open-Meteo-Historical,
2026-04-02 20:00:00,27.5,74,,0.0,0,,13.2,32.8,0,Ho Chi Minh,10.7769,106.7009,Open-Meteo-Historical,
2026-04-02 21:00:00,27.0,80,,0.0,1,,12.4,29.2,0,Ho Chi Minh,10.7769,106.7009,Open-Meteo-Historical,
2026-04-02 22:00:00,26.6,81,,0.0,0,,12.2,27.4,0,Ho Chi Minh,10.7769,106.7009,Open-Meteo-Historical,
2026-04-02 23:00:00,26.5,77,,0.0,0,,12.6,26.6,0,Ho Chi Minh,10.7769,106.7009,Open-Meteo-Historical,
2026-04-03 00:00:00,26.2,77,,0.0,1,,11.8,27.4,0,Ho Chi Minh,10.7769,106.7009,Open-Meteo-Historical,
2026-04-03 01:00:00,26.0,78,,0.0,7,,9.8,25.2,0,Ho Chi Minh,10.7769,106.7009,Open-Meteo-Historical,
2026-04-03 02:00:00,25.7,80,,0.0,26,,8.4,20.5,1,Ho Chi Minh,10.7769,106.7009,Open-Meteo-Historical,
2026-04-03 03:00:00,25.5,80,,0.0,2,,7.8,18.0,0,Ho Chi Minh,10.7769,106.7009,Open-Meteo-Historical,
2026-04-03 04:00:00,25.4,80,,0.0,0,,7.9,16.9,0,Ho Chi Minh,10.7769,106.7009,Open-Meteo-Historical,
2026-04-03 05:00:00,25.1,79,,0.0,0,,8.2,16.9,0,Ho Chi Minh,10.7769,106.7009,Open-Meteo-Historical,
2026-04-03 06:00:00,24.9,79,,0.0,0,,8.4,17.6,0,Ho Chi Minh,10.7769,106.7009,Open-Meteo-Historical,
2026-04-03 07:00:00,26.0,77,,0.0,0,,7.6,19.1,0,Ho Chi Minh,10.7769,106.7009,Open-Meteo-Historical,
2026-04-03 08:00:00,28.0,65,,0.0,9,,11.4,28.4,0,Ho Chi Minh,10.7769,106.7009,Open-Meteo-Historical,
2026-04-03 09:00:00,29.8,57,,0.0,10,,12.0,33.1,0,Ho Chi Minh,10.7769,106.7009,Open-Meteo-Historical,
2026-04-03 10:00:00,31.5,49,,0.0,2,,10.7,32.4,0,Ho Chi Minh,10.7769,106.7009,Open-Meteo-Historical,
2026-04-03 11:00:00,33.2,43,,0.0,25,,10.1,31.3,1,Ho Chi Minh,10.7769,106.7009,Open-Meteo-Historical,
2026-04-03 12:00:00,34.2,39,,0.0,16,,9.4,31.0,0,Ho Chi Minh,10.7769,106.7009,Open-Meteo-Historical,
2026-04-03 13:00:00,33.6,41,,0.0,8,,8.4,30.2,0,Ho Chi Minh,10.7769,106.7009,Open-Meteo-Historical,
2026-04-03 14:00:00,34.8,37,,0.0,20,,8.6,28.1,1,Ho Chi Minh,10.7769,106.7009,Open-Meteo-Historical,
2026-04-03 15:00:00,34.7,37,,0.0,23,,10.2,30.2,1,Ho Chi Minh,10.7769,106.7009,Open-Meteo-Historical,
2026-04-03 16:00:00,33.3,42,,0.0,2,,13.2,34.6,0,Ho Chi Minh,10.7769,106.7009,Open-Meteo-Historical,
2026-04-03 17:00:00,31.3,51,,0.0,10,,15.6,37.4,0,Ho Chi Minh,10.7769,106.7009,Open-Meteo-Historical,
2026-04-03 18:00:00,28.5,61,,0.0,1,,15.9,39.2,0,Ho Chi Minh,10.7769,106.7009,Open-Meteo-Historical,
2026-04-03 19:00:00,28.1,65,,0.0,0,,15.5,36.4,0,Ho Chi Minh,10.7769,106.7009,Open-Meteo-Historical,
2026-04-03 20:00:00,27.5,69,,0.0,0,,12.9,34.6,0,Ho Chi Minh,10.7769,106.7009,Open-Meteo-Historical,
2026-04-03 21:00:00,27.1,71,,0.0,0,,11.8,29.5,0,Ho Chi Minh,10.7769,106.7009,Open-Meteo-Historical,
2026-04-03 22:00:00,26.6,74,,0.0,0,,9.8,25.9,0,Ho Chi Minh,10.7769,106.7009,Open-Meteo-Historical,
2026-04-03 23:00:00,26.4,76,,0.0,0,,8.8,21.2,0,Ho Chi Minh,10.7769,106.7009,Open-Meteo-Historical,
2026-04-04 00:00:00,26.0,79,,0.0,0,,7.8,18.4,0,Ho Chi Minh,10.7769,106.7009,Open-Meteo-Historical,
2026-04-04 01:00:00,25.6,85,,0.0,1,,6.7,16.6,0,Ho Chi Minh,10.7769,106.7009,Open-Meteo-Historical,
2026-04-04 02:00:00,25.4,86,,0.0,99,,5.6,14.8,3,Ho Chi Minh,10.7769,106.7009,Open-Meteo-Historical,
2026-04-04 03:00:00,25.0,87,,0.0,92,,4.1,12.2,3,Ho Chi Minh,10.7769,106.7009,Open-Meteo-Historical,
2026-04-04 04:00:00,24.8,88,,0.0,69,,2.6,9.4,2,Ho Chi Minh,10.7769,106.7009,Open-Meteo-Historical,
2026-04-04 05:00:00,24.3,91,,0.0,74,,0.5,6.8,2,Ho Chi Minh,10.7769,106.7009,Open-Meteo-Historical,
2026-04-04 06:00:00,24.0,93,,0.0,67,,0.7,2.9,2,Ho Chi Minh,10.7769,106.7009,Open-Meteo-Historical,
2026-04-04 07:00:00,25.4,89,,0.0,88,,0.5,8.3,3,Ho Chi Minh,10.7769,106.7009,Open-Meteo-Historical,
2026-04-04 08:00:00,27.6,76,,0.0,94,,2.2,12.2,3,Ho Chi Minh,10.7769,106.7009,Open-Meteo-Historical,
2026-04-04 09:00:00,29.5,65,,0.0,88,,3.7,16.9,3,Ho Chi Minh,10.7769,106.7009,Open-Meteo-Historical,
2026-04-04 10:00:00,31.5,52,,0.0,100,,4.5,20.2,3,Ho Chi Minh,10.7769,106.7009,Open-Meteo-Historical,
2026-04-04 11:00:00,33.3,45,,0.0,98,,4.7,21.6,3,Ho Chi Minh,10.7769,106.7009,Open-Meteo-Historical,
2026-04-04 12:00:00,34.7,40,,0.0,95,,5.4,23.0,3,Ho Chi Minh,10.7769,106.7009,Open-Meteo-Historical,
2026-04-04 13:00:00,35.0,38,,0.0,51,,6.5,25.6,2,Ho Chi Minh,10.7769,106.7009,Open-Meteo-Historical,
2026-04-04 14:00:00,36.0,34,,0.0,63,,8.7,28.4,2,Ho Chi Minh,10.7769,106.7009,Open-Meteo-Historical,
2026-04-04 15:00:00,35.8,34,,0.0,32,,10.2,29.9,1,Ho Chi Minh,10.7769,106.7009,Open-Meteo-Historical,
2026-04-04 16:00:00,35.5,35,,0.0,38,,10.1,29.9,1,Ho Chi Minh,10.7769,106.7009,Open-Meteo-Historical,
2026-04-04 17:00:00,33.3,46,,0.0,27,,13.0,32.0,1,Ho Chi Minh,10.7769,106.7009,Open-Meteo-Historical,
2026-04-04 18:00:00,29.5,68,,0.0,9,,15.3,36.7,0,Ho Chi Minh,10.7769,106.7009,Open-Meteo-Historical,
2026-04-04 19:00:00,28.9,73,,0.0,88,,11.2,34.9,3,Ho Chi Minh,10.7769,106.7009,Open-Meteo-Historical,
2026-04-04 20:00:00,28.5,74,,0.0,50,,11.3,26.3,2,Ho Chi Minh,10.7769,106.7009,Open-Meteo-Historical,
2026-04-04 21:00:00,27.9,75,,0.0,42,,10.4,27.0,1,Ho Chi Minh,10.7769,106.7009,Open-Meteo-Historical,
2026-04-04 22:00:00,27.5,79,,0.0,39,,9.0,23.4,1,Ho Chi Minh,10.7769,106.7009,Open-Meteo-Historical,
2026-04-04 23:00:00,27.2,80,,0.0,88,,8.0,20.5,3,Ho Chi Minh,10.7769,106.7009,Open-Meteo-Historical,
2026-04-05 00:00:00,26.9,83,,0.0,96,,7.6,17.3,3,Ho Chi Minh,10.7769,106.7009,Open-Meteo-Historical,
2026-04-05 01:00:00,26.5,87,,0.0,64,,7.2,16.6,2,Ho Chi Minh,10.7769,106.7009,Open-Meteo-Historical,
2026-04-05 02:00:00,26.1,89,,0.0,4,,6.2,15.1,0,Ho Chi Minh,10.7769,106.7009,Open-Meteo-Historical,
2026-04-05 03:00:00,25.9,91,,0.0,16,,5.3,13.3,0,Ho Chi Minh,10.7769,106.7009,Open-Meteo-Historical,
2026-04-05 04:00:00,25.6,92,,0.0,27,,4.2,11.9,1,Ho Chi Minh,10.7769,106.7009,Open-Meteo-Historical,
2026-04-05 05:00:00,25.5,93,,0.0,29,,4.0,10.4,1,Ho Chi Minh,10.7769,106.7009,Open-Meteo-Historical,
2026-04-05 06:00:00,25.3,94,,0.0,73,,3.0,9.7,2,Ho Chi Minh,10.7769,106.7009,Open-Meteo-Historical,
2026-04-05 07:00:00,26.4,88,,0.0,35,,3.8,12.6,1,Ho Chi Minh,10.7769,106.7009,Open-Meteo-Historical,
2026-04-05 08:00:00,28.5,74,,0.0,20,,6.2,19.4,1,Ho Chi Minh,10.7769,106.7009,Open-Meteo-Historical,
2026-04-05 09:00:00,30.8,59,,0.0,16,,6.0,20.9,0,Ho Chi Minh,10.7769,106.7009,Open-Meteo-Historical,
2026-04-05 10:00:00,32.7,50,,0.0,48,,6.1,22.7,1,Ho Chi Minh,10.7769,106.7009,Open-Meteo-Historical,
2026-04-05 11:00:00,34.5,42,,0.0,55,,5.8,22.7,2,Ho Chi Minh,10.7769,106.7009,Open-Meteo-Historical,
2026-04-05 12:00:00,35.7,38,,0.0,38,,6.1,23.8,1,Ho Chi Minh,10.7769,106.7009,Open-Meteo-Historical,
2026-04-05 13:00:00,35.7,38,,0.0,16,,7.9,27.0,0,Ho Chi Minh,10.7769,106.7009,Open-Meteo-Historical,
2026-04-05 14:00:00,36.2,38,,0.0,19,,11.0,32.4,0,Ho Chi Minh,10.7769,106.7009,Open-Meteo-Historical,
2026-04-05 15:00:00,35.8,40,,0.0,26,,12.2,33.8,1,Ho Chi Minh,10.7769,106.7009,Open-Meteo-Historical,
2026-04-05 16:00:00,34.5,45,,0.0,31,,13.5,34.9,1,Ho Chi Minh,10.7769,106.7009,Open-Meteo-Historical,
2026-04-05 17:00:00,31.8,57,,0.0,11,,15.3,38.2,0,Ho Chi Minh,10.7769,106.7009,Open-Meteo-Historical,
2026-04-05 18:00:00,29.7,68,,0.0,7,,13.2,37.1,0,Ho Chi Minh,10.7769,106.7009,Open-Meteo-Historical,
2026-04-05 19:00:00,28.4,74,,0.0,5,,13.6,31.0,0,Ho Chi Minh,10.7769,106.7009,Open-Meteo-Historical,
2026-04-05 20:00:00,27.6,80,,0.0,0,,12.9,30.6,0,Ho Chi Minh,10.7769,106.7009,Open-Meteo-Historical,
2026-04-05 21:00:00,27.2,82,,0.0,0,,12.0,29.5,0,Ho Chi Minh,10.7769,106.7009,Open-Meteo-Historical,
2026-04-05 22:00:00,27.0,85,,0.0,0,,11.1,27.0,0,Ho Chi Minh,10.7769,106.7009,Open-Meteo-Historical,
2026-04-05 23:00:00,26.7,85,,0.0,5,,10.2,25.2,0,Ho Chi Minh,10.7769,106.7009,Open-Meteo-Historical,
2026-04-06 00:00:00,26.5,85,,0.0,5,,9.8,22.7,0,Ho Chi Minh,10.7769,106.7009,Open-Meteo-Historical,
2026-04-06 01:00:00,26.4,87,,0.0,9,,7.9,21.2,0,Ho Chi Minh,10.7769,106.7009,Open-Meteo-Historical,
2026-04-06 02:00:00,26.2,87,,0.0,20,,7.3,17.3,1,Ho Chi Minh,10.7769,106.7009,Open-Meteo-Historical,
2026-04-06 03:00:00,26.0,87,,0.0,13,,6.6,16.2,0,Ho Chi Minh,10.7769,106.7009,Open-Meteo-Historical,
2026-04-06 04:00:00,25.8,89,,0.0,6,,5.9,15.1,0,Ho Chi Minh,10.7769,106.7009,Open-Meteo-Historical,
2026-04-06 05:00:00,25.5,90,,0.0,5,,5.2,13.0,0,Ho Chi Minh,10.7769,106.7009,Open-Meteo-Historical,
2026-04-06 06:00:00,25.2,93,,0.0,12,,4.5,11.2,0,Ho Chi Minh,10.7769,106.7009,Open-Meteo-Historical,
2026-04-06 07:00:00,26.4,88,,0.0,38,,6.5,15.5,1,Ho Chi Minh,10.7769,106.7009,Open-Meteo-Historical,
2026-04-06 08:00:00,28.5,74,,0.1,46,,9.4,24.8,51,Ho Chi Minh,10.7769,106.7009,Open-Meteo-Historical,
2026-04-06 09:00:00,30.6,61,,0.0,41,,9.7,27.7,1,Ho Chi Minh,10.7769,106.7009,Open-Meteo-Historical,
2026-04-06 10:00:00,32.3,54,,0.0,20,,7.9,28.1,1,Ho Chi Minh,10.7769,106.7009,Open-Meteo-Historical,
2026-04-06 11:00:00,34.0,49,,0.0,4,,7.3,25.6,0,Ho Chi Minh,10.7769,106.7009,Open-Meteo-Historical,
2026-04-06 12:00:00,35.5,44,,0.0,13,,8.5,28.4,0,Ho Chi Minh,10.7769,106.7009,Open-Meteo-Historical,
2026-04-06 13:00:00,35.5,40,,0.0,17,,10.1,32.8,0,Ho Chi Minh,10.7769,106.7009,Open-Meteo-Historical,
2026-04-06 14:00:00,36.2,38,,0.0,13,,11.7,33.8,0,Ho Chi Minh,10.7769,106.7009,Open-Meteo-Historical,
2026-04-06 15:00:00,35.6,40,,0.0,14,,12.9,35.6,0,Ho Chi Minh,10.7769,106.7009,Open-Meteo-Historical,
2026-04-06 16:00:00,34.1,48,,0.0,11,,15.1,38.2,0,Ho Chi Minh,10.7769,106.7009,Open-Meteo-Historical,
2026-04-06 17:00:00,31.5,57,,0.0,1,,16.1,39.6,0,Ho Chi Minh,10.7769,106.7009,Open-Meteo-Historical,
2026-04-06 18:00:00,30.0,63,,0.0,0,,13.7,38.5,0,Ho Chi Minh,10.7769,106.7009,Open-Meteo-Historical,
2026-04-06 19:00:00,29.0,72,,0.0,4,,14.3,32.4,0,Ho Chi Minh,10.7769,106.7009,Open-Meteo-Historical,
2026-04-06 20:00:00,28.1,76,,0.0,0,,12.7,32.0,0,Ho Chi Minh,10.7769,106.7009,Open-Meteo-Historical,
2026-04-06 21:00:00,28.0,78,,0.0,0,,11.6,29.2,0,Ho Chi Minh,10.7769,106.7009,Open-Meteo-Historical,
2026-04-06 22:00:00,27.7,79,,0.0,0,,11.0,25.9,0,Ho Chi Minh,10.7769,106.7009,Open-Meteo-Historical,
2026-04-06 23:00:00,27.5,81,,0.0,0,,11.2,24.5,0,Ho Chi Minh,10.7769,106.7009,Open-Meteo-Historical,
2026-04-07 00:00:00,27.1,81,,0.0,0,,11.0,25.9,0,Ho Chi Minh,10.7769,106.7009,Open-Meteo-Historical,
2026-04-07 01:00:00,26.9,84,,0.0,0,,10.0,23.4,0,Ho Chi Minh,10.7769,106.7009,Open-Meteo-Historical,
2026-04-07 02:00:00,26.6,86,,0.0,9,,8.9,21.2,0,Ho Chi Minh,10.7769,106.7009,Open-Meteo-Historical,
2026-04-07 03:00:00,26.4,87,,0.0,11,,8.1,19.4,0,Ho Chi Minh,10.7769,106.7009,Open-Meteo-Historical,
2026-04-07 04:00:00,26.1,89,,0.0,16,,7.4,17.6,0,Ho Chi Minh,10.7769,106.7009,Open-Meteo-Historical,
2026-04-07 05:00:00,26.0,90,,0.0,13,,5.8,16.2,0,Ho Chi Minh,10.7769,106.7009,Open-Meteo-Historical,
2026-04-07 06:00:00,25.6,91,,0.0,15,,4.1,12.6,0,Ho Chi Minh,10.7769,106.7009,Open-Meteo-Historical,
2026-04-07 07:00:00,26.9,84,,0.0,27,,6.7,15.1,1,Ho Chi Minh,10.7769,106.7009,Open-Meteo-Historical,
2026-04-07 08:00:00,28.6,74,,0.0,16,,5.9,19.4,0,Ho Chi Minh,10.7769,106.7009,Open-Meteo-Historical,
2026-04-07 09:00:00,30.6,63,,0.0,22,,4.2,19.4,1,Ho Chi Minh,10.7769,106.7009,Open-Meteo-Historical,
2026-04-07 10:00:00,32.5,54,,0.0,4,,3.6,19.1,0,Ho Chi Minh,10.7769,106.7009,Open-Meteo-Historical,
2026-04-07 11:00:00,34.5,43,,0.0,18,,5.1,22.0,0,Ho Chi Minh,10.7769,106.7009,Open-Meteo-Historical,
2026-04-07 12:00:00,36.0,35,,0.0,55,,6.8,25.2,2,Ho Chi Minh,10.7769,106.7009,Open-Meteo-Historical,
2026-04-07 13:00:00,36.1,34,,0.0,97,,6.9,27.4,3,Ho Chi Minh,10.7769,106.7009,Open-Meteo-Historical,
2026-04-07 14:00:00,37.1,30,,0.0,91,,8.4,28.1,3,Ho Chi Minh,10.7769,106.7009,Open-Meteo-Historical,
2026-04-07 15:00:00,37.0,29,,0.0,95,,9.0,28.4,3,Ho Chi Minh,10.7769,106.7009,Open-Meteo-Historical,
2026-04-07 16:00:00,36.7,30,,0.0,95,,9.9,28.1,3,Ho Chi Minh,10.7769,106.7009,Open-Meteo-Historical,
2026-04-07 17:00:00,35.8,31,,0.0,96,,12.1,30.2,3,Ho Chi Minh,10.7769,106.7009,Open-Meteo-Historical,
2026-04-07 18:00:00,31.7,57,,0.0,46,,15.0,34.6,1,Ho Chi Minh,10.7769,106.7009,Open-Meteo-Historical,
2026-04-07 19:00:00,29.1,76,,0.0,12,,10.8,33.8,0,Ho Chi Minh,10.7769,106.7009,Open-Meteo-Historical,
2026-04-07 20:00:00,28.9,76,,0.0,4,,8.6,24.5,0,Ho Chi Minh,10.7769,106.7009,Open-Meteo-Historical,
2026-04-07 21:00:00,28.5,78,,0.0,2,,8.6,20.2,0,Ho Chi Minh,10.7769,106.7009,Open-Meteo-Historical,
2026-04-07 22:00:00,28.0,81,,0.0,11,,9.6,22.0,0,Ho Chi Minh,10.7769,106.7009,Open-Meteo-Historical,
2026-04-07 23:00:00,27.4,85,,0.0,77,,10.0,23.0,2,Ho Chi Minh,10.7769,106.7009,Open-Meteo-Historical,
2026-04-08 00:00:00,27.0,87,,0.0,98,,8.8,22.7,3,Ho Chi Minh,10.7769,106.7009,Open-Meteo-Historical,
2026-04-08 01:00:00,26.8,91,,0.0,100,,7.8,19.1,3,Ho Chi Minh,10.7769,106.7009,Open-Meteo-Historical,
2026-04-08 02:00:00,26.8,91,,0.0,100,,8.1,19.4,3,Ho Chi Minh,10.7769,106.7009,Open-Meteo-Historical,
2026-04-08 03:00:00,26.9,90,,0.1,99,,9.4,21.2,51,Ho Chi Minh,10.7769,106.7009,Open-Meteo-Historical,
2026-04-08 04:00:00,26.8,90,,0.1,100,,8.8,22.3,51,Ho Chi Minh,10.7769,106.7009,Open-Meteo-Historical,
2026-04-08 05:00:00,26.9,90,,0.1,77,,7.4,19.8,51,Ho Chi Minh,10.7769,106.7009,Open-Meteo-Historical,
2026-04-08 06:00:00,26.8,90,,0.0,12,,4.4,16.2,0,Ho Chi Minh,10.7769,106.7009,Open-Meteo-Historical,
2026-04-08 07:00:00,27.6,87,,0.0,51,,4.4,14.8,2,Ho Chi Minh,10.7769,106.7009,Open-Meteo-Historical,
2026-04-08 08:00:00,29.2,77,,0.0,25,,4.7,16.2,1,Ho Chi Minh,10.7769,106.7009,Open-Meteo-Historical,
2026-04-08 09:00:00,31.4,64,,0.0,5,,5.5,19.8,0,Ho Chi Minh,10.7769,106.7009,Open-Meteo-Historical,
2026-04-08 10:00:00,33.2,54,,0.0,9,,5.9,22.0,0,Ho Chi Minh,10.7769,106.7009,Open-Meteo-Historical,
2026-04-08 11:00:00,34.7,47,,0.0,18,,6.1,23.0,0,Ho Chi Minh,10.7769,106.7009,Open-Meteo-Historical,
2026-04-08 12:00:00,35.8,43,,0.0,14,,6.6,24.5,0,Ho Chi Minh,10.7769,106.7009,Open-Meteo-Historical,
2026-04-08 13:00:00,35.7,43,,0.0,23,,7.0,26.6,1,Ho Chi Minh,10.7769,106.7009,Open-Meteo-Historical,
2026-04-08 14:00:00,36.2,41,,0.0,27,,8.0,25.9,1,Ho Chi Minh,10.7769,106.7009,Open-Meteo-Historical,
2026-04-08 15:00:00,36.0,41,,0.0,36,,9.7,28.1,1,Ho Chi Minh,10.7769,106.7009,Open-Meteo-Historical,
2026-04-08 16:00:00,34.7,46,,0.0,50,,13.0,33.5,2,Ho Chi Minh,10.7769,106.7009,Open-Meteo-Historical,
2026-04-08 17:00:00,31.9,62,,0.0,21,,15.9,38.9,1,Ho Chi Minh,10.7769,106.7009,Open-Meteo-Historical,
2026-04-08 18:00:00,30.3,70,,0.0,18,,15.2,37.8,0,Ho Chi Minh,10.7769,106.7009,Open-Meteo-Historical,
2026-04-08 19:00:00,29.5,77,,0.0,11,,16.4,34.9,0,Ho Chi Minh,10.7769,106.7009,Open-Meteo-Historical,
2026-04-08 20:00:00,28.8,81,,0.0,0,,15.2,37.1,0,Ho Chi Minh,10.7769,106.7009,Open-Meteo-Historical,
2026-04-08 21:00:00,28.4,83,,0.0,1,,13.8,34.2,0,Ho Chi Minh,10.7769,106.7009,Open-Meteo-Historical,
2026-04-08 22:00:00,28.0,85,,0.0,12,,13.7,31.0,0,Ho Chi Minh,10.7769,106.7009,Open-Meteo-Historical,
2026-04-08 23:00:00,27.9,85,,0.0,11,,11.7,30.6,0,Ho Chi Minh,10.7769,106.7009,Open-Meteo-Historical,
2026-04-09 00:00:00,27.5,86,,0.0,20,,11.1,28.1,1,Ho Chi Minh,10.7769,106.7009,Open-Meteo-Historical,
2026-04-09 01:00:00,27.1,88,,0.0,20,,11.1,27.0,1,Ho Chi Minh,10.7769,106.7009,Open-Meteo-Historical,
2026-04-09 02:00:00,27.0,88,,0.0,27,,10.4,26.3,1,Ho Chi Minh,10.7769,106.7009,Open-Meteo-Historical,
2026-04-09 03:00:00,26.8,88,,0.0,15,,11.0,25.9,0,Ho Chi Minh,10.7769,106.7009,Open-Meteo-Historical,
2026-04-09 04:00:00,26.5,90,,0.0,16,,10.2,24.5,0,Ho Chi Minh,10.7769,106.7009,Open-Meteo-Historical,
2026-04-09 05:00:00,26.3,91,,0.0,30,,8.9,22.0,1,Ho Chi Minh,10.7769,106.7009,Open-Meteo-Historical,
2026-04-09 06:00:00,26.2,91,,0.0,31,,7.1,19.4,1,Ho Chi Minh,10.7769,106.7009,Open-Meteo-Historical,
2026-04-09 07:00:00,27.4,85,,0.0,33,,9.1,20.9,1,Ho Chi Minh,10.7769,106.7009,Open-Meteo-Historical,
2026-04-09 08:00:00,28.9,76,,0.0,28,,8.9,24.5,1,Ho Chi Minh,10.7769,106.7009,Open-Meteo-Historical,
2026-04-09 09:00:00,30.6,64,,0.0,17,,10.4,28.8,0,Ho Chi Minh,10.7769,106.7009,Open-Meteo-Historical,
2026-04-09 10:00:00,32.2,54,,0.0,6,,11.1,31.3,0,Ho Chi Minh,10.7769,106.7009,Open-Meteo-Historical,
2026-04-09 11:00:00,33.7,46,,0.0,4,,11.3,32.4,0,Ho Chi Minh,10.7769,106.7009,Open-Meteo-Historical,
2026-04-09 12:00:00,34.7,42,,0.0,1,,11.1,32.8,0,Ho Chi Minh,10.7769,106.7009,Open-Meteo-Historical,
2026-04-09 13:00:00,34.8,43,,0.0,98,,9.2,33.5,3,Ho Chi Minh,10.7769,106.7009,Open-Meteo-Historical,
2026-04-09 14:00:00,34.5,43,,0.0,59,,10.4,29.9,2,Ho Chi Minh,10.7769,106.7009,Open-Meteo-Historical,
2026-04-09 15:00:00,33.9,43,,0.0,20,,13.8,36.0,1,Ho Chi Minh,10.7769,106.7009,Open-Meteo-Historical,
2026-04-09 16:00:00,32.8,43,,0.0,3,,14.8,37.4,0,Ho Chi Minh,10.7769,106.7009,Open-Meteo-Historical,
2026-04-09 17:00:00,31.4,49,,0.0,3,,14.4,36.7,0,Ho Chi Minh,10.7769,106.7009,Open-Meteo-Historical,
2026-04-09 18:00:00,28.9,61,,0.0,0,,14.2,34.6,0,Ho Chi Minh,10.7769,106.7009,Open-Meteo-Historical,
2026-04-09 19:00:00,28.4,69,,0.0,0,,13.8,32.4,0,Ho Chi Minh,10.7769,106.7009,Open-Meteo-Historical,
2026-04-09 20:00:00,27.6,76,,0.0,0,,12.0,31.3,0,Ho Chi Minh,10.7769,106.7009,Open-Meteo-Historical,
2026-04-09 21:00:00,27.3,80,,0.0,0,,11.0,27.4,0,Ho Chi Minh,10.7769,106.7009,Open-Meteo-Historical,
2026-04-09 22:00:00,27.0,82,,0.0,0,,9.0,24.8,0,Ho Chi Minh,10.7769,106.7009,Open-Meteo-Historical,
2026-04-09 23:00:00,26.8,84,,0.0,2,,8.3,20.2,0,Ho Chi Minh,10.7769,106.7009,Open-Meteo-Historical,
2026-04-10 00:00:00,26.5,86,,0.0,5,,8.2,18.7,0,Ho Chi Minh,10.7769,106.7009,Open-Meteo-Historical,
2026-04-10 01:00:00,26.3,87,,0.0,0,,6.8,17.6,0,Ho Chi Minh,10.7769,106.7009,Open-Meteo-Historical,
2026-04-10 02:00:00,26.2,87,,0.0,9,,5.6,14.4,0,Ho Chi Minh,10.7769,106.7009,Open-Meteo-Historical,
2026-04-10 03:00:00,26.0,88,,0.0,16,,4.6,12.6,0,Ho Chi Minh,10.7769,106.7009,Open-Meteo-Historical,
2026-04-10 04:00:00,25.7,89,,0.0,10,,4.3,10.8,0,Ho Chi Minh,10.7769,106.7009,Open-Meteo-Historical,
2026-04-10 05:00:00,25.5,90,,0.0,1,,4.1,9.7,0,Ho Chi Minh,10.7769,106.7009,Open-Meteo-Historical,
2026-04-10 06:00:00,25.4,90,,0.0,0,,4.7,10.1,0,Ho Chi Minh,10.7769,106.7009,Open-Meteo-Historical,
2026-04-10 07:00:00,26.9,83,,0.0,2,,4.4,14.8,0,Ho Chi Minh,10.7769,106.7009,Open-Meteo-Historical,
2026-04-10 08:00:00,29.0,71,,0.0,16,,7.3,22.0,0,Ho Chi Minh,10.7769,106.7009,Open-Meteo-Historical,
2026-04-10 09:00:00,30.9,61,,0.0,60,,7.4,24.1,2,Ho Chi Minh,10.7769,106.7009,Open-Meteo-Historical,
2026-04-10 10:00:00,32.2,54,,0.0,98,,6.6,24.1,3,Ho Chi Minh,10.7769,106.7009,Open-Meteo-Historical,
2026-04-10 11:00:00,33.6,49,,0.0,33,,4.2,22.7,1,Ho Chi Minh,10.7769,106.7009,Open-Meteo-Historical,
2026-04-10 12:00:00,35.0,45,,0.0,85,,3.1,19.8,3,Ho Chi Minh,10.7769,106.7009,Open-Meteo-Historical,
2026-04-10 13:00:00,34.5,46,,0.0,94,,4.8,19.8,3,Ho Chi Minh,10.7769,106.7009,Open-Meteo-Historical,
2026-04-10 14:00:00,36.0,42,,0.0,94,,4.9,21.6,3,Ho Chi Minh,10.7769,106.7009,Open-Meteo-Historical,
2026-04-10 15:00:00,36.2,40,,0.0,97,,5.5,21.6,3,Ho Chi Minh,10.7769,106.7009,Open-Meteo-Historical,
2026-04-10 16:00:00,35.3,42,,0.0,62,,9.0,26.3,2,Ho Chi Minh,10.7769,106.7009,Open-Meteo-Historical,
2026-04-10 17:00:00,32.7,54,,0.0,31,,14.7,35.6,1,Ho Chi Minh,10.7769,106.7009,Open-Meteo-Historical,
2026-04-10 18:00:00,30.2,62,,0.0,3,,15.6,39.2,0,Ho Chi Minh,10.7769,106.7009,Open-Meteo-Historical,
2026-04-10 19:00:00,29.5,69,,0.0,8,,11.7,35.3,0,Ho Chi Minh,10.7769,106.7009,Open-Meteo-Historical,
2026-04-10 20:00:00,28.5,74,,0.0,1,,10.6,27.0,0,Ho Chi Minh,10.7769,106.7009,Open-Meteo-Historical,
2026-04-10 21:00:00,28.1,77,,0.0,0,,10.7,25.2,0,Ho Chi Minh,10.7769,106.7009,Open-Meteo-Historical,
2026-04-10 22:00:00,27.8,78,,0.0,0,,10.0,24.1,0,Ho Chi Minh,10.7769,106.7009,Open-Meteo-Historical,
2026-04-10 23:00:00,27.4,81,,0.0,0,,9.1,23.0,0,Ho Chi Minh,10.7769,106.7009,Open-Meteo-Historical,
2026-04-11 00:00:00,27.1,83,,0.0,0,,7.3,20.2,0,Ho Chi Minh,10.7769,106.7009,Open-Meteo-Historical,
2026-04-11 01:00:00,27.0,85,,0.0,3,,7.5,16.9,0,Ho Chi Minh,10.7769,106.7009,Open-Meteo-Historical,
2026-04-11 02:00:00,26.8,86,,0.0,29,,6.9,16.9,1,Ho Chi Minh,10.7769,106.7009,Open-Meteo-Historical,
2026-04-11 03:00:00,26.5,86,,0.0,97,,7.1,16.2,3,Ho Chi Minh,10.7769,106.7009,Open-Meteo-Historical,
2026-04-11 04:00:00,26.5,86,,0.0,98,,6.6,16.6,3,Ho Chi Minh,10.7769,106.7009,Open-Meteo-Historical,
2026-04-11 05:00:00,26.4,86,,0.0,10,,7.0,15.5,0,Ho Chi Minh,10.7769,106.7009,Open-Meteo-Historical,
2026-04-11 06:00:00,26.3,86,,0.0,5,,6.1,15.5,0,Ho Chi Minh,10.7769,106.7009,Open-Meteo-Historical,
2026-04-11 07:00:00,27.2,81,,0.0,19,,5.4,15.8,0,Ho Chi Minh,10.7769,106.7009,Open-Meteo-Historical,
2026-04-11 08:00:00,29.3,69,,0.0,18,,8.9,24.8,0,Ho Chi Minh,10.7769,106.7009,Open-Meteo-Historical,
2026-04-11 09:00:00,31.1,60,,0.0,18,,7.5,25.2,0,Ho Chi Minh,10.7769,106.7009,Open-Meteo-Historical,
2026-04-11 10:00:00,33.0,51,,0.0,41,,6.8,24.1,1,Ho Chi Minh,10.7769,106.7009,Open-Meteo-Historical,
2026-04-11 11:00:00,34.3,45,,0.0,20,,6.8,24.5,1,Ho Chi Minh,10.7769,106.7009,Open-Meteo-Historical,
2026-04-11 12:00:00,35.2,42,,0.0,22,,6.3,24.8,1,Ho Chi Minh,10.7769,106.7009,Open-Meteo-Historical,
2026-04-11 13:00:00,34.8,43,,0.0,32,,4.6,24.1,1,Ho Chi Minh,10.7769,106.7009,Open-Meteo-Historical,
2026-04-11 14:00:00,36.3,38,,0.0,30,,5.1,21.6,1,Ho Chi Minh,10.7769,106.7009,Open-Meteo-Historical,
2026-04-11 15:00:00,36.2,37,,0.0,27,,6.0,22.0,1,Ho Chi Minh,10.7769,106.7009,Open-Meteo-Historical,
2026-04-11 16:00:00,34.6,43,,0.1,17,,12.1,32.0,51,Ho Chi Minh,10.7769,106.7009,Open-Meteo-Historical,
2026-04-11 17:00:00,31.6,60,,0.1,15,,15.6,38.9,51,Ho Chi Minh,10.7769,106.7009,Open-Meteo-Historical,
2026-04-11 18:00:00,30.1,65,,0.0,9,,14.4,37.4,0,Ho Chi Minh,10.7769,106.7009,Open-Meteo-Historical,
2026-04-11 19:00:00,29.8,68,,0.0,3,,12.7,33.8,0,Ho Chi Minh,10.7769,106.7009,Open-Meteo-Historical,
2026-04-11 20:00:00,29.1,72,,0.0,1,,11.4,28.4,0,Ho Chi Minh,10.7769,106.7009,Open-Meteo-Historical,
2026-04-11 21:00:00,28.5,75,,0.0,0,,10.2,25.9,0,Ho Chi Minh,10.7769,106.7009,Open-Meteo-Historical,
2026-04-11 22:00:00,28.0,77,,0.0,2,,9.4,22.3,0,Ho Chi Minh,10.7769,106.7009,Open-Meteo-Historical,
2026-04-11 23:00:00,27.8,77,,0.0,5,,8.5,21.6,0,Ho Chi Minh,10.7769,106.7009,Open-Meteo-Historical,
2026-04-12 00:00:00,27.5,77,,0.0,0,,6.7,18.0,0,Ho Chi Minh,10.7769,106.7009,Open-Meteo-Historical,
2026-04-12 01:00:00,27.1,81,,0.0,9,,6.0,15.1,0,Ho Chi Minh,10.7769,106.7009,Open-Meteo-Historical,
2026-04-12 02:00:00,26.9,83,,0.0,5,,4.5,13.0,0,Ho Chi Minh,10.7769,106.7009,Open-Meteo-Historical,
2026-04-12 03:00:00,26.6,85,,0.0,3,,4.3,10.4,0,Ho Chi Minh,10.7769,106.7009,Open-Meteo-Historical,
2026-04-12 04:00:00,26.4,87,,0.0,2,,4.3,10.4,0,Ho Chi Minh,10.7769,106.7009,Open-Meteo-Historical,
2026-04-12 05:00:00,26.2,88,,0.0,0,,3.8,10.4,0,Ho Chi Minh,10.7769,106.7009,Open-Meteo-Historical,
2026-04-12 06:00:00,26.0,89,,0.0,0,,3.6,9.7,0,Ho Chi Minh,10.7769,106.7009,Open-Meteo-Historical,
2026-04-12 07:00:00,27.6,79,,0.0,1,,4.6,13.7,0,Ho Chi Minh,10.7769,106.7009,Open-Meteo-Historical,
2026-04-12 08:00:00,29.8,68,,0.0,2,,7.3,21.2,0,Ho Chi Minh,10.7769,106.7009,Open-Meteo-Historical,
2026-04-12 09:00:00,31.8,59,,0.0,1,,7.8,24.8,0,Ho Chi Minh,10.7769,106.7009,Open-Meteo-Historical,
2026-04-12 10:00:00,33.6,51,,0.0,13,,6.8,24.8,0,Ho Chi Minh,10.7769,106.7009,Open-Meteo-Historical,
2026-04-12 11:00:00,35.0,44,,0.0,24,,7.1,25.2,1,Ho Chi Minh,10.7769,106.7009,Open-Meteo-Historical,
2026-04-12 12:00:00,35.9,39,,0.0,18,,8.9,28.8,0,Ho Chi Minh,10.7769,106.7009,Open-Meteo-Historical,
2026-04-12 13:00:00,35.4,42,,0.1,35,,9.4,32.0,51,Ho Chi Minh,10.7769,106.7009,Open-Meteo-Historical,
2026-04-12 14:00:00,35.7,41,,0.0,40,,11.5,33.1,1,Ho Chi Minh,10.7769,106.7009,Open-Meteo-Historical,
2026-04-12 15:00:00,33.4,50,,0.3,52,,15.2,39.2,51,Ho Chi Minh,10.7769,106.7009,Open-Meteo-Historical,
2026-04-12 16:00:00,31.6,60,,0.2,15,,16.9,42.8,51,Ho Chi Minh,10.7769,106.7009,Open-Meteo-Historical,
2026-04-12 17:00:00,31.2,64,,0.0,12,,14.5,41.0,0,Ho Chi Minh,10.7769,106.7009,Open-Meteo-Historical,
2026-04-12 18:00:00,30.3,67,,0.0,7,,12.2,34.6,0,Ho Chi Minh,10.7769,106.7009,Open-Meteo-Historical,
2026-04-12 19:00:00,29.5,73,,0.0,8,,12.8,28.4,0,Ho Chi Minh,10.7769,106.7009,Open-Meteo-Historical,
2026-04-12 20:00:00,28.7,78,,0.0,5,,11.5,28.8,0,Ho Chi Minh,10.7769,106.7009,Open-Meteo-Historical,
2026-04-12 21:00:00,28.1,80,,0.0,2,,11.1,26.3,0,Ho Chi Minh,10.7769,106.7009,Open-Meteo-Historical,
2026-04-12 22:00:00,28.0,80,,0.0,0,,10.9,24.5,0,Ho Chi Minh,10.7769,106.7009,Open-Meteo-Historical,
2026-04-12 23:00:00,27.8,81,,0.0,2,,9.3,23.8,0,Ho Chi Minh,10.7769,106.7009,Open-Meteo-Historical,
2026-04-13 00:00:00,27.5,82,,0.0,1,,9.3,20.5,0,Ho Chi Minh,10.7769,106.7009,Open-Meteo-Historical,
2026-04-13 01:00:00,27.4,85,,0.0,3,,9.2,20.5,0,Ho Chi Minh,10.7769,106.7009,Open-Meteo-Historical,
2026-04-13 02:00:00,27.0,86,,0.0,0,,8.0,19.8,0,Ho Chi Minh,10.7769,106.7009,Open-Meteo-Historical,
2026-04-13 03:00:00,26.8,87,,0.0,0,,6.5,17.3,0,Ho Chi Minh,10.7769,106.7009,Open-Meteo-Historical,
2026-04-13 04:00:00,26.5,89,,0.0,1,,5.0,13.7,0,Ho Chi Minh,10.7769,106.7009,Open-Meteo-Historical,
2026-04-13 05:00:00,26.4,90,,0.0,1,,5.2,11.5,0,Ho Chi Minh,10.7769,106.7009,Open-Meteo-Historical,
2026-04-13 06:00:00,26.4,90,,0.0,0,,5.1,11.5,0,Ho Chi Minh,10.7769,106.7009,Open-Meteo-Historical,
2026-04-13 07:00:00,27.6,83,,0.0,2,,5.0,12.6,0,Ho Chi Minh,10.7769,106.7009,Open-Meteo-Historical,
2026-04-13 08:00:00,29.4,73,,0.0,9,,8.6,23.0,0,Ho Chi Minh,10.7769,106.7009,Open-Meteo-Historical,
2026-04-13 09:00:00,31.0,63,,0.0,12,,8.2,24.5,0,Ho Chi Minh,10.7769,106.7009,Open-Meteo-Historical,
2026-04-13 10:00:00,32.5,56,,0.0,16,,7.9,24.8,0,Ho Chi Minh,10.7769,106.7009,Open-Meteo-Historical,
2026-04-13 11:00:00,33.6,52,,0.0,25,,8.1,25.9,1,Ho Chi Minh,10.7769,106.7009,Open-Meteo-Historical,
2026-04-13 12:00:00,34.2,50,,0.1,36,,9.3,28.4,51,Ho Chi Minh,10.7769,106.7009,Open-Meteo-Historical,
2026-04-13 13:00:00,32.9,54,,0.0,60,,9.0,31.0,2,Ho Chi Minh,10.7769,106.7009,Open-Meteo-Historical,
2026-04-13 14:00:00,33.0,56,,0.2,25,,10.0,28.4,51,Ho Chi Minh,10.7769,106.7009,Open-Meteo-Historical,
2026-04-13 15:00:00,33.3,55,,0.0,20,,10.3,28.4,1,Ho Chi Minh,10.7769,106.7009,Open-Meteo-Historical,
2026-04-13 16:00:00,32.9,55,,0.0,17,,11.2,28.8,0,Ho Chi Minh,10.7769,106.7009,Open-Meteo-Historical,
2026-04-13 17:00:00,31.3,60,,0.0,11,,14.2,34.2,0,Ho Chi Minh,10.7769,106.7009,Open-Meteo-Historical,
2026-04-13 18:00:00,29.3,68,,0.0,4,,13.4,34.2,0,Ho Chi Minh,10.7769,106.7009,Open-Meteo-Historical,
2026-04-13 19:00:00,29.3,71,,0.0,8,,11.8,30.2,0,Ho Chi Minh,10.7769,106.7009,Open-Meteo-Historical,
2026-04-13 20:00:00,28.5,76,,0.0,5,,11.2,27.7,0,Ho Chi Minh,10.7769,106.7009,Open-Meteo-Historical,
2026-04-13 21:00:00,28.1,79,,0.0,2,,10.2,25.6,0,Ho Chi Minh,10.7769,106.7009,Open-Meteo-Historical,
2026-04-13 22:00:00,27.9,80,,0.0,0,,9.3,23.0,0,Ho Chi Minh,10.7769,106.7009,Open-Meteo-Historical,
2026-04-13 23:00:00,27.6,82,,0.0,0,,8.6,20.5,0,Ho Chi Minh,10.7769,106.7009,Open-Meteo-Historical,
2026-04-14 00:00:00,27.4,83,,0.0,0,,7.6,18.4,0,Ho Chi Minh,10.7769,106.7009,Open-Meteo-Historical,
2026-04-14 01:00:00,27.2,86,,0.0,0,,6.3,15.8,0,Ho Chi Minh,10.7769,106.7009,Open-Meteo-Historical,
2026-04-14 02:00:00,27.1,86,,0.0,1,,4.1,13.0,0,Ho Chi Minh,10.7769,106.7009,Open-Meteo-Historical,
2026-04-14 03:00:00,26.9,86,,0.0,4,,3.1,9.0,0,Ho Chi Minh,10.7769,106.7009,Open-Meteo-Historical,
2026-04-14 04:00:00,26.8,87,,0.0,2,,2.1,7.2,0,Ho Chi Minh,10.7769,106.7009,Open-Meteo-Historical,
2026-04-14 05:00:00,26.6,89,,0.0,2,,3.1,7.6,0,Ho Chi Minh,10.7769,106.7009,Open-Meteo-Historical,
2026-04-14 06:00:00,26.5,90,,0.0,0,,3.8,8.6,0,Ho Chi Minh,10.7769,106.7009,Open-Meteo-Historical,
2026-04-14 07:00:00,27.5,85,,0.0,12,,4.0,13.0,0,Ho Chi Minh,10.7769,106.7009,Open-Meteo-Historical,
2026-04-14 08:00:00,29.2,75,,0.1,16,,6.6,19.8,51,Ho Chi Minh,10.7769,106.7009,Open-Meteo-Historical,
2026-04-14 09:00:00,30.5,68,,0.1,16,,7.0,22.7,51,Ho Chi Minh,10.7769,106.7009,Open-Meteo-Historical,
2026-04-14 10:00:00,31.8,62,,0.1,19,,6.7,23.0,51,Ho Chi Minh,10.7769,106.7009,Open-Meteo-Historical,
2026-04-14 11:00:00,33.2,56,,0.1,19,,6.4,23.0,51,Ho Chi Minh,10.7769,106.7009,Open-Meteo-Historical,
2026-04-14 12:00:00,34.4,50,,0.0,23,,7.5,25.2,1,Ho Chi Minh,10.7769,106.7009,Open-Meteo-Historical,
2026-04-14 13:00:00,32.8,57,,0.0,48,,6.0,27.0,1,Ho Chi Minh,10.7769,106.7009,Open-Meteo-Historical,
2026-04-14 14:00:00,33.8,54,,0.0,100,,7.9,24.5,3,Ho Chi Minh,10.7769,106.7009,Open-Meteo-Historical,
2026-04-14 15:00:00,33.2,53,,0.0,50,,11.7,31.0,2,Ho Chi Minh,10.7769,106.7009,Open-Meteo-Historical,
2026-04-14 16:00:00,32.3,54,,0.0,41,,12.1,31.3,1,Ho Chi Minh,10.7769,106.7009,Open-Meteo-Historical,
2026-04-14 17:00:00,31.2,57,,0.0,14,,12.5,32.0,0,Ho Chi Minh,10.7769,106.7009,Open-Meteo-Historical,
2026-04-14 18:00:00,29.8,61,,0.0,8,,11.6,30.6,0,Ho Chi Minh,10.7769,106.7009,Open-Meteo-Historical,
2026-04-14 19:00:00,29.5,63,,0.0,7,,11.8,26.6,0,Ho Chi Minh,10.7769,106.7009,Open-Meteo-Historical,
2026-04-14 20:00:00,28.6,69,,0.0,7,,10.4,27.7,0,Ho Chi Minh,10.7769,106.7009,Open-Meteo-Historical,
2026-04-14 21:00:00,28.2,74,,0.0,2,,9.6,24.1,0,Ho Chi Minh,10.7769,106.7009,Open-Meteo-Historical,
2026-04-14 22:00:00,27.9,76,,0.0,0,,9.7,22.7,0,Ho Chi Minh,10.7769,106.7009,Open-Meteo-Historical,
2026-04-14 23:00:00,27.5,79,,0.0,1,,8.8,22.3,0,Ho Chi Minh,10.7769,106.7009,Open-Meteo-Historical,
2026-04-15 00:00:00,27.2,82,,0.0,0,,7.8,20.2,0,Ho Chi Minh,10.7769,106.7009,Open-Meteo-Historical,
2026-04-15 01:00:00,27.2,83,,0.0,4,,8.9,17.3,0,Ho Chi Minh,10.7769,106.7009,Open-Meteo-Historical,
2026-04-15 02:00:00,27.0,84,,0.0,5,,8.4,19.1,0,Ho Chi Minh,10.7769,106.7009,Open-Meteo-Historical,
2026-04-15 03:00:00,26.9,84,,0.0,12,,6.9,18.4,0,Ho Chi Minh,10.7769,106.7009,Open-Meteo-Historical,
2026-04-15 04:00:00,26.8,84,,0.0,27,,4.2,14.4,1,Ho Chi Minh,10.7769,106.7009,Open-Meteo-Historical,
2026-04-15 05:00:00,26.5,86,,0.0,29,,2.4,9.4,1,Ho Chi Minh,10.7769,106.7009,Open-Meteo-Historical,
2026-04-15 06:00:00,26.5,87,,0.0,30,,0.6,5.8,1,Ho Chi Minh,10.7769,106.7009,Open-Meteo-Historical,
2026-04-15 07:00:00,27.5,82,,0.0,39,,1.5,8.6,1,Ho Chi Minh,10.7769,106.7009,Open-Meteo-Historical,
2026-04-15 08:00:00,29.2,73,,0.1,34,,5.2,16.9,51,Ho Chi Minh,10.7769,106.7009,Open-Meteo-Historical,
2026-04-15 09:00:00,30.5,65,,0.0,35,,8.0,23.8,1,Ho Chi Minh,10.7769,106.7009,Open-Meteo-Historical,
2026-04-15 10:00:00,31.5,60,,0.0,31,,8.9,25.9,1,Ho Chi Minh,10.7769,106.7009,Open-Meteo-Historical,
2026-04-15 11:00:00,33.1,53,,0.1,20,,9.6,28.8,51,Ho Chi Minh,10.7769,106.7009,Open-Meteo-Historical,
2026-04-15 12:00:00,34.5,48,,0.0,86,,9.5,29.5,3,Ho Chi Minh,10.7769,106.7009,Open-Meteo-Historical,
2026-04-15 13:00:00,34.0,48,,0.1,44,,11.4,31.7,51,Ho Chi Minh,10.7769,106.7009,Open-Meteo-Historical,
2026-04-15 14:00:00,32.7,52,,0.5,96,,14.8,38.9,53,Ho Chi Minh,10.7769,106.7009,Open-Meteo-Historical,
2026-04-15 15:00:00,31.6,55,,0.1,97,,15.1,39.2,51,Ho Chi Minh,10.7769,106.7009,Open-Meteo-Historical,
2026-04-15 16:00:00,31.0,55,,0.0,74,,12.3,37.8,2,Ho Chi Minh,10.7769,106.7009,Open-Meteo-Historical,
2026-04-15 17:00:00,30.6,56,,0.0,38,,10.6,31.3,1,Ho Chi Minh,10.7769,106.7009,Open-Meteo-Historical,
2026-04-15 18:00:00,29.5,64,,0.0,18,,10.8,26.3,0,Ho Chi Minh,10.7769,106.7009,Open-Meteo-Historical,
2026-04-15 19:00:00,29.8,66,,0.0,15,,11.1,25.6,0,Ho Chi Minh,10.7769,106.7009,Open-Meteo-Historical,
2026-04-15 20:00:00,29.3,68,,0.0,7,,10.9,25.9,0,Ho Chi Minh,10.7769,106.7009,Open-Meteo-Historical,
2026-04-15 21:00:00,29.0,71,,0.0,4,,9.7,25.2,0,Ho Chi Minh,10.7769,106.7009,Open-Meteo-Historical,
2026-04-15 22:00:00,28.6,73,,0.0,2,,9.2,22.0,0,Ho Chi Minh,10.7769,106.7009,Open-Meteo-Historical,
2026-04-15 23:00:00,28.4,75,,0.0,2,,7.9,20.2,0,Ho Chi Minh,10.7769,106.7009,Open-Meteo-Historical,
2026-04-16 00:00:00,28.0,76,,0.0,0,,7.5,17.3,0,Ho Chi Minh,10.7769,106.7009,Open-Meteo-Historical,
2026-04-16 01:00:00,27.8,79,,0.0,0,,6.9,16.6,0,Ho Chi Minh,10.7769,106.7009,Open-Meteo-Historical,
2026-04-16 02:00:00,27.3,81,,0.0,100,,5.4,15.5,3,Ho Chi Minh,10.7769,106.7009,Open-Meteo-Historical,
2026-04-16 03:00:00,27.0,82,,0.0,86,,4.7,12.2,3,Ho Chi Minh,10.7769,106.7009,Open-Meteo-Historical,
2026-04-16 04:00:00,26.8,84,,0.0,83,,3.1,10.8,3,Ho Chi Minh,10.7769,106.7009,Open-Meteo-Historical,
2026-04-16 05:00:00,26.5,85,,0.0,63,,2.8,7.6,2,Ho Chi Minh,10.7769,106.7009,Open-Meteo-Historical,
2026-04-16 06:00:00,26.4,87,,0.0,98,,1.0,7.2,3,Ho Chi Minh,10.7769,106.7009,Open-Meteo-Historical,
2026-04-16 07:00:00,27.6,78,,0.0,78,,1.4,9.4,2,Ho Chi Minh,10.7769,106.7009,Open-Meteo-Historical,
2026-04-16 08:00:00,29.9,67,,0.0,48,,5.1,17.6,1,Ho Chi Minh,10.7769,106.7009,Open-Meteo-Historical,
2026-04-16 09:00:00,31.5,59,,0.0,25,,7.3,23.8,1,Ho Chi Minh,10.7769,106.7009,Open-Meteo-Historical,
2026-04-16 10:00:00,33.2,51,,0.0,8,,7.7,26.6,0,Ho Chi Minh,10.7769,106.7009,Open-Meteo-Historical,
2026-04-16 11:00:00,34.7,46,,0.0,10,,8.2,27.7,0,Ho Chi Minh,10.7769,106.7009,Open-Meteo-Historical,
2026-04-16 12:00:00,35.7,43,,0.0,31,,8.5,28.4,1,Ho Chi Minh,10.7769,106.7009,Open-Meteo-Historical,
2026-04-16 13:00:00,35.0,45,,0.0,59,,10.0,29.2,2,Ho Chi Minh,10.7769,106.7009,Open-Meteo-Historical,
2026-04-16 14:00:00,34.2,47,,0.0,30,,10.7,29.9,1,Ho Chi Minh,10.7769,106.7009,Open-Meteo-Historical,
2026-04-16 15:00:00,34.0,48,,0.0,19,,11.1,31.0,0,Ho Chi Minh,10.7769,106.7009,Open-Meteo-Historical,
2026-04-16 16:00:00,34.0,48,,0.0,15,,9.8,31.0,0,Ho Chi Minh,10.7769,106.7009,Open-Meteo-Historical,
2026-04-16 17:00:00,32.4,54,,0.0,23,,12.5,31.0,1,Ho Chi Minh,10.7769,106.7009,Open-Meteo-Historical,
2026-04-16 18:00:00,30.2,62,,0.0,9,,14.4,34.9,0,Ho Chi Minh,10.7769,106.7009,Open-Meteo-Historical,
2026-04-16 19:00:00,29.8,67,,0.0,9,,11.4,33.5,0,Ho Chi Minh,10.7769,106.7009,Open-Meteo-Historical,
2026-04-16 20:00:00,29.5,69,,0.0,3,,10.7,26.6,0,Ho Chi Minh,10.7769,106.7009,Open-Meteo-Historical,
2026-04-16 21:00:00,29.1,70,,0.0,1,,11.7,27.0,0,Ho Chi Minh,10.7769,106.7009,Open-Meteo-Historical,
2026-04-16 22:00:00,28.7,72,,0.0,0,,11.1,27.4,0,Ho Chi Minh,10.7769,106.7009,Open-Meteo-Historical,
2026-04-16 23:00:00,28.3,74,,0.0,0,,9.5,24.8,0,Ho Chi Minh,10.7769,106.7009,Open-Meteo-Historical,
2026-04-17 00:00:00,28.0,76,,0.0,2,,9.1,21.2,0,Ho Chi Minh,10.7769,106.7009,Open-Meteo-Historical,
2026-04-17 01:00:00,28.0,79,,0.0,9,,9.0,19.8,0,Ho Chi Minh,10.7769,106.7009,Open-Meteo-Historical,
2026-04-17 02:00:00,27.9,78,,0.0,18,,8.6,20.5,0,Ho Chi Minh,10.7769,106.7009,Open-Meteo-Historical,
2026-04-17 03:00:00,27.5,80,,0.0,37,,7.9,18.7,1,Ho Chi Minh,10.7769,106.7009,Open-Meteo-Historical,
2026-04-17 04:00:00,27.3,81,,0.0,42,,7.1,16.9,1,Ho Chi Minh,10.7769,106.7009,Open-Meteo-Historical,
2026-04-17 05:00:00,27.1,83,,0.0,24,,5.5,15.1,1,Ho Chi Minh,10.7769,106.7009,Open-Meteo-Historical,
2026-04-17 06:00:00,27.0,84,,0.0,2,,5.5,12.2,0,Ho Chi Minh,10.7769,106.7009,Open-Meteo-Historical,
2026-04-17 07:00:00,28.2,77,,0.0,17,,6.4,17.3,0,Ho Chi Minh,10.7769,106.7009,Open-Meteo-Historical,
2026-04-17 08:00:00,30.0,67,,0.1,15,,9.6,26.6,51,Ho Chi Minh,10.7769,106.7009,Open-Meteo-Historical,
2026-04-17 09:00:00,31.8,58,,0.0,14,,9.5,27.7,0,Ho Chi Minh,10.7769,106.7009,Open-Meteo-Historical,
2026-04-17 10:00:00,33.4,51,,0.0,14,,9.5,29.2,0,Ho Chi Minh,10.7769,106.7009,Open-Meteo-Historical,
2026-04-17 11:00:00,34.7,47,,0.0,23,,9.7,30.6,1,Ho Chi Minh,10.7769,106.7009,Open-Meteo-Historical,
2026-04-17 12:00:00,35.3,44,,0.0,18,,9.3,30.6,0,Ho Chi Minh,10.7769,106.7009,Open-Meteo-Historical,
2026-04-17 13:00:00,34.0,46,,0.0,31,,7.5,29.9,1,Ho Chi Minh,10.7769,106.7009,Open-Meteo-Historical,
2026-04-17 14:00:00,34.9,44,,0.0,31,,5.6,25.9,1,Ho Chi Minh,10.7769,106.7009,Open-Meteo-Historical,
2026-04-17 15:00:00,35.0,43,,0.0,36,,5.6,23.0,1,Ho Chi Minh,10.7769,106.7009,Open-Meteo-Historical,
2026-04-17 16:00:00,34.7,43,,0.0,39,,7.8,24.1,1,Ho Chi Minh,10.7769,106.7009,Open-Meteo-Historical,
2026-04-17 17:00:00,33.0,47,,0.0,55,,12.9,32.4,2,Ho Chi Minh,10.7769,106.7009,Open-Meteo-Historical,
2026-04-17 18:00:00,30.5,50,,0.0,80,,15.3,37.1,3,Ho Chi Minh,10.7769,106.7009,Open-Meteo-Historical,
2026-04-17 19:00:00,29.4,64,,0.0,3,,15.1,35.3,0,Ho Chi Minh,10.7769,106.7009,Open-Meteo-Historical,
2026-04-17 20:00:00,28.9,68,,0.0,2,,13.4,34.2,0,Ho Chi Minh,10.7769,106.7009,Open-Meteo-Historical,
2026-04-17 21:00:00,28.5,71,,0.0,3,,11.1,31.0,0,Ho Chi Minh,10.7769,106.7009,Open-Meteo-Historical,
2026-04-17 22:00:00,28.2,73,,0.0,8,,8.4,24.8,0,Ho Chi Minh,10.7769,106.7009,Open-Meteo-Historical,
2026-04-17 23:00:00,27.8,75,,0.0,10,,6.5,19.1,0,Ho Chi Minh,10.7769,106.7009,Open-Meteo-Historical,
2026-04-18 00:00:00,27.5,77,,0.0,84,,5.8,14.8,3,Ho Chi Minh,10.7769,106.7009,Open-Meteo-Historical,
2026-04-18 01:00:00,27.4,80,,0.0,92,,6.1,13.3,3,Ho Chi Minh,10.7769,106.7009,Open-Meteo-Historical,
2026-04-18 02:00:00,27.1,81,,0.0,98,,5.1,13.3,3,Ho Chi Minh,10.7769,106.7009,Open-Meteo-Historical,
2026-04-18 03:00:00,26.9,82,,0.0,100,,4.9,11.2,3,Ho Chi Minh,10.7769,106.7009,Open-Meteo-Historical,
2026-04-18 04:00:00,26.6,83,,0.0,92,,5.1,11.2,3,Ho Chi Minh,10.7769,106.7009,Open-Meteo-Historical,
2026-04-18 05:00:00,26.5,84,,0.0,96,,3.2,11.2,3,Ho Chi Minh,10.7769,106.7009,Open-Meteo-Historical,
2026-04-18 06:00:00,26.4,85,,0.0,38,,1.3,7.2,1,Ho Chi Minh,10.7769,106.7009,Open-Meteo-Historical,
2026-04-18 07:00:00,27.6,77,,0.0,0,,4.3,9.0,0,Ho Chi Minh,10.7769,106.7009,Open-Meteo-Historical,
2026-04-18 08:00:00,30.0,63,,0.0,12,,9.7,25.9,0,Ho Chi Minh,10.7769,106.7009,Open-Meteo-Historical,
2026-04-18 09:00:00,31.5,56,,0.0,5,,8.6,27.0,0,Ho Chi Minh,10.7769,106.7009,Open-Meteo-Historical,
2026-04-18 10:00:00,33.3,47,,0.0,16,,8.3,27.4,0,Ho Chi Minh,10.7769,106.7009,Open-Meteo-Historical,
2026-04-18 11:00:00,34.4,42,,0.0,49,,7.6,27.4,1,Ho Chi Minh,10.7769,106.7009,Open-Meteo-Historical,
2026-04-18 12:00:00,34.6,42,,0.5,47,,8.1,26.6,53,Ho Chi Minh,10.7769,106.7009,Open-Meteo-Historical,
2026-04-18 13:00:00,34.4,42,,0.1,17,,11.0,29.5,51,Ho Chi Minh,10.7769,106.7009,Open-Meteo-Historical,
2026-04-18 14:00:00,33.9,45,,0.1,38,,12.7,34.9,51,Ho Chi Minh,10.7769,106.7009,Open-Meteo-Historical,
2026-04-18 15:00:00,33.2,48,,0.1,54,,11.2,36.4,51,Ho Chi Minh,10.7769,106.7009,Open-Meteo-Historical,
2026-04-18 16:00:00,33.2,47,,0.0,40,,8.6,31.7,1,Ho Chi Minh,10.7769,106.7009,Open-Meteo-Historical,
2026-04-18 17:00:00,32.0,51,,0.0,10,,12.6,30.6,0,Ho Chi Minh,10.7769,106.7009,Open-Meteo-Historical,
2026-04-18 18:00:00,30.0,58,,0.0,5,,14.4,34.2,0,Ho Chi Minh,10.7769,106.7009,Open-Meteo-Historical,
2026-04-18 19:00:00,29.9,64,,0.0,9,,15.4,33.5,0,Ho Chi Minh,10.7769,106.7009,Open-Meteo-Historical,
2026-04-18 20:00:00,29.5,66,,0.0,6,,12.1,35.3,0,Ho Chi Minh,10.7769,106.7009,Open-Meteo-Historical,
2026-04-18 21:00:00,29.1,68,,0.0,2,,11.3,27.7,0,Ho Chi Minh,10.7769,106.7009,Open-Meteo-Historical,
2026-04-18 22:00:00,28.5,72,,0.0,2,,12.0,27.7,0,Ho Chi Minh,10.7769,106.7009,Open-Meteo-Historical,
2026-04-18 23:00:00,28.1,75,,0.0,2,,10.2,27.4,0,Ho Chi Minh,10.7769,106.7009,Open-Meteo-Historical,
2026-04-19 00:00:00,27.8,77,,0.0,4,,9.2,23.0,0,Ho Chi Minh,10.7769,106.7009,Open-Meteo-Historical,
2026-04-19 01:00:00,27.7,80,,0.0,56,,9.6,20.5,2,Ho Chi Minh,10.7769,106.7009,Open-Meteo-Historical,
2026-04-19 02:00:00,27.4,82,,0.0,75,,9.9,21.6,2,Ho Chi Minh,10.7769,106.7009,Open-Meteo-Historical,
2026-04-19 03:00:00,27.0,83,,0.0,73,,9.9,23.8,2,Ho Chi Minh,10.7769,106.7009,Open-Meteo-Historical,
2026-04-19 04:00:00,26.8,83,,0.0,100,,10.0,23.4,3,Ho Chi Minh,10.7769,106.7009,Open-Meteo-Historical,
2026-04-19 05:00:00,26.5,84,,0.0,100,,9.4,22.7,3,Ho Chi Minh,10.7769,106.7009,Open-Meteo-Historical,
2026-04-19 06:00:00,26.5,85,,0.0,80,,8.6,21.6,3,Ho Chi Minh,10.7769,106.7009,Open-Meteo-Historical,
2026-04-19 07:00:00,26.0,87,,0.0,45,,6.5,24.1,1,Ho Chi Minh,10.7769,106.7009,Open-Meteo-Historical,
2026-04-19 08:00:00,28.3,77,,0.1,29,,12.6,30.2,51,Ho Chi Minh,10.7769,106.7009,Open-Meteo-Historical,
2026-04-19 09:00:00,29.9,69,,0.2,30,,12.9,33.5,51,Ho Chi Minh,10.7769,106.7009,Open-Meteo-Historical,
2026-04-19 10:00:00,31.5,61,,0.3,34,,12.0,33.5,51,Ho Chi Minh,10.7769,106.7009,Open-Meteo-Historical,
2026-04-19 11:00:00,32.5,57,,0.1,34,,10.6,32.8,51,Ho Chi Minh,10.7769,106.7009,Open-Meteo-Historical,
2026-04-19 12:00:00,33.6,53,,0.1,100,,8.4,31.0,51,Ho Chi Minh,10.7769,106.7009,Open-Meteo-Historical,
2026-04-19 13:00:00,33.8,49,,0.0,24,,10.0,26.6,1,Ho Chi Minh,10.7769,106.7009,Open-Meteo-Historical,
2026-04-19 14:00:00,33.7,49,,0.0,20,,11.3,31.7,1,Ho Chi Minh,10.7769,106.7009,Open-Meteo-Historical,
2026-04-19 15:00:00,33.4,49,,0.0,23,,11.8,32.0,1,Ho Chi Minh,10.7769,106.7009,Open-Meteo-Historical,
2026-04-19 16:00:00,32.4,51,,0.0,43,,13.4,33.8,1,Ho Chi Minh,10.7769,106.7009,Open-Meteo-Historical,
2026-04-19 17:00:00,31.1,54,,0.0,34,,13.9,34.2,1,Ho Chi Minh,10.7769,106.7009,Open-Meteo-Historical,
2026-04-19 18:00:00,29.6,59,,0.0,36,,12.7,33.8,1,Ho Chi Minh,10.7769,106.7009,Open-Meteo-Historical,
2026-04-19 19:00:00,29.7,59,,0.0,13,,12.7,29.2,0,Ho Chi Minh,10.7769,106.7009,Open-Meteo-Historical,
2026-04-19 20:00:00,29.1,60,,0.0,14,,11.9,29.2,0,Ho Chi Minh,10.7769,106.7009,Open-Meteo-Historical,
2026-04-19 21:00:00,28.7,61,,0.0,2,,12.1,28.1,0,Ho Chi Minh,10.7769,106.7009,Open-Meteo-Historical,
2026-04-19 22:00:00,28.2,63,,0.0,0,,9.9,27.4,0,Ho Chi Minh,10.7769,106.7009,Open-Meteo-Historical,
2026-04-19 23:00:00,27.8,66,,0.0,34,,8.2,21.6,1,Ho Chi Minh,10.7769,106.7009,Open-Meteo-Historical,
2026-04-20 00:00:00,27.5,68,,0.0,97,,7.4,17.3,3,Ho Chi Minh,10.7769,106.7009,Open-Meteo-Historical,
2026-04-20 01:00:00,27.6,70,,0.0,100,,7.6,16.2,3,Ho Chi Minh,10.7769,106.7009,Open-Meteo-Historical,
2026-04-20 02:00:00,27.4,72,,0.0,100,,7.8,16.9,3,Ho Chi Minh,10.7769,106.7009,Open-Meteo-Historical,
2026-04-20 03:00:00,27.2,70,,0.0,100,,8.5,18.4,3,Ho Chi Minh,10.7769,106.7009,Open-Meteo-Historical,
2026-04-20 04:00:00,27.1,69,,0.0,100,,9.4,19.8,3,Ho Chi Minh,10.7769,106.7009,Open-Meteo-Historical,
2026-04-20 05:00:00,26.7,73,,0.0,100,,9.7,22.0,3,Ho Chi Minh,10.7769,106.7009,Open-Meteo-Historical,
2026-04-20 06:00:00,26.6,75,,0.0,100,,8.0,21.2,3,Ho Chi Minh,10.7769,106.7009,Open-Meteo-Historical,
2026-04-20 07:00:00,28.0,71,,0.0,20,,7.7,19.4,1,Ho Chi Minh,10.7769,106.7009,Open-Meteo-Historical,
2026-04-20 08:00:00,29.5,62,,0.0,24,,12.4,30.6,1,Ho Chi Minh,10.7769,106.7009,Open-Meteo-Historical,
2026-04-20 09:00:00,31.1,55,,0.0,30,,12.7,33.8,1,Ho Chi Minh,10.7769,106.7009,Open-Meteo-Historical,
2026-04-20 10:00:00,31.9,53,,0.1,31,,11.2,33.1,51,Ho Chi Minh,10.7769,106.7009,Open-Meteo-Historical,
2026-04-20 11:00:00,32.5,50,,0.2,36,,10.9,31.3,51,Ho Chi Minh,10.7769,106.7009,Open-Meteo-Historical,
2026-04-20 12:00:00,33.3,48,,0.2,30,,10.8,31.7,51,Ho Chi Minh,10.7769,106.7009,Open-Meteo-Historical,
2026-04-20 13:00:00,33.1,47,,0.1,16,,11.5,32.4,51,Ho Chi Minh,10.7769,106.7009,Open-Meteo-Historical,
2026-04-20 14:00:00,33.2,47,,0.0,13,,12.1,32.4,0,Ho Chi Minh,10.7769,106.7009,Open-Meteo-Historical,
2026-04-20 15:00:00,33.3,46,,0.0,46,,12.5,33.5,1,Ho Chi Minh,10.7769,106.7009,Open-Meteo-Historical,
2026-04-20 16:00:00,32.8,46,,0.0,93,,11.9,33.1,3,Ho Chi Minh,10.7769,106.7009,Open-Meteo-Historical,
2026-04-20 17:00:00,30.6,53,,0.0,13,,15.7,37.4,0,Ho Chi Minh,10.7769,106.7009,Open-Meteo-Historical,
2026-04-20 18:00:00,28.9,56,,0.0,0,,13.8,37.4,0,Ho Chi Minh,10.7769,106.7009,Open-Meteo-Historical,
2026-04-20 19:00:00,29.0,57,,0.0,8,,11.8,31.3,0,Ho Chi Minh,10.7769,106.7009,Open-Meteo-Historical,
2026-04-20 20:00:00,28.4,62,,0.0,16,,10.4,27.0,0,Ho Chi Minh,10.7769,106.7009,Open-Meteo-Historical,
2026-04-20 21:00:00,27.9,66,,0.0,0,,9.1,23.4,0,Ho Chi Minh,10.7769,106.7009,Open-Meteo-Historical,
2026-04-20 22:00:00,27.5,69,,0.0,0,,7.5,19.4,0,Ho Chi Minh,10.7769,106.7009,Open-Meteo-Historical,
2026-04-20 23:00:00,27.1,70,,0.0,0,,8.0,16.6,0,Ho Chi Minh,10.7769,106.7009,Open-Meteo-Historical,
2026-04-21 00:00:00,26.9,70,,0.0,12,,9.0,18.7,0,Ho Chi Minh,10.7769,106.7009,Open-Meteo-Historical,
2026-04-21 01:00:00,26.9,70,,0.0,60,,9.8,20.2,2,Ho Chi Minh,10.7769,106.7009,Open-Meteo-Historical,
2026-04-21 02:00:00,26.6,69,,0.0,100,,9.0,20.2,3,Ho Chi Minh,10.7769,106.7009,Open-Meteo-Historical,
2026-04-21 03:00:00,26.2,71,,0.0,99,,8.1,19.1,3,Ho Chi Minh,10.7769,106.7009,Open-Meteo-Historical,
2026-04-21 04:00:00,26.0,73,,0.0,100,,8.0,17.3,3,Ho Chi Minh,10.7769,106.7009,Open-Meteo-Historical,
2026-04-21 05:00:00,25.8,75,,0.0,99,,7.5,16.6,3,Ho Chi Minh,10.7769,106.7009,Open-Meteo-Historical,
2026-04-21 06:00:00,25.9,75,,0.0,100,,7.6,15.8,3,Ho Chi Minh,10.7769,106.7009,Open-Meteo-Historical,
2026-04-21 07:00:00,27.3,71,,0.0,1,,8.9,17.6,0,Ho Chi Minh,10.7769,106.7009,Open-Meteo-Historical,
2026-04-21 08:00:00,29.4,58,,0.0,1,,14.2,34.9,0,Ho Chi Minh,10.7769,106.7009,Open-Meteo-Historical,
2026-04-21 09:00:00,30.9,52,,0.0,24,,13.0,36.0,1,Ho Chi Minh,10.7769,106.7009,Open-Meteo-Historical,
2026-04-21 10:00:00,32.8,45,,0.0,91,,11.1,34.6,3,Ho Chi Minh,10.7769,106.7009,Open-Meteo-Historical,
2026-04-21 11:00:00,34.2,41,,0.0,100,,12.1,33.8,3,Ho Chi Minh,10.7769,106.7009,Open-Meteo-Historical,
2026-04-21 12:00:00,34.0,41,,0.0,37,,13.3,35.6,1,Ho Chi Minh,10.7769,106.7009,Open-Meteo-Historical,
2026-04-21 13:00:00,33.5,43,,0.0,16,,13.5,40.3,0,Ho Chi Minh,10.7769,106.7009,Open-Meteo-Historical,
2026-04-21 14:00:00,33.9,42,,0.0,41,,13.7,37.8,1,Ho Chi Minh,10.7769,106.7009,Open-Meteo-Historical,
2026-04-21 15:00:00,33.5,42,,0.0,21,,13.8,37.4,1,Ho Chi Minh,10.7769,106.7009,Open-Meteo-Historical,
2026-04-21 16:00:00,33.1,43,,0.0,13,,14.3,36.7,0,Ho Chi Minh,10.7769,106.7009,Open-Meteo-Historical,
2026-04-21 17:00:00,30.8,50,,0.0,2,,15.0,40.0,0,Ho Chi Minh,10.7769,106.7009,Open-Meteo-Historical,
2026-04-21 18:00:00,29.4,55,,0.0,2,,14.4,36.7,0,Ho Chi Minh,10.7769,106.7009,Open-Meteo-Historical,
2026-04-21 19:00:00,28.9,59,,0.0,2,,13.8,33.8,0,Ho Chi Minh,10.7769,106.7009,Open-Meteo-Historical,
2026-04-21 20:00:00,28.4,63,,0.0,1,,9.4,31.0,0,Ho Chi Minh,10.7769,106.7009,Open-Meteo-Historical,
2026-04-21 21:00:00,27.9,66,,0.0,6,,7.2,21.2,0,Ho Chi Minh,10.7769,106.7009,Open-Meteo-Historical,
2026-04-21 22:00:00,27.5,69,,0.0,5,,5.7,15.8,0,Ho Chi Minh,10.7769,106.7009,Open-Meteo-Historical,
2026-04-21 23:00:00,27.1,71,,0.0,0,,5.6,12.2,0,Ho Chi Minh,10.7769,106.7009,Open-Meteo-Historical,
2026-04-22 00:00:00,26.7,75,,0.0,0,,6.5,13.0,0,Ho Chi Minh,10.7769,106.7009,Open-Meteo-Historical,
2026-04-22 01:00:00,26.6,76,,0.0,0,,6.8,13.0,0,Ho Chi Minh,10.7769,106.7009,Open-Meteo-Historical,
2026-04-22 02:00:00,26.4,76,,0.0,2,,6.0,13.7,0,Ho Chi Minh,10.7769,106.7009,Open-Meteo-Historical,
2026-04-22 03:00:00,26.3,76,,0.0,3,,6.2,12.6,0,Ho Chi Minh,10.7769,106.7009,Open-Meteo-Historical,
2026-04-22 04:00:00,26.2,76,,0.0,1,,4.8,12.6,0,Ho Chi Minh,10.7769,106.7009,Open-Meteo-Historical,
2026-04-22 05:00:00,26.0,78,,0.0,1,,4.5,9.7,0,Ho Chi Minh,10.7769,106.7009,Open-Meteo-Historical,
2026-04-22 06:00:00,25.9,79,,0.0,3,,4.6,9.7,0,Ho Chi Minh,10.7769,106.7009,Open-Meteo-Historical,
2026-04-22 07:00:00,27.5,76,,0.0,3,,4.5,12.6,0,Ho Chi Minh,10.7769,106.7009,Open-Meteo-Historical,
2026-04-22 08:00:00,29.9,60,,0.0,5,,9.5,24.8,0,Ho Chi Minh,10.7769,106.7009,Open-Meteo-Historical,
2026-04-22 09:00:00,31.6,51,,0.0,47,,11.7,32.0,1,Ho Chi Minh,10.7769,106.7009,Open-Meteo-Historical,
2026-04-22 10:00:00,32.6,48,,0.0,100,,11.1,32.0,3,Ho Chi Minh,10.7769,106.7009,Open-Meteo-Historical,
2026-04-22 11:00:00,32.8,48,,0.0,100,,10.5,31.7,3,Ho Chi Minh,10.7769,106.7009,Open-Meteo-Historical,
2026-04-22 12:00:00,33.9,44,,0.0,98,,12.0,33.5,3,Ho Chi Minh,10.7769,106.7009,Open-Meteo-Historical,
2026-04-22 13:00:00,33.3,47,,0.0,80,,14.4,36.0,3,Ho Chi Minh,10.7769,106.7009,Open-Meteo-Historical,
2026-04-22 14:00:00,32.9,50,,0.0,40,,13.9,41.4,1,Ho Chi Minh,10.7769,106.7009,Open-Meteo-Historical,
2026-04-22 15:00:00,32.9,49,,0.0,18,,10.5,37.4,0,Ho Chi Minh,10.7769,106.7009,Open-Meteo-Historical,
2026-04-22 16:00:00,32.7,50,,0.0,20,,11.6,31.0,1,Ho Chi Minh,10.7769,106.7009,Open-Meteo-Historical,
2026-04-22 17:00:00,31.0,56,,0.0,5,,14.8,36.0,0,Ho Chi Minh,10.7769,106.7009,Open-Meteo-Historical,
2026-04-22 18:00:00,29.3,60,,0.0,1,,13.1,36.4,0,Ho Chi Minh,10.7769,106.7009,Open-Meteo-Historical,
2026-04-22 19:00:00,29.3,64,,0.0,4,,12.9,30.2,0,Ho Chi Minh,10.7769,106.7009,Open-Meteo-Historical,
2026-04-22 20:00:00,28.6,67,,0.0,2,,11.0,29.2,0,Ho Chi Minh,10.7769,106.7009,Open-Meteo-Historical,
2026-04-22 21:00:00,28.0,71,,0.0,2,,10.2,24.5,0,Ho Chi Minh,10.7769,106.7009,Open-Meteo-Historical,
2026-04-22 22:00:00,27.5,74,,0.0,2,,9.7,22.3,0,Ho Chi Minh,10.7769,106.7009,Open-Meteo-Historical,
2026-04-22 23:00:00,27.1,76,,0.0,1,,9.9,20.2,0,Ho Chi Minh,10.7769,106.7009,Open-Meteo-Historical,
2026-04-23 00:00:00,26.8,76,,0.0,0,,10.6,23.0,0,Ho Chi Minh,10.7769,106.7009,Open-Meteo-Historical,
2026-04-23 01:00:00,26.7,79,,0.0,0,,9.8,22.7,0,Ho Chi Minh,10.7769,106.7009,Open-Meteo-Historical,
2026-04-23 02:00:00,26.5,81,,0.0,0,,8.8,20.5,0,Ho Chi Minh,10.7769,106.7009,Open-Meteo-Historical,
2026-04-23 03:00:00,26.2,82,,0.0,0,,7.5,18.7,0,Ho Chi Minh,10.7769,106.7009,Open-Meteo-Historical,
2026-04-23 04:00:00,26.0,83,,0.0,2,,6.3,15.5,0,Ho Chi Minh,10.7769,106.7009,Open-Meteo-Historical,
2026-04-23 05:00:00,25.8,84,,0.0,9,,5.1,12.6,0,Ho Chi Minh,10.7769,106.7009,Open-Meteo-Historical,
2026-04-23 06:00:00,25.8,84,,0.0,17,,3.7,10.4,0,Ho Chi Minh,10.7769,106.7009,Open-Meteo-Historical,
2026-04-23 07:00:00,27.3,76,,0.0,45,,4.0,12.2,1,Ho Chi Minh,10.7769,106.7009,Open-Meteo-Historical,
2026-04-23 08:00:00,29.4,65,,0.0,52,,9.9,25.2,2,Ho Chi Minh,10.7769,106.7009,Open-Meteo-Historical,
2026-04-23 09:00:00,31.1,56,,0.0,36,,10.7,29.5,1,Ho Chi Minh,10.7769,106.7009,Open-Meteo-Historical,
2026-04-23 10:00:00,32.6,49,,0.0,96,,11.0,31.7,3,Ho Chi Minh,10.7769,106.7009,Open-Meteo-Historical,
2026-04-23 11:00:00,33.1,47,,0.0,57,,11.0,31.7,2,Ho Chi Minh,10.7769,106.7009,Open-Meteo-Historical,
2026-04-23 12:00:00,34.2,43,,0.0,26,,10.5,31.7,1,Ho Chi Minh,10.7769,106.7009,Open-Meteo-Historical,
2026-04-23 13:00:00,34.2,43,,0.0,27,,10.6,32.0,1,Ho Chi Minh,10.7769,106.7009,Open-Meteo-Historical,
2026-04-23 14:00:00,35.0,41,,0.0,40,,10.8,32.8,1,Ho Chi Minh,10.7769,106.7009,Open-Meteo-Historical,
2026-04-23 15:00:00,34.5,42,,0.0,53,,13.9,37.1,2,Ho Chi Minh,10.7769,106.7009,Open-Meteo-Historical,
2026-04-23 16:00:00,32.0,51,,0.0,11,,16.8,42.5,0,Ho Chi Minh,10.7769,106.7009,Open-Meteo-Historical,
2026-04-23 17:00:00,31.2,53,,0.0,0,,14.6,41.8,0,Ho Chi Minh,10.7769,106.7009,Open-Meteo-Historical,
2026-04-23 18:00:00,29.6,57,,0.0,0,,14.2,35.6,0,Ho Chi Minh,10.7769,106.7009,Open-Meteo-Historical,
2026-04-23 19:00:00,29.3,64,,0.0,9,,13.2,32.4,0,Ho Chi Minh,10.7769,106.7009,Open-Meteo-Historical,
2026-04-23 20:00:00,28.6,69,,0.0,2,,11.0,29.2,0,Ho Chi Minh,10.7769,106.7009,Open-Meteo-Historical,
2026-04-23 21:00:00,28.2,72,,0.0,2,,9.1,24.1,0,Ho Chi Minh,10.7769,106.7009,Open-Meteo-Historical,
2026-04-23 22:00:00,28.0,74,,0.0,2,,7.5,19.4,0,Ho Chi Minh,10.7769,106.7009,Open-Meteo-Historical,
2026-04-23 23:00:00,27.7,74,,0.0,2,,5.9,15.1,0,Ho Chi Minh,10.7769,106.7009,Open-Meteo-Historical,
2026-04-24 00:00:00,27.3,75,,0.0,0,,5.5,12.2,0,Ho Chi Minh,10.7769,106.7009,Open-Meteo-Historical,
2026-04-24 01:00:00,27.1,78,,0.0,0,,5.9,11.9,0,Ho Chi Minh,10.7769,106.7009,Open-Meteo-Historical,
2026-04-24 02:00:00,26.8,78,,0.0,0,,5.7,13.0,0,Ho Chi Minh,10.7769,106.7009,Open-Meteo-Historical,
2026-04-24 03:00:00,26.4,78,,0.0,0,,4.9,11.9,0,Ho Chi Minh,10.7769,106.7009,Open-Meteo-Historical,
2026-04-24 04:00:00,26.1,78,,0.0,2,,3.8,10.1,0,Ho Chi Minh,10.7769,106.7009,Open-Meteo-Historical,
2026-04-24 05:00:00,25.6,81,,0.0,41,,2.8,8.3,1,Ho Chi Minh,10.7769,106.7009,Open-Meteo-Historical,
2026-04-24 06:00:00,25.8,81,,0.0,100,,2.9,6.5,3,Ho Chi Minh,10.7769,106.7009,Open-Meteo-Historical,
2026-04-24 07:00:00,27.2,80,,0.0,0,,3.1,11.9,0,Ho Chi Minh,10.7769,106.7009,Open-Meteo-Historical,
2026-04-24 08:00:00,29.5,66,,0.0,0,,5.6,19.1,0,Ho Chi Minh,10.7769,106.7009,Open-Meteo-Historical,
2026-04-24 09:00:00,31.5,54,,0.0,6,,6.7,23.0,0,Ho Chi Minh,10.7769,106.7009,Open-Meteo-Historical,
2026-04-24 10:00:00,33.3,46,,0.0,51,,8.4,27.4,2,Ho Chi Minh,10.7769,106.7009,Open-Meteo-Historical,
2026-04-24 11:00:00,34.7,42,,0.0,100,,9.6,29.9,3,Ho Chi Minh,10.7769,106.7009,Open-Meteo-Historical,
2026-04-24 12:00:00,35.5,40,,0.0,100,,11.2,33.5,3,Ho Chi Minh,10.7769,106.7009,Open-Meteo-Historical,
2026-04-24 13:00:00,34.5,43,,0.0,100,,12.5,37.4,3,Ho Chi Minh,10.7769,106.7009,Open-Meteo-Historical,
2026-04-24 14:00:00,34.9,40,,0.0,99,,13.2,37.1,3,Ho Chi Minh,10.7769,106.7009,Open-Meteo-Historical,
2026-04-24 15:00:00,34.3,40,,0.0,99,,13.6,37.4,3,Ho Chi Minh,10.7769,106.7009,Open-Meteo-Historical,
2026-04-24 16:00:00,33.2,42,,0.0,99,,14.0,37.4,3,Ho Chi Minh,10.7769,106.7009,Open-Meteo-Historical,
2026-04-24 17:00:00,31.8,48,,0.0,100,,13.6,36.4,3,Ho Chi Minh,10.7769,106.7009,Open-Meteo-Historical,
2026-04-24 18:00:00,29.8,58,,0.0,99,,13.6,33.5,3,Ho Chi Minh,10.7769,106.7009,Open-Meteo-Historical,
2026-04-24 19:00:00,29.0,69,,0.0,100,,14.2,31.7,3,Ho Chi Minh,10.7769,106.7009,Open-Meteo-Historical,
2026-04-24 20:00:00,28.5,72,,0.0,100,,12.4,32.0,3,Ho Chi Minh,10.7769,106.7009,Open-Meteo-Historical,
2026-04-24 21:00:00,28.1,75,,0.0,99,,9.7,27.4,3,Ho Chi Minh,10.7769,106.7009,Open-Meteo-Historical,
2026-04-24 22:00:00,27.9,77,,0.0,99,,7.7,21.6,3,Ho Chi Minh,10.7769,106.7009,Open-Meteo-Historical,
2026-04-24 23:00:00,27.6,78,,0.0,91,,7.4,16.9,3,Ho Chi Minh,10.7769,106.7009,Open-Meteo-Historical,
2026-04-25 00:00:00,27.2,80,,0.0,86,,6.7,15.8,3,Ho Chi Minh,10.7769,106.7009,Open-Meteo-Historical,
2026-04-25 01:00:00,27.4,81,,0.0,15,,7.0,13.3,0,Ho Chi Minh,10.7769,106.7009,Open-Meteo-Historical,
2026-04-25 02:00:00,27.2,82,,0.0,81,,5.8,14.0,3,Ho Chi Minh,10.7769,106.7009,Open-Meteo-Historical,
2026-04-25 03:00:00,27.0,83,,0.0,100,,5.8,11.9,3,Ho Chi Minh,10.7769,106.7009,Open-Meteo-Historical,
2026-04-25 04:00:00,26.9,84,,0.0,100,,6.6,13.3,3,Ho Chi Minh,10.7769,106.7009,Open-Meteo-Historical,
2026-04-25 05:00:00,26.9,83,,0.0,99,,8.1,17.3,3,Ho Chi Minh,10.7769,106.7009,Open-Meteo-Historical,
2026-04-25 06:00:00,27.0,81,,0.0,95,,9.7,20.9,3,Ho Chi Minh,10.7769,106.7009,Open-Meteo-Historical,
2026-04-25 07:00:00,28.3,75,,0.0,13,,10.4,24.8,0,Ho Chi Minh,10.7769,106.7009,Open-Meteo-Historical,
2026-04-25 08:00:00,30.2,66,,0.0,4,,12.2,31.3,0,Ho Chi Minh,10.7769,106.7009,Open-Meteo-Historical,
2026-04-25 09:00:00,32.0,58,,0.0,25,,13.5,36.0,1,Ho Chi Minh,10.7769,106.7009,Open-Meteo-Historical,
2026-04-25 10:00:00,33.7,53,,0.0,14,,12.4,35.6,0,Ho Chi Minh,10.7769,106.7009,Open-Meteo-Historical,
2026-04-25 11:00:00,34.8,48,,0.0,25,,12.7,35.6,1,Ho Chi Minh,10.7769,106.7009,Open-Meteo-Historical,
2026-04-25 12:00:00,35.7,45,,0.0,100,,12.8,36.0,3,Ho Chi Minh,10.7769,106.7009,Open-Meteo-Historical,
2026-04-25 13:00:00,34.7,46,,1.1,39,,12.9,36.0,55,Ho Chi Minh,10.7769,106.7009,Open-Meteo-Historical,
2026-04-25 14:00:00,35.2,44,,0.0,35,,11.0,34.6,1,Ho Chi Minh,10.7769,106.7009,Open-Meteo-Historical,
2026-04-25 15:00:00,34.5,45,,0.0,51,,12.2,31.3,2,Ho Chi Minh,10.7769,106.7009,Open-Meteo-Historical,
2026-04-25 16:00:00,33.7,47,,0.1,33,,12.6,34.2,51,Ho Chi Minh,10.7769,106.7009,Open-Meteo-Historical,
2026-04-25 17:00:00,33.0,48,,0.0,23,,11.5,32.0,1,Ho Chi Minh,10.7769,106.7009,Open-Meteo-Historical,
2026-04-25 18:00:00,31.5,51,,0.0,21,,13.8,31.3,1,Ho Chi Minh,10.7769,106.7009,Open-Meteo-Historical,
2026-04-25 19:00:00,30.2,64,,0.0,56,,9.2,32.0,2,Ho Chi Minh,10.7769,106.7009,Open-Meteo-Historical,
2026-04-25 20:00:00,29.9,63,,0.0,100,,11.5,26.3,3,Ho Chi Minh,10.7769,106.7009,Open-Meteo-Historical,
2026-04-25 21:00:00,29.3,69,,0.0,6,,12.0,27.4,0,Ho Chi Minh,10.7769,106.7009,Open-Meteo-Historical,
2026-04-25 22:00:00,28.8,73,,0.0,34,,12.1,27.7,1,Ho Chi Minh,10.7769,106.7009,Open-Meteo-Historical,
2026-04-25 23:00:00,28.2,77,,0.0,62,,10.5,27.7,2,Ho Chi Minh,10.7769,106.7009,Open-Meteo-Historical,
2026-04-26 00:00:00,27.8,81,,0.0,98,,9.3,23.0,3,Ho Chi Minh,10.7769,106.7009,Open-Meteo-Historical,
2026-04-26 01:00:00,27.8,82,,0.0,27,,8.5,20.2,1,Ho Chi Minh,10.7769,106.7009,Open-Meteo-Historical,
2026-04-26 02:00:00,27.9,80,,0.0,29,,7.1,18.7,1,Ho Chi Minh,10.7769,106.7009,Open-Meteo-Historical,
2026-04-26 03:00:00,27.5,81,,0.0,23,,6.7,15.8,1,Ho Chi Minh,10.7769,106.7009,Open-Meteo-Historical,
2026-04-26 04:00:00,27.2,82,,0.0,23,,7.0,15.5,1,Ho Chi Minh,10.7769,106.7009,Open-Meteo-Historical,
2026-04-26 05:00:00,26.9,81,,0.0,21,,6.3,15.5,1,Ho Chi Minh,10.7769,106.7009,Open-Meteo-Historical,
2026-04-26 06:00:00,26.8,79,,0.0,2,,6.2,14.0,0,Ho Chi Minh,10.7769,106.7009,Open-Meteo-Historical,
2026-04-26 07:00:00,27.6,74,,0.0,18,,8.3,20.9,0,Ho Chi Minh,10.7769,106.7009,Open-Meteo-Historical,
2026-04-26 08:00:00,29.5,64,,0.0,66,,8.6,24.5,2,Ho Chi Minh,10.7769,106.7009,Open-Meteo-Historical,
2026-04-26 09:00:00,31.8,47,,0.0,48,,10.6,29.5,1,Ho Chi Minh,10.7769,106.7009,Open-Meteo-Historical,
2026-04-26 10:00:00,33.5,42,,0.0,43,,11.6,32.8,1,Ho Chi Minh,10.7769,106.7009,Open-Meteo-Historical,
2026-04-26 11:00:00,35.2,36,,0.0,29,,10.6,33.1,1,Ho Chi Minh,10.7769,106.7009,Open-Meteo-Historical,
2026-04-26 12:00:00,36.4,32,,0.0,83,,9.1,31.7,3,Ho Chi Minh,10.7769,106.7009,Open-Meteo-Historical,
2026-04-26 13:00:00,36.7,32,,0.0,92,,9.4,29.5,3,Ho Chi Minh,10.7769,106.7009,Open-Meteo-Historical,
2026-04-26 14:00:00,36.4,33,,0.0,97,,10.7,30.6,3,Ho Chi Minh,10.7769,106.7009,Open-Meteo-Historical,
2026-04-26 15:00:00,35.5,38,,0.2,95,,12.0,33.1,51,Ho Chi Minh,10.7769,106.7009,Open-Meteo-Historical,
2026-04-26 16:00:00,34.6,40,,0.1,89,,10.1,33.1,51,Ho Chi Minh,10.7769,106.7009,Open-Meteo-Historical,
2026-04-26 17:00:00,33.9,42,,0.0,100,,9.2,27.0,3,Ho Chi Minh,10.7769,106.7009,Open-Meteo-Historical,
2026-04-26 18:00:00,31.4,58,,0.0,91,,12.9,30.6,3,Ho Chi Minh,10.7769,106.7009,Open-Meteo-Historical,
2026-04-26 19:00:00,30.0,67,,0.0,6,,11.5,29.9,0,Ho Chi Minh,10.7769,106.7009,Open-Meteo-Historical,
2026-04-26 20:00:00,29.5,71,,0.0,13,,11.1,25.6,0,Ho Chi Minh,10.7769,106.7009,Open-Meteo-Historical,
2026-04-26 21:00:00,28.7,76,,0.0,48,,10.5,26.3,1,Ho Chi Minh,10.7769,106.7009,Open-Meteo-Historical,
2026-04-26 22:00:00,28.3,77,,0.0,3,,10.6,24.1,0,Ho Chi Minh,10.7769,106.7009,Open-Meteo-Historical,
2026-04-26 23:00:00,27.9,78,,0.0,18,,9.3,23.4,0,Ho Chi Minh,10.7769,106.7009,Open-Meteo-Historical,
2026-04-27 00:00:00,27.5,81,,0.0,45,,8.0,20.2,1,Ho Chi Minh,10.7769,106.7009,Open-Meteo-Historical,
2026-04-27 01:00:00,27.4,82,,0.0,11,,5.6,16.9,0,Ho Chi Minh,10.7769,106.7009,Open-Meteo-Historical,
2026-04-27 02:00:00,27.1,83,,0.0,98,,4.9,12.2,3,Ho Chi Minh,10.7769,106.7009,Open-Meteo-Historical,
2026-04-27 03:00:00,26.8,84,,0.0,85,,4.0,10.1,3,Ho Chi Minh,10.7769,106.7009,Open-Meteo-Historical,
2026-04-27 04:00:00,26.5,85,,0.0,98,,4.2,8.6,3,Ho Chi Minh,10.7769,106.7009,Open-Meteo-Historical,
2026-04-27 05:00:00,26.5,82,,0.0,100,,6.3,13.3,3,Ho Chi Minh,10.7769,106.7009,Open-Meteo-Historical,
2026-04-27 06:00:00,26.5,80,,0.0,92,,8.4,17.3,3,Ho Chi Minh,10.7769,106.7009,Open-Meteo-Historical,
2026-04-27 07:00:00,27.9,77,,0.0,90,,8.9,20.9,3,Ho Chi Minh,10.7769,106.7009,Open-Meteo-Historical,
2026-04-27 08:00:00,29.9,65,,0.0,28,,11.1,28.8,1,Ho Chi Minh,10.7769,106.7009,Open-Meteo-Historical,
2026-04-27 09:00:00,32.0,55,,0.0,23,,11.4,31.0,1,Ho Chi Minh,10.7769,106.7009,Open-Meteo-Historical,
2026-04-27 10:00:00,33.8,46,,0.0,5,,11.5,33.5,0,Ho Chi Minh,10.7769,106.7009,Open-Meteo-Historical,
2026-04-27 11:00:00,35.2,40,,0.0,2,,11.1,33.8,0,Ho Chi Minh,10.7769,106.7009,Open-Meteo-Historical,
2026-04-27 12:00:00,36.4,36,,0.0,3,,10.3,33.1,0,Ho Chi Minh,10.7769,106.7009,Open-Meteo-Historical,
2026-04-27 13:00:00,36.4,36,,0.0,9,,10.4,31.7,0,Ho Chi Minh,10.7769,106.7009,Open-Meteo-Historical,
2026-04-27 14:00:00,36.2,37,,0.0,9,,11.1,31.3,0,Ho Chi Minh,10.7769,106.7009,Open-Meteo-Historical,
2026-04-27 15:00:00,35.8,38,,0.0,13,,13.4,35.3,0,Ho Chi Minh,10.7769,106.7009,Open-Meteo-Historical,
2026-04-27 16:00:00,35.2,39,,0.0,77,,12.1,35.3,2,Ho Chi Minh,10.7769,106.7009,Open-Meteo-Historical,
2026-04-27 17:00:00,33.2,49,,0.0,96,,15.2,35.6,3,Ho Chi Minh,10.7769,106.7009,Open-Meteo-Historical,
2026-04-27 18:00:00,30.5,64,,0.0,94,,13.7,38.5,3,Ho Chi Minh,10.7769,106.7009,Open-Meteo-Historical,
2026-04-27 19:00:00,30.7,69,,0.0,89,,13.6,31.0,3,Ho Chi Minh,10.7769,106.7009,Open-Meteo-Historical,
2026-04-27 20:00:00,29.8,75,,0.0,98,,12.3,31.0,3,Ho Chi Minh,10.7769,106.7009,Open-Meteo-Historical,
2026-04-27 21:00:00,29.1,79,,0.0,8,,11.6,28.8,0,Ho Chi Minh,10.7769,106.7009,Open-Meteo-Historical,
2026-04-27 22:00:00,28.8,81,,0.0,9,,10.3,27.0,0,Ho Chi Minh,10.7769,106.7009,Open-Meteo-Historical,
2026-04-27 23:00:00,28.4,83,,0.0,100,,10.2,24.5,3,Ho Chi Minh,10.7769,106.7009,Open-Meteo-Historical,
2026-04-28 00:00:00,28.1,85,,0.0,100,,8.8,23.0,3,Ho Chi Minh,10.7769,106.7009,Open-Meteo-Historical,
2026-04-28 01:00:00,28.1,86,,0.0,23,,9.8,19.8,1,Ho Chi Minh,10.7769,106.7009,Open-Meteo-Historical,
2026-04-28 02:00:00,27.9,86,,0.0,63,,9.9,22.7,2,Ho Chi Minh,10.7769,106.7009,Open-Meteo-Historical,
2026-04-28 03:00:00,27.6,86,,0.0,25,,8.9,22.3,1,Ho Chi Minh,10.7769,106.7009,Open-Meteo-Historical,
2026-04-28 04:00:00,27.5,86,,0.0,12,,7.9,18.7,0,Ho Chi Minh,10.7769,106.7009,Open-Meteo-Historical,
2026-04-28 05:00:00,27.4,85,,0.0,9,,7.8,17.6,0,Ho Chi Minh,10.7769,106.7009,Open-Meteo-Historical,
2026-04-28 06:00:00,27.4,84,,0.0,17,,7.6,16.9,0,Ho Chi Minh,10.7769,106.7009,Open-Meteo-Historical,
2026-04-28 07:00:00,28.2,79,,0.0,93,,7.9,25.2,3,Ho Chi Minh,10.7769,106.7009,Open-Meteo-Historical,
2026-04-28 08:00:00,30.1,69,,0.0,100,,10.9,28.1,3,Ho Chi Minh,10.7769,106.7009,Open-Meteo-Historical,
2026-04-28 09:00:00,32.2,58,,0.0,100,,11.0,31.0,3,Ho Chi Minh,10.7769,106.7009,Open-Meteo-Historical,
2026-04-28 10:00:00,33.7,51,,0.0,93,,11.1,32.0,3,Ho Chi Minh,10.7769,106.7009,Open-Meteo-Historical,
2026-04-28 11:00:00,35.0,46,,0.0,78,,10.4,32.4,2,Ho Chi Minh,10.7769,106.7009,Open-Meteo-Historical,
2026-04-28 12:00:00,36.2,41,,0.0,20,,8.5,31.3,1,Ho Chi Minh,10.7769,106.7009,Open-Meteo-Historical,
2026-04-28 13:00:00,36.3,40,,0.0,21,,8.7,28.1,1,Ho Chi Minh,10.7769,106.7009,Open-Meteo-Historical,
2026-04-28 14:00:00,36.8,38,,0.0,16,,10.3,31.3,0,Ho Chi Minh,10.7769,106.7009,Open-Meteo-Historical,
2026-04-28 15:00:00,35.9,41,,0.0,8,,12.3,34.2,0,Ho Chi Minh,10.7769,106.7009,Open-Meteo-Historical,
2026-04-28 16:00:00,34.5,46,,0.0,5,,12.5,34.2,0,Ho Chi Minh,10.7769,106.7009,Open-Meteo-Historical,
2026-04-28 17:00:00,33.1,50,,0.0,10,,13.8,35.3,0,Ho Chi Minh,10.7769,106.7009,Open-Meteo-Historical,
2026-04-28 18:00:00,31.2,55,,0.0,20,,15.3,34.6,1,Ho Chi Minh,10.7769,106.7009,Open-Meteo-Historical,
2026-04-28 19:00:00,30.0,70,,0.0,40,,12.7,36.4,1,Ho Chi Minh,10.7769,106.7009,Open-Meteo-Historical,
2026-04-28 20:00:00,29.4,75,,0.0,21,,9.8,28.4,1,Ho Chi Minh,10.7769,106.7009,Open-Meteo-Historical,
2026-04-28 21:00:00,28.9,78,,0.0,7,,9.2,23.0,0,Ho Chi Minh,10.7769,106.7009,Open-Meteo-Historical,
2026-04-28 22:00:00,28.5,81,,0.0,0,,7.0,22.0,0,Ho Chi Minh,10.7769,106.7009,Open-Meteo-Historical,
2026-04-28 23:00:00,28.0,83,,0.0,11,,6.8,16.6,0,Ho Chi Minh,10.7769,106.7009,Open-Meteo-Historical,
2026-04-29 00:00:00,27.6,86,,0.0,90,,5.6,15.8,3,Ho Chi Minh,10.7769,106.7009,Open-Meteo-Historical,
2026-04-29 01:00:00,27.8,86,,0.0,100,,5.2,12.2,3,Ho Chi Minh,10.7769,106.7009,Open-Meteo-Historical,
2026-04-29 02:00:00,27.9,85,,0.0,100,,6.5,15.1,3,Ho Chi Minh,10.7769,106.7009,Open-Meteo-Historical,
2026-04-29 03:00:00,27.7,84,,0.0,88,,6.3,15.5,3,Ho Chi Minh,10.7769,106.7009,Open-Meteo-Historical,
2026-04-29 04:00:00,27.2,88,,0.0,70,,5.1,14.4,2,Ho Chi Minh,10.7769,106.7009,Open-Meteo-Historical,
2026-04-29 05:00:00,27.0,90,,0.0,91,,3.3,11.5,3,Ho Chi Minh,10.7769,106.7009,Open-Meteo-Historical,
2026-04-29 06:00:00,26.8,90,,0.0,100,,3.6,8.3,3,Ho Chi Minh,10.7769,106.7009,Open-Meteo-Historical,
2026-04-29 07:00:00,28.0,85,,0.0,99,,6.9,14.4,3,Ho Chi Minh,10.7769,106.7009,Open-Meteo-Historical,
2026-04-29 08:00:00,30.0,72,,0.1,100,,10.4,27.4,51,Ho Chi Minh,10.7769,106.7009,Open-Meteo-Historical,
2026-04-29 09:00:00,32.4,55,,0.0,98,,8.2,27.4,3,Ho Chi Minh,10.7769,106.7009,Open-Meteo-Historical,
2026-04-29 10:00:00,34.0,47,,0.0,45,,7.8,26.3,1,Ho Chi Minh,10.7769,106.7009,Open-Meteo-Historical,
2026-04-29 11:00:00,35.4,43,,0.0,17,,7.4,26.3,0,Ho Chi Minh,10.7769,106.7009,Open-Meteo-Historical,
2026-04-29 12:00:00,36.2,40,,0.0,36,,8.0,27.7,1,Ho Chi Minh,10.7769,106.7009,Open-Meteo-Historical,
2026-04-29 13:00:00,35.7,40,,0.0,45,,11.2,27.7,1,Ho Chi Minh,10.7769,106.7009,Open-Meteo-Historical,
2026-04-29 14:00:00,35.8,41,,0.0,16,,10.9,33.1,0,Ho Chi Minh,10.7769,106.7009,Open-Meteo-Historical,
2026-04-29 15:00:00,35.2,44,,0.1,48,,8.9,32.4,51,Ho Chi Minh,10.7769,106.7009,Open-Meteo-Historical,
2026-04-29 16:00:00,34.5,46,,0.0,31,,9.5,29.2,1,Ho Chi Minh,10.7769,106.7009,Open-Meteo-Historical,
2026-04-29 17:00:00,33.4,49,,0.0,59,,4.2,28.1,2,Ho Chi Minh,10.7769,106.7009,Open-Meteo-Historical,
2026-04-29 18:00:00,32.3,52,,0.0,26,,5.0,14.8,1,Ho Chi Minh,10.7769,106.7009,Open-Meteo-Historical,
2026-04-29 19:00:00,32.0,50,,0.0,9,,7.7,18.4,0,Ho Chi Minh,10.7769,106.7009,Open-Meteo-Historical,
2026-04-29 20:00:00,30.8,60,,0.0,70,,7.9,19.4,2,Ho Chi Minh,10.7769,106.7009,Open-Meteo-Historical,
2026-04-29 21:00:00,29.8,68,,0.0,100,,7.5,20.5,3,Ho Chi Minh,10.7769,106.7009,Open-Meteo-Historical,
2026-04-29 22:00:00,29.4,71,,0.0,8,,6.3,18.4,0,Ho Chi Minh,10.7769,106.7009,Open-Meteo-Historical,
2026-04-29 23:00:00,29.0,74,,0.0,10,,6.2,15.5,0,Ho Chi Minh,10.7769,106.7009,Open-Meteo-Historical,
2026-04-30 00:00:00,28.5,77,,0.0,31,,6.6,15.5,1,Ho Chi Minh,10.7769,106.7009,Open-Meteo-Historical,
2026-04-30 01:00:00,28.6,81,,0.0,62,,6.6,15.8,2,Ho Chi Minh,10.7769,106.7009,Open-Meteo-Historical,
2026-04-30 02:00:00,28.3,84,,0.0,100,,5.6,15.1,3,Ho Chi Minh,10.7769,106.7009,Open-Meteo-Historical,
2026-04-30 03:00:00,28.0,85,,0.0,100,,5.1,13.0,3,Ho Chi Minh,10.7769,106.7009,Open-Meteo-Historical,
2026-04-30 04:00:00,27.9,86,,0.0,86,,6.4,14.4,3,Ho Chi Minh,10.7769,106.7009,Open-Meteo-Historical,
2026-04-30 05:00:00,27.7,87,,0.0,68,,5.5,14.4,2,Ho Chi Minh,10.7769,106.7009,Open-Meteo-Historical,
2026-04-30 06:00:00,27.6,86,,0.0,47,,6.5,14.4,1,Ho Chi Minh,10.7769,106.7009,Open-Meteo-Historical,
2026-04-30 07:00:00,28.8,82,,0.0,6,,7.8,19.1,0,Ho Chi Minh,10.7769,106.7009,Open-Meteo-Historical,
2026-04-30 08:00:00,31.0,67,,0.0,2,,8.5,24.5,0,Ho Chi Minh,10.7769,106.7009,Open-Meteo-Historical,
2026-04-30 09:00:00,33.0,56,,0.0,13,,8.0,27.4,0,Ho Chi Minh,10.7769,106.7009,Open-Meteo-Historical,
2026-04-30 10:00:00,34.5,49,,0.0,22,,9.1,28.1,1,Ho Chi Minh,10.7769,106.7009,Open-Meteo-Historical,
2026-04-30 11:00:00,35.8,44,,0.0,29,,9.5,29.5,1,Ho Chi Minh,10.7769,106.7009,Open-Meteo-Historical,
2026-04-30 12:00:00,36.7,40,,0.0,29,,10.1,30.6,1,Ho Chi Minh,10.7769,106.7009,Open-Meteo-Historical,
2026-04-30 13:00:00,36.3,40,,0.0,98,,11.5,34.6,3,Ho Chi Minh,10.7769,106.7009,Open-Meteo-Historical,
2026-04-30 14:00:00,36.5,40,,0.0,86,,13.2,36.7,3,Ho Chi Minh,10.7769,106.7009,Open-Meteo-Historical,
2026-04-30 15:00:00,35.9,40,,0.0,25,,13.4,36.4,1,Ho Chi Minh,10.7769,106.7009,Open-Meteo-Historical,
2026-04-30 16:00:00,35.1,42,,0.0,10,,14.4,37.1,0,Ho Chi Minh,10.7769,106.7009,Open-Meteo-Historical,
2026-04-30 17:00:00,34.0,43,,0.0,5,,14.3,36.7,0,Ho Chi Minh,10.7769,106.7009,Open-Meteo-Historical,
2026-04-30 18:00:00,32.3,48,,0.0,11,,13.8,35.3,0,Ho Chi Minh,10.7769,106.7009,Open-Meteo-Historical,
2026-04-30 19:00:00,31.5,54,,0.0,20,,15.3,32.0,1,Ho Chi Minh,10.7769,106.7009,Open-Meteo-Historical,
2026-04-30 20:00:00,30.1,64,,0.0,17,,13.9,35.3,0,Ho Chi Minh,10.7769,106.7009,Open-Meteo-Historical,
2026-04-30 21:00:00,29.6,70,,0.0,55,,12.2,31.7,2,Ho Chi Minh,10.7769,106.7009,Open-Meteo-Historical,
2026-04-30 22:00:00,29.2,73,,0.0,86,,11.1,28.1,3,Ho Chi Minh,10.7769,106.7009,Open-Meteo-Historical,
2026-04-30 23:00:00,29.0,73,,0.0,88,,9.4,24.8,3,Ho Chi Minh,10.7769,106.7009,Open-Meteo-Historical,
2026-05-01 00:00:00,28.6,73,,0.0,53,,7.2,20.9,2,Ho Chi Minh,10.7769,106.7009,Open-Meteo-Historical,
2026-05-01 01:00:00,28.7,71,,0.0,41,,9.1,16.2,1,Ho Chi Minh,10.7769,106.7009,Open-Meteo-Historical,
2026-05-01 02:00:00,28.4,73,,0.0,100,,8.2,19.8,3,Ho Chi Minh,10.7769,106.7009,Open-Meteo-Historical,
2026-05-01 03:00:00,28.1,73,,0.0,100,,9.2,19.1,3,Ho Chi Minh,10.7769,106.7009,Open-Meteo-Historical,
2026-05-01 04:00:00,28.4,66,,0.0,100,,9.4,20.5,3,Ho Chi Minh,10.7769,106.7009,Open-Meteo-Historical,
2026-05-01 05:00:00,28.4,59,,0.0,77,,6.9,20.9,2,Ho Chi Minh,10.7769,106.7009,Open-Meteo-Historical,
2026-05-01 06:00:00,28.1,59,,0.0,51,,5.0,14.4,2,Ho Chi Minh,10.7769,106.7009,Open-Meteo-Historical,
2026-05-01 07:00:00,28.9,64,,0.0,20,,6.6,20.5,1,Ho Chi Minh,10.7769,106.7009,Open-Meteo-Historical,
2026-05-01 08:00:00,30.9,59,,0.0,14,,7.5,22.3,0,Ho Chi Minh,10.7769,106.7009,Open-Meteo-Historical,
2026-05-01 09:00:00,33.0,50,,0.0,1,,8.7,26.3,0,Ho Chi Minh,10.7769,106.7009,Open-Meteo-Historical,
2026-05-01 10:00:00,35.0,41,,0.0,18,,10.1,32.8,0,Ho Chi Minh,10.7769,106.7009,Open-Meteo-Historical,
2026-05-01 11:00:00,36.2,36,,0.0,100,,8.8,33.5,3,Ho Chi Minh,10.7769,106.7009,Open-Meteo-Historical,
2026-05-01 12:00:00,37.3,32,,0.0,69,,7.8,29.5,2,Ho Chi Minh,10.7769,106.7009,Open-Meteo-Historical,
2026-05-01 13:00:00,38.4,26,,0.0,6,,7.3,28.4,0,Ho Chi Minh,10.7769,106.7009,Open-Meteo-Historical,
2026-05-01 14:00:00,39.1,26,,0.0,19,,12.6,33.8,0,Ho Chi Minh,10.7769,106.7009,Open-Meteo-Historical,
2026-05-01 15:00:00,35.5,39,,0.0,56,,18.9,49.3,2,Ho Chi Minh,10.7769,106.7009,Open-Meteo-Historical,
2026-05-01 16:00:00,35.2,41,,0.0,89,,17.1,46.8,3,Ho Chi Minh,10.7769,106.7009,Open-Meteo-Historical,
2026-05-01 17:00:00,33.0,49,,0.0,77,,17.7,45.4,2,Ho Chi Minh,10.7769,106.7009,Open-Meteo-Historical,
2026-05-01 18:00:00,32.0,52,,0.0,66,,15.9,41.4,2,Ho Chi Minh,10.7769,106.7009,Open-Meteo-Historical,
2026-05-01 19:00:00,30.6,64,,0.0,100,,16.4,37.1,3,Ho Chi Minh,10.7769,106.7009,Open-Meteo-Historical,
2026-05-01 20:00:00,29.5,74,,0.0,98,,16.4,37.4,3,Ho Chi Minh,10.7769,106.7009,Open-Meteo-Historical,
2026-05-01 21:00:00,29.1,78,,0.0,98,,13.8,37.4,3,Ho Chi Minh,10.7769,106.7009,Open-Meteo-Historical,
2026-05-01 22:00:00,29.0,78,,0.0,100,,10.7,30.6,3,Ho Chi Minh,10.7769,106.7009,Open-Meteo-Historical,
2026-05-01 23:00:00,28.8,77,,0.0,59,,9.7,24.1,2,Ho Chi Minh,10.7769,106.7009,Open-Meteo-Historical,
2026-05-02 00:00:00,28.5,78,,0.0,17,,7.4,21.6,0,Ho Chi Minh,10.7769,106.7009,Open-Meteo-Historical,
2026-05-02 01:00:00,28.5,78,,0.0,13,,6.7,16.6,0,Ho Chi Minh,10.7769,106.7009,Open-Meteo-Historical,
2026-05-02 02:00:00,28.4,78,,0.0,23,,6.4,14.8,1,Ho Chi Minh,10.7769,106.7009,Open-Meteo-Historical,
2026-05-02 03:00:00,28.2,78,,0.0,61,,7.0,14.4,2,Ho Chi Minh,10.7769,106.7009,Open-Meteo-Historical,
2026-05-02 04:00:00,28.0,78,,0.0,1,,8.3,17.6,0,Ho Chi Minh,10.7769,106.7009,Open-Meteo-Historical,
2026-05-02 05:00:00,27.8,78,,0.0,1,,8.8,18.7,0,Ho Chi Minh,10.7769,106.7009,Open-Meteo-Historical,
2026-05-02 06:00:00,27.9,77,,0.0,0,,8.6,19.1,0,Ho Chi Minh,10.7769,106.7009,Open-Meteo-Historical,
2026-05-02 07:00:00,29.1,72,,0.0,4,,9.1,22.3,0,Ho Chi Minh,10.7769,106.7009,Open-Meteo-Historical,
2026-05-02 08:00:00,31.1,60,,0.0,7,,9.8,26.6,0,Ho Chi Minh,10.7769,106.7009,Open-Meteo-Historical,
2026-05-02 09:00:00,32.8,52,,0.0,72,,10.3,30.6,2,Ho Chi Minh,10.7769,106.7009,Open-Meteo-Historical,
2026-05-02 10:00:00,34.0,47,,0.1,31,,10.5,31.0,51,Ho Chi Minh,10.7769,106.7009,Open-Meteo-Historical,
2026-05-02 11:00:00,34.7,46,,0.2,98,,8.6,31.0,51,Ho Chi Minh,10.7769,106.7009,Open-Meteo-Historical,
2026-05-02 12:00:00,36.3,41,,0.0,98,,7.2,29.5,3,Ho Chi Minh,10.7769,106.7009,Open-Meteo-Historical,
2026-05-02 13:00:00,36.3,40,,0.0,100,,5.9,29.2,3,Ho Chi Minh,10.7769,106.7009,Open-Meteo-Historical,
2026-05-02 14:00:00,33.2,48,,0.3,99,,6.2,23.8,51,Ho Chi Minh,10.7769,106.7009,Open-Meteo-Historical,
2026-05-02 15:00:00,31.8,56,,0.5,100,,7.7,23.4,53,Ho Chi Minh,10.7769,106.7009,Open-Meteo-Historical,
2026-05-02 16:00:00,32.1,55,,0.3,100,,6.0,25.2,51,Ho Chi Minh,10.7769,106.7009,Open-Meteo-Historical,
2026-05-02 17:00:00,31.7,57,,0.0,100,,8.2,22.0,3,Ho Chi Minh,10.7769,106.7009,Open-Meteo-Historical,
2026-05-02 18:00:00,30.4,65,,0.0,100,,11.0,27.4,3,Ho Chi Minh,10.7769,106.7009,Open-Meteo-Historical,
2026-05-02 19:00:00,29.1,74,,0.0,99,,11.6,26.6,3,Ho Chi Minh,10.7769,106.7009,Open-Meteo-Historical,
2026-05-02 20:00:00,28.5,80,,0.0,100,,10.1,25.2,3,Ho Chi Minh,10.7769,106.7009,Open-Meteo-Historical,
2026-05-02 21:00:00,28.3,82,,0.0,100,,9.4,23.4,3,Ho Chi Minh,10.7769,106.7009,Open-Meteo-Historical,
2026-05-02 22:00:00,28.1,84,,0.0,99,,9.4,20.9,3,Ho Chi Minh,10.7769,106.7009,Open-Meteo-Historical,
2026-05-02 23:00:00,27.9,84,,0.0,100,,7.8,19.8,3,Ho Chi Minh,10.7769,106.7009,Open-Meteo-Historical,
2026-05-03 00:00:00,27.6,85,,0.0,100,,6.1,16.2,3,Ho Chi Minh,10.7769,106.7009,Open-Meteo-Historical,
2026-05-03 01:00:00,27.9,83,,0.0,100,,7.7,13.3,3,Ho Chi Minh,10.7769,106.7009,Open-Meteo-Historical,
2026-05-03 02:00:00,27.8,83,,0.0,100,,6.6,15.5,3,Ho Chi Minh,10.7769,106.7009,Open-Meteo-Historical,
2026-05-03 03:00:00,27.6,83,,0.0,100,,7.3,15.5,3,Ho Chi Minh,10.7769,106.7009,Open-Meteo-Historical,
2026-05-03 04:00:00,27.5,83,,0.0,100,,5.7,15.1,3,Ho Chi Minh,10.7769,106.7009,Open-Meteo-Historical,
2026-05-03 05:00:00,27.1,86,,0.0,100,,2.9,11.5,3,Ho Chi Minh,10.7769,106.7009,Open-Meteo-Historical,
2026-05-03 06:00:00,27.2,86,,0.0,100,,4.5,9.0,3,Ho Chi Minh,10.7769,106.7009,Open-Meteo-Historical,
2026-05-03 07:00:00,28.5,81,,0.0,100,,7.5,14.8,3,Ho Chi Minh,10.7769,106.7009,Open-Meteo-Historical,
2026-05-03 08:00:00,30.0,71,,0.0,100,,12.6,30.6,3,Ho Chi Minh,10.7769,106.7009,Open-Meteo-Historical,
2026-05-03 09:00:00,31.5,65,,0.0,100,,12.0,32.0,3,Ho Chi Minh,10.7769,106.7009,Open-Meteo-Historical,
2026-05-03 10:00:00,32.1,60,,0.0,99,,13.6,36.0,3,Ho Chi Minh,10.7769,106.7009,Open-Meteo-Historical,
2026-05-03 11:00:00,33.5,55,,0.0,97,,9.8,35.3,3,Ho Chi Minh,10.7769,106.7009,Open-Meteo-Historical,
2026-05-03 12:00:00,34.3,51,,0.0,97,,9.5,31.7,3,Ho Chi Minh,10.7769,106.7009,Open-Meteo-Historical,
2026-05-03 13:00:00,34.0,48,,0.0,91,,12.6,31.3,3,Ho Chi Minh,10.7769,106.7009,Open-Meteo-Historical,
2026-05-03 14:00:00,34.5,47,,0.1,100,,8.9,33.5,51,Ho Chi Minh,10.7769,106.7009,Open-Meteo-Historical,
2026-05-03 15:00:00,34.0,48,,0.0,100,,10.9,30.6,3,Ho Chi Minh,10.7769,106.7009,Open-Meteo-Historical,
2026-05-03 16:00:00,33.0,52,,0.1,100,,10.3,31.0,51,Ho Chi Minh,10.7769,106.7009,Open-Meteo-Historical,
2026-05-03 17:00:00,32.2,55,,0.1,100,,11.2,27.4,51,Ho Chi Minh,10.7769,106.7009,Open-Meteo-Historical,
2026-05-03 18:00:00,30.6,67,,0.0,100,,11.5,29.2,3,Ho Chi Minh,10.7769,106.7009,Open-Meteo-Historical,
2026-05-03 19:00:00,30.1,72,,0.0,100,,10.8,27.7,3,Ho Chi Minh,10.7769,106.7009,Open-Meteo-Historical,
2026-05-03 20:00:00,29.5,76,,0.0,100,,11.1,26.3,3,Ho Chi Minh,10.7769,106.7009,Open-Meteo-Historical,
2026-05-03 21:00:00,29.2,78,,0.0,100,,10.9,25.2,3,Ho Chi Minh,10.7769,106.7009,Open-Meteo-Historical,
2026-05-03 22:00:00,28.8,81,,0.0,100,,7.9,24.5,3,Ho Chi Minh,10.7769,106.7009,Open-Meteo-Historical,
2026-05-03 23:00:00,28.4,83,,0.0,100,,6.0,16.9,3,Ho Chi Minh,10.7769,106.7009,Open-Meteo-Historical,
2026-05-04 00:00:00,26.5,87,,1.9,100,,7.5,17.3,61,Ho Chi Minh,10.7769,106.7009,Open-Meteo-Historical,
2026-05-04 01:00:00,26.6,92,,0.1,100,,1.4,14.8,51,Ho Chi Minh,10.7769,106.7009,Open-Meteo-Historical,
2026-05-04 02:00:00,26.6,90,,0.2,100,,3.8,7.9,51,Ho Chi Minh,10.7769,106.7009,Open-Meteo-Historical,
2026-05-04 03:00:00,27.0,87,,0.0,100,,5.3,12.2,3,Ho Chi Minh,10.7769,106.7009,Open-Meteo-Historical,
2026-05-04 04:00:00,26.8,88,,1.1,100,,2.2,11.9,55,Ho Chi Minh,10.7769,106.7009,Open-Meteo-Historical,
2026-05-04 05:00:00,26.0,95,,1.3,64,,5.4,13.0,61,Ho Chi Minh,10.7769,106.7009,Open-Meteo-Historical,
2026-05-04 06:00:00,24.7,94,,3.2,100,,8.5,24.5,63,Ho Chi Minh,10.7769,106.7009,Open-Meteo-Historical,
2026-05-04 07:00:00,29.1,78,,0.1,98,,8.1,15.5,51,Ho Chi Minh,10.7769,106.7009,Open-Meteo-Historical,
2026-05-04 08:00:00,30.5,70,,0.0,99,,7.7,23.4,3,Ho Chi Minh,10.7769,106.7009,Open-Meteo-Historical,
2026-05-04 09:00:00,31.9,64,,0.0,100,,8.8,29.2,3,Ho Chi Minh,10.7769,106.7009,Open-Meteo-Historical,
2026-05-04 10:00:00,33.5,54,,0.0,99,,8.8,29.9,3,Ho Chi Minh,10.7769,106.7009,Open-Meteo-Historical,
2026-05-04 11:00:00,34.9,46,,0.0,100,,9.3,28.8,3,Ho Chi Minh,10.7769,106.7009,Open-Meteo-Historical,
2026-05-04 12:00:00,35.8,42,,0.0,100,,9.5,29.2,3,Ho Chi Minh,10.7769,106.7009,Open-Meteo-Historical,
2026-05-04 13:00:00,35.2,42,,0.0,79,,8.9,30.6,2,Ho Chi Minh,10.7769,106.7009,Open-Meteo-Historical,
2026-05-04 14:00:00,36.3,40,,0.0,22,,8.9,27.7,1,Ho Chi Minh,10.7769,106.7009,Open-Meteo-Historical,
2026-05-04 15:00:00,33.8,48,,0.4,64,,12.6,33.8,51,Ho Chi Minh,10.7769,106.7009,Open-Meteo-Historical,
2026-05-04 16:00:00,31.9,59,,1.4,83,,10.6,36.4,61,Ho Chi Minh,10.7769,106.7009,Open-Meteo-Historical,
2026-05-04 17:00:00,32.7,53,,0.0,98,,9.2,27.0,3,Ho Chi Minh,10.7769,106.7009,Open-Meteo-Historical,
2026-05-04 18:00:00,31.2,61,,0.0,96,,11.7,27.7,3,Ho Chi Minh,10.7769,106.7009,Open-Meteo-Historical,
2026-05-04 19:00:00,29.5,75,,0.0,100,,8.8,27.0,3,Ho Chi Minh,10.7769,106.7009,Open-Meteo-Historical,
2026-05-04 20:00:00,30.0,70,,0.0,100,,14.0,32.4,3,Ho Chi Minh,10.7769,106.7009,Open-Meteo-Historical,
2026-05-04 21:00:00,29.5,71,,0.0,100,,13.2,33.1,3,Ho Chi Minh,10.7769,106.7009,Open-Meteo-Historical,
2026-05-04 22:00:00,29.1,73,,0.0,100,,12.4,29.9,3,Ho Chi Minh,10.7769,106.7009,Open-Meteo-Historical,
2026-05-04 23:00:00,28.9,75,,0.0,100,,11.1,27.4,3,Ho Chi Minh,10.7769,106.7009,Open-Meteo-Historical,
2026-05-05 00:00:00,28.6,76,,0.0,100,,9.3,23.8,3,Ho Chi Minh,10.7769,106.7009,Open-Meteo-Historical,
2026-05-05 01:00:00,28.6,74,,0.0,100,,8.3,19.4,3,Ho Chi Minh,10.7769,106.7009,Open-Meteo-Historical,
2026-05-05 02:00:00,28.5,75,,0.0,100,,7.6,16.9,3,Ho Chi Minh,10.7769,106.7009,Open-Meteo-Historical,
2026-05-05 03:00:00,28.2,76,,0.0,100,,8.3,18.0,3,Ho Chi Minh,10.7769,106.7009,Open-Meteo-Historical,
2026-05-05 04:00:00,28.0,75,,0.0,100,,6.1,18.0,3,Ho Chi Minh,10.7769,106.7009,Open-Meteo-Historical,
2026-05-05 05:00:00,27.9,76,,0.0,100,,4.5,12.6,3,Ho Chi Minh,10.7769,106.7009,Open-Meteo-Historical,
2026-05-05 06:00:00,27.7,77,,0.0,100,,5.6,12.2,3,Ho Chi Minh,10.7769,106.7009,Open-Meteo-Historical,
2026-05-05 07:00:00,28.5,73,,0.0,100,,8.8,20.5,3,Ho Chi Minh,10.7769,106.7009,Open-Meteo-Historical,
2026-05-05 08:00:00,30.1,68,,0.0,100,,8.5,24.5,3,Ho Chi Minh,10.7769,106.7009,Open-Meteo-Historical,
2026-05-05 09:00:00,31.9,59,,0.0,100,,9.6,27.0,3,Ho Chi Minh,10.7769,106.7009,Open-Meteo-Historical,
2026-05-05 10:00:00,33.1,52,,0.1,100,,11.8,32.8,51,Ho Chi Minh,10.7769,106.7009,Open-Meteo-Historical,
2026-05-05 11:00:00,34.0,50,,0.2,100,,10.5,32.8,51,Ho Chi Minh,10.7769,106.7009,Open-Meteo-Historical,
2026-05-05 12:00:00,35.2,47,,0.1,100,,10.8,32.4,51,Ho Chi Minh,10.7769,106.7009,Open-Meteo-Historical,
2026-05-05 13:00:00,35.2,45,,0.3,99,,8.9,36.0,51,Ho Chi Minh,10.7769,106.7009,Open-Meteo-Historical,
2026-05-05 14:00:00,35.2,44,,0.0,100,,6.8,25.2,3,Ho Chi Minh,10.7769,106.7009,Open-Meteo-Historical,
2026-05-05 15:00:00,35.2,44,,0.0,98,,10.9,27.0,3,Ho Chi Minh,10.7769,106.7009,Open-Meteo-Historical,
2026-05-05 16:00:00,30.5,68,,2.9,98,,6.2,35.3,63,Ho Chi Minh,10.7769,106.7009,Open-Meteo-Historical,
2026-05-05 17:00:00,30.6,67,,0.1,98,,6.2,20.5,51,Ho Chi Minh,10.7769,106.7009,Open-Meteo-Historical,
2026-05-05 18:00:00,28.9,72,,0.8,90,,8.5,20.2,53,Ho Chi Minh,10.7769,106.7009,Open-Meteo-Historical,
2026-05-05 19:00:00,26.9,89,,2.0,100,,4.0,24.1,61,Ho Chi Minh,10.7769,106.7009,Open-Meteo-Historical,
2026-05-05 20:00:00,28.0,84,,0.0,100,,5.9,13.0,3,Ho Chi Minh,10.7769,106.7009,Open-Meteo-Historical,
2026-05-05 21:00:00,28.2,82,,0.1,100,,8.6,20.2,51,Ho Chi Minh,10.7769,106.7009,Open-Meteo-Historical,
2026-05-05 22:00:00,27.8,84,,0.0,100,,7.1,19.1,3,Ho Chi Minh,10.7769,106.7009,Open-Meteo-Historical,
2026-05-05 23:00:00,27.5,85,,0.0,100,,6.0,16.2,3,Ho Chi Minh,10.7769,106.7009,Open-Meteo-Historical,
2026-05-06 00:00:00,27.5,85,,0.0,100,,4.1,13.7,3,Ho Chi Minh,10.7769,106.7009,Open-Meteo-Historical,
2026-05-06 01:00:00,27.2,87,,0.0,100,,5.9,10.4,3,Ho Chi Minh,10.7769,106.7009,Open-Meteo-Historical,
2026-05-06 02:00:00,27.2,86,,0.0,100,,5.2,12.6,3,Ho Chi Minh,10.7769,106.7009,Open-Meteo-Historical,
2026-05-06 03:00:00,27.2,86,,0.0,100,,3.8,11.5,3,Ho Chi Minh,10.7769,106.7009,Open-Meteo-Historical,
2026-05-06 04:00:00,26.9,88,,0.0,100,,2.7,8.3,3,Ho Chi Minh,10.7769,106.7009,Open-Meteo-Historical,
2026-05-06 05:00:00,26.6,90,,0.0,100,,3.2,7.9,3,Ho Chi Minh,10.7769,106.7009,Open-Meteo-Historical,
2026-05-06 06:00:00,26.8,89,,0.0,95,,3.4,8.3,3,Ho Chi Minh,10.7769,106.7009,Open-Meteo-Historical,
2026-05-06 07:00:00,28.1,79,,0.0,39,,7.3,13.0,1,Ho Chi Minh,10.7769,106.7009,Open-Meteo-Historical,
2026-05-06 08:00:00,30.2,67,,0.0,86,,10.9,27.7,3,Ho Chi Minh,10.7769,106.7009,Open-Meteo-Historical,
2026-05-06 09:00:00,31.3,62,,0.0,98,,12.0,32.8,3,Ho Chi Minh,10.7769,106.7009,Open-Meteo-Historical,
2026-05-06 10:00:00,32.7,56,,0.0,99,,10.6,33.8,3,Ho Chi Minh,10.7769,106.7009,Open-Meteo-Historical,
2026-05-06 11:00:00,34.0,50,,0.0,100,,10.5,32.4,3,Ho Chi Minh,10.7769,106.7009,Open-Meteo-Historical,
2026-05-06 12:00:00,34.8,47,,0.0,100,,8.9,32.0,3,Ho Chi Minh,10.7769,106.7009,Open-Meteo-Historical,
2026-05-06 13:00:00,35.2,43,,0.0,100,,5.4,28.4,3,Ho Chi Minh,10.7769,106.7009,Open-Meteo-Historical,
2026-05-06 14:00:00,32.3,55,,0.3,100,,14.0,31.7,51,Ho Chi Minh,10.7769,106.7009,Open-Meteo-Historical,
2026-05-06 15:00:00,30.1,66,,0.2,98,,11.3,41.0,51,Ho Chi Minh,10.7769,106.7009,Open-Meteo-Historical,
2026-05-06 16:00:00,32.2,57,,0.0,99,,6.6,28.1,3,Ho Chi Minh,10.7769,106.7009,Open-Meteo-Historical,
2026-05-06 17:00:00,30.0,69,,3.5,99,,11.8,26.3,63,Ho Chi Minh,10.7769,106.7009,Open-Meteo-Historical,
2026-05-06 18:00:00,27.9,80,,0.4,100,,9.2,27.0,51,Ho Chi Minh,10.7769,106.7009,Open-Meteo-Historical,
2026-05-06 19:00:00,28.5,78,,0.8,100,,6.7,19.8,53,Ho Chi Minh,10.7769,106.7009,Open-Meteo-Historical,
2026-05-06 20:00:00,28.6,81,,0.0,100,,5.4,13.7,3,Ho Chi Minh,10.7769,106.7009,Open-Meteo-Historical,
2026-05-06 21:00:00,28.5,83,,0.0,100,,4.1,10.8,3,Ho Chi Minh,10.7769,106.7009,Open-Meteo-Historical,
2026-05-06 22:00:00,28.4,82,,0.0,100,,7.6,15.8,3,Ho Chi Minh,10.7769,106.7009,Open-Meteo-Historical,
2026-05-06 23:00:00,28.1,83,,0.0,100,,8.7,18.7,3,Ho Chi Minh,10.7769,106.7009,Open-Meteo-Historical,
2026-05-07 00:00:00,27.9,84,,0.0,84,,8.3,18.7,3,Ho Chi Minh,10.7769,106.7009,Open-Meteo-Historical,
2026-05-07 01:00:00,27.7,85,,0.0,100,,8.4,17.6,3,Ho Chi Minh,10.7769,106.7009,Open-Meteo-Historical,
2026-05-07 02:00:00,27.5,86,,0.0,99,,6.9,17.6,3,Ho Chi Minh,10.7769,106.7009,Open-Meteo-Historical,
2026-05-07 03:00:00,27.4,85,,0.0,100,,8.7,18.4,3,Ho Chi Minh,10.7769,106.7009,Open-Meteo-Historical,
2026-05-07 04:00:00,27.1,86,,0.0,98,,9.1,19.8,3,Ho Chi Minh,10.7769,106.7009,Open-Meteo-Historical,
2026-05-07 05:00:00,27.0,86,,0.0,100,,8.7,19.4,3,Ho Chi Minh,10.7769,106.7009,Open-Meteo-Historical,
2026-05-07 06:00:00,27.0,86,,0.0,53,,9.2,19.4,2,Ho Chi Minh,10.7769,106.7009,Open-Meteo-Historical,
2026-05-07 07:00:00,28.6,79,,0.0,71,,11.5,23.4,2,Ho Chi Minh,10.7769,106.7009,Open-Meteo-Historical,
2026-05-07 08:00:00,30.1,71,,0.0,77,,12.8,31.3,2,Ho Chi Minh,10.7769,106.7009,Open-Meteo-Historical,
2026-05-07 09:00:00,31.7,63,,0.0,76,,12.4,32.0,2,Ho Chi Minh,10.7769,106.7009,Open-Meteo-Historical,
2026-05-07 10:00:00,33.2,55,,0.0,95,,12.6,33.8,3,Ho Chi Minh,10.7769,106.7009,Open-Meteo-Historical,
2026-05-07 11:00:00,34.5,49,,0.0,91,,11.6,33.8,3,Ho Chi Minh,10.7769,106.7009,Open-Meteo-Historical,
2026-05-07 12:00:00,35.5,44,,0.0,87,,10.5,32.0,3,Ho Chi Minh,10.7769,106.7009,Open-Meteo-Historical,
2026-05-07 13:00:00,35.8,41,,0.0,13,,10.2,30.2,0,Ho Chi Minh,10.7769,106.7009,Open-Meteo-Historical,
2026-05-07 14:00:00,36.2,40,,0.0,23,,11.7,32.4,1,Ho Chi Minh,10.7769,106.7009,Open-Meteo-Historical,
2026-05-07 15:00:00,35.3,42,,0.0,15,,12.2,34.2,0,Ho Chi Minh,10.7769,106.7009,Open-Meteo-Historical,
2026-05-07 16:00:00,34.8,43,,0.0,24,,11.7,32.8,1,Ho Chi Minh,10.7769,106.7009,Open-Meteo-Historical,
2026-05-07 17:00:00,33.8,47,,0.0,56,,10.5,31.0,2,Ho Chi Minh,10.7769,106.7009,Open-Meteo-Historical,
2026-05-07 18:00:00,31.5,59,,0.0,44,,12.7,29.9,1,Ho Chi Minh,10.7769,106.7009,Open-Meteo-Historical,
2026-05-07 19:00:00,30.5,69,,0.0,19,,12.8,31.3,0,Ho Chi Minh,10.7769,106.7009,Open-Meteo-Historical,
2026-05-07 20:00:00,30.0,72,,0.0,17,,13.1,30.6,0,Ho Chi Minh,10.7769,106.7009,Open-Meteo-Historical,
2026-05-07 21:00:00,29.5,74,,0.0,13,,11.4,30.2,0,Ho Chi Minh,10.7769,106.7009,Open-Meteo-Historical,
2026-05-07 22:00:00,29.1,76,,0.0,33,,10.2,26.3,1,Ho Chi Minh,10.7769,106.7009,Open-Meteo-Historical,
2026-05-07 23:00:00,28.8,78,,0.0,81,,9.2,22.0,3,Ho Chi Minh,10.7769,106.7009,Open-Meteo-Historical,
2026-05-08 00:00:00,28.6,78,,0.0,100,,9.2,19.1,3,Ho Chi Minh,10.7769,106.7009,Open-Meteo-Historical,
2026-05-08 01:00:00,28.6,77,,0.0,99,,10.2,19.8,3,Ho Chi Minh,10.7769,106.7009,Open-Meteo-Historical,
2026-05-08 02:00:00,28.3,77,,0.0,100,,10.0,22.0,3,Ho Chi Minh,10.7769,106.7009,Open-Meteo-Historical,
2026-05-08 03:00:00,28.1,78,,0.0,100,,8.5,21.2,3,Ho Chi Minh,10.7769,106.7009,Open-Meteo-Historical,
2026-05-08 04:00:00,27.9,79,,0.0,100,,7.7,18.0,3,Ho Chi Minh,10.7769,106.7009,Open-Meteo-Historical,
2026-05-08 05:00:00,27.6,80,,0.0,100,,7.0,16.2,3,Ho Chi Minh,10.7769,106.7009,Open-Meteo-Historical,
2026-05-08 06:00:00,27.5,80,,0.0,100,,7.0,15.1,3,Ho Chi Minh,10.7769,106.7009,Open-Meteo-Historical,
2026-05-08 07:00:00,28.9,74,,0.0,98,,7.0,22.0,3,Ho Chi Minh,10.7769,106.7009,Open-Meteo-Historical,
2026-05-08 08:00:00,30.5,65,,0.0,99,,9.7,26.3,3,Ho Chi Minh,10.7769,106.7009,Open-Meteo-Historical,
2026-05-08 09:00:00,32.2,55,,0.0,100,,11.0,30.6,3,Ho Chi Minh,10.7769,106.7009,Open-Meteo-Historical,
2026-05-08 10:00:00,34.0,46,,0.0,99,,10.8,32.0,3,Ho Chi Minh,10.7769,106.7009,Open-Meteo-Historical,
2026-05-08 11:00:00,35.0,43,,0.0,100,,9.3,31.7,3,Ho Chi Minh,10.7769,106.7009,Open-Meteo-Historical,
2026-05-08 12:00:00,35.3,42,,0.2,100,,8.4,28.8,51,Ho Chi Minh,10.7769,106.7009,Open-Meteo-Historical,
2026-05-08 13:00:00,35.2,41,,0.1,100,,8.0,29.2,51,Ho Chi Minh,10.7769,106.7009,Open-Meteo-Historical,
2026-05-08 14:00:00,35.3,42,,0.0,100,,8.9,27.0,3,Ho Chi Minh,10.7769,106.7009,Open-Meteo-Historical,
2026-05-08 15:00:00,35.0,43,,0.2,100,,9.1,27.4,51,Ho Chi Minh,10.7769,106.7009,Open-Meteo-Historical,
2026-05-08 16:00:00,34.5,44,,0.5,100,,8.5,27.0,53,Ho Chi Minh,10.7769,106.7009,Open-Meteo-Historical,
2026-05-08 17:00:00,32.0,55,,0.6,100,,8.9,24.5,53,Ho Chi Minh,10.7769,106.7009,Open-Meteo-Historical,
2026-05-08 18:00:00,31.0,64,,0.6,100,,3.4,23.8,53,Ho Chi Minh,10.7769,106.7009,Open-Meteo-Historical,
2026-05-08 19:00:00,30.2,66,,0.0,100,,8.4,24.1,3,Ho Chi Minh,10.7769,106.7009,Open-Meteo-Historical,
2026-05-08 20:00:00,30.0,65,,0.0,99,,9.2,22.0,3,Ho Chi Minh,10.7769,106.7009,Open-Meteo-Historical,
2026-05-08 21:00:00,29.4,70,,0.0,100,,9.8,23.0,3,Ho Chi Minh,10.7769,106.7009,Open-Meteo-Historical,
2026-05-08 22:00:00,28.9,73,,0.0,100,,9.3,22.0,3,Ho Chi Minh,10.7769,106.7009,Open-Meteo-Historical,
2026-05-08 23:00:00,28.5,75,,0.0,100,,7.6,20.2,3,Ho Chi Minh,10.7769,106.7009,Open-Meteo-Historical,
2026-05-09 00:00:00,28.1,77,,0.0,100,,5.5,15.5,3,Ho Chi Minh,10.7769,106.7009,Open-Meteo-Historical,
2026-05-09 01:00:00,28.4,75,,0.0,100,,7.4,11.5,3,Ho Chi Minh,10.7769,106.7009,Open-Meteo-Historical,
2026-05-09 02:00:00,28.2,76,,0.0,5,,6.4,15.1,0,Ho Chi Minh,10.7769,106.7009,Open-Meteo-Historical,
2026-05-09 03:00:00,27.8,78,,0.0,5,,5.5,13.3,0,Ho Chi Minh,10.7769,106.7009,Open-Meteo-Historical,
2026-05-09 04:00:00,27.5,79,,0.0,32,,5.7,12.6,1,Ho Chi Minh,10.7769,106.7009,Open-Meteo-Historical,
2026-05-09 05:00:00,27.3,78,,0.0,0,,5.2,12.2,0,Ho Chi Minh,10.7769,106.7009,Open-Meteo-Historical,
2026-05-09 06:00:00,27.4,76,,0.0,3,,6.2,13.3,0,Ho Chi Minh,10.7769,106.7009,Open-Meteo-Historical,
2026-05-09 07:00:00,28.6,70,,0.0,26,,6.2,19.8,1,Ho Chi Minh,10.7769,106.7009,Open-Meteo-Historical,
2026-05-09 08:00:00,29.9,66,,0.0,89,,7.1,21.6,3,Ho Chi Minh,10.7769,106.7009,Open-Meteo-Historical,
2026-05-09 09:00:00,31.7,61,,0.0,98,,7.5,26.3,3,Ho Chi Minh,10.7769,106.7009,Open-Meteo-Historical,
2026-05-09 10:00:00,33.7,50,,0.0,100,,8.7,27.4,3,Ho Chi Minh,10.7769,106.7009,Open-Meteo-Historical,
2026-05-09 11:00:00,35.2,42,,0.0,99,,8.4,30.2,3,Ho Chi Minh,10.7769,106.7009,Open-Meteo-Historical,
2026-05-09 12:00:00,36.2,38,,0.0,100,,7.4,29.5,3,Ho Chi Minh,10.7769,106.7009,Open-Meteo-Historical,
2026-05-09 13:00:00,36.5,37,,0.0,100,,8.1,27.4,3,Ho Chi Minh,10.7769,106.7009,Open-Meteo-Historical,
2026-05-09 14:00:00,37.2,33,,0.0,100,,7.5,26.3,3,Ho Chi Minh,10.7769,106.7009,Open-Meteo-Historical,
2026-05-09 15:00:00,37.5,33,,0.0,92,,7.1,25.6,3,Ho Chi Minh,10.7769,106.7009,Open-Meteo-Historical,
2026-05-09 16:00:00,34.2,49,,0.3,78,,14.3,36.4,51,Ho Chi Minh,10.7769,106.7009,Open-Meteo-Historical,
2026-05-09 17:00:00,32.8,55,,0.0,81,,12.5,37.8,3,Ho Chi Minh,10.7769,106.7009,Open-Meteo-Historical,
2026-05-09 18:00:00,31.8,60,,0.0,92,,12.8,30.6,3,Ho Chi Minh,10.7769,106.7009,Open-Meteo-Historical,
2026-05-09 19:00:00,31.2,64,,0.0,100,,11.4,30.6,3,Ho Chi Minh,10.7769,106.7009,Open-Meteo-Historical,
2026-05-09 20:00:00,30.5,71,,0.0,97,,14.1,33.5,3,Ho Chi Minh,10.7769,106.7009,Open-Meteo-Historical,
2026-05-09 21:00:00,30.0,73,,0.0,96,,14.7,33.5,3,Ho Chi Minh,10.7769,106.7009,Open-Meteo-Historical,
2026-05-09 22:00:00,29.8,72,,0.0,78,,11.9,33.5,2,Ho Chi Minh,10.7769,106.7009,Open-Meteo-Historical,
2026-05-09 23:00:00,29.5,71,,0.0,100,,9.8,27.0,3,Ho Chi Minh,10.7769,106.7009,Open-Meteo-Historical,
2026-05-10 00:00:00,29.1,71,,0.0,100,,9.3,22.0,3,Ho Chi Minh,10.7769,106.7009,Open-Meteo-Historical,
2026-05-10 01:00:00,29.1,71,,0.0,100,,8.5,20.2,3,Ho Chi Minh,10.7769,106.7009,Open-Meteo-Historical,
2026-05-10 02:00:00,29.1,69,,0.0,98,,7.2,18.0,3,Ho Chi Minh,10.7769,106.7009,Open-Meteo-Historical,
2026-05-10 03:00:00,29.0,68,,0.0,11,,7.2,15.8,0,Ho Chi Minh,10.7769,106.7009,Open-Meteo-Historical,
2026-05-10 04:00:00,28.8,67,,0.0,5,,7.6,16.6,0,Ho Chi Minh,10.7769,106.7009,Open-Meteo-Historical,
2026-05-10 05:00:00,28.4,69,,0.0,0,,8.0,17.3,0,Ho Chi Minh,10.7769,106.7009,Open-Meteo-Historical,
2026-05-10 06:00:00,28.2,71,,0.0,52,,7.6,18.4,2,Ho Chi Minh,10.7769,106.7009,Open-Meteo-Historical,
2026-05-10 07:00:00,29.6,64,,0.0,96,,5.8,18.7,3,Ho Chi Minh,10.7769,106.7009,Open-Meteo-Historical,
2026-05-10 08:00:00,31.9,54,,0.0,99,,7.6,22.7,3,Ho Chi Minh,10.7769,106.7009,Open-Meteo-Historical,
2026-05-10 09:00:00,33.9,48,,0.0,85,,9.8,28.1,3,Ho Chi Minh,10.7769,106.7009,Open-Meteo-Historical,
2026-05-10 10:00:00,35.3,45,,0.0,41,,13.5,43.6,1,Ho Chi Minh,10.7769,106.7009,Open-Meteo-Historical,
2026-05-10 11:00:00,36.5,44,,0.0,30,,13.8,43.2,1,Ho Chi Minh,10.7769,106.7009,Open-Meteo-Historical,
2026-05-10 12:00:00,37.7,40,,0.0,100,,15.4,41.4,3,Ho Chi Minh,10.7769,106.7009,Open-Meteo-Historical,
2026-05-10 13:00:00,37.7,38,,0.0,100,,13.2,43.6,3,Ho Chi Minh,10.7769,106.7009,Open-Meteo-Historical,
2026-05-10 14:00:00,37.8,36,,0.0,88,,16.2,40.3,3,Ho Chi Minh,10.7769,106.7009,Open-Meteo-Historical,
2026-05-10 15:00:00,34.8,46,,0.1,85,,16.4,42.5,51,Ho Chi Minh,10.7769,106.7009,Open-Meteo-Historical,
2026-05-10 16:00:00,33.8,49,,1.1,91,,4.9,42.5,55,Ho Chi Minh,10.7769,106.7009,Open-Meteo-Historical,
2026-05-10 17:00:00,31.5,62,,0.9,99,,9.9,29.5,53,Ho Chi Minh,10.7769,106.7009,Open-Meteo-Historical,
2026-05-10 18:00:00,30.6,67,,1.5,98,,7.0,25.2,61,Ho Chi Minh,10.7769,106.7009,Open-Meteo-Historical,
2026-05-10 19:00:00,31.3,63,,0.9,95,,15.7,16.6,53,Ho Chi Minh,10.7769,106.7009,Open-Meteo-Historical,
2026-05-10 20:00:00,30.5,68,,0.0,100,,11.8,34.9,3,Ho Chi Minh,10.7769,106.7009,Open-Meteo-Historical,
2026-05-10 21:00:00,30.2,69,,0.0,98,,7.8,25.6,3,Ho Chi Minh,10.7769,106.7009,Open-Meteo-Historical,
2026-05-10 22:00:00,29.9,70,,0.0,99,,8.0,18.0,3,Ho Chi Minh,10.7769,106.7009,Open-Meteo-Historical,
2026-05-10 23:00:00,29.4,72,,0.0,100,,9.1,19.8,3,Ho Chi Minh,10.7769,106.7009,Open-Meteo-Historical,
2026-05-11 00:00:00,28.8,76,,0.0,100,,10.0,20.9,3,Ho Chi Minh,10.7769,106.7009,Open-Meteo-Historical,
2026-05-11 01:00:00,29.2,73,,0.0,99,,14.6,24.1,3,Ho Chi Minh,10.7769,106.7009,Open-Meteo-Historical,
2026-05-11 02:00:00,28.9,74,,0.0,98,,13.0,31.3,3,Ho Chi Minh,10.7769,106.7009,Open-Meteo-Historical,
2026-05-11 03:00:00,28.5,76,,0.0,100,,10.5,28.8,3,Ho Chi Minh,10.7769,106.7009,Open-Meteo-Historical,
2026-05-11 04:00:00,28.4,76,,0.0,100,,7.8,22.3,3,Ho Chi Minh,10.7769,106.7009,Open-Meteo-Historical,
2026-05-11 05:00:00,27.2,81,,0.0,99,,8.1,18.4,3,Ho Chi Minh,10.7769,106.7009,Open-Meteo-Historical,
2026-05-11 06:00:00,26.4,84,,0.0,100,,7.6,18.4,3,Ho Chi Minh,10.7769,106.7009,Open-Meteo-Historical,
2026-05-11 07:00:00,28.6,76,,0.0,98,,6.6,18.7,3,Ho Chi Minh,10.7769,106.7009,Open-Meteo-Historical,
2026-05-11 08:00:00,30.4,68,,0.0,98,,6.6,20.9,3,Ho Chi Minh,10.7769,106.7009,Open-Meteo-Historical,
2026-05-11 09:00:00,32.5,56,,0.0,99,,9.4,34.6,3,Ho Chi Minh,10.7769,106.7009,Open-Meteo-Historical,
2026-05-11 10:00:00,34.0,49,,0.0,96,,11.6,36.0,3,Ho Chi Minh,10.7769,106.7009,Open-Meteo-Historical,
2026-05-11 11:00:00,35.7,42,,0.0,91,,11.6,36.7,3,Ho Chi Minh,10.7769,106.7009,Open-Meteo-Historical,
2026-05-11 12:00:00,36.8,38,,0.0,99,,11.7,36.0,3,Ho Chi Minh,10.7769,106.7009,Open-Meteo-Historical,
2026-05-11 13:00:00,36.8,38,,0.0,89,,11.5,34.9,3,Ho Chi Minh,10.7769,106.7009,Open-Meteo-Historical,
2026-05-11 14:00:00,37.5,37,,0.0,87,,11.3,33.5,3,Ho Chi Minh,10.7769,106.7009,Open-Meteo-Historical,
2026-05-11 15:00:00,35.4,44,,0.3,65,,16.1,41.8,51,Ho Chi Minh,10.7769,106.7009,Open-Meteo-Historical,
2026-05-11 16:00:00,34.2,49,,0.3,80,,16.4,41.4,51,Ho Chi Minh,10.7769,106.7009,Open-Meteo-Historical,
2026-05-11 17:00:00,32.7,54,,0.0,58,,16.2,40.3,2,Ho Chi Minh,10.7769,106.7009,Open-Meteo-Historical,
2026-05-11 18:00:00,31.4,61,,0.0,16,,17.0,39.2,0,Ho Chi Minh,10.7769,106.7009,Open-Meteo-Historical,
2026-05-11 19:00:00,31.0,65,,0.0,9,,16.7,38.9,0,Ho Chi Minh,10.7769,106.7009,Open-Meteo-Historical,
2026-05-11 20:00:00,30.0,73,,0.0,32,,15.1,37.1,1,Ho Chi Minh,10.7769,106.7009,Open-Meteo-Historical,
2026-05-11 21:00:00,29.6,76,,0.0,49,,14.4,34.2,1,Ho Chi Minh,10.7769,106.7009,Open-Meteo-Historical,
2026-05-11 22:00:00,29.4,76,,0.0,100,,12.9,32.0,3,Ho Chi Minh,10.7769,106.7009,Open-Meteo-Historical,
2026-05-11 23:00:00,29.1,76,,0.0,93,,11.6,28.4,3,Ho Chi Minh,10.7769,106.7009,Open-Meteo-Historical,
2026-05-12 00:00:00,28.9,77,,0.0,93,,12.0,26.6,3,Ho Chi Minh,10.7769,106.7009,Open-Meteo-Historical,
2026-05-12 01:00:00,28.8,78,,0.0,98,,12.6,26.6,3,Ho Chi Minh,10.7769,106.7009,Open-Meteo-Historical,
2026-05-12 02:00:00,28.5,77,,0.0,96,,10.7,27.4,3,Ho Chi Minh,10.7769,106.7009,Open-Meteo-Historical,
2026-05-12 03:00:00,28.5,77,,0.0,66,,10.6,23.0,2,Ho Chi Minh,10.7769,106.7009,Open-Meteo-Historical,
2026-05-12 04:00:00,28.4,77,,0.0,20,,10.4,23.8,1,Ho Chi Minh,10.7769,106.7009,Open-Meteo-Historical,
2026-05-12 05:00:00,28.2,76,,0.0,72,,9.3,22.7,2,Ho Chi Minh,10.7769,106.7009,Open-Meteo-Historical,
2026-05-12 06:00:00,28.1,76,,0.0,79,,9.4,20.5,2,Ho Chi Minh,10.7769,106.7009,Open-Meteo-Historical,
2026-05-12 07:00:00,29.8,72,,0.0,100,,12.1,24.5,3,Ho Chi Minh,10.7769,106.7009,Open-Meteo-Historical,
2026-05-12 08:00:00,31.4,63,,0.0,94,,13.0,33.1,3,Ho Chi Minh,10.7769,106.7009,Open-Meteo-Historical,
2026-05-12 09:00:00,33.1,54,,0.0,88,,12.7,34.6,3,Ho Chi Minh,10.7769,106.7009,Open-Meteo-Historical,
2026-05-12 10:00:00,34.6,46,,0.0,96,,11.7,33.8,3,Ho Chi Minh,10.7769,106.7009,Open-Meteo-Historical,
2026-05-12 11:00:00,36.0,41,,0.0,98,,11.8,34.2,3,Ho Chi Minh,10.7769,106.7009,Open-Meteo-Historical,
2026-05-12 12:00:00,37.0,38,,0.0,99,,11.7,34.2,3,Ho Chi Minh,10.7769,106.7009,Open-Meteo-Historical,
2026-05-12 13:00:00,36.2,42,,0.0,98,,11.5,33.8,3,Ho Chi Minh,10.7769,106.7009,Open-Meteo-Historical,
2026-05-12 14:00:00,35.8,43,,0.0,100,,12.3,34.2,3,Ho Chi Minh,10.7769,106.7009,Open-Meteo-Historical,
2026-05-12 15:00:00,34.5,46,,0.0,98,,13.9,36.0,3,Ho Chi Minh,10.7769,106.7009,Open-Meteo-Historical,
2026-05-12 16:00:00,33.4,50,,0.1,96,,14.5,36.4,51,Ho Chi Minh,10.7769,106.7009,Open-Meteo-Historical,
2026-05-12 17:00:00,32.3,53,,0.0,80,,14.9,37.1,3,Ho Chi Minh,10.7769,106.7009,Open-Meteo-Historical,
2026-05-12 18:00:00,31.0,58,,0.0,49,,13.0,35.6,1,Ho Chi Minh,10.7769,106.7009,Open-Meteo-Historical,
2026-05-12 19:00:00,30.5,67,,0.0,95,,12.9,30.2,3,Ho Chi Minh,10.7769,106.7009,Open-Meteo-Historical,
2026-05-12 20:00:00,29.9,71,,0.0,94,,12.2,29.2,3,Ho Chi Minh,10.7769,106.7009,Open-Meteo-Historical,
2026-05-12 21:00:00,29.5,72,,0.0,91,,9.0,28.1,3,Ho Chi Minh,10.7769,106.7009,Open-Meteo-Historical,
2026-05-12 22:00:00,29.2,74,,0.0,94,,8.7,20.9,3,Ho Chi Minh,10.7769,106.7009,Open-Meteo-Historical,
2026-05-12 23:00:00,28.9,77,,0.0,97,,8.0,19.8,3,Ho Chi Minh,10.7769,106.7009,Open-Meteo-Historical,
2026-05-13 00:00:00,28.6,78,,0.0,98,,7.0,18.0,3,Ho Chi Minh,10.7769,106.7009,Open-Meteo-Historical,
2026-05-13 01:00:00,28.5,80,,0.0,100,,8.9,18.4,3,Ho Chi Minh,10.7769,106.7009,Open-Meteo-Historical,
2026-05-13 02:00:00,28.3,79,,0.0,97,,8.8,20.5,3,Ho Chi Minh,10.7769,106.7009,Open-Meteo-Historical,
2026-05-13 03:00:00,28.1,80,,0.1,99,,9.0,20.2,51,Ho Chi Minh,10.7769,106.7009,Open-Meteo-Historical,
2026-05-13 04:00:00,27.9,82,,0.1,99,,7.9,20.2,51,Ho Chi Minh,10.7769,106.7009,Open-Meteo-Historical,
2026-05-13 05:00:00,27.6,83,,0.0,95,,7.9,18.0,3,Ho Chi Minh,10.7769,106.7009,Open-Meteo-Historical,
2026-05-13 06:00:00,27.7,84,,0.0,94,,7.4,17.6,3,Ho Chi Minh,10.7769,106.7009,Open-Meteo-Historical,
2026-05-13 07:00:00,29.1,79,,0.0,96,,7.8,20.5,3,Ho Chi Minh,10.7769,106.7009,Open-Meteo-Historical,
2026-05-13 08:00:00,30.6,70,,0.0,92,,7.9,23.4,3,Ho Chi Minh,10.7769,106.7009,Open-Meteo-Historical,
2026-05-13 09:00:00,32.2,61,,0.0,84,,6.8,23.4,3,Ho Chi Minh,10.7769,106.7009,Open-Meteo-Historical,
2026-05-13 10:00:00,33.7,54,,0.0,95,,6.5,23.4,3,Ho Chi Minh,10.7769,106.7009,Open-Meteo-Historical,
2026-05-13 11:00:00,34.8,50,,0.1,96,,7.7,26.3,51,Ho Chi Minh,10.7769,106.7009,Open-Meteo-Historical,
2026-05-13 12:00:00,35.7,47,,0.1,63,,9.2,29.5,51,Ho Chi Minh,10.7769,106.7009,Open-Meteo-Historical,
2026-05-13 13:00:00,35.8,48,,0.0,43,,7.8,31.3,1,Ho Chi Minh,10.7769,106.7009,Open-Meteo-Historical,
2026-05-13 14:00:00,35.2,49,,0.3,67,,8.0,25.9,51,Ho Chi Minh,10.7769,106.7009,Open-Meteo-Historical,
2026-05-13 15:00:00,35.2,49,,0.1,97,,6.5,25.9,51,Ho Chi Minh,10.7769,106.7009,Open-Meteo-Historical,
2026-05-13 16:00:00,35.1,49,,0.1,93,,8.3,24.1,51,Ho Chi Minh,10.7769,106.7009,Open-Meteo-Historical,
2026-05-13 17:00:00,33.7,53,,0.0,95,,13.2,32.8,3,Ho Chi Minh,10.7769,106.7009,Open-Meteo-Historical,
2026-05-13 18:00:00,31.6,59,,0.0,41,,15.4,36.0,1,Ho Chi Minh,10.7769,106.7009,Open-Meteo-Historical,
2026-05-13 19:00:00,30.7,68,,0.0,91,,13.0,36.0,3,Ho Chi Minh,10.7769,106.7009,Open-Meteo-Historical,
2026-05-13 20:00:00,30.0,72,,0.0,65,,12.6,31.3,2,Ho Chi Minh,10.7769,106.7009,Open-Meteo-Historical,
2026-05-13 21:00:00,29.8,74,,0.0,80,,12.4,29.2,3,Ho Chi Minh,10.7769,106.7009,Open-Meteo-Historical,
2026-05-13 22:00:00,29.5,75,,0.0,86,,10.4,28.4,3,Ho Chi Minh,10.7769,106.7009,Open-Meteo-Historical,
2026-05-13 23:00:00,29.4,76,,0.0,99,,8.4,23.0,3,Ho Chi Minh,10.7769,106.7009,Open-Meteo-Historical,
2026-05-14 00:00:00,29.1,77,,0.0,98,,6.8,18.4,3,Ho Chi Minh,10.7769,106.7009,Open-Meteo-Historical,
2026-05-14 01:00:00,29.2,76,,0.0,95,,9.7,15.5,3,Ho Chi Minh,10.7769,106.7009,Open-Meteo-Historical,
2026-05-14 02:00:00,28.8,78,,0.0,96,,8.5,22.0,3,Ho Chi Minh,10.7769,106.7009,Open-Meteo-Historical,
2026-05-14 03:00:00,28.5,80,,0.0,98,,7.1,19.1,3,Ho Chi Minh,10.7769,106.7009,Open-Meteo-Historical,
2026-05-14 04:00:00,28.2,81,,0.0,96,,6.8,16.2,3,Ho Chi Minh,10.7769,106.7009,Open-Meteo-Historical,
2026-05-14 05:00:00,28.0,82,,0.0,98,,6.4,16.2,3,Ho Chi Minh,10.7769,106.7009,Open-Meteo-Historical,
2026-05-14 06:00:00,27.9,83,,0.0,95,,5.7,14.4,3,Ho Chi Minh,10.7769,106.7009,Open-Meteo-Historical,
2026-05-14 07:00:00,29.5,74,,0.0,84,,5.3,16.6,3,Ho Chi Minh,10.7769,106.7009,Open-Meteo-Historical,
2026-05-14 08:00:00,31.1,65,,0.0,97,,7.0,22.0,3,Ho Chi Minh,10.7769,106.7009,Open-Meteo-Historical,
2026-05-14 09:00:00,32.8,55,,0.0,98,,7.1,23.8,3,Ho Chi Minh,10.7769,106.7009,Open-Meteo-Historical,
2026-05-14 10:00:00,34.4,49,,0.0,98,,6.8,24.5,3,Ho Chi Minh,10.7769,106.7009,Open-Meteo-Historical,
2026-05-14 11:00:00,35.8,44,,0.0,98,,7.7,27.0,3,Ho Chi Minh,10.7769,106.7009,Open-Meteo-Historical,
2026-05-14 12:00:00,36.7,41,,0.0,96,,7.4,27.0,3,Ho Chi Minh,10.7769,106.7009,Open-Meteo-Historical,
2026-05-14 13:00:00,36.0,45,,0.2,99,,9.9,32.4,51,Ho Chi Minh,10.7769,106.7009,Open-Meteo-Historical,
2026-05-14 14:00:00,35.7,45,,0.3,95,,8.1,29.9,51,Ho Chi Minh,10.7769,106.7009,Open-Meteo-Historical,
2026-05-14 15:00:00,36.0,44,,0.0,59,,9.0,26.6,2,Ho Chi Minh,10.7769,106.7009,Open-Meteo-Historical,
2026-05-14 16:00:00,34.0,51,,1.2,69,,14.6,34.6,55,Ho Chi Minh,10.7769,106.7009,Open-Meteo-Historical,
2026-05-14 17:00:00,32.8,57,,0.3,43,,12.6,39.2,51,Ho Chi Minh,10.7769,106.7009,Open-Meteo-Historical,
2026-05-14 18:00:00,32.2,60,,0.0,95,,10.9,29.5,3,Ho Chi Minh,10.7769,106.7009,Open-Meteo-Historical,
2026-05-14 19:00:00,31.5,66,,0.0,98,,4.6,24.5,3,Ho Chi Minh,10.7769,106.7009,Open-Meteo-Historical,
2026-05-14 20:00:00,31.5,67,,0.0,92,,5.0,12.2,3,Ho Chi Minh,10.7769,106.7009,Open-Meteo-Historical,
2026-05-14 21:00:00,31.0,70,,0.0,90,,5.9,13.3,3,Ho Chi Minh,10.7769,106.7009,Open-Meteo-Historical,
2026-05-14 22:00:00,30.5,70,,0.0,100,,5.2,13.3,3,Ho Chi Minh,10.7769,106.7009,Open-Meteo-Historical,
2026-05-14 23:00:00,30.2,70,,0.0,100,,5.4,13.0,3,Ho Chi Minh,10.7769,106.7009,Open-Meteo-Historical,
2026-05-15 00:00:00,29.8,72,,0.0,99,,4.4,13.0,3,Ho Chi Minh,10.7769,106.7009,Open-Meteo-Historical,
2026-05-15 01:00:00,29.9,76,,0.0,99,,6.3,10.8,3,Ho Chi Minh,10.7769,106.7009,Open-Meteo-Historical,
2026-05-15 02:00:00,29.2,80,,0.0,99,,6.9,16.2,3,Ho Chi Minh,10.7769,106.7009,Open-Meteo-Historical,
2026-05-15 03:00:00,28.8,83,,0.0,83,,5.9,16.2,3,Ho Chi Minh,10.7769,106.7009,Open-Meteo-Historical,
2026-05-15 04:00:00,28.5,84,,0.0,67,,5.7,13.3,2,Ho Chi Minh,10.7769,106.7009,Open-Meteo-Historical,
2026-05-15 05:00:00,28.2,86,,0.0,34,,5.2,13.3,1,Ho Chi Minh,10.7769,106.7009,Open-Meteo-Historical,
2026-05-15 06:00:00,28.1,86,,0.0,50,,4.2,11.5,2,Ho Chi Minh,10.7769,106.7009,Open-Meteo-Historical,
2026-05-15 07:00:00,29.6,77,,0.0,98,,2.5,12.6,3,Ho Chi Minh,10.7769,106.7009,Open-Meteo-Historical,
2026-05-15 08:00:00,31.2,68,,0.0,100,,4.4,16.2,3,Ho Chi Minh,10.7769,106.7009,Open-Meteo-Historical,
2026-05-15 09:00:00,32.9,58,,0.0,70,,4.9,19.1,2,Ho Chi Minh,10.7769,106.7009,Open-Meteo-Historical,
2026-05-15 10:00:00,34.4,53,,0.0,20,,4.3,19.4,1,Ho Chi Minh,10.7769,106.7009,Open-Meteo-Historical,
2026-05-15 11:00:00,35.6,48,,0.0,23,,4.8,20.9,1,Ho Chi Minh,10.7769,106.7009,Open-Meteo-Historical,
2026-05-15 12:00:00,36.5,45,,0.1,90,,5.6,22.7,51,Ho Chi Minh,10.7769,106.7009,Open-Meteo-Historical,
2026-05-15 13:00:00,36.2,47,,0.1,98,,6.8,23.4,51,Ho Chi Minh,10.7769,106.7009,Open-Meteo-Historical,
2026-05-15 14:00:00,34.0,51,,0.3,98,,12.1,33.1,51,Ho Chi Minh,10.7769,106.7009,Open-Meteo-Historical,
2026-05-15 15:00:00,35.0,52,,0.9,95,,8.8,34.2,53,Ho Chi Minh,10.7769,106.7009,Open-Meteo-Historical,
2026-05-15 16:00:00,34.0,55,,0.1,98,,6.0,25.6,51,Ho Chi Minh,10.7769,106.7009,Open-Meteo-Historical,
2026-05-15 17:00:00,32.2,62,,0.2,90,,4.0,20.5,51,Ho Chi Minh,10.7769,106.7009,Open-Meteo-Historical,
2026-05-15 18:00:00,31.3,66,,0.3,96,,1.0,16.6,51,Ho Chi Minh,10.7769,106.7009,Open-Meteo-Historical,
2026-05-15 19:00:00,32.2,64,,0.1,96,,9.7,11.5,51,Ho Chi Minh,10.7769,106.7009,Open-Meteo-Historical,
2026-05-15 20:00:00,32.1,58,,0.0,97,,8.3,22.3,3,Ho Chi Minh,10.7769,106.7009,Open-Meteo-Historical,
2026-05-15 21:00:00,31.9,60,,0.0,95,,4.3,19.8,3,Ho Chi Minh,10.7769,106.7009,Open-Meteo-Historical,
2026-05-15 22:00:00,31.8,62,,0.0,96,,2.0,9.7,3,Ho Chi Minh,10.7769,106.7009,Open-Meteo-Historical,
2026-05-15 23:00:00,31.4,64,,0.0,99,,2.3,6.5,3,Ho Chi Minh,10.7769,106.7009,Open-Meteo-Historical,
2026-05-16 00:00:00,31.0,67,,0.0,100,,1.2,6.8,3,Ho Chi Minh,10.7769,106.7009,Open-Meteo-Historical,
2026-05-16 01:00:00,30.8,72,,0.0,100,,5.8,5.0,3,Ho Chi Minh,10.7769,106.7009,Open-Meteo-Historical,
2026-05-16 02:00:00,29.0,78,,0.0,99,,7.5,16.6,3,Ho Chi Minh,10.7769,106.7009,Open-Meteo-Historical,
2026-05-16 03:00:00,27.8,85,,0.3,96,,2.9,25.6,51,Ho Chi Minh,10.7769,106.7009,Open-Meteo-Historical,
2026-05-16 04:00:00,26.6,89,,0.1,100,,8.3,21.6,51,Ho Chi Minh,10.7769,106.7009,Open-Meteo-Historical,
2026-05-16 05:00:00,26.9,87,,0.0,99,,3.0,18.7,3,Ho Chi Minh,10.7769,106.7009,Open-Meteo-Historical,
2026-05-16 06:00:00,27.2,85,,0.0,89,,2.3,10.4,3,Ho Chi Minh,10.7769,106.7009,Open-Meteo-Historical,
2026-05-16 07:00:00,28.6,83,,0.0,99,,3.1,11.5,3,Ho Chi Minh,10.7769,106.7009,Open-Meteo-Historical,
2026-05-16 08:00:00,30.1,74,,0.0,100,,3.1,14.0,3,Ho Chi Minh,10.7769,106.7009,Open-Meteo-Historical,
2026-05-16 09:00:00,31.2,69,,0.0,100,,2.5,14.0,3,Ho Chi Minh,10.7769,106.7009,Open-Meteo-Historical,
2026-05-16 10:00:00,31.5,67,,0.0,99,,2.4,14.4,3,Ho Chi Minh,10.7769,106.7009,Open-Meteo-Historical,
2026-05-16 11:00:00,33.7,57,,0.0,91,,1.9,16.2,3,Ho Chi Minh,10.7769,106.7009,Open-Meteo-Historical,
2026-05-16 12:00:00,35.5,50,,0.0,91,,2.2,19.1,3,Ho Chi Minh,10.7769,106.7009,Open-Meteo-Historical,
2026-05-16 13:00:00,37.0,45,,0.0,64,,3.7,20.5,2,Ho Chi Minh,10.7769,106.7009,Open-Meteo-Historical,
2026-05-16 14:00:00,35.8,48,,0.1,76,,6.3,22.3,51,Ho Chi Minh,10.7769,106.7009,Open-Meteo-Historical,
2026-05-16 15:00:00,34.5,49,,0.1,96,,7.0,25.2,51,Ho Chi Minh,10.7769,106.7009,Open-Meteo-Historical,
2026-05-16 16:00:00,34.3,52,,0.1,99,,4.6,21.6,51,Ho Chi Minh,10.7769,106.7009,Open-Meteo-Historical,
2026-05-16 17:00:00,33.8,54,,0.0,99,,5.9,15.8,3,Ho Chi Minh,10.7769,106.7009,Open-Meteo-Historical,
2026-05-16 18:00:00,32.5,60,,0.1,96,,4.9,16.2,51,Ho Chi Minh,10.7769,106.7009,Open-Meteo-Historical,
2026-05-16 19:00:00,34.0,52,,0.9,100,,6.8,14.8,53,Ho Chi Minh,10.7769,106.7009,Open-Meteo-Historical,
2026-05-16 20:00:00,28.9,87,,6.4,100,,4.7,15.1,63,Ho Chi Minh,10.7769,106.7009,Open-Meteo-Historical,
2026-05-16 21:00:00,28.5,88,,3.1,98,,1.4,12.6,63,Ho Chi Minh,10.7769,106.7009,Open-Meteo-Historical,
2026-05-16 22:00:00,28.1,89,,1.5,98,,3.5,9.7,61,Ho Chi Minh,10.7769,106.7009,Open-Meteo-Historical,
2026-05-16 23:00:00,27.9,91,,0.4,100,,4.4,10.1,51,Ho Chi Minh,10.7769,106.7009,Open-Meteo-Historical,
2026-05-17 00:00:00,27.8,89,,0.0,100,,4.6,10.8,3,Ho Chi Minh,10.7769,106.7009,Open-Meteo-Historical,
2026-05-17 01:00:00,27.9,87,,0.1,100,,4.0,10.8,51,Ho Chi Minh,10.7769,106.7009,Open-Meteo-Historical,
2026-05-17 02:00:00,27.6,88,,0.5,99,,5.1,10.8,53,Ho Chi Minh,10.7769,106.7009,Open-Meteo-Historical,
2026-05-17 03:00:00,27.5,90,,1.5,94,,2.8,11.9,61,Ho Chi Minh,10.7769,106.7009,Open-Meteo-Historical,
2026-05-17 04:00:00,27.1,93,,0.4,100,,3.1,9.7,51,Ho Chi Minh,10.7769,106.7009,Open-Meteo-Historical,
2026-05-17 05:00:00,27.0,93,,1.1,98,,2.0,9.4,55,Ho Chi Minh,10.7769,106.7009,Open-Meteo-Historical,
2026-05-17 06:00:00,27.0,93,,0.4,98,,2.5,6.5,51,Ho Chi Minh,10.7769,106.7009,Open-Meteo-Historical,
2026-05-17 07:00:00,28.5,87,,0.5,77,,2.2,13.7,53,Ho Chi Minh,10.7769,106.7009,Open-Meteo-Historical,
2026-05-17 08:00:00,29.8,80,,0.0,92,,1.5,10.8,3,Ho Chi Minh,10.7769,106.7009,Open-Meteo-Historical,
2026-05-17 09:00:00,31.1,72,,0.0,100,,1.1,14.4,3,Ho Chi Minh,10.7769,106.7009,Open-Meteo-Historical,
2026-05-17 10:00:00,32.3,66,,0.0,44,,1.9,16.6,1,Ho Chi Minh,10.7769,106.7009,Open-Meteo-Historical,
2026-05-17 11:00:00,33.4,62,,0.0,88,,1.3,16.6,3,Ho Chi Minh,10.7769,106.7009,Open-Meteo-Historical,
2026-05-17 12:00:00,34.2,59,,0.0,70,,2.8,18.4,2,Ho Chi Minh,10.7769,106.7009,Open-Meteo-Historical,
2026-05-17 13:00:00,34.9,49,,0.0,80,,2.9,19.4,3,Ho Chi Minh,10.7769,106.7009,Open-Meteo-Historical,
2026-05-17 14:00:00,36.2,44,,0.0,91,,7.4,20.9,3,Ho Chi Minh,10.7769,106.7009,Open-Meteo-Historical,
2026-05-17 15:00:00,30.6,71,,2.9,100,,11.4,33.5,63,Ho Chi Minh,10.7769,106.7009,Open-Meteo-Historical,
2026-05-17 16:00:00,31.0,66,,0.7,88,,11.4,26.6,53,Ho Chi Minh,10.7769,106.7009,Open-Meteo-Historical,
2026-05-17 17:00:00,30.4,69,,0.1,98,,8.0,27.7,51,Ho Chi Minh,10.7769,106.7009,Open-Meteo-Historical,
2026-05-17 18:00:00,29.9,73,,0.0,96,,3.0,18.0,3,Ho Chi Minh,10.7769,106.7009,Open-Meteo-Historical,
2026-05-17 19:00:00,27.5,92,,0.0,99,,2.7,7.9,3,Ho Chi Minh,10.7769,106.7009,Open-Meteo-Historical,
2026-05-17 20:00:00,26.5,93,,1.1,100,,7.1,14.8,55,Ho Chi Minh,10.7769,106.7009,Open-Meteo-Historical,
2026-05-17 21:00:00,26.6,94,,0.1,100,,6.6,16.2,51,Ho Chi Minh,10.7769,106.7009,Open-Meteo-Historical,
2026-05-17 22:00:00,26.7,93,,0.2,100,,3.4,14.4,51,Ho Chi Minh,10.7769,106.7009,Open-Meteo-Historical,
2026-05-17 23:00:00,26.6,93,,0.0,99,,4.7,10.4,3,Ho Chi Minh,10.7769,106.7009,Open-Meteo-Historical,
2026-05-18 00:00:00,26.5,93,,0.0,98,,5.6,13.0,3,Ho Chi Minh,10.7769,106.7009,Open-Meteo-Historical,
2026-05-18 01:00:00,27.9,77,,0.0,99,,5.2,12.6,3,Ho Chi Minh,10.7769,106.7009,Open-Meteo-Historical,
2026-05-18 02:00:00,27.1,92,,0.1,100,,4.3,11.2,51,Ho Chi Minh,10.7769,106.7009,Open-Meteo-Historical,
2026-05-18 03:00:00,27.1,93,,0.0,100,,4.9,11.5,3,Ho Chi Minh,10.7769,106.7009,Open-Meteo-Historical,
2026-05-18 04:00:00,27.1,94,,0.0,88,,4.8,11.9,3,Ho Chi Minh,10.7769,106.7009,Open-Meteo-Historical,
2026-05-18 05:00:00,26.9,95,,0.0,95,,5.2,11.9,3,Ho Chi Minh,10.7769,106.7009,Open-Meteo-Historical,
2026-05-18 06:00:00,27.0,95,,0.0,98,,5.1,11.5,3,Ho Chi Minh,10.7769,106.7009,Open-Meteo-Historical,
2026-05-18 07:00:00,28.5,81,,0.0,76,,3.4,14.8,2,Ho Chi Minh,10.7769,106.7009,Open-Meteo-Historical,
2026-05-18 08:00:00,29.3,78,,0.3,87,,8.5,23.4,51,Ho Chi Minh,10.7769,106.7009,Open-Meteo-Historical,
2026-05-18 09:00:00,30.8,71,,0.1,94,,6.4,22.0,51,Ho Chi Minh,10.7769,106.7009,Open-Meteo-Historical,
2026-05-18 10:00:00,32.2,63,,0.0,80,,6.1,23.4,3,Ho Chi Minh,10.7769,106.7009,Open-Meteo-Historical,
2026-05-18 11:00:00,33.5,59,,0.0,70,,7.2,25.2,2,Ho Chi Minh,10.7769,106.7009,Open-Meteo-Historical,
2026-05-18 12:00:00,34.2,57,,0.0,94,,9.2,28.1,3,Ho Chi Minh,10.7769,106.7009,Open-Meteo-Historical,
2026-05-18 13:00:00,33.0,58,,0.0,100,,13.7,29.2,3,Ho Chi Minh,10.7769,106.7009,Open-Meteo-Historical,
2026-05-18 14:00:00,30.2,75,,0.6,94,,11.2,40.7,53,Ho Chi Minh,10.7769,106.7009,Open-Meteo-Historical,
2026-05-18 15:00:00,30.6,72,,0.3,95,,14.6,34.9,51,Ho Chi Minh,10.7769,106.7009,Open-Meteo-Historical,
2026-05-18 16:00:00,30.9,69,,0.3,96,,9.0,35.6,51,Ho Chi Minh,10.7769,106.7009,Open-Meteo-Historical,
2026-05-18 17:00:00,29.0,75,,0.8,99,,12.2,29.5,53,Ho Chi Minh,10.7769,106.7009,Open-Meteo-Historical,
2026-05-18 18:00:00,27.2,86,,0.9,97,,10.7,27.4,53,Ho Chi Minh,10.7769,106.7009,Open-Meteo-Historical,
2026-05-18 19:00:00,29.6,79,,0.0,99,,8.3,22.0,3,Ho Chi Minh,10.7769,106.7009,Open-Meteo-Historical,
2026-05-18 20:00:00,29.1,82,,0.0,100,,6.1,17.3,3,Ho Chi Minh,10.7769,106.7009,Open-Meteo-Historical,
2026-05-18 21:00:00,29.0,81,,0.0,99,,6.4,15.1,3,Ho Chi Minh,10.7769,106.7009,Open-Meteo-Historical,
2026-05-18 22:00:00,28.5,81,,0.0,99,,7.7,16.9,3,Ho Chi Minh,10.7769,106.7009,Open-Meteo-Historical,
2026-05-18 23:00:00,28.0,82,,0.1,97,,5.0,16.9,51,Ho Chi Minh,10.7769,106.7009,Open-Meteo-Historical,
2026-05-19 00:00:00,27.8,82,,0.0,97,,5.7,13.3,3,Ho Chi Minh,10.7769,106.7009,Open-Meteo-Historical,
2026-05-19 01:00:00,27.3,91,,0.0,100,,2.7,13.0,3,Ho Chi Minh,10.7769,106.7009,Open-Meteo-Historical,
2026-05-19 02:00:00,27.4,90,,0.1,100,,2.4,5.8,51,Ho Chi Minh,10.7769,106.7009,Open-Meteo-Historical,
2026-05-19 03:00:00,27.4,90,,0.0,100,,4.0,7.2,3,Ho Chi Minh,10.7769,106.7009,Open-Meteo-Historical,
2026-05-19 04:00:00,27.1,92,,0.0,96,,5.6,10.8,3,Ho Chi Minh,10.7769,106.7009,Open-Meteo-Historical,
2026-05-19 05:00:00,27.0,93,,0.0,70,,5.4,11.5,2,Ho Chi Minh,10.7769,106.7009,Open-Meteo-Historical,
2026-05-19 06:00:00,27.0,93,,0.0,47,,5.5,11.5,1,Ho Chi Minh,10.7769,106.7009,Open-Meteo-Historical,
2026-05-19 07:00:00,28.4,84,,0.0,95,,5.8,14.8,3,Ho Chi Minh,10.7769,106.7009,Open-Meteo-Historical,
2026-05-19 08:00:00,29.8,75,,0.0,94,,7.8,20.2,3,Ho Chi Minh,10.7769,106.7009,Open-Meteo-Historical,
2026-05-19 09:00:00,30.8,69,,0.1,94,,9.2,24.1,51,Ho Chi Minh,10.7769,106.7009,Open-Meteo-Historical,
2026-05-19 10:00:00,32.0,64,,0.1,95,,9.9,26.3,51,Ho Chi Minh,10.7769,106.7009,Open-Meteo-Historical,
2026-05-19 11:00:00,32.8,62,,0.1,100,,11.3,31.0,51,Ho Chi Minh,10.7769,106.7009,Open-Meteo-Historical,
2026-05-19 12:00:00,30.6,72,,1.6,98,,5.9,30.2,61,Ho Chi Minh,10.7769,106.7009,Open-Meteo-Historical,
2026-05-19 13:00:00,31.4,66,,3.2,99,,11.2,42.1,63,Ho Chi Minh,10.7769,106.7009,Open-Meteo-Historical,
2026-05-19 14:00:00,30.5,70,,1.4,99,,11.0,34.9,61,Ho Chi Minh,10.7769,106.7009,Open-Meteo-Historical,
2026-05-19 15:00:00,30.7,69,,0.1,91,,11.3,28.4,51,Ho Chi Minh,10.7769,106.7009,Open-Meteo-Historical,
2026-05-19 16:00:00,30.9,68,,0.1,98,,12.4,29.5,51,Ho Chi Minh,10.7769,106.7009,Open-Meteo-Historical,
2026-05-19 17:00:00,30.5,70,,0.0,98,,9.9,29.2,3,Ho Chi Minh,10.7769,106.7009,Open-Meteo-Historical,
2026-05-19 18:00:00,28.9,79,,0.1,100,,6.3,22.3,51,Ho Chi Minh,10.7769,106.7009,Open-Meteo-Historical,
2026-05-19 19:00:00,29.0,82,,0.9,98,,2.9,18.0,53,Ho Chi Minh,10.7769,106.7009,Open-Meteo-Historical,
2026-05-19 20:00:00,28.6,86,,0.0,97,,4.0,8.3,3,Ho Chi Minh,10.7769,106.7009,Open-Meteo-Historical,
2026-05-19 21:00:00,28.5,88,,0.0,98,,3.9,8.6,3,Ho Chi Minh,10.7769,106.7009,Open-Meteo-Historical,
2026-05-19 22:00:00,28.3,89,,0.0,99,,4.0,8.6,3,Ho Chi Minh,10.7769,106.7009,Open-Meteo-Historical,
2026-05-19 23:00:00,28.2,89,,0.0,100,,5.2,10.8,3,Ho Chi Minh,10.7769,106.7009,Open-Meteo-Historical,
2026-05-20 00:00:00,28.0,90,,0.0,99,,5.7,12.6,3,Ho Chi Minh,10.7769,106.7009,Open-Meteo-Historical,
2026-05-20 01:00:00,28.4,88,,0.0,100,,6.6,11.9,3,Ho Chi Minh,10.7769,106.7009,Open-Meteo-Historical,
2026-05-20 02:00:00,28.0,89,,0.0,100,,5.7,13.0,3,Ho Chi Minh,10.7769,106.7009,Open-Meteo-Historical,
2026-05-20 03:00:00,27.8,88,,0.0,100,,4.3,11.9,3,Ho Chi Minh,10.7769,106.7009,Open-Meteo-Historical,
2026-05-20 04:00:00,27.8,87,,0.0,100,,5.1,10.8,3,Ho Chi Minh,10.7769,106.7009,Open-Meteo-Historical,
2026-05-20 05:00:00,27.6,86,,0.0,98,,6.0,12.2,3,Ho Chi Minh,10.7769,106.7009,Open-Meteo-Historical,
2026-05-20 06:00:00,27.7,84,,0.0,98,,6.8,13.7,3,Ho Chi Minh,10.7769,106.7009,Open-Meteo-Historical,
2026-05-20 07:00:00,28.7,84,,0.0,100,,6.8,16.2,3,Ho Chi Minh,10.7769,106.7009,Open-Meteo-Historical,
2026-05-20 08:00:00,29.5,76,,0.1,100,,9.7,23.0,51,Ho Chi Minh,10.7769,106.7009,Open-Meteo-Historical,
2026-05-20 09:00:00,30.1,71,,0.2,99,,10.2,25.2,51,Ho Chi Minh,10.7769,106.7009,Open-Meteo-Historical,
2026-05-20 10:00:00,31.5,65,,0.1,99,,9.7,25.9,51,Ho Chi Minh,10.7769,106.7009,Open-Meteo-Historical,
2026-05-20 11:00:00,32.7,60,,0.1,99,,10.6,27.7,51,Ho Chi Minh,10.7769,106.7009,Open-Meteo-Historical,
2026-05-20 12:00:00,33.3,57,,0.1,98,,10.9,28.8,51,Ho Chi Minh,10.7769,106.7009,Open-Meteo-Historical,
2026-05-20 13:00:00,33.7,55,,0.2,92,,12.7,31.7,51,Ho Chi Minh,10.7769,106.7009,Open-Meteo-Historical,
2026-05-20 14:00:00,32.5,59,,0.4,97,,16.2,38.9,51,Ho Chi Minh,10.7769,106.7009,Open-Meteo-Historical,
2026-05-20 15:00:00,31.6,66,,0.6,100,,16.3,39.6,53,Ho Chi Minh,10.7769,106.7009,Open-Meteo-Historical,
2026-05-20 16:00:00,31.6,65,,0.1,88,,16.4,37.8,51,Ho Chi Minh,10.7769,106.7009,Open-Meteo-Historical,
2026-05-20 17:00:00,27.4,87,,2.1,100,,16.6,37.1,61,Ho Chi Minh,10.7769,106.7009,Open-Meteo-Historical,
2026-05-20 18:00:00,26.0,95,,7.9,99,,8.3,36.4,65,Ho Chi Minh,10.7769,106.7009,Open-Meteo-Historical,
2026-05-20 19:00:00,26.4,95,,0.8,96,,2.7,16.2,53,Ho Chi Minh,10.7769,106.7009,Open-Meteo-Historical,
2026-05-20 20:00:00,26.5,95,,0.1,98,,3.1,11.5,51,Ho Chi Minh,10.7769,106.7009,Open-Meteo-Historical,
2026-05-20 21:00:00,26.5,94,,0.0,94,,3.1,7.2,3,Ho Chi Minh,10.7769,106.7009,Open-Meteo-Historical,
2026-05-20 22:00:00,26.4,95,,0.0,97,,4.9,10.8,3,Ho Chi Minh,10.7769,106.7009,Open-Meteo-Historical,
2026-05-20 23:00:00,26.4,95,,0.0,99,,5.1,11.9,3,Ho Chi Minh,10.7769,106.7009,Open-Meteo-Historical,
2026-03-21 00:00:00,23.0,87,,0.0,100,,12.5,23.4,3,Ha Noi,21.0285,105.8542,Open-Meteo-Historical,
2026-03-21 01:00:00,23.2,86,,0.0,100,,13.0,23.8,3,Ha Noi,21.0285,105.8542,Open-Meteo-Historical,
2026-03-21 02:00:00,23.3,85,,0.0,100,,13.4,25.6,3,Ha Noi,21.0285,105.8542,Open-Meteo-Historical,
2026-03-21 03:00:00,23.1,85,,0.0,100,,13.4,25.2,3,Ha Noi,21.0285,105.8542,Open-Meteo-Historical,
2026-03-21 04:00:00,23.1,85,,0.0,100,,13.4,25.2,3,Ha Noi,21.0285,105.8542,Open-Meteo-Historical,
2026-03-21 05:00:00,23.0,86,,0.0,100,,12.5,24.8,3,Ha Noi,21.0285,105.8542,Open-Meteo-Historical,
2026-03-21 06:00:00,22.9,86,,0.1,100,,11.5,23.0,51,Ha Noi,21.0285,105.8542,Open-Meteo-Historical,
2026-03-21 07:00:00,22.6,87,,0.1,100,,11.9,21.2,51,Ha Noi,21.0285,105.8542,Open-Meteo-Historical,
2026-03-21 08:00:00,23.2,84,,0.1,100,,10.0,24.5,51,Ha Noi,21.0285,105.8542,Open-Meteo-Historical,
2026-03-21 09:00:00,23.9,81,,0.1,100,,11.8,24.1,51,Ha Noi,21.0285,105.8542,Open-Meteo-Historical,
2026-03-21 10:00:00,24.5,78,,0.1,100,,18.1,34.6,51,Ha Noi,21.0285,105.8542,Open-Meteo-Historical,
2026-03-21 11:00:00,25.5,74,,0.0,100,,18.6,37.1,3,Ha Noi,21.0285,105.8542,Open-Meteo-Historical,
2026-03-21 12:00:00,25.5,74,,0.0,100,,18.7,37.4,3,Ha Noi,21.0285,105.8542,Open-Meteo-Historical,
2026-03-21 13:00:00,25.8,72,,0.0,100,,17.9,37.4,3,Ha Noi,21.0285,105.8542,Open-Meteo-Historical,
2026-03-21 14:00:00,25.2,75,,0.0,100,,17.2,34.9,3,Ha Noi,21.0285,105.8542,Open-Meteo-Historical,
2026-03-21 15:00:00,25.5,73,,0.0,100,,17.5,35.3,3,Ha Noi,21.0285,105.8542,Open-Meteo-Historical,
2026-03-21 16:00:00,25.1,75,,0.0,100,,16.1,34.6,3,Ha Noi,21.0285,105.8542,Open-Meteo-Historical,
2026-03-21 17:00:00,24.7,77,,0.0,100,,15.5,33.1,3,Ha Noi,21.0285,105.8542,Open-Meteo-Historical,
2026-03-21 18:00:00,24.0,80,,0.0,100,,14.2,29.9,3,Ha Noi,21.0285,105.8542,Open-Meteo-Historical,
2026-03-21 19:00:00,23.5,83,,0.0,77,,15.4,27.4,2,Ha Noi,21.0285,105.8542,Open-Meteo-Historical,
2026-03-21 20:00:00,22.8,87,,0.0,59,,13.7,29.5,2,Ha Noi,21.0285,105.8542,Open-Meteo-Historical,
2026-03-21 21:00:00,22.0,92,,0.0,97,,11.3,25.6,3,Ha Noi,21.0285,105.8542,Open-Meteo-Historical,
2026-03-21 22:00:00,21.5,95,,0.0,99,,9.2,21.2,3,Ha Noi,21.0285,105.8542,Open-Meteo-Historical,
2026-03-21 23:00:00,21.2,97,,0.0,55,,8.2,16.9,2,Ha Noi,21.0285,105.8542,Open-Meteo-Historical,
2026-03-22 00:00:00,21.1,98,,0.0,20,,8.2,15.1,1,Ha Noi,21.0285,105.8542,Open-Meteo-Historical,
2026-03-22 01:00:00,21.4,98,,0.0,100,,9.7,15.5,3,Ha Noi,21.0285,105.8542,Open-Meteo-Historical,
2026-03-22 02:00:00,21.5,98,,0.0,100,,8.5,17.6,3,Ha Noi,21.0285,105.8542,Open-Meteo-Historical,
2026-03-22 03:00:00,21.5,97,,0.0,100,,8.3,16.6,3,Ha Noi,21.0285,105.8542,Open-Meteo-Historical,
2026-03-22 04:00:00,21.5,97,,0.0,100,,8.8,16.9,3,Ha Noi,21.0285,105.8542,Open-Meteo-Historical,
2026-03-22 05:00:00,21.5,97,,0.0,100,,8.1,16.6,3,Ha Noi,21.0285,105.8542,Open-Meteo-Historical,
2026-03-22 06:00:00,21.7,96,,0.0,100,,10.5,18.7,3,Ha Noi,21.0285,105.8542,Open-Meteo-Historical,
2026-03-22 07:00:00,22.4,94,,0.0,100,,13.4,24.8,3,Ha Noi,21.0285,105.8542,Open-Meteo-Historical,
2026-03-22 08:00:00,23.3,91,,0.1,100,,18.9,36.4,51,Ha Noi,21.0285,105.8542,Open-Meteo-Historical,
2026-03-22 09:00:00,25.0,81,,0.0,52,,18.8,37.8,2,Ha Noi,21.0285,105.8542,Open-Meteo-Historical,
2026-03-22 10:00:00,26.9,70,,0.0,49,,19.6,40.0,1,Ha Noi,21.0285,105.8542,Open-Meteo-Historical,
2026-03-22 11:00:00,28.0,65,,0.1,60,,18.9,41.0,51,Ha Noi,21.0285,105.8542,Open-Meteo-Historical,
2026-03-22 12:00:00,28.6,62,,0.0,100,,18.6,39.2,3,Ha Noi,21.0285,105.8542,Open-Meteo-Historical,
2026-03-22 13:00:00,28.0,62,,0.0,91,,18.3,39.2,3,Ha Noi,21.0285,105.8542,Open-Meteo-Historical,
2026-03-22 14:00:00,28.5,60,,0.0,100,,17.1,38.2,3,Ha Noi,21.0285,105.8542,Open-Meteo-Historical,
2026-03-22 15:00:00,27.6,64,,0.0,91,,17.6,35.3,3,Ha Noi,21.0285,105.8542,Open-Meteo-Historical,
2026-03-22 16:00:00,27.0,67,,0.0,43,,19.5,39.6,1,Ha Noi,21.0285,105.8542,Open-Meteo-Historical,
2026-03-22 17:00:00,26.1,70,,0.0,44,,19.1,38.5,1,Ha Noi,21.0285,105.8542,Open-Meteo-Historical,
2026-03-22 18:00:00,25.0,74,,0.0,30,,18.9,36.4,1,Ha Noi,21.0285,105.8542,Open-Meteo-Historical,
2026-03-22 19:00:00,24.2,79,,0.0,90,,14.9,35.6,3,Ha Noi,21.0285,105.8542,Open-Meteo-Historical,
2026-03-22 20:00:00,24.0,82,,0.0,96,,8.7,29.5,3,Ha Noi,21.0285,105.8542,Open-Meteo-Historical,
2026-03-22 21:00:00,23.5,87,,1.0,76,,12.1,20.9,55,Ha Noi,21.0285,105.8542,Open-Meteo-Historical,
2026-03-22 22:00:00,22.8,93,,0.1,10,,12.3,22.7,51,Ha Noi,21.0285,105.8542,Open-Meteo-Historical,
2026-03-22 23:00:00,22.5,95,,0.0,8,,11.0,23.0,0,Ha Noi,21.0285,105.8542,Open-Meteo-Historical,
2026-03-23 00:00:00,22.3,96,,0.0,38,,12.0,21.6,1,Ha Noi,21.0285,105.8542,Open-Meteo-Historical,
2026-03-23 01:00:00,21.8,98,,0.0,100,,17.3,22.3,3,Ha Noi,21.0285,105.8542,Open-Meteo-Historical,
2026-03-23 02:00:00,22.4,96,,0.1,100,,16.2,32.4,51,Ha Noi,21.0285,105.8542,Open-Meteo-Historical,
2026-03-23 03:00:00,22.7,96,,0.0,100,,10.3,28.4,3,Ha Noi,21.0285,105.8542,Open-Meteo-Historical,
2026-03-23 04:00:00,22.5,97,,0.0,98,,10.9,19.1,3,Ha Noi,21.0285,105.8542,Open-Meteo-Historical,
2026-03-23 05:00:00,22.4,97,,0.0,98,,13.6,24.5,3,Ha Noi,21.0285,105.8542,Open-Meteo-Historical,
2026-03-23 06:00:00,22.4,97,,0.0,100,,13.4,25.9,3,Ha Noi,21.0285,105.8542,Open-Meteo-Historical,
2026-03-23 07:00:00,22.7,96,,0.1,100,,12.9,24.1,51,Ha Noi,21.0285,105.8542,Open-Meteo-Historical,
2026-03-23 08:00:00,23.4,93,,0.2,100,,14.5,27.0,51,Ha Noi,21.0285,105.8542,Open-Meteo-Historical,
2026-03-23 09:00:00,24.4,86,,0.2,99,,19.2,36.0,51,Ha Noi,21.0285,105.8542,Open-Meteo-Historical,
2026-03-23 10:00:00,26.0,77,,0.1,100,,18.9,37.8,51,Ha Noi,21.0285,105.8542,Open-Meteo-Historical,
2026-03-23 11:00:00,26.9,72,,0.0,100,,18.1,37.8,3,Ha Noi,21.0285,105.8542,Open-Meteo-Historical,
2026-03-23 12:00:00,27.5,70,,0.0,100,,17.8,36.7,3,Ha Noi,21.0285,105.8542,Open-Meteo-Historical,
2026-03-23 13:00:00,27.8,68,,0.0,98,,17.3,36.0,3,Ha Noi,21.0285,105.8542,Open-Meteo-Historical,
2026-03-23 14:00:00,28.2,66,,0.0,27,,17.0,36.7,1,Ha Noi,21.0285,105.8542,Open-Meteo-Historical,
2026-03-23 15:00:00,28.7,63,,0.0,88,,17.9,38.5,3,Ha Noi,21.0285,105.8542,Open-Meteo-Historical,
2026-03-23 16:00:00,27.5,68,,0.0,20,,18.8,39.2,1,Ha Noi,21.0285,105.8542,Open-Meteo-Historical,
2026-03-23 17:00:00,26.6,72,,0.0,5,,18.6,40.0,0,Ha Noi,21.0285,105.8542,Open-Meteo-Historical,
2026-03-23 18:00:00,25.5,77,,0.0,3,,16.4,35.3,0,Ha Noi,21.0285,105.8542,Open-Meteo-Historical,
2026-03-23 19:00:00,24.6,82,,0.0,100,,14.6,32.4,3,Ha Noi,21.0285,105.8542,Open-Meteo-Historical,
2026-03-23 20:00:00,24.5,83,,0.0,100,,15.0,28.4,3,Ha Noi,21.0285,105.8542,Open-Meteo-Historical,
2026-03-23 21:00:00,23.9,87,,0.0,100,,14.4,28.8,3,Ha Noi,21.0285,105.8542,Open-Meteo-Historical,
2026-03-23 22:00:00,23.5,89,,0.0,100,,12.1,27.0,3,Ha Noi,21.0285,105.8542,Open-Meteo-Historical,
2026-03-23 23:00:00,23.2,90,,0.0,100,,12.0,23.0,3,Ha Noi,21.0285,105.8542,Open-Meteo-Historical,
2026-03-24 00:00:00,23.0,92,,0.0,100,,12.0,23.4,3,Ha Noi,21.0285,105.8542,Open-Meteo-Historical,
2026-03-24 01:00:00,22.9,95,,0.0,100,,9.5,23.0,3,Ha Noi,21.0285,105.8542,Open-Meteo-Historical,
2026-03-24 02:00:00,23.0,94,,0.1,100,,9.4,18.7,51,Ha Noi,21.0285,105.8542,Open-Meteo-Historical,
2026-03-24 03:00:00,23.0,95,,0.0,100,,9.0,18.0,3,Ha Noi,21.0285,105.8542,Open-Meteo-Historical,
2026-03-24 04:00:00,22.9,96,,0.0,100,,9.0,16.6,3,Ha Noi,21.0285,105.8542,Open-Meteo-Historical,
2026-03-24 05:00:00,23.0,96,,0.0,100,,8.4,16.6,3,Ha Noi,21.0285,105.8542,Open-Meteo-Historical,
2026-03-24 06:00:00,23.0,96,,0.0,100,,8.2,15.5,3,Ha Noi,21.0285,105.8542,Open-Meteo-Historical,
2026-03-24 07:00:00,23.5,95,,0.0,100,,11.4,18.0,3,Ha Noi,21.0285,105.8542,Open-Meteo-Historical,
2026-03-24 08:00:00,24.2,91,,0.1,100,,15.7,29.2,51,Ha Noi,21.0285,105.8542,Open-Meteo-Historical,
2026-03-24 09:00:00,25.4,84,,0.0,77,,15.9,33.5,2,Ha Noi,21.0285,105.8542,Open-Meteo-Historical,
2026-03-24 10:00:00,27.2,73,,0.1,91,,17.3,36.0,51,Ha Noi,21.0285,105.8542,Open-Meteo-Historical,
2026-03-24 11:00:00,27.9,70,,0.1,93,,17.2,36.7,51,Ha Noi,21.0285,105.8542,Open-Meteo-Historical,
2026-03-24 12:00:00,27.9,71,,0.0,99,,13.9,36.4,3,Ha Noi,21.0285,105.8542,Open-Meteo-Historical,
2026-03-24 13:00:00,28.5,66,,0.0,59,,14.2,32.8,2,Ha Noi,21.0285,105.8542,Open-Meteo-Historical,
2026-03-24 14:00:00,29.2,64,,0.0,72,,15.8,33.8,2,Ha Noi,21.0285,105.8542,Open-Meteo-Historical,
2026-03-24 15:00:00,28.8,64,,0.0,20,,16.5,35.6,1,Ha Noi,21.0285,105.8542,Open-Meteo-Historical,
2026-03-24 16:00:00,28.6,65,,0.0,38,,16.3,34.9,1,Ha Noi,21.0285,105.8542,Open-Meteo-Historical,
2026-03-24 17:00:00,27.8,69,,0.0,17,,15.4,32.8,0,Ha Noi,21.0285,105.8542,Open-Meteo-Historical,
2026-03-24 18:00:00,26.4,75,,0.0,3,,14.7,29.9,0,Ha Noi,21.0285,105.8542,Open-Meteo-Historical,
2026-03-24 19:00:00,25.5,81,,0.0,15,,13.8,28.4,0,Ha Noi,21.0285,105.8542,Open-Meteo-Historical,
2026-03-24 20:00:00,24.9,83,,0.0,20,,12.4,25.9,1,Ha Noi,21.0285,105.8542,Open-Meteo-Historical,
2026-03-24 21:00:00,24.1,88,,0.0,13,,12.2,23.4,0,Ha Noi,21.0285,105.8542,Open-Meteo-Historical,
2026-03-24 22:00:00,23.5,93,,0.0,100,,11.7,23.8,3,Ha Noi,21.0285,105.8542,Open-Meteo-Historical,
2026-03-24 23:00:00,23.5,94,,0.0,100,,10.6,22.3,3,Ha Noi,21.0285,105.8542,Open-Meteo-Historical,
2026-03-25 00:00:00,23.5,94,,0.0,100,,9.9,19.8,3,Ha Noi,21.0285,105.8542,Open-Meteo-Historical,
2026-03-25 01:00:00,24.1,95,,0.0,100,,11.1,20.9,3,Ha Noi,21.0285,105.8542,Open-Meteo-Historical,
2026-03-25 02:00:00,24.2,94,,0.1,100,,12.6,24.1,51,Ha Noi,21.0285,105.8542,Open-Meteo-Historical,
2026-03-25 03:00:00,24.0,94,,0.1,100,,13.6,25.6,51,Ha Noi,21.0285,105.8542,Open-Meteo-Historical,
2026-03-25 04:00:00,23.9,93,,0.1,100,,13.3,26.3,51,Ha Noi,21.0285,105.8542,Open-Meteo-Historical,
2026-03-25 05:00:00,23.7,94,,0.1,100,,12.3,24.8,51,Ha Noi,21.0285,105.8542,Open-Meteo-Historical,
2026-03-25 06:00:00,23.5,94,,0.0,100,,13.4,24.8,3,Ha Noi,21.0285,105.8542,Open-Meteo-Historical,
2026-03-25 07:00:00,23.6,95,,0.1,100,,13.5,28.4,51,Ha Noi,21.0285,105.8542,Open-Meteo-Historical,
2026-03-25 08:00:00,24.1,90,,0.0,98,,14.0,29.2,3,Ha Noi,21.0285,105.8542,Open-Meteo-Historical,
2026-03-25 09:00:00,25.4,80,,0.0,46,,17.0,34.2,1,Ha Noi,21.0285,105.8542,Open-Meteo-Historical,
2026-03-25 10:00:00,27.2,69,,0.0,33,,18.5,38.2,1,Ha Noi,21.0285,105.8542,Open-Meteo-Historical,
2026-03-25 11:00:00,28.3,63,,0.0,83,,18.8,39.6,3,Ha Noi,21.0285,105.8542,Open-Meteo-Historical,
2026-03-25 12:00:00,29.0,60,,0.0,98,,17.6,39.6,3,Ha Noi,21.0285,105.8542,Open-Meteo-Historical,
2026-03-25 13:00:00,27.8,65,,0.0,100,,17.3,39.6,3,Ha Noi,21.0285,105.8542,Open-Meteo-Historical,
2026-03-25 14:00:00,28.0,64,,0.0,89,,17.5,38.5,3,Ha Noi,21.0285,105.8542,Open-Meteo-Historical,
2026-03-25 15:00:00,28.2,63,,0.0,54,,19.1,40.7,2,Ha Noi,21.0285,105.8542,Open-Meteo-Historical,
2026-03-25 16:00:00,28.0,64,,0.0,98,,17.9,40.7,3,Ha Noi,21.0285,105.8542,Open-Meteo-Historical,
2026-03-25 17:00:00,26.9,68,,0.0,37,,14.8,35.6,1,Ha Noi,21.0285,105.8542,Open-Meteo-Historical,
2026-03-25 18:00:00,25.8,71,,0.0,34,,15.7,29.5,1,Ha Noi,21.0285,105.8542,Open-Meteo-Historical,
2026-03-25 19:00:00,25.4,76,,0.0,7,,14.5,31.3,0,Ha Noi,21.0285,105.8542,Open-Meteo-Historical,
2026-03-25 20:00:00,24.9,79,,0.0,1,,14.9,28.4,0,Ha Noi,21.0285,105.8542,Open-Meteo-Historical,
2026-03-25 21:00:00,24.3,84,,0.0,11,,12.4,27.7,0,Ha Noi,21.0285,105.8542,Open-Meteo-Historical,
2026-03-25 22:00:00,23.8,89,,0.0,10,,12.0,23.0,0,Ha Noi,21.0285,105.8542,Open-Meteo-Historical,
2026-03-25 23:00:00,23.5,93,,0.0,13,,11.9,23.0,0,Ha Noi,21.0285,105.8542,Open-Meteo-Historical,
2026-03-26 00:00:00,23.1,96,,0.0,94,,11.3,22.3,3,Ha Noi,21.0285,105.8542,Open-Meteo-Historical,
2026-03-26 01:00:00,24.1,95,,0.0,100,,11.0,21.2,3,Ha Noi,21.0285,105.8542,Open-Meteo-Historical,
2026-03-26 02:00:00,24.4,94,,0.0,100,,12.9,24.5,3,Ha Noi,21.0285,105.8542,Open-Meteo-Historical,
2026-03-26 03:00:00,24.2,94,,0.0,100,,12.2,24.5,3,Ha Noi,21.0285,105.8542,Open-Meteo-Historical,
2026-03-26 04:00:00,24.3,94,,0.0,100,,12.4,23.8,3,Ha Noi,21.0285,105.8542,Open-Meteo-Historical,
2026-03-26 05:00:00,24.2,95,,0.0,100,,11.5,23.8,3,Ha Noi,21.0285,105.8542,Open-Meteo-Historical,
2026-03-26 06:00:00,24.1,95,,0.0,100,,11.7,22.3,3,Ha Noi,21.0285,105.8542,Open-Meteo-Historical,
2026-03-26 07:00:00,24.1,94,,0.0,100,,10.7,23.4,3,Ha Noi,21.0285,105.8542,Open-Meteo-Historical,
2026-03-26 08:00:00,25.0,87,,0.1,76,,11.7,23.8,51,Ha Noi,21.0285,105.8542,Open-Meteo-Historical,
2026-03-26 09:00:00,26.1,81,,0.0,100,,12.8,27.0,3,Ha Noi,21.0285,105.8542,Open-Meteo-Historical,
2026-03-26 10:00:00,27.5,74,,0.1,100,,11.9,27.0,51,Ha Noi,21.0285,105.8542,Open-Meteo-Historical,
2026-03-26 11:00:00,28.1,73,,0.1,100,,12.8,28.1,51,Ha Noi,21.0285,105.8542,Open-Meteo-Historical,
2026-03-26 12:00:00,29.0,69,,0.1,98,,13.5,29.2,51,Ha Noi,21.0285,105.8542,Open-Meteo-Historical,
2026-03-26 13:00:00,29.2,68,,0.1,100,,13.5,31.0,51,Ha Noi,21.0285,105.8542,Open-Meteo-Historical,
2026-03-26 14:00:00,29.8,67,,0.0,100,,13.7,29.5,3,Ha Noi,21.0285,105.8542,Open-Meteo-Historical,
2026-03-26 15:00:00,29.9,65,,0.0,61,,13.3,30.2,2,Ha Noi,21.0285,105.8542,Open-Meteo-Historical,
2026-03-26 16:00:00,29.8,65,,0.0,44,,14.4,29.2,1,Ha Noi,21.0285,105.8542,Open-Meteo-Historical,
2026-03-26 17:00:00,28.6,70,,0.0,9,,16.4,31.3,0,Ha Noi,21.0285,105.8542,Open-Meteo-Historical,
2026-03-26 18:00:00,27.0,76,,0.0,0,,17.4,32.8,0,Ha Noi,21.0285,105.8542,Open-Meteo-Historical,
2026-03-26 19:00:00,25.5,85,,0.0,12,,13.2,32.4,0,Ha Noi,21.0285,105.8542,Open-Meteo-Historical,
2026-03-26 20:00:00,25.0,86,,0.0,1,,12.2,26.6,0,Ha Noi,21.0285,105.8542,Open-Meteo-Historical,
2026-03-26 21:00:00,24.3,89,,0.0,3,,12.4,23.4,0,Ha Noi,21.0285,105.8542,Open-Meteo-Historical,
2026-03-26 22:00:00,23.6,92,,0.0,17,,12.2,24.1,0,Ha Noi,21.0285,105.8542,Open-Meteo-Historical,
2026-03-26 23:00:00,23.2,94,,0.0,31,,12.4,24.1,1,Ha Noi,21.0285,105.8542,Open-Meteo-Historical,
2026-03-27 00:00:00,23.0,96,,0.0,100,,11.5,24.5,3,Ha Noi,21.0285,105.8542,Open-Meteo-Historical,
2026-03-27 01:00:00,24.1,95,,0.0,100,,12.7,22.3,3,Ha Noi,21.0285,105.8542,Open-Meteo-Historical,
2026-03-27 02:00:00,24.2,94,,0.0,100,,13.1,26.3,3,Ha Noi,21.0285,105.8542,Open-Meteo-Historical,
2026-03-27 03:00:00,24.2,94,,0.0,100,,12.8,25.9,3,Ha Noi,21.0285,105.8542,Open-Meteo-Historical,
2026-03-27 04:00:00,24.1,93,,0.0,100,,12.5,25.2,3,Ha Noi,21.0285,105.8542,Open-Meteo-Historical,
2026-03-27 05:00:00,24.0,94,,0.0,100,,11.6,24.5,3,Ha Noi,21.0285,105.8542,Open-Meteo-Historical,
2026-03-27 06:00:00,24.0,94,,0.1,100,,10.6,22.3,51,Ha Noi,21.0285,105.8542,Open-Meteo-Historical,
2026-03-27 07:00:00,23.9,94,,0.1,100,,9.8,20.2,51,Ha Noi,21.0285,105.8542,Open-Meteo-Historical,
2026-03-27 08:00:00,24.5,89,,0.2,100,,13.0,25.9,51,Ha Noi,21.0285,105.8542,Open-Meteo-Historical,
2026-03-27 09:00:00,25.3,85,,0.2,100,,13.7,27.0,51,Ha Noi,21.0285,105.8542,Open-Meteo-Historical,
2026-03-27 10:00:00,26.2,81,,0.1,100,,12.7,27.7,51,Ha Noi,21.0285,105.8542,Open-Meteo-Historical,
2026-03-27 11:00:00,26.9,78,,0.1,100,,11.6,27.0,51,Ha Noi,21.0285,105.8542,Open-Meteo-Historical,
2026-03-27 12:00:00,27.5,77,,0.1,100,,10.2,25.2,51,Ha Noi,21.0285,105.8542,Open-Meteo-Historical,
2026-03-27 13:00:00,27.6,74,,0.0,98,,10.9,23.8,3,Ha Noi,21.0285,105.8542,Open-Meteo-Historical,
2026-03-27 14:00:00,28.9,70,,0.0,100,,11.5,25.9,3,Ha Noi,21.0285,105.8542,Open-Meteo-Historical,
2026-03-27 15:00:00,28.7,71,,0.0,38,,14.3,29.9,1,Ha Noi,21.0285,105.8542,Open-Meteo-Historical,
2026-03-27 16:00:00,29.1,69,,0.0,70,,15.4,31.3,2,Ha Noi,21.0285,105.8542,Open-Meteo-Historical,
2026-03-27 17:00:00,27.9,76,,0.0,27,,17.6,34.9,1,Ha Noi,21.0285,105.8542,Open-Meteo-Historical,
2026-03-27 18:00:00,26.5,81,,0.0,10,,16.1,33.8,0,Ha Noi,21.0285,105.8542,Open-Meteo-Historical,
2026-03-27 19:00:00,25.9,85,,0.0,100,,13.9,30.6,3,Ha Noi,21.0285,105.8542,Open-Meteo-Historical,
2026-03-27 20:00:00,25.5,86,,0.0,99,,13.6,26.3,3,Ha Noi,21.0285,105.8542,Open-Meteo-Historical,
2026-03-27 21:00:00,25.0,88,,0.0,91,,11.8,25.9,3,Ha Noi,21.0285,105.8542,Open-Meteo-Historical,
2026-03-27 22:00:00,24.4,91,,0.0,22,,11.2,22.3,1,Ha Noi,21.0285,105.8542,Open-Meteo-Historical,
2026-03-27 23:00:00,23.8,93,,0.0,3,,12.2,24.1,0,Ha Noi,21.0285,105.8542,Open-Meteo-Historical,
2026-03-28 00:00:00,23.4,96,,0.0,9,,10.9,23.8,0,Ha Noi,21.0285,105.8542,Open-Meteo-Historical,
2026-03-28 01:00:00,24.3,94,,0.0,100,,12.9,21.2,3,Ha Noi,21.0285,105.8542,Open-Meteo-Historical,
2026-03-28 02:00:00,24.4,92,,0.0,100,,10.6,24.8,3,Ha Noi,21.0285,105.8542,Open-Meteo-Historical,
2026-03-28 03:00:00,24.2,93,,0.0,100,,11.1,22.3,3,Ha Noi,21.0285,105.8542,Open-Meteo-Historical,
2026-03-28 04:00:00,24.0,93,,0.0,100,,10.5,21.6,3,Ha Noi,21.0285,105.8542,Open-Meteo-Historical,
2026-03-28 05:00:00,24.0,94,,0.0,100,,10.5,20.5,3,Ha Noi,21.0285,105.8542,Open-Meteo-Historical,
2026-03-28 06:00:00,24.0,94,,0.0,100,,11.6,22.3,3,Ha Noi,21.0285,105.8542,Open-Meteo-Historical,
2026-03-28 07:00:00,23.9,95,,0.1,100,,11.2,23.4,51,Ha Noi,21.0285,105.8542,Open-Meteo-Historical,
2026-03-28 08:00:00,24.8,87,,0.1,100,,11.9,24.8,51,Ha Noi,21.0285,105.8542,Open-Meteo-Historical,
2026-03-28 09:00:00,26.0,80,,0.0,100,,12.1,25.9,3,Ha Noi,21.0285,105.8542,Open-Meteo-Historical,
2026-03-28 10:00:00,27.2,75,,0.1,100,,12.3,27.0,51,Ha Noi,21.0285,105.8542,Open-Meteo-Historical,
2026-03-28 11:00:00,27.6,74,,0.2,100,,11.6,25.9,51,Ha Noi,21.0285,105.8542,Open-Meteo-Historical,
2026-03-28 12:00:00,28.3,73,,0.1,100,,11.6,25.9,51,Ha Noi,21.0285,105.8542,Open-Meteo-Historical,
2026-03-28 13:00:00,28.0,73,,0.0,100,,11.1,25.2,3,Ha Noi,21.0285,105.8542,Open-Meteo-Historical,
2026-03-28 14:00:00,28.8,70,,0.0,69,,12.1,26.3,2,Ha Noi,21.0285,105.8542,Open-Meteo-Historical,
2026-03-28 15:00:00,29.5,67,,0.0,59,,13.7,29.2,2,Ha Noi,21.0285,105.8542,Open-Meteo-Historical,
2026-03-28 16:00:00,29.1,68,,0.0,88,,14.5,30.2,3,Ha Noi,21.0285,105.8542,Open-Meteo-Historical,
2026-03-28 17:00:00,28.1,73,,0.0,38,,15.5,30.2,1,Ha Noi,21.0285,105.8542,Open-Meteo-Historical,
2026-03-28 18:00:00,26.9,78,,0.0,20,,14.7,30.6,1,Ha Noi,21.0285,105.8542,Open-Meteo-Historical,
2026-03-28 19:00:00,26.0,84,,0.0,29,,11.3,28.1,1,Ha Noi,21.0285,105.8542,Open-Meteo-Historical,
2026-03-28 20:00:00,25.6,86,,0.0,24,,12.6,23.4,1,Ha Noi,21.0285,105.8542,Open-Meteo-Historical,
2026-03-28 21:00:00,25.1,89,,0.0,64,,13.2,25.6,2,Ha Noi,21.0285,105.8542,Open-Meteo-Historical,
2026-03-28 22:00:00,25.0,92,,0.0,80,,12.6,25.2,3,Ha Noi,21.0285,105.8542,Open-Meteo-Historical,
2026-03-28 23:00:00,24.9,93,,0.0,100,,11.3,23.8,3,Ha Noi,21.0285,105.8542,Open-Meteo-Historical,
2026-03-29 00:00:00,24.9,93,,0.0,100,,11.2,21.2,3,Ha Noi,21.0285,105.8542,Open-Meteo-Historical,
2026-03-29 01:00:00,25.0,94,,0.0,100,,11.5,22.7,3,Ha Noi,21.0285,105.8542,Open-Meteo-Historical,
2026-03-29 02:00:00,25.0,94,,0.0,100,,12.3,23.4,3,Ha Noi,21.0285,105.8542,Open-Meteo-Historical,
2026-03-29 03:00:00,25.0,93,,0.0,100,,13.0,24.5,3,Ha Noi,21.0285,105.8542,Open-Meteo-Historical,
2026-03-29 04:00:00,24.8,93,,0.0,100,,13.1,25.2,3,Ha Noi,21.0285,105.8542,Open-Meteo-Historical,
2026-03-29 05:00:00,24.7,94,,0.0,100,,12.4,24.8,3,Ha Noi,21.0285,105.8542,Open-Meteo-Historical,
2026-03-29 06:00:00,24.6,95,,0.1,100,,13.0,24.5,51,Ha Noi,21.0285,105.8542,Open-Meteo-Historical,
2026-03-29 07:00:00,23.7,97,,0.1,100,,10.7,27.7,51,Ha Noi,21.0285,105.8542,Open-Meteo-Historical,
2026-03-29 08:00:00,24.2,97,,1.3,100,,14.0,24.5,61,Ha Noi,21.0285,105.8542,Open-Meteo-Historical,
2026-03-29 09:00:00,24.6,92,,4.6,98,,8.5,34.6,63,Ha Noi,21.0285,105.8542,Open-Meteo-Historical,
2026-03-29 10:00:00,25.1,88,,1.7,91,,20.7,40.3,61,Ha Noi,21.0285,105.8542,Open-Meteo-Historical,
2026-03-29 11:00:00,27.0,81,,0.0,56,,15.6,45.0,2,Ha Noi,21.0285,105.8542,Open-Meteo-Historical,
2026-03-29 12:00:00,28.9,74,,0.0,30,,16.2,34.6,1,Ha Noi,21.0285,105.8542,Open-Meteo-Historical,
2026-03-29 13:00:00,29.2,70,,0.0,20,,17.8,40.3,1,Ha Noi,21.0285,105.8542,Open-Meteo-Historical,
2026-03-29 14:00:00,30.4,65,,0.0,23,,19.7,41.4,1,Ha Noi,21.0285,105.8542,Open-Meteo-Historical,
2026-03-29 15:00:00,30.6,63,,0.0,16,,19.2,41.0,0,Ha Noi,21.0285,105.8542,Open-Meteo-Historical,
2026-03-29 16:00:00,30.2,65,,0.0,14,,20.5,40.7,0,Ha Noi,21.0285,105.8542,Open-Meteo-Historical,
2026-03-29 17:00:00,28.8,71,,0.0,6,,20.0,41.0,0,Ha Noi,21.0285,105.8542,Open-Meteo-Historical,
2026-03-29 18:00:00,27.2,79,,0.0,3,,18.1,38.2,0,Ha Noi,21.0285,105.8542,Open-Meteo-Historical,
2026-03-29 19:00:00,27.2,82,,0.0,16,,20.4,33.8,0,Ha Noi,21.0285,105.8542,Open-Meteo-Historical,
2026-03-29 20:00:00,26.5,87,,0.0,28,,18.9,38.9,1,Ha Noi,21.0285,105.8542,Open-Meteo-Historical,
2026-03-29 21:00:00,26.2,90,,0.0,45,,24.6,47.9,1,Ha Noi,21.0285,105.8542,Open-Meteo-Historical,
2026-03-29 22:00:00,25.4,94,,0.0,27,,16.8,46.4,1,Ha Noi,21.0285,105.8542,Open-Meteo-Historical,
2026-03-29 23:00:00,25.5,95,,0.0,3,,17.5,32.8,0,Ha Noi,21.0285,105.8542,Open-Meteo-Historical,
2026-03-30 00:00:00,25.3,93,,0.0,14,,18.2,33.8,0,Ha Noi,21.0285,105.8542,Open-Meteo-Historical,
2026-03-30 01:00:00,26.0,98,,0.0,99,,8.3,34.6,3,Ha Noi,21.0285,105.8542,Open-Meteo-Historical,
2026-03-30 02:00:00,25.9,97,,0.0,100,,14.2,25.6,3,Ha Noi,21.0285,105.8542,Open-Meteo-Historical,
2026-03-30 03:00:00,25.8,97,,0.0,100,,5.9,25.2,3,Ha Noi,21.0285,105.8542,Open-Meteo-Historical,
2026-03-30 04:00:00,24.4,97,,0.1,100,,12.1,21.2,51,Ha Noi,21.0285,105.8542,Open-Meteo-Historical,
2026-03-30 05:00:00,23.6,94,,0.1,100,,11.8,24.8,51,Ha Noi,21.0285,105.8542,Open-Meteo-Historical,
2026-03-30 06:00:00,24.6,98,,0.0,100,,8.3,21.6,3,Ha Noi,21.0285,105.8542,Open-Meteo-Historical,
2026-03-30 07:00:00,23.4,96,,0.0,100,,13.9,25.6,3,Ha Noi,21.0285,105.8542,Open-Meteo-Historical,
2026-03-30 08:00:00,24.5,92,,0.0,100,,11.7,25.6,3,Ha Noi,21.0285,105.8542,Open-Meteo-Historical,
2026-03-30 09:00:00,26.6,85,,0.0,100,,14.5,29.2,3,Ha Noi,21.0285,105.8542,Open-Meteo-Historical,
2026-03-30 10:00:00,28.1,78,,0.1,100,,16.1,33.5,51,Ha Noi,21.0285,105.8542,Open-Meteo-Historical,
2026-03-30 11:00:00,30.0,70,,0.0,2,,13.2,33.8,0,Ha Noi,21.0285,105.8542,Open-Meteo-Historical,
2026-03-30 12:00:00,31.9,64,,0.0,13,,14.0,31.7,0,Ha Noi,21.0285,105.8542,Open-Meteo-Historical,
2026-03-30 13:00:00,31.5,62,,0.0,18,,10.7,33.1,0,Ha Noi,21.0285,105.8542,Open-Meteo-Historical,
2026-03-30 14:00:00,32.2,61,,0.0,9,,13.0,29.2,0,Ha Noi,21.0285,105.8542,Open-Meteo-Historical,
2026-03-30 15:00:00,32.3,61,,0.0,16,,14.6,31.7,0,Ha Noi,21.0285,105.8542,Open-Meteo-Historical,
2026-03-30 16:00:00,32.0,63,,0.0,16,,15.4,31.7,0,Ha Noi,21.0285,105.8542,Open-Meteo-Historical,
2026-03-30 17:00:00,30.5,68,,0.0,3,,16.7,33.1,0,Ha Noi,21.0285,105.8542,Open-Meteo-Historical,
2026-03-30 18:00:00,28.9,73,,0.0,11,,12.7,31.7,0,Ha Noi,21.0285,105.8542,Open-Meteo-Historical,
2026-03-30 19:00:00,28.2,77,,0.0,8,,8.5,23.0,0,Ha Noi,21.0285,105.8542,Open-Meteo-Historical,
2026-03-30 20:00:00,27.7,78,,0.0,2,,11.6,20.9,0,Ha Noi,21.0285,105.8542,Open-Meteo-Historical,
2026-03-30 21:00:00,27.0,81,,0.0,0,,11.8,21.2,0,Ha Noi,21.0285,105.8542,Open-Meteo-Historical,
2026-03-30 22:00:00,26.5,82,,0.0,2,,14.2,25.6,0,Ha Noi,21.0285,105.8542,Open-Meteo-Historical,
2026-03-30 23:00:00,26.5,80,,0.0,0,,16.9,31.0,0,Ha Noi,21.0285,105.8542,Open-Meteo-Historical,
2026-03-31 00:00:00,26.1,81,,0.0,0,,17.6,32.4,0,Ha Noi,21.0285,105.8542,Open-Meteo-Historical,
2026-03-31 01:00:00,26.1,85,,0.0,2,,15.0,32.4,0,Ha Noi,21.0285,105.8542,Open-Meteo-Historical,
2026-03-31 02:00:00,26.0,85,,0.0,0,,15.2,28.4,0,Ha Noi,21.0285,105.8542,Open-Meteo-Historical,
2026-03-31 03:00:00,25.6,85,,0.0,0,,12.1,27.7,0,Ha Noi,21.0285,105.8542,Open-Meteo-Historical,
2026-03-31 04:00:00,25.1,87,,0.0,0,,11.4,21.6,0,Ha Noi,21.0285,105.8542,Open-Meteo-Historical,
2026-03-31 05:00:00,24.6,89,,0.0,0,,10.9,20.9,0,Ha Noi,21.0285,105.8542,Open-Meteo-Historical,
2026-03-31 06:00:00,24.2,91,,0.0,1,,8.5,19.8,0,Ha Noi,21.0285,105.8542,Open-Meteo-Historical,
2026-03-31 07:00:00,25.3,90,,0.0,2,,7.4,15.1,0,Ha Noi,21.0285,105.8542,Open-Meteo-Historical,
2026-03-31 08:00:00,27.1,81,,0.0,8,,5.6,14.8,0,Ha Noi,21.0285,105.8542,Open-Meteo-Historical,
2026-03-31 09:00:00,28.7,76,,0.0,2,,4.5,15.8,0,Ha Noi,21.0285,105.8542,Open-Meteo-Historical,
2026-03-31 10:00:00,30.5,71,,0.0,1,,3.7,15.1,0,Ha Noi,21.0285,105.8542,Open-Meteo-Historical,
2026-03-31 11:00:00,32.4,65,,0.0,0,,4.0,15.8,0,Ha Noi,21.0285,105.8542,Open-Meteo-Historical,
2026-03-31 12:00:00,34.2,58,,0.0,2,,6.1,18.7,0,Ha Noi,21.0285,105.8542,Open-Meteo-Historical,
2026-03-31 13:00:00,34.7,57,,0.0,15,,5.4,22.3,0,Ha Noi,21.0285,105.8542,Open-Meteo-Historical,
2026-03-31 14:00:00,35.7,51,,0.0,18,,5.9,17.3,0,Ha Noi,21.0285,105.8542,Open-Meteo-Historical,
2026-03-31 15:00:00,35.5,50,,0.0,13,,7.9,18.4,0,Ha Noi,21.0285,105.8542,Open-Meteo-Historical,
2026-03-31 16:00:00,34.8,52,,0.0,14,,9.3,19.4,0,Ha Noi,21.0285,105.8542,Open-Meteo-Historical,
2026-03-31 17:00:00,33.3,58,,0.0,10,,8.0,19.4,0,Ha Noi,21.0285,105.8542,Open-Meteo-Historical,
2026-03-31 18:00:00,31.7,62,,0.0,45,,9.1,15.5,1,Ha Noi,21.0285,105.8542,Open-Meteo-Historical,
2026-03-31 19:00:00,29.4,74,,0.0,9,,6.6,65.5,0,Ha Noi,21.0285,105.8542,Open-Meteo-Historical,
2026-03-31 20:00:00,26.0,75,,0.0,36,,27.5,56.9,1,Ha Noi,21.0285,105.8542,Open-Meteo-Historical,
2026-03-31 21:00:00,25.5,76,,0.0,22,,16.8,51.8,1,Ha Noi,21.0285,105.8542,Open-Meteo-Historical,
2026-03-31 22:00:00,25.4,82,,0.0,38,,20.4,38.9,1,Ha Noi,21.0285,105.8542,Open-Meteo-Historical,
2026-03-31 23:00:00,25.4,79,,0.0,72,,18.1,38.5,2,Ha Noi,21.0285,105.8542,Open-Meteo-Historical,
2026-04-01 00:00:00,24.8,76,,0.0,54,,15.7,34.9,2,Ha Noi,21.0285,105.8542,Open-Meteo-Historical,
2026-04-01 01:00:00,24.0,90,,0.0,100,,7.0,29.9,3,Ha Noi,21.0285,105.8542,Open-Meteo-Historical,
2026-04-01 02:00:00,24.5,85,,0.1,95,,11.0,22.3,51,Ha Noi,21.0285,105.8542,Open-Meteo-Historical,
2026-04-01 03:00:00,23.9,80,,0.2,44,,13.4,23.8,51,Ha Noi,21.0285,105.8542,Open-Meteo-Historical,
2026-04-01 04:00:00,23.1,79,,0.0,63,,12.8,23.8,2,Ha Noi,21.0285,105.8542,Open-Meteo-Historical,
2026-04-01 05:00:00,23.1,75,,0.0,100,,10.5,23.8,3,Ha Noi,21.0285,105.8542,Open-Meteo-Historical,
2026-04-01 06:00:00,23.5,70,,0.0,100,,11.1,20.5,3,Ha Noi,21.0285,105.8542,Open-Meteo-Historical,
2026-04-01 07:00:00,23.5,74,,0.0,98,,11.1,21.2,3,Ha Noi,21.0285,105.8542,Open-Meteo-Historical,
2026-04-01 08:00:00,24.0,68,,0.0,97,,11.8,24.8,3,Ha Noi,21.0285,105.8542,Open-Meteo-Historical,
2026-04-01 09:00:00,24.5,65,,0.0,100,,10.6,24.8,3,Ha Noi,21.0285,105.8542,Open-Meteo-Historical,
2026-04-01 10:00:00,25.1,64,,0.0,45,,10.1,23.4,1,Ha Noi,21.0285,105.8542,Open-Meteo-Historical,
2026-04-01 11:00:00,26.8,59,,0.0,34,,9.0,24.8,1,Ha Noi,21.0285,105.8542,Open-Meteo-Historical,
2026-04-01 12:00:00,27.8,57,,0.0,24,,8.6,23.4,1,Ha Noi,21.0285,105.8542,Open-Meteo-Historical,
2026-04-01 13:00:00,27.8,58,,0.0,100,,6.0,23.0,3,Ha Noi,21.0285,105.8542,Open-Meteo-Historical,
2026-04-01 14:00:00,28.1,59,,0.0,100,,8.6,20.2,3,Ha Noi,21.0285,105.8542,Open-Meteo-Historical,
2026-04-01 15:00:00,27.4,64,,0.0,98,,12.4,25.9,3,Ha Noi,21.0285,105.8542,Open-Meteo-Historical,
2026-04-01 16:00:00,27.1,66,,0.0,55,,12.5,27.4,2,Ha Noi,21.0285,105.8542,Open-Meteo-Historical,
2026-04-01 17:00:00,26.8,67,,0.0,38,,11.4,25.9,1,Ha Noi,21.0285,105.8542,Open-Meteo-Historical,
2026-04-01 18:00:00,25.9,70,,0.0,76,,9.6,22.7,2,Ha Noi,21.0285,105.8542,Open-Meteo-Historical,
2026-04-01 19:00:00,24.5,74,,0.0,13,,12.1,22.3,0,Ha Noi,21.0285,105.8542,Open-Meteo-Historical,
2026-04-01 20:00:00,23.8,77,,0.0,6,,11.8,23.0,0,Ha Noi,21.0285,105.8542,Open-Meteo-Historical,
2026-04-01 21:00:00,23.1,80,,0.0,0,,12.3,23.8,0,Ha Noi,21.0285,105.8542,Open-Meteo-Historical,
2026-04-01 22:00:00,22.5,84,,0.0,4,,10.8,22.7,0,Ha Noi,21.0285,105.8542,Open-Meteo-Historical,
2026-04-01 23:00:00,22.2,88,,0.0,1,,10.9,21.2,0,Ha Noi,21.0285,105.8542,Open-Meteo-Historical,
2026-04-02 00:00:00,21.9,92,,0.0,52,,9.0,20.2,2,Ha Noi,21.0285,105.8542,Open-Meteo-Historical,
2026-04-02 01:00:00,22.0,94,,0.0,61,,7.6,16.9,2,Ha Noi,21.0285,105.8542,Open-Meteo-Historical,
2026-04-02 02:00:00,22.0,95,,0.0,67,,6.9,14.4,2,Ha Noi,21.0285,105.8542,Open-Meteo-Historical,
2026-04-02 03:00:00,21.8,97,,0.0,86,,6.1,13.0,3,Ha Noi,21.0285,105.8542,Open-Meteo-Historical,
2026-04-02 04:00:00,21.9,97,,0.0,98,,7.3,14.8,3,Ha Noi,21.0285,105.8542,Open-Meteo-Historical,
2026-04-02 05:00:00,22.2,95,,0.0,100,,7.8,15.8,3,Ha Noi,21.0285,105.8542,Open-Meteo-Historical,
2026-04-02 06:00:00,22.4,95,,0.0,100,,7.5,15.8,3,Ha Noi,21.0285,105.8542,Open-Meteo-Historical,
2026-04-02 07:00:00,22.5,92,,0.0,100,,8.8,20.5,3,Ha Noi,21.0285,105.8542,Open-Meteo-Historical,
2026-04-02 08:00:00,23.3,88,,0.0,100,,8.4,18.7,3,Ha Noi,21.0285,105.8542,Open-Meteo-Historical,
2026-04-02 09:00:00,24.2,85,,0.0,100,,9.0,19.8,3,Ha Noi,21.0285,105.8542,Open-Meteo-Historical,
2026-04-02 10:00:00,25.1,82,,0.1,100,,9.9,21.2,51,Ha Noi,21.0285,105.8542,Open-Meteo-Historical,
2026-04-02 11:00:00,26.6,76,,0.1,100,,12.5,25.9,51,Ha Noi,21.0285,105.8542,Open-Meteo-Historical,
2026-04-02 12:00:00,28.0,72,,0.1,98,,12.6,29.2,51,Ha Noi,21.0285,105.8542,Open-Meteo-Historical,
2026-04-02 13:00:00,28.4,69,,0.0,49,,11.0,32.4,1,Ha Noi,21.0285,105.8542,Open-Meteo-Historical,
2026-04-02 14:00:00,30.1,63,,0.0,97,,12.4,27.0,3,Ha Noi,21.0285,105.8542,Open-Meteo-Historical,
2026-04-02 15:00:00,30.4,63,,0.0,57,,15.1,30.6,2,Ha Noi,21.0285,105.8542,Open-Meteo-Historical,
2026-04-02 16:00:00,30.1,64,,0.0,6,,16.4,33.5,0,Ha Noi,21.0285,105.8542,Open-Meteo-Historical,
2026-04-02 17:00:00,29.4,66,,0.0,13,,17.3,34.9,0,Ha Noi,21.0285,105.8542,Open-Meteo-Historical,
2026-04-02 18:00:00,27.4,75,,0.0,1,,19.0,38.9,0,Ha Noi,21.0285,105.8542,Open-Meteo-Historical,
2026-04-02 19:00:00,26.1,80,,0.0,4,,15.8,35.6,0,Ha Noi,21.0285,105.8542,Open-Meteo-Historical,
2026-04-02 20:00:00,25.4,85,,0.0,9,,15.4,31.3,0,Ha Noi,21.0285,105.8542,Open-Meteo-Historical,
2026-04-02 21:00:00,24.8,88,,0.0,33,,11.5,29.2,1,Ha Noi,21.0285,105.8542,Open-Meteo-Historical,
2026-04-02 22:00:00,24.4,92,,0.0,100,,10.1,21.2,3,Ha Noi,21.0285,105.8542,Open-Meteo-Historical,
2026-04-02 23:00:00,24.3,93,,0.0,4,,12.5,23.8,0,Ha Noi,21.0285,105.8542,Open-Meteo-Historical,
2026-04-03 00:00:00,23.9,95,,0.0,4,,11.8,24.1,0,Ha Noi,21.0285,105.8542,Open-Meteo-Historical,
2026-04-03 01:00:00,24.2,97,,0.0,17,,12.7,22.7,0,Ha Noi,21.0285,105.8542,Open-Meteo-Historical,
2026-04-03 02:00:00,24.2,97,,0.0,95,,12.3,24.8,3,Ha Noi,21.0285,105.8542,Open-Meteo-Historical,
2026-04-03 03:00:00,24.2,96,,0.0,100,,11.7,22.7,3,Ha Noi,21.0285,105.8542,Open-Meteo-Historical,
2026-04-03 04:00:00,24.4,95,,0.0,100,,12.0,22.7,3,Ha Noi,21.0285,105.8542,Open-Meteo-Historical,
2026-04-03 05:00:00,24.4,94,,0.0,100,,11.9,22.3,3,Ha Noi,21.0285,105.8542,Open-Meteo-Historical,
2026-04-03 06:00:00,24.3,94,,0.0,100,,9.6,22.0,3,Ha Noi,21.0285,105.8542,Open-Meteo-Historical,
2026-04-03 07:00:00,24.9,94,,0.0,100,,8.2,23.4,3,Ha Noi,21.0285,105.8542,Open-Meteo-Historical,
2026-04-03 08:00:00,25.7,92,,0.0,100,,7.3,18.0,3,Ha Noi,21.0285,105.8542,Open-Meteo-Historical,
2026-04-03 09:00:00,26.7,87,,0.1,100,,2.5,15.5,51,Ha Noi,21.0285,105.8542,Open-Meteo-Historical,
2026-04-03 10:00:00,28.5,78,,0.1,100,,2.1,10.8,51,Ha Noi,21.0285,105.8542,Open-Meteo-Historical,
2026-04-03 11:00:00,30.1,71,,0.0,53,,1.1,11.9,2,Ha Noi,21.0285,105.8542,Open-Meteo-Historical,
2026-04-03 12:00:00,31.6,66,,0.0,1,,4.1,15.8,0,Ha Noi,21.0285,105.8542,Open-Meteo-Historical,
2026-04-03 13:00:00,32.0,65,,0.0,5,,3.9,19.1,0,Ha Noi,21.0285,105.8542,Open-Meteo-Historical,
2026-04-03 14:00:00,32.8,63,,0.0,7,,6.5,19.1,0,Ha Noi,21.0285,105.8542,Open-Meteo-Historical,
2026-04-03 15:00:00,32.8,63,,0.0,9,,8.7,21.6,0,Ha Noi,21.0285,105.8542,Open-Meteo-Historical,
2026-04-03 16:00:00,32.7,63,,0.0,5,,9.4,22.0,0,Ha Noi,21.0285,105.8542,Open-Meteo-Historical,
2026-04-03 17:00:00,32.0,68,,0.0,3,,9.5,20.9,0,Ha Noi,21.0285,105.8542,Open-Meteo-Historical,
2026-04-03 18:00:00,30.7,74,,0.0,4,,11.0,19.1,0,Ha Noi,21.0285,105.8542,Open-Meteo-Historical,
2026-04-03 19:00:00,29.0,80,,0.0,9,,13.5,28.1,0,Ha Noi,21.0285,105.8542,Open-Meteo-Historical,
2026-04-03 20:00:00,27.6,83,,0.0,4,,12.5,25.2,0,Ha Noi,21.0285,105.8542,Open-Meteo-Historical,
2026-04-03 21:00:00,26.5,85,,0.0,43,,12.7,23.4,1,Ha Noi,21.0285,105.8542,Open-Meteo-Historical,
2026-04-03 22:00:00,26.0,85,,0.0,7,,12.8,24.1,0,Ha Noi,21.0285,105.8542,Open-Meteo-Historical,
2026-04-03 23:00:00,25.5,87,,0.0,0,,12.0,23.8,0,Ha Noi,21.0285,105.8542,Open-Meteo-Historical,
2026-04-04 00:00:00,25.0,89,,0.0,0,,10.6,22.0,0,Ha Noi,21.0285,105.8542,Open-Meteo-Historical,
2026-04-04 01:00:00,25.1,93,,0.0,2,,5.0,19.1,0,Ha Noi,21.0285,105.8542,Open-Meteo-Historical,
2026-04-04 02:00:00,24.8,94,,0.0,7,,6.8,11.9,0,Ha Noi,21.0285,105.8542,Open-Meteo-Historical,
2026-04-04 03:00:00,25.0,89,,0.0,100,,17.0,30.6,3,Ha Noi,21.0285,105.8542,Open-Meteo-Historical,
2026-04-04 04:00:00,24.2,80,,0.0,100,,17.8,36.7,3,Ha Noi,21.0285,105.8542,Open-Meteo-Historical,
2026-04-04 05:00:00,24.1,80,,0.0,100,,15.2,33.5,3,Ha Noi,21.0285,105.8542,Open-Meteo-Historical,
2026-04-04 06:00:00,24.0,81,,0.0,100,,13.5,28.8,3,Ha Noi,21.0285,105.8542,Open-Meteo-Historical,
2026-04-04 07:00:00,24.7,82,,0.0,100,,14.0,25.2,3,Ha Noi,21.0285,105.8542,Open-Meteo-Historical,
2026-04-04 08:00:00,25.4,80,,0.0,100,,13.1,27.7,3,Ha Noi,21.0285,105.8542,Open-Meteo-Historical,
2026-04-04 09:00:00,26.2,74,,0.0,86,,15.8,32.0,3,Ha Noi,21.0285,105.8542,Open-Meteo-Historical,
2026-04-04 10:00:00,27.5,68,,0.0,46,,13.6,33.5,1,Ha Noi,21.0285,105.8542,Open-Meteo-Historical,
2026-04-04 11:00:00,29.0,62,,0.0,14,,10.9,29.9,0,Ha Noi,21.0285,105.8542,Open-Meteo-Historical,
2026-04-04 12:00:00,30.2,58,,0.0,98,,6.6,26.3,3,Ha Noi,21.0285,105.8542,Open-Meteo-Historical,
2026-04-04 13:00:00,30.5,56,,0.0,73,,0.9,19.4,2,Ha Noi,21.0285,105.8542,Open-Meteo-Historical,
2026-04-04 14:00:00,31.2,54,,0.0,100,,4.3,13.7,3,Ha Noi,21.0285,105.8542,Open-Meteo-Historical,
2026-04-04 15:00:00,30.6,59,,0.0,100,,9.7,20.5,3,Ha Noi,21.0285,105.8542,Open-Meteo-Historical,
2026-04-04 16:00:00,29.8,63,,0.0,94,,14.9,29.5,3,Ha Noi,21.0285,105.8542,Open-Meteo-Historical,
2026-04-04 17:00:00,29.8,62,,0.0,9,,13.4,30.6,0,Ha Noi,21.0285,105.8542,Open-Meteo-Historical,
2026-04-04 18:00:00,28.2,71,,0.0,4,,13.4,25.6,0,Ha Noi,21.0285,105.8542,Open-Meteo-Historical,
2026-04-04 19:00:00,26.1,81,,0.0,6,,11.5,28.8,0,Ha Noi,21.0285,105.8542,Open-Meteo-Historical,
2026-04-04 20:00:00,25.8,81,,0.0,5,,12.0,23.8,0,Ha Noi,21.0285,105.8542,Open-Meteo-Historical,
2026-04-04 21:00:00,25.1,83,,0.0,21,,11.1,22.7,1,Ha Noi,21.0285,105.8542,Open-Meteo-Historical,
2026-04-04 22:00:00,24.6,85,,0.0,57,,10.3,21.2,2,Ha Noi,21.0285,105.8542,Open-Meteo-Historical,
2026-04-04 23:00:00,24.1,88,,0.0,77,,9.6,19.4,2,Ha Noi,21.0285,105.8542,Open-Meteo-Historical,
2026-04-05 00:00:00,23.6,90,,0.0,97,,9.2,18.4,3,Ha Noi,21.0285,105.8542,Open-Meteo-Historical,
2026-04-05 01:00:00,23.4,91,,0.0,98,,8.9,17.6,3,Ha Noi,21.0285,105.8542,Open-Meteo-Historical,
2026-04-05 02:00:00,23.3,92,,0.0,95,,8.5,16.2,3,Ha Noi,21.0285,105.8542,Open-Meteo-Historical,
2026-04-05 03:00:00,23.0,94,,0.0,99,,9.1,18.0,3,Ha Noi,21.0285,105.8542,Open-Meteo-Historical,
2026-04-05 04:00:00,22.8,96,,0.0,100,,8.5,16.9,3,Ha Noi,21.0285,105.8542,Open-Meteo-Historical,
2026-04-05 05:00:00,23.1,94,,0.0,100,,8.6,17.6,3,Ha Noi,21.0285,105.8542,Open-Meteo-Historical,
2026-04-05 06:00:00,23.5,93,,0.0,100,,9.5,20.5,3,Ha Noi,21.0285,105.8542,Open-Meteo-Historical,
2026-04-05 07:00:00,23.9,91,,0.0,100,,10.3,22.3,3,Ha Noi,21.0285,105.8542,Open-Meteo-Historical,
2026-04-05 08:00:00,24.9,87,,0.0,100,,11.3,23.4,3,Ha Noi,21.0285,105.8542,Open-Meteo-Historical,
2026-04-05 09:00:00,25.9,84,,0.1,100,,11.9,25.2,51,Ha Noi,21.0285,105.8542,Open-Meteo-Historical,
2026-04-05 10:00:00,27.6,76,,0.1,100,,11.6,25.9,51,Ha Noi,21.0285,105.8542,Open-Meteo-Historical,
2026-04-05 11:00:00,29.5,68,,0.0,19,,10.8,25.6,0,Ha Noi,21.0285,105.8542,Open-Meteo-Historical,
2026-04-05 12:00:00,31.5,64,,0.0,22,,10.2,25.6,1,Ha Noi,21.0285,105.8542,Open-Meteo-Historical,
2026-04-05 13:00:00,31.6,62,,0.0,14,,10.6,29.2,0,Ha Noi,21.0285,105.8542,Open-Meteo-Historical,
2026-04-05 14:00:00,32.2,60,,0.0,34,,12.5,28.1,1,Ha Noi,21.0285,105.8542,Open-Meteo-Historical,
2026-04-05 15:00:00,32.7,62,,0.0,29,,14.5,30.6,1,Ha Noi,21.0285,105.8542,Open-Meteo-Historical,
2026-04-05 16:00:00,32.6,63,,0.0,39,,15.9,32.4,1,Ha Noi,21.0285,105.8542,Open-Meteo-Historical,
2026-04-05 17:00:00,31.5,69,,0.0,30,,15.5,32.4,1,Ha Noi,21.0285,105.8542,Open-Meteo-Historical,
2026-04-05 18:00:00,30.1,74,,0.0,13,,16.6,31.3,0,Ha Noi,21.0285,105.8542,Open-Meteo-Historical,
2026-04-05 19:00:00,28.6,84,,0.0,7,,16.2,31.0,0,Ha Noi,21.0285,105.8542,Open-Meteo-Historical,
2026-04-05 20:00:00,27.9,84,,0.0,4,,16.6,31.0,0,Ha Noi,21.0285,105.8542,Open-Meteo-Historical,
2026-04-05 21:00:00,27.5,82,,0.0,13,,16.5,31.3,0,Ha Noi,21.0285,105.8542,Open-Meteo-Historical,
2026-04-05 22:00:00,27.4,81,,0.0,3,,11.9,30.2,0,Ha Noi,21.0285,105.8542,Open-Meteo-Historical,
2026-04-05 23:00:00,26.8,83,,0.0,2,,8.7,21.2,0,Ha Noi,21.0285,105.8542,Open-Meteo-Historical,
2026-04-06 00:00:00,26.5,84,,0.0,1,,10.2,18.4,0,Ha Noi,21.0285,105.8542,Open-Meteo-Historical,
2026-04-06 01:00:00,25.8,92,,0.0,25,,9.4,18.4,1,Ha Noi,21.0285,105.8542,Open-Meteo-Historical,
2026-04-06 02:00:00,25.2,93,,0.0,24,,5.1,16.9,1,Ha Noi,21.0285,105.8542,Open-Meteo-Historical,
2026-04-06 03:00:00,24.9,94,,0.0,62,,4.4,9.0,2,Ha Noi,21.0285,105.8542,Open-Meteo-Historical,
2026-04-06 04:00:00,24.7,94,,0.0,30,,4.7,8.6,1,Ha Noi,21.0285,105.8542,Open-Meteo-Historical,
2026-04-06 05:00:00,24.4,94,,0.0,25,,3.4,8.6,1,Ha Noi,21.0285,105.8542,Open-Meteo-Historical,
2026-04-06 06:00:00,24.3,94,,0.0,94,,1.5,5.4,3,Ha Noi,21.0285,105.8542,Open-Meteo-Historical,
2026-04-06 07:00:00,25.9,90,,0.0,100,,5.0,6.1,3,Ha Noi,21.0285,105.8542,Open-Meteo-Historical,
2026-04-06 08:00:00,27.6,84,,0.0,88,,2.9,10.8,3,Ha Noi,21.0285,105.8542,Open-Meteo-Historical,
2026-04-06 09:00:00,29.5,80,,0.0,96,,3.5,13.7,3,Ha Noi,21.0285,105.8542,Open-Meteo-Historical,
2026-04-06 10:00:00,31.4,74,,0.0,49,,3.6,15.1,1,Ha Noi,21.0285,105.8542,Open-Meteo-Historical,
2026-04-06 11:00:00,33.4,68,,0.0,2,,1.9,14.8,0,Ha Noi,21.0285,105.8542,Open-Meteo-Historical,
2026-04-06 12:00:00,35.5,61,,0.0,2,,5.0,16.2,0,Ha Noi,21.0285,105.8542,Open-Meteo-Historical,
2026-04-06 13:00:00,36.2,61,,0.0,9,,5.0,23.4,0,Ha Noi,21.0285,105.8542,Open-Meteo-Historical,
2026-04-06 14:00:00,37.8,49,,0.0,22,,8.5,20.2,1,Ha Noi,21.0285,105.8542,Open-Meteo-Historical,
2026-04-06 15:00:00,38.5,38,,0.0,13,,8.8,19.8,0,Ha Noi,21.0285,105.8542,Open-Meteo-Historical,
2026-04-06 16:00:00,37.1,48,,0.0,22,,8.6,17.3,1,Ha Noi,21.0285,105.8542,Open-Meteo-Historical,
2026-04-06 17:00:00,35.0,55,,0.0,4,,10.6,19.1,0,Ha Noi,21.0285,105.8542,Open-Meteo-Historical,
2026-04-06 18:00:00,33.5,56,,0.0,2,,15.5,27.7,0,Ha Noi,21.0285,105.8542,Open-Meteo-Historical,
2026-04-06 19:00:00,31.6,67,,0.0,2,,9.5,29.5,0,Ha Noi,21.0285,105.8542,Open-Meteo-Historical,
2026-04-06 20:00:00,30.6,69,,0.0,1,,7.7,17.3,0,Ha Noi,21.0285,105.8542,Open-Meteo-Historical,
2026-04-06 21:00:00,30.0,68,,0.0,26,,8.3,14.4,1,Ha Noi,21.0285,105.8542,Open-Meteo-Historical,
2026-04-06 22:00:00,30.2,62,,0.0,5,,10.3,17.6,0,Ha Noi,21.0285,105.8542,Open-Meteo-Historical,
2026-04-06 23:00:00,30.0,60,,0.0,0,,11.6,19.8,0,Ha Noi,21.0285,105.8542,Open-Meteo-Historical,
2026-04-07 00:00:00,29.9,59,,0.0,7,,13.2,23.4,0,Ha Noi,21.0285,105.8542,Open-Meteo-Historical,
2026-04-07 01:00:00,29.1,67,,0.0,9,,9.4,23.4,0,Ha Noi,21.0285,105.8542,Open-Meteo-Historical,
2026-04-07 02:00:00,28.4,69,,0.0,2,,7.5,16.9,0,Ha Noi,21.0285,105.8542,Open-Meteo-Historical,
2026-04-07 03:00:00,28.0,70,,0.0,0,,4.4,12.2,0,Ha Noi,21.0285,105.8542,Open-Meteo-Historical,
2026-04-07 04:00:00,27.6,70,,0.0,16,,3.0,5.8,0,Ha Noi,21.0285,105.8542,Open-Meteo-Historical,
2026-04-07 05:00:00,27.1,72,,0.0,0,,1.3,4.0,0,Ha Noi,21.0285,105.8542,Open-Meteo-Historical,
2026-04-07 06:00:00,26.5,74,,0.0,0,,1.7,2.9,0,Ha Noi,21.0285,105.8542,Open-Meteo-Historical,
2026-04-07 07:00:00,27.1,79,,0.0,0,,3.6,5.0,0,Ha Noi,21.0285,105.8542,Open-Meteo-Historical,
2026-04-07 08:00:00,28.8,74,,0.0,0,,4.3,11.9,0,Ha Noi,21.0285,105.8542,Open-Meteo-Historical,
2026-04-07 09:00:00,30.4,69,,0.0,0,,4.8,14.8,0,Ha Noi,21.0285,105.8542,Open-Meteo-Historical,
2026-04-07 10:00:00,32.3,64,,0.0,0,,3.0,14.8,0,Ha Noi,21.0285,105.8542,Open-Meteo-Historical,
2026-04-07 11:00:00,34.2,59,,0.0,0,,0.6,13.0,0,Ha Noi,21.0285,105.8542,Open-Meteo-Historical,
2026-04-07 12:00:00,35.8,54,,0.0,2,,1.5,11.2,0,Ha Noi,21.0285,105.8542,Open-Meteo-Historical,
2026-04-07 13:00:00,36.3,52,,0.0,34,,1.7,14.4,1,Ha Noi,21.0285,105.8542,Open-Meteo-Historical,
2026-04-07 14:00:00,36.9,52,,0.0,29,,6.5,16.2,1,Ha Noi,21.0285,105.8542,Open-Meteo-Historical,
2026-04-07 15:00:00,37.0,49,,0.0,16,,8.1,18.4,0,Ha Noi,21.0285,105.8542,Open-Meteo-Historical,
2026-04-07 16:00:00,36.7,50,,0.0,32,,5.6,17.3,1,Ha Noi,21.0285,105.8542,Open-Meteo-Historical,
2026-04-07 17:00:00,34.9,55,,0.0,11,,8.6,15.1,0,Ha Noi,21.0285,105.8542,Open-Meteo-Historical,
2026-04-07 18:00:00,33.2,59,,0.0,55,,9.3,15.8,2,Ha Noi,21.0285,105.8542,Open-Meteo-Historical,
2026-04-07 19:00:00,29.9,75,,0.0,77,,0.5,19.4,2,Ha Noi,21.0285,105.8542,Open-Meteo-Historical,
2026-04-07 20:00:00,30.0,71,,0.0,31,,10.3,25.6,1,Ha Noi,21.0285,105.8542,Open-Meteo-Historical,
2026-04-07 21:00:00,29.4,73,,0.0,45,,9.3,17.3,1,Ha Noi,21.0285,105.8542,Open-Meteo-Historical,
2026-04-07 22:00:00,28.5,76,,0.0,10,,6.3,17.3,0,Ha Noi,21.0285,105.8542,Open-Meteo-Historical,
2026-04-07 23:00:00,28.6,82,,0.0,35,,12.5,21.6,1,Ha Noi,21.0285,105.8542,Open-Meteo-Historical,
2026-04-08 00:00:00,28.4,80,,0.0,35,,12.2,24.5,1,Ha Noi,21.0285,105.8542,Open-Meteo-Historical,
2026-04-08 01:00:00,28.4,81,,0.0,93,,11.7,22.0,3,Ha Noi,21.0285,105.8542,Open-Meteo-Historical,
2026-04-08 02:00:00,28.5,77,,0.0,24,,11.5,23.4,1,Ha Noi,21.0285,105.8542,Open-Meteo-Historical,
2026-04-08 03:00:00,27.6,78,,0.0,49,,9.4,20.9,1,Ha Noi,21.0285,105.8542,Open-Meteo-Historical,
2026-04-08 04:00:00,26.6,84,,0.0,19,,4.5,16.6,0,Ha Noi,21.0285,105.8542,Open-Meteo-Historical,
2026-04-08 05:00:00,25.9,87,,0.0,25,,2.5,7.2,1,Ha Noi,21.0285,105.8542,Open-Meteo-Historical,
2026-04-08 06:00:00,25.7,88,,0.0,32,,5.1,9.0,1,Ha Noi,21.0285,105.8542,Open-Meteo-Historical,
2026-04-08 07:00:00,26.7,85,,0.0,16,,7.8,11.5,0,Ha Noi,21.0285,105.8542,Open-Meteo-Historical,
2026-04-08 08:00:00,28.4,79,,0.0,35,,9.2,19.8,1,Ha Noi,21.0285,105.8542,Open-Meteo-Historical,
2026-04-08 09:00:00,29.9,74,,0.0,18,,7.6,21.2,0,Ha Noi,21.0285,105.8542,Open-Meteo-Historical,
2026-04-08 10:00:00,31.5,70,,0.0,0,,6.5,18.4,0,Ha Noi,21.0285,105.8542,Open-Meteo-Historical,
2026-04-08 11:00:00,33.0,66,,0.0,45,,8.2,21.2,1,Ha Noi,21.0285,105.8542,Open-Meteo-Historical,
2026-04-08 12:00:00,34.3,64,,0.0,27,,11.5,26.6,1,Ha Noi,21.0285,105.8542,Open-Meteo-Historical,
2026-04-08 13:00:00,34.5,64,,0.0,41,,13.0,29.9,1,Ha Noi,21.0285,105.8542,Open-Meteo-Historical,
2026-04-08 14:00:00,35.0,60,,0.0,38,,13.0,29.2,1,Ha Noi,21.0285,105.8542,Open-Meteo-Historical,
2026-04-08 15:00:00,34.5,62,,0.0,33,,13.3,28.4,1,Ha Noi,21.0285,105.8542,Open-Meteo-Historical,
2026-04-08 16:00:00,33.8,64,,0.0,16,,15.6,31.0,0,Ha Noi,21.0285,105.8542,Open-Meteo-Historical,
2026-04-08 17:00:00,32.4,67,,0.0,5,,16.7,31.7,0,Ha Noi,21.0285,105.8542,Open-Meteo-Historical,
2026-04-08 18:00:00,30.8,67,,0.0,2,,16.7,32.0,0,Ha Noi,21.0285,105.8542,Open-Meteo-Historical,
2026-04-08 19:00:00,29.6,75,,0.0,6,,16.2,31.0,0,Ha Noi,21.0285,105.8542,Open-Meteo-Historical,
2026-04-08 20:00:00,28.6,78,,0.0,5,,13.8,30.2,0,Ha Noi,21.0285,105.8542,Open-Meteo-Historical,
2026-04-08 21:00:00,27.8,82,,0.0,8,,11.6,25.6,0,Ha Noi,21.0285,105.8542,Open-Meteo-Historical,
2026-04-08 22:00:00,27.0,84,,0.0,6,,10.2,21.2,0,Ha Noi,21.0285,105.8542,Open-Meteo-Historical,
2026-04-08 23:00:00,26.6,85,,0.0,3,,8.0,18.4,0,Ha Noi,21.0285,105.8542,Open-Meteo-Historical,
2026-04-09 00:00:00,26.4,84,,0.0,22,,8.4,14.4,1,Ha Noi,21.0285,105.8542,Open-Meteo-Historical,
2026-04-09 01:00:00,26.9,85,,0.0,58,,12.2,25.2,2,Ha Noi,21.0285,105.8542,Open-Meteo-Historical,
2026-04-09 02:00:00,27.0,83,,0.0,35,,16.0,29.9,1,Ha Noi,21.0285,105.8542,Open-Meteo-Historical,
2026-04-09 03:00:00,26.5,85,,0.0,0,,13.5,29.9,0,Ha Noi,21.0285,105.8542,Open-Meteo-Historical,
2026-04-09 04:00:00,26.0,88,,0.0,0,,12.8,24.5,0,Ha Noi,21.0285,105.8542,Open-Meteo-Historical,
2026-04-09 05:00:00,25.5,90,,0.0,0,,9.3,23.8,0,Ha Noi,21.0285,105.8542,Open-Meteo-Historical,
2026-04-09 06:00:00,25.0,93,,0.0,0,,7.3,16.6,0,Ha Noi,21.0285,105.8542,Open-Meteo-Historical,
2026-04-09 07:00:00,26.4,90,,0.0,3,,6.3,19.8,0,Ha Noi,21.0285,105.8542,Open-Meteo-Historical,
2026-04-09 08:00:00,28.0,84,,0.0,11,,7.5,17.6,0,Ha Noi,21.0285,105.8542,Open-Meteo-Historical,
2026-04-09 09:00:00,29.7,77,,0.0,50,,7.7,22.0,2,Ha Noi,21.0285,105.8542,Open-Meteo-Historical,
2026-04-09 10:00:00,30.9,73,,0.0,7,,4.3,19.8,0,Ha Noi,21.0285,105.8542,Open-Meteo-Historical,
2026-04-09 11:00:00,32.0,70,,0.0,5,,3.8,15.5,0,Ha Noi,21.0285,105.8542,Open-Meteo-Historical,
2026-04-09 12:00:00,33.0,67,,0.0,10,,5.2,17.6,0,Ha Noi,21.0285,105.8542,Open-Meteo-Historical,
2026-04-09 13:00:00,33.2,65,,0.0,17,,4.9,20.2,0,Ha Noi,21.0285,105.8542,Open-Meteo-Historical,
2026-04-09 14:00:00,33.7,62,,0.0,13,,5.7,17.3,0,Ha Noi,21.0285,105.8542,Open-Meteo-Historical,
2026-04-09 15:00:00,33.5,62,,0.0,12,,11.1,23.8,0,Ha Noi,21.0285,105.8542,Open-Meteo-Historical,
2026-04-09 16:00:00,33.1,64,,0.0,7,,11.6,27.0,0,Ha Noi,21.0285,105.8542,Open-Meteo-Historical,
2026-04-09 17:00:00,32.3,71,,0.0,13,,11.4,23.4,0,Ha Noi,21.0285,105.8542,Open-Meteo-Historical,
2026-04-09 18:00:00,31.1,76,,0.0,31,,10.3,21.6,1,Ha Noi,21.0285,105.8542,Open-Meteo-Historical,
2026-04-09 19:00:00,29.5,85,,0.1,14,,16.6,19.1,51,Ha Noi,21.0285,105.8542,Open-Meteo-Historical,
2026-04-09 20:00:00,29.0,84,,0.0,3,,15.4,30.2,0,Ha Noi,21.0285,105.8542,Open-Meteo-Historical,
2026-04-09 21:00:00,28.4,80,,0.0,1,,16.1,29.5,0,Ha Noi,21.0285,105.8542,Open-Meteo-Historical,
2026-04-09 22:00:00,27.7,80,,0.0,4,,14.5,29.2,0,Ha Noi,21.0285,105.8542,Open-Meteo-Historical,
2026-04-09 23:00:00,27.0,83,,0.0,1,,11.4,26.3,0,Ha Noi,21.0285,105.8542,Open-Meteo-Historical,
2026-04-10 00:00:00,26.3,86,,0.0,0,,9.8,20.5,0,Ha Noi,21.0285,105.8542,Open-Meteo-Historical,
2026-04-10 01:00:00,26.2,90,,0.0,0,,10.6,17.6,0,Ha Noi,21.0285,105.8542,Open-Meteo-Historical,
2026-04-10 02:00:00,26.1,89,,0.0,0,,11.1,20.5,0,Ha Noi,21.0285,105.8542,Open-Meteo-Historical,
2026-04-10 03:00:00,26.0,90,,0.0,0,,9.7,20.5,0,Ha Noi,21.0285,105.8542,Open-Meteo-Historical,
2026-04-10 04:00:00,25.2,93,,0.0,0,,5.9,17.3,0,Ha Noi,21.0285,105.8542,Open-Meteo-Historical,
2026-04-10 05:00:00,24.5,94,,0.0,0,,4.8,10.4,0,Ha Noi,21.0285,105.8542,Open-Meteo-Historical,
2026-04-10 06:00:00,24.8,93,,0.0,0,,6.6,12.2,0,Ha Noi,21.0285,105.8542,Open-Meteo-Historical,
2026-04-10 07:00:00,25.9,94,,0.0,0,,7.9,15.1,0,Ha Noi,21.0285,105.8542,Open-Meteo-Historical,
2026-04-10 08:00:00,27.7,87,,0.0,0,,7.6,18.4,0,Ha Noi,21.0285,105.8542,Open-Meteo-Historical,
2026-04-10 09:00:00,29.5,80,,0.0,0,,6.6,18.7,0,Ha Noi,21.0285,105.8542,Open-Meteo-Historical,
2026-04-10 10:00:00,31.3,75,,0.0,0,,5.9,18.4,0,Ha Noi,21.0285,105.8542,Open-Meteo-Historical,
2026-04-10 11:00:00,33.0,70,,0.0,0,,6.3,18.7,0,Ha Noi,21.0285,105.8542,Open-Meteo-Historical,
2026-04-10 12:00:00,34.4,66,,0.0,0,,7.3,20.5,0,Ha Noi,21.0285,105.8542,Open-Meteo-Historical,
2026-04-10 13:00:00,34.5,63,,0.0,3,,7.8,21.6,0,Ha Noi,21.0285,105.8542,Open-Meteo-Historical,
2026-04-10 14:00:00,35.2,60,,0.0,15,,8.8,21.6,0,Ha Noi,21.0285,105.8542,Open-Meteo-Historical,
2026-04-10 15:00:00,35.0,62,,0.0,13,,10.7,23.0,0,Ha Noi,21.0285,105.8542,Open-Meteo-Historical,
2026-04-10 16:00:00,34.2,66,,0.0,10,,12.9,25.9,0,Ha Noi,21.0285,105.8542,Open-Meteo-Historical,
2026-04-10 17:00:00,33.0,69,,0.0,12,,12.9,26.6,0,Ha Noi,21.0285,105.8542,Open-Meteo-Historical,
2026-04-10 18:00:00,30.9,73,,0.0,2,,6.3,24.1,0,Ha Noi,21.0285,105.8542,Open-Meteo-Historical,
2026-04-10 19:00:00,30.0,83,,0.0,9,,10.9,11.5,0,Ha Noi,21.0285,105.8542,Open-Meteo-Historical,
2026-04-10 20:00:00,28.8,84,,0.0,1,,11.5,20.9,0,Ha Noi,21.0285,105.8542,Open-Meteo-Historical,
2026-04-10 21:00:00,27.8,83,,0.0,1,,11.0,21.6,0,Ha Noi,21.0285,105.8542,Open-Meteo-Historical,
2026-04-10 22:00:00,27.0,83,,0.0,2,,10.3,20.2,0,Ha Noi,21.0285,105.8542,Open-Meteo-Historical,
2026-04-10 23:00:00,26.8,78,,0.0,2,,10.6,19.8,0,Ha Noi,21.0285,105.8542,Open-Meteo-Historical,
2026-04-11 00:00:00,26.1,78,,0.0,4,,6.0,18.7,0,Ha Noi,21.0285,105.8542,Open-Meteo-Historical,
2026-04-11 01:00:00,26.2,85,,0.0,0,,1.5,9.7,0,Ha Noi,21.0285,105.8542,Open-Meteo-Historical,
2026-04-11 02:00:00,25.5,88,,0.0,0,,0.7,3.2,0,Ha Noi,21.0285,105.8542,Open-Meteo-Historical,
2026-04-11 03:00:00,24.8,92,,0.0,0,,3.3,5.4,0,Ha Noi,21.0285,105.8542,Open-Meteo-Historical,
2026-04-11 04:00:00,24.4,93,,0.0,0,,4.9,9.0,0,Ha Noi,21.0285,105.8542,Open-Meteo-Historical,
2026-04-11 05:00:00,23.9,91,,0.0,0,,5.2,10.1,0,Ha Noi,21.0285,105.8542,Open-Meteo-Historical,
2026-04-11 06:00:00,23.8,89,,0.0,0,,5.0,10.1,0,Ha Noi,21.0285,105.8542,Open-Meteo-Historical,
2026-04-11 07:00:00,25.8,82,,0.0,0,,5.6,8.3,0,Ha Noi,21.0285,105.8542,Open-Meteo-Historical,
2026-04-11 08:00:00,28.1,77,,0.0,2,,2.1,10.4,0,Ha Noi,21.0285,105.8542,Open-Meteo-Historical,
2026-04-11 09:00:00,30.1,73,,0.0,1,,0.4,9.4,0,Ha Noi,21.0285,105.8542,Open-Meteo-Historical,
2026-04-11 10:00:00,32.0,69,,0.0,1,,0.9,10.4,0,Ha Noi,21.0285,105.8542,Open-Meteo-Historical,
2026-04-11 11:00:00,33.5,65,,0.0,1,,2.9,13.3,0,Ha Noi,21.0285,105.8542,Open-Meteo-Historical,
2026-04-11 12:00:00,34.9,60,,0.0,22,,4.1,15.5,1,Ha Noi,21.0285,105.8542,Open-Meteo-Historical,
2026-04-11 13:00:00,36.0,50,,0.0,20,,4.8,16.6,1,Ha Noi,21.0285,105.8542,Open-Meteo-Historical,
2026-04-11 14:00:00,36.2,48,,0.0,64,,8.3,18.7,2,Ha Noi,21.0285,105.8542,Open-Meteo-Historical,
2026-04-11 15:00:00,36.5,48,,0.0,16,,7.2,18.7,0,Ha Noi,21.0285,105.8542,Open-Meteo-Historical,
2026-04-11 16:00:00,35.5,56,,0.0,26,,10.1,19.1,1,Ha Noi,21.0285,105.8542,Open-Meteo-Historical,
2026-04-11 17:00:00,33.8,62,,0.0,22,,12.0,21.6,1,Ha Noi,21.0285,105.8542,Open-Meteo-Historical,
2026-04-11 18:00:00,31.8,57,,0.0,5,,7.9,23.8,0,Ha Noi,21.0285,105.8542,Open-Meteo-Historical,
2026-04-11 19:00:00,30.6,75,,0.0,5,,10.0,24.8,0,Ha Noi,21.0285,105.8542,Open-Meteo-Historical,
2026-04-11 20:00:00,30.1,71,,0.0,4,,11.8,21.6,0,Ha Noi,21.0285,105.8542,Open-Meteo-Historical,
2026-04-11 21:00:00,29.0,65,,0.0,0,,11.3,21.2,0,Ha Noi,21.0285,105.8542,Open-Meteo-Historical,
2026-04-11 22:00:00,27.9,62,,0.0,0,,8.7,20.2,0,Ha Noi,21.0285,105.8542,Open-Meteo-Historical,
2026-04-11 23:00:00,26.6,64,,0.0,0,,5.8,15.1,0,Ha Noi,21.0285,105.8542,Open-Meteo-Historical,
2026-04-12 00:00:00,26.1,69,,0.0,0,,1.7,9.7,0,Ha Noi,21.0285,105.8542,Open-Meteo-Historical,
2026-04-12 01:00:00,25.6,75,,0.0,1,,5.3,7.2,0,Ha Noi,21.0285,105.8542,Open-Meteo-Historical,
2026-04-12 02:00:00,25.0,75,,0.0,3,,8.2,14.0,0,Ha Noi,21.0285,105.8542,Open-Meteo-Historical,
2026-04-12 03:00:00,24.4,76,,0.0,1,,6.0,15.5,0,Ha Noi,21.0285,105.8542,Open-Meteo-Historical,
2026-04-12 04:00:00,24.0,79,,0.0,1,,6.5,11.9,0,Ha Noi,21.0285,105.8542,Open-Meteo-Historical,
2026-04-12 05:00:00,23.1,83,,0.0,0,,4.0,11.5,0,Ha Noi,21.0285,105.8542,Open-Meteo-Historical,
2026-04-12 06:00:00,23.4,83,,0.0,0,,7.0,15.1,0,Ha Noi,21.0285,105.8542,Open-Meteo-Historical,
2026-04-12 07:00:00,25.1,81,,0.0,0,,6.5,13.3,0,Ha Noi,21.0285,105.8542,Open-Meteo-Historical,
2026-04-12 08:00:00,27.4,75,,0.0,2,,4.5,12.6,0,Ha Noi,21.0285,105.8542,Open-Meteo-Historical,
2026-04-12 09:00:00,29.5,70,,0.0,0,,3.8,13.3,0,Ha Noi,21.0285,105.8542,Open-Meteo-Historical,
2026-04-12 10:00:00,31.4,66,,0.0,0,,1.8,13.0,0,Ha Noi,21.0285,105.8542,Open-Meteo-Historical,
2026-04-12 11:00:00,33.1,63,,0.0,0,,0.0,11.5,0,Ha Noi,21.0285,105.8542,Open-Meteo-Historical,
2026-04-12 12:00:00,34.8,58,,0.0,8,,0.0,10.4,0,Ha Noi,21.0285,105.8542,Open-Meteo-Historical,
2026-04-12 13:00:00,35.3,52,,0.0,12,,4.1,10.4,0,Ha Noi,21.0285,105.8542,Open-Meteo-Historical,
2026-04-12 14:00:00,35.8,51,,0.0,10,,6.2,15.8,0,Ha Noi,21.0285,105.8542,Open-Meteo-Historical,
2026-04-12 15:00:00,35.5,52,,0.0,4,,9.0,19.4,0,Ha Noi,21.0285,105.8542,Open-Meteo-Historical,
2026-04-12 16:00:00,34.2,58,,0.0,0,,12.7,23.8,0,Ha Noi,21.0285,105.8542,Open-Meteo-Historical,
2026-04-12 17:00:00,32.8,63,,0.0,0,,8.6,24.1,0,Ha Noi,21.0285,105.8542,Open-Meteo-Historical,
2026-04-12 18:00:00,32.2,68,,0.0,0,,11.6,21.2,0,Ha Noi,21.0285,105.8542,Open-Meteo-Historical,
2026-04-12 19:00:00,30.1,82,,0.0,0,,6.5,20.9,0,Ha Noi,21.0285,105.8542,Open-Meteo-Historical,
2026-04-12 20:00:00,29.1,83,,0.0,0,,8.4,14.8,0,Ha Noi,21.0285,105.8542,Open-Meteo-Historical,
2026-04-12 21:00:00,28.5,79,,0.0,0,,9.8,17.6,0,Ha Noi,21.0285,105.8542,Open-Meteo-Historical,
2026-04-12 22:00:00,27.6,77,,0.0,0,,9.9,18.0,0,Ha Noi,21.0285,105.8542,Open-Meteo-Historical,
2026-04-12 23:00:00,26.8,80,,0.0,0,,7.8,18.0,0,Ha Noi,21.0285,105.8542,Open-Meteo-Historical,
2026-04-13 00:00:00,26.5,82,,0.0,0,,10.0,18.0,0,Ha Noi,21.0285,105.8542,Open-Meteo-Historical,
2026-04-13 01:00:00,26.4,86,,0.0,0,,11.1,22.0,0,Ha Noi,21.0285,105.8542,Open-Meteo-Historical,
2026-04-13 02:00:00,26.2,88,,0.0,0,,11.3,21.6,0,Ha Noi,21.0285,105.8542,Open-Meteo-Historical,
2026-04-13 03:00:00,25.6,91,,0.0,0,,8.8,20.5,0,Ha Noi,21.0285,105.8542,Open-Meteo-Historical,
2026-04-13 04:00:00,25.2,93,,0.0,0,,6.9,15.8,0,Ha Noi,21.0285,105.8542,Open-Meteo-Historical,
2026-04-13 05:00:00,24.9,94,,0.0,0,,5.8,12.6,0,Ha Noi,21.0285,105.8542,Open-Meteo-Historical,
2026-04-13 06:00:00,24.6,95,,0.0,0,,5.7,10.8,0,Ha Noi,21.0285,105.8542,Open-Meteo-Historical,
2026-04-13 07:00:00,26.4,93,,0.0,0,,5.2,13.3,0,Ha Noi,21.0285,105.8542,Open-Meteo-Historical,
2026-04-13 08:00:00,28.0,87,,0.0,1,,2.5,11.5,0,Ha Noi,21.0285,105.8542,Open-Meteo-Historical,
2026-04-13 09:00:00,29.6,80,,0.0,11,,5.6,16.6,0,Ha Noi,21.0285,105.8542,Open-Meteo-Historical,
2026-04-13 10:00:00,31.0,77,,0.0,9,,4.7,16.9,0,Ha Noi,21.0285,105.8542,Open-Meteo-Historical,
2026-04-13 11:00:00,32.5,73,,0.0,2,,4.4,16.6,0,Ha Noi,21.0285,105.8542,Open-Meteo-Historical,
2026-04-13 12:00:00,33.7,69,,0.0,1,,6.4,18.7,0,Ha Noi,21.0285,105.8542,Open-Meteo-Historical,
2026-04-13 13:00:00,33.7,67,,0.0,8,,10.3,25.2,0,Ha Noi,21.0285,105.8542,Open-Meteo-Historical,
2026-04-13 14:00:00,34.1,64,,0.0,11,,11.7,26.3,0,Ha Noi,21.0285,105.8542,Open-Meteo-Historical,
2026-04-13 15:00:00,34.0,64,,0.0,13,,14.2,29.2,0,Ha Noi,21.0285,105.8542,Open-Meteo-Historical,
2026-04-13 16:00:00,33.2,64,,0.0,14,,15.8,31.7,0,Ha Noi,21.0285,105.8542,Open-Meteo-Historical,
2026-04-13 17:00:00,32.0,70,,0.0,3,,13.3,30.2,0,Ha Noi,21.0285,105.8542,Open-Meteo-Historical,
2026-04-13 18:00:00,30.4,75,,0.0,1,,12.3,24.8,0,Ha Noi,21.0285,105.8542,Open-Meteo-Historical,
2026-04-13 19:00:00,29.4,84,,0.0,0,,9.7,22.7,0,Ha Noi,21.0285,105.8542,Open-Meteo-Historical,
2026-04-13 20:00:00,28.4,89,,0.0,0,,10.2,18.7,0,Ha Noi,21.0285,105.8542,Open-Meteo-Historical,
2026-04-13 21:00:00,27.5,91,,0.0,1,,10.7,19.8,0,Ha Noi,21.0285,105.8542,Open-Meteo-Historical,
2026-04-13 22:00:00,26.9,91,,0.0,1,,11.4,21.2,0,Ha Noi,21.0285,105.8542,Open-Meteo-Historical,
2026-04-13 23:00:00,26.4,90,,0.0,0,,11.0,21.2,0,Ha Noi,21.0285,105.8542,Open-Meteo-Historical,
2026-04-14 00:00:00,26.2,89,,0.0,0,,11.1,20.9,0,Ha Noi,21.0285,105.8542,Open-Meteo-Historical,
2026-04-14 01:00:00,26.4,91,,0.0,5,,12.0,20.9,0,Ha Noi,21.0285,105.8542,Open-Meteo-Historical,
2026-04-14 02:00:00,26.1,92,,0.0,9,,11.4,22.0,0,Ha Noi,21.0285,105.8542,Open-Meteo-Historical,
2026-04-14 03:00:00,25.9,94,,0.0,0,,10.8,20.9,0,Ha Noi,21.0285,105.8542,Open-Meteo-Historical,
2026-04-14 04:00:00,25.6,95,,0.0,0,,10.3,20.5,0,Ha Noi,21.0285,105.8542,Open-Meteo-Historical,
2026-04-14 05:00:00,25.4,96,,0.0,0,,8.5,18.7,0,Ha Noi,21.0285,105.8542,Open-Meteo-Historical,
2026-04-14 06:00:00,25.3,96,,0.0,0,,8.3,15.5,0,Ha Noi,21.0285,105.8542,Open-Meteo-Historical,
2026-04-14 07:00:00,26.3,94,,0.0,1,,6.7,15.1,0,Ha Noi,21.0285,105.8542,Open-Meteo-Historical,
2026-04-14 08:00:00,28.0,86,,0.0,17,,8.0,18.0,0,Ha Noi,21.0285,105.8542,Open-Meteo-Historical,
2026-04-14 09:00:00,29.5,78,,0.0,97,,7.0,21.2,3,Ha Noi,21.0285,105.8542,Open-Meteo-Historical,
2026-04-14 10:00:00,30.6,74,,0.0,71,,4.6,18.4,2,Ha Noi,21.0285,105.8542,Open-Meteo-Historical,
2026-04-14 11:00:00,32.2,69,,0.0,0,,3.8,15.5,0,Ha Noi,21.0285,105.8542,Open-Meteo-Historical,
2026-04-14 12:00:00,32.9,68,,0.0,3,,6.6,19.1,0,Ha Noi,21.0285,105.8542,Open-Meteo-Historical,
2026-04-14 13:00:00,33.0,68,,0.0,12,,8.4,23.4,0,Ha Noi,21.0285,105.8542,Open-Meteo-Historical,
2026-04-14 14:00:00,33.4,67,,0.0,6,,11.1,25.2,0,Ha Noi,21.0285,105.8542,Open-Meteo-Historical,
2026-04-14 15:00:00,33.5,68,,0.0,15,,13.1,28.4,0,Ha Noi,21.0285,105.8542,Open-Meteo-Historical,
2026-04-14 16:00:00,33.0,71,,0.0,13,,15.7,31.3,0,Ha Noi,21.0285,105.8542,Open-Meteo-Historical,
2026-04-14 17:00:00,31.8,74,,0.0,4,,17.3,33.5,0,Ha Noi,21.0285,105.8542,Open-Meteo-Historical,
2026-04-14 18:00:00,30.0,80,,0.0,2,,17.0,32.8,0,Ha Noi,21.0285,105.8542,Open-Meteo-Historical,
2026-04-14 19:00:00,28.7,89,,0.0,3,,12.5,32.0,0,Ha Noi,21.0285,105.8542,Open-Meteo-Historical,
2026-04-14 20:00:00,27.7,91,,0.0,5,,11.6,23.8,0,Ha Noi,21.0285,105.8542,Open-Meteo-Historical,
2026-04-14 21:00:00,27.0,93,,0.0,0,,11.6,22.7,0,Ha Noi,21.0285,105.8542,Open-Meteo-Historical,
2026-04-14 22:00:00,26.4,94,,0.0,2,,9.5,21.6,0,Ha Noi,21.0285,105.8542,Open-Meteo-Historical,
2026-04-14 23:00:00,26.0,95,,0.0,2,,11.3,20.9,0,Ha Noi,21.0285,105.8542,Open-Meteo-Historical,
2026-04-15 00:00:00,25.8,96,,0.0,0,,12.0,23.4,0,Ha Noi,21.0285,105.8542,Open-Meteo-Historical,
2026-04-15 01:00:00,26.2,97,,0.0,17,,11.6,22.3,0,Ha Noi,21.0285,105.8542,Open-Meteo-Historical,
2026-04-15 02:00:00,26.1,98,,0.0,29,,12.8,23.8,1,Ha Noi,21.0285,105.8542,Open-Meteo-Historical,
2026-04-15 03:00:00,26.0,97,,0.0,7,,13.8,25.9,0,Ha Noi,21.0285,105.8542,Open-Meteo-Historical,
2026-04-15 04:00:00,25.9,97,,0.0,4,,11.6,25.9,0,Ha Noi,21.0285,105.8542,Open-Meteo-Historical,
2026-04-15 05:00:00,25.7,97,,0.0,5,,10.1,21.6,0,Ha Noi,21.0285,105.8542,Open-Meteo-Historical,
2026-04-15 06:00:00,25.5,97,,0.0,7,,9.6,18.4,0,Ha Noi,21.0285,105.8542,Open-Meteo-Historical,
2026-04-15 07:00:00,26.7,93,,0.0,22,,9.7,22.7,1,Ha Noi,21.0285,105.8542,Open-Meteo-Historical,
2026-04-15 08:00:00,28.5,84,,0.1,100,,11.4,23.8,51,Ha Noi,21.0285,105.8542,Open-Meteo-Historical,
2026-04-15 09:00:00,29.5,79,,0.1,98,,11.3,24.5,51,Ha Noi,21.0285,105.8542,Open-Meteo-Historical,
2026-04-15 10:00:00,30.4,75,,0.1,96,,11.0,24.5,51,Ha Noi,21.0285,105.8542,Open-Meteo-Historical,
2026-04-15 11:00:00,31.8,71,,0.0,41,,11.6,25.9,1,Ha Noi,21.0285,105.8542,Open-Meteo-Historical,
2026-04-15 12:00:00,32.9,66,,0.0,60,,12.3,27.7,2,Ha Noi,21.0285,105.8542,Open-Meteo-Historical,
2026-04-15 13:00:00,33.3,64,,0.0,41,,11.3,29.9,1,Ha Noi,21.0285,105.8542,Open-Meteo-Historical,
2026-04-15 14:00:00,33.7,63,,0.0,25,,12.2,27.4,1,Ha Noi,21.0285,105.8542,Open-Meteo-Historical,
2026-04-15 15:00:00,33.5,63,,0.0,30,,14.6,30.6,1,Ha Noi,21.0285,105.8542,Open-Meteo-Historical,
2026-04-15 16:00:00,32.5,68,,0.0,46,,18.0,35.3,1,Ha Noi,21.0285,105.8542,Open-Meteo-Historical,
2026-04-15 17:00:00,30.3,78,,0.0,22,,19.6,38.5,1,Ha Noi,21.0285,105.8542,Open-Meteo-Historical,
2026-04-15 18:00:00,28.8,84,,0.0,7,,19.0,38.5,0,Ha Noi,21.0285,105.8542,Open-Meteo-Historical,
2026-04-15 19:00:00,28.0,87,,0.0,0,,14.0,36.4,0,Ha Noi,21.0285,105.8542,Open-Meteo-Historical,
2026-04-15 20:00:00,27.2,90,,0.0,0,,13.6,26.6,0,Ha Noi,21.0285,105.8542,Open-Meteo-Historical,
2026-04-15 21:00:00,26.7,91,,0.0,1,,15.0,28.4,0,Ha Noi,21.0285,105.8542,Open-Meteo-Historical,
2026-04-15 22:00:00,26.4,92,,0.0,8,,14.5,28.8,0,Ha Noi,21.0285,105.8542,Open-Meteo-Historical,
2026-04-15 23:00:00,26.0,94,,0.0,17,,13.6,27.4,0,Ha Noi,21.0285,105.8542,Open-Meteo-Historical,
2026-04-16 00:00:00,25.9,94,,0.0,7,,13.1,25.9,0,Ha Noi,21.0285,105.8542,Open-Meteo-Historical,
2026-04-16 01:00:00,26.1,96,,0.0,100,,10.4,24.8,3,Ha Noi,21.0285,105.8542,Open-Meteo-Historical,
2026-04-16 02:00:00,26.5,94,,0.0,100,,10.5,23.4,3,Ha Noi,21.0285,105.8542,Open-Meteo-Historical,
2026-04-16 03:00:00,26.4,94,,0.1,91,,12.1,22.7,51,Ha Noi,21.0285,105.8542,Open-Meteo-Historical,
2026-04-16 04:00:00,26.2,94,,0.0,28,,11.2,23.0,1,Ha Noi,21.0285,105.8542,Open-Meteo-Historical,
2026-04-16 05:00:00,25.6,97,,0.0,27,,10.2,21.2,1,Ha Noi,21.0285,105.8542,Open-Meteo-Historical,
2026-04-16 06:00:00,25.4,97,,0.0,24,,9.6,19.1,1,Ha Noi,21.0285,105.8542,Open-Meteo-Historical,
2026-04-16 07:00:00,26.1,93,,0.0,41,,8.8,18.0,1,Ha Noi,21.0285,105.8542,Open-Meteo-Historical,
2026-04-16 08:00:00,27.8,85,,0.1,80,,10.9,23.0,51,Ha Noi,21.0285,105.8542,Open-Meteo-Historical,
2026-04-16 09:00:00,29.1,78,,0.1,99,,10.1,23.4,51,Ha Noi,21.0285,105.8542,Open-Meteo-Historical,
2026-04-16 10:00:00,30.1,74,,0.1,98,,8.8,22.7,51,Ha Noi,21.0285,105.8542,Open-Meteo-Historical,
2026-04-16 11:00:00,30.8,71,,0.0,100,,7.8,20.9,3,Ha Noi,21.0285,105.8542,Open-Meteo-Historical,
2026-04-16 12:00:00,31.7,68,,0.0,36,,7.4,19.8,1,Ha Noi,21.0285,105.8542,Open-Meteo-Historical,
2026-04-16 13:00:00,31.9,69,,0.0,27,,7.3,20.9,1,Ha Noi,21.0285,105.8542,Open-Meteo-Historical,
2026-04-16 14:00:00,32.4,66,,0.0,27,,9.4,22.3,1,Ha Noi,21.0285,105.8542,Open-Meteo-Historical,
2026-04-16 15:00:00,32.3,66,,0.0,31,,12.1,25.9,1,Ha Noi,21.0285,105.8542,Open-Meteo-Historical,
2026-04-16 16:00:00,31.7,68,,0.0,34,,16.3,31.7,1,Ha Noi,21.0285,105.8542,Open-Meteo-Historical,
2026-04-16 17:00:00,30.2,76,,0.0,40,,18.9,36.4,1,Ha Noi,21.0285,105.8542,Open-Meteo-Historical,
2026-04-16 18:00:00,28.5,85,,0.0,5,,17.7,36.7,0,Ha Noi,21.0285,105.8542,Open-Meteo-Historical,
2026-04-16 19:00:00,28.0,88,,0.0,12,,15.3,33.5,0,Ha Noi,21.0285,105.8542,Open-Meteo-Historical,
2026-04-16 20:00:00,27.4,90,,0.0,6,,13.7,29.2,0,Ha Noi,21.0285,105.8542,Open-Meteo-Historical,
2026-04-16 21:00:00,26.9,92,,0.0,5,,13.8,27.0,0,Ha Noi,21.0285,105.8542,Open-Meteo-Historical,
2026-04-16 22:00:00,26.5,94,,0.0,23,,11.1,26.6,1,Ha Noi,21.0285,105.8542,Open-Meteo-Historical,
2026-04-16 23:00:00,26.3,95,,0.0,27,,10.7,20.9,1,Ha Noi,21.0285,105.8542,Open-Meteo-Historical,
2026-04-17 00:00:00,26.0,96,,0.0,22,,8.9,20.5,1,Ha Noi,21.0285,105.8542,Open-Meteo-Historical,
2026-04-17 01:00:00,26.6,98,,0.0,67,,9.3,17.3,2,Ha Noi,21.0285,105.8542,Open-Meteo-Historical,
2026-04-17 02:00:00,26.2,99,,0.0,76,,9.9,18.4,2,Ha Noi,21.0285,105.8542,Open-Meteo-Historical,
2026-04-17 03:00:00,26.1,98,,0.0,87,,8.8,18.4,3,Ha Noi,21.0285,105.8542,Open-Meteo-Historical,
2026-04-17 04:00:00,25.9,98,,0.0,63,,11.2,20.9,2,Ha Noi,21.0285,105.8542,Open-Meteo-Historical,
2026-04-17 05:00:00,26.0,96,,0.1,60,,11.6,23.4,51,Ha Noi,21.0285,105.8542,Open-Meteo-Historical,
2026-04-17 06:00:00,26.0,96,,0.1,100,,9.0,21.2,51,Ha Noi,21.0285,105.8542,Open-Meteo-Historical,
2026-04-17 07:00:00,26.6,92,,0.1,98,,11.2,24.1,51,Ha Noi,21.0285,105.8542,Open-Meteo-Historical,
2026-04-17 08:00:00,26.2,92,,1.6,100,,11.8,22.3,61,Ha Noi,21.0285,105.8542,Open-Meteo-Historical,
2026-04-17 09:00:00,25.4,92,,2.3,100,,9.8,25.9,61,Ha Noi,21.0285,105.8542,Open-Meteo-Historical,
2026-04-17 10:00:00,23.9,92,,4.1,100,,20.2,39.6,63,Ha Noi,21.0285,105.8542,Open-Meteo-Historical,
2026-04-17 11:00:00,24.4,90,,0.7,83,,9.3,39.6,53,Ha Noi,21.0285,105.8542,Open-Meteo-Historical,
2026-04-17 12:00:00,25.6,83,,1.0,100,,12.0,26.3,55,Ha Noi,21.0285,105.8542,Open-Meteo-Historical,
2026-04-17 13:00:00,26.4,82,,0.3,100,,6.5,28.8,51,Ha Noi,21.0285,105.8542,Open-Meteo-Historical,
2026-04-17 14:00:00,27.6,78,,0.1,100,,3.3,15.5,51,Ha Noi,21.0285,105.8542,Open-Meteo-Historical,
2026-04-17 15:00:00,27.5,78,,1.2,93,,6.1,17.3,55,Ha Noi,21.0285,105.8542,Open-Meteo-Historical,
2026-04-17 16:00:00,24.5,92,,1.7,100,,13.4,28.4,61,Ha Noi,21.0285,105.8542,Open-Meteo-Historical,
2026-04-17 17:00:00,23.3,94,,0.1,89,,10.7,28.4,51,Ha Noi,21.0285,105.8542,Open-Meteo-Historical,
2026-04-17 18:00:00,23.2,94,,1.9,100,,3.0,22.0,61,Ha Noi,21.0285,105.8542,Open-Meteo-Historical,
2026-04-17 19:00:00,25.1,91,,0.1,75,,8.2,19.8,51,Ha Noi,21.0285,105.8542,Open-Meteo-Historical,
2026-04-17 20:00:00,25.1,93,,0.0,100,,10.3,18.4,3,Ha Noi,21.0285,105.8542,Open-Meteo-Historical,
2026-04-17 21:00:00,25.4,90,,0.0,100,,13.7,25.2,3,Ha Noi,21.0285,105.8542,Open-Meteo-Historical,
2026-04-17 22:00:00,25.2,88,,0.1,94,,15.8,28.8,51,Ha Noi,21.0285,105.8542,Open-Meteo-Historical,
2026-04-17 23:00:00,24.2,90,,3.8,100,,13.6,30.6,63,Ha Noi,21.0285,105.8542,Open-Meteo-Historical,
2026-04-18 00:00:00,23.9,94,,1.5,52,,11.2,23.4,61,Ha Noi,21.0285,105.8542,Open-Meteo-Historical,
2026-04-18 01:00:00,23.5,95,,0.3,84,,3.2,22.0,51,Ha Noi,21.0285,105.8542,Open-Meteo-Historical,
2026-04-18 02:00:00,23.4,97,,0.2,61,,2.7,9.0,51,Ha Noi,21.0285,105.8542,Open-Meteo-Historical,
2026-04-18 03:00:00,23.1,98,,0.1,100,,7.4,12.2,51,Ha Noi,21.0285,105.8542,Open-Meteo-Historical,
2026-04-18 04:00:00,22.8,98,,0.6,100,,6.1,19.4,53,Ha Noi,21.0285,105.8542,Open-Meteo-Historical,
2026-04-18 05:00:00,22.9,95,,0.1,42,,6.8,12.6,51,Ha Noi,21.0285,105.8542,Open-Meteo-Historical,
2026-04-18 06:00:00,22.6,97,,0.0,88,,7.6,13.7,3,Ha Noi,21.0285,105.8542,Open-Meteo-Historical,
2026-04-18 07:00:00,23.5,96,,0.0,47,,6.0,14.4,1,Ha Noi,21.0285,105.8542,Open-Meteo-Historical,
2026-04-18 08:00:00,24.7,89,,0.0,55,,5.7,14.8,2,Ha Noi,21.0285,105.8542,Open-Meteo-Historical,
2026-04-18 09:00:00,26.0,82,,0.0,99,,7.2,16.9,3,Ha Noi,21.0285,105.8542,Open-Meteo-Historical,
2026-04-18 10:00:00,26.8,79,,0.1,90,,9.3,23.0,51,Ha Noi,21.0285,105.8542,Open-Meteo-Historical,
2026-04-18 11:00:00,27.9,74,,0.4,57,,8.6,22.7,51,Ha Noi,21.0285,105.8542,Open-Meteo-Historical,
2026-04-18 12:00:00,28.2,74,,0.2,55,,10.8,25.6,51,Ha Noi,21.0285,105.8542,Open-Meteo-Historical,
2026-04-18 13:00:00,27.0,75,,0.2,89,,7.4,25.6,51,Ha Noi,21.0285,105.8542,Open-Meteo-Historical,
2026-04-18 14:00:00,25.4,83,,4.1,75,,5.8,22.7,63,Ha Noi,21.0285,105.8542,Open-Meteo-Historical,
2026-04-18 15:00:00,26.6,81,,0.2,54,,11.6,25.2,51,Ha Noi,21.0285,105.8542,Open-Meteo-Historical,
2026-04-18 16:00:00,27.0,78,,0.0,66,,12.5,26.3,2,Ha Noi,21.0285,105.8542,Open-Meteo-Historical,
2026-04-18 17:00:00,26.6,80,,0.1,100,,15.1,30.2,51,Ha Noi,21.0285,105.8542,Open-Meteo-Historical,
2026-04-18 18:00:00,25.7,85,,0.2,98,,14.8,29.9,51,Ha Noi,21.0285,105.8542,Open-Meteo-Historical,
2026-04-18 19:00:00,25.6,86,,0.0,100,,11.6,27.4,3,Ha Noi,21.0285,105.8542,Open-Meteo-Historical,
2026-04-18 20:00:00,25.5,85,,0.0,97,,12.8,23.8,3,Ha Noi,21.0285,105.8542,Open-Meteo-Historical,
2026-04-18 21:00:00,25.2,87,,0.0,99,,12.1,23.8,3,Ha Noi,21.0285,105.8542,Open-Meteo-Historical,
2026-04-18 22:00:00,25.1,87,,0.0,100,,10.4,22.3,3,Ha Noi,21.0285,105.8542,Open-Meteo-Historical,
2026-04-18 23:00:00,25.0,88,,0.0,100,,8.6,19.4,3,Ha Noi,21.0285,105.8542,Open-Meteo-Historical,
2026-04-19 00:00:00,24.9,89,,0.0,100,,9.4,17.3,3,Ha Noi,21.0285,105.8542,Open-Meteo-Historical,
2026-04-19 01:00:00,24.9,89,,0.0,92,,8.9,18.7,3,Ha Noi,21.0285,105.8542,Open-Meteo-Historical,
2026-04-19 02:00:00,24.8,90,,0.0,100,,7.7,16.6,3,Ha Noi,21.0285,105.8542,Open-Meteo-Historical,
2026-04-19 03:00:00,24.6,91,,0.0,18,,8.0,15.1,0,Ha Noi,21.0285,105.8542,Open-Meteo-Historical,
2026-04-19 04:00:00,24.0,93,,0.0,28,,7.5,14.8,1,Ha Noi,21.0285,105.8542,Open-Meteo-Historical,
2026-04-19 05:00:00,23.9,94,,0.0,48,,8.4,15.1,1,Ha Noi,21.0285,105.8542,Open-Meteo-Historical,
2026-04-19 06:00:00,24.0,93,,0.0,30,,10.2,19.8,1,Ha Noi,21.0285,105.8542,Open-Meteo-Historical,
2026-04-19 07:00:00,24.6,88,,0.0,45,,10.5,22.3,1,Ha Noi,21.0285,105.8542,Open-Meteo-Historical,
2026-04-19 08:00:00,25.9,85,,0.0,100,,11.8,25.9,3,Ha Noi,21.0285,105.8542,Open-Meteo-Historical,
2026-04-19 09:00:00,26.9,79,,0.1,100,,10.2,28.4,51,Ha Noi,21.0285,105.8542,Open-Meteo-Historical,
2026-04-19 10:00:00,25.6,86,,4.1,99,,11.8,24.5,63,Ha Noi,21.0285,105.8542,Open-Meteo-Historical,
2026-04-19 11:00:00,27.5,79,,0.0,90,,12.3,24.5,3,Ha Noi,21.0285,105.8542,Open-Meteo-Historical,
2026-04-19 12:00:00,29.4,70,,0.0,52,,15.6,33.5,2,Ha Noi,21.0285,105.8542,Open-Meteo-Historical,
2026-04-19 13:00:00,26.5,77,,0.1,100,,13.1,34.2,51,Ha Noi,21.0285,105.8542,Open-Meteo-Historical,
2026-04-19 14:00:00,27.0,74,,0.1,100,,13.4,29.2,51,Ha Noi,21.0285,105.8542,Open-Meteo-Historical,
2026-04-19 15:00:00,27.5,72,,0.0,100,,14.7,27.4,3,Ha Noi,21.0285,105.8542,Open-Meteo-Historical,
2026-04-19 16:00:00,27.2,75,,0.0,59,,13.8,29.5,2,Ha Noi,21.0285,105.8542,Open-Meteo-Historical,
2026-04-19 17:00:00,27.0,76,,0.0,77,,15.5,33.1,2,Ha Noi,21.0285,105.8542,Open-Meteo-Historical,
2026-04-19 18:00:00,26.0,81,,0.0,99,,12.5,29.5,3,Ha Noi,21.0285,105.8542,Open-Meteo-Historical,
2026-04-19 19:00:00,25.6,81,,0.0,100,,12.6,23.4,3,Ha Noi,21.0285,105.8542,Open-Meteo-Historical,
2026-04-19 20:00:00,25.0,84,,0.0,89,,15.9,30.2,3,Ha Noi,21.0285,105.8542,Open-Meteo-Historical,
2026-04-19 21:00:00,24.6,87,,0.0,80,,12.5,29.9,3,Ha Noi,21.0285,105.8542,Open-Meteo-Historical,
2026-04-19 22:00:00,24.4,88,,0.0,30,,13.1,24.5,1,Ha Noi,21.0285,105.8542,Open-Meteo-Historical,
2026-04-19 23:00:00,24.1,90,,0.0,82,,12.5,25.2,3,Ha Noi,21.0285,105.8542,Open-Meteo-Historical,
2026-04-20 00:00:00,24.0,91,,0.0,100,,10.1,23.4,3,Ha Noi,21.0285,105.8542,Open-Meteo-Historical,
2026-04-20 01:00:00,23.8,92,,0.0,59,,10.5,20.9,2,Ha Noi,21.0285,105.8542,Open-Meteo-Historical,
2026-04-20 02:00:00,23.6,93,,0.0,32,,10.3,20.5,1,Ha Noi,21.0285,105.8542,Open-Meteo-Historical,
2026-04-20 03:00:00,23.4,95,,0.0,98,,9.3,19.4,3,Ha Noi,21.0285,105.8542,Open-Meteo-Historical,
2026-04-20 04:00:00,23.3,95,,0.0,100,,8.6,17.6,3,Ha Noi,21.0285,105.8542,Open-Meteo-Historical,
2026-04-20 05:00:00,23.5,94,,0.0,100,,9.9,19.1,3,Ha Noi,21.0285,105.8542,Open-Meteo-Historical,
2026-04-20 06:00:00,23.8,93,,0.0,100,,8.7,18.7,3,Ha Noi,21.0285,105.8542,Open-Meteo-Historical,
2026-04-20 07:00:00,24.2,91,,0.0,100,,13.6,20.2,3,Ha Noi,21.0285,105.8542,Open-Meteo-Historical,
2026-04-20 08:00:00,24.8,90,,0.0,100,,13.1,26.3,3,Ha Noi,21.0285,105.8542,Open-Meteo-Historical,
2026-04-20 09:00:00,25.8,84,,0.0,100,,16.3,31.3,3,Ha Noi,21.0285,105.8542,Open-Meteo-Historical,
2026-04-20 10:00:00,27.6,77,,0.1,62,,16.6,34.9,51,Ha Noi,21.0285,105.8542,Open-Meteo-Historical,
2026-04-20 11:00:00,29.0,71,,0.1,100,,17.9,37.8,51,Ha Noi,21.0285,105.8542,Open-Meteo-Historical,
2026-04-20 12:00:00,28.6,72,,0.0,100,,15.9,37.4,3,Ha Noi,21.0285,105.8542,Open-Meteo-Historical,
2026-04-20 13:00:00,28.4,73,,0.0,100,,16.0,33.8,3,Ha Noi,21.0285,105.8542,Open-Meteo-Historical,
2026-04-20 14:00:00,28.0,76,,0.0,98,,16.4,34.9,3,Ha Noi,21.0285,105.8542,Open-Meteo-Historical,
2026-04-20 15:00:00,28.4,74,,0.0,100,,15.7,33.5,3,Ha Noi,21.0285,105.8542,Open-Meteo-Historical,
2026-04-20 16:00:00,28.5,74,,0.0,44,,15.5,32.0,1,Ha Noi,21.0285,105.8542,Open-Meteo-Historical,
2026-04-20 17:00:00,28.2,76,,0.0,38,,16.8,33.1,1,Ha Noi,21.0285,105.8542,Open-Meteo-Historical,
2026-04-20 18:00:00,27.0,82,,0.0,5,,16.9,32.4,0,Ha Noi,21.0285,105.8542,Open-Meteo-Historical,
2026-04-20 19:00:00,26.5,87,,0.0,34,,16.1,31.7,1,Ha Noi,21.0285,105.8542,Open-Meteo-Historical,
2026-04-20 20:00:00,26.2,87,,0.0,48,,17.3,32.4,1,Ha Noi,21.0285,105.8542,Open-Meteo-Historical,
2026-04-20 21:00:00,25.8,89,,0.0,16,,16.5,32.8,0,Ha Noi,21.0285,105.8542,Open-Meteo-Historical,
2026-04-20 22:00:00,25.5,90,,0.0,9,,15.6,31.3,0,Ha Noi,21.0285,105.8542,Open-Meteo-Historical,
2026-04-20 23:00:00,25.2,91,,0.0,5,,14.7,29.2,0,Ha Noi,21.0285,105.8542,Open-Meteo-Historical,
2026-04-21 00:00:00,25.0,92,,0.0,8,,13.1,27.4,0,Ha Noi,21.0285,105.8542,Open-Meteo-Historical,
2026-04-21 01:00:00,25.2,94,,0.0,13,,12.3,24.5,0,Ha Noi,21.0285,105.8542,Open-Meteo-Historical,
2026-04-21 02:00:00,25.1,94,,0.0,20,,13.0,24.5,1,Ha Noi,21.0285,105.8542,Open-Meteo-Historical,
2026-04-21 03:00:00,25.0,94,,0.0,25,,13.3,24.8,1,Ha Noi,21.0285,105.8542,Open-Meteo-Historical,
2026-04-21 04:00:00,24.9,94,,0.0,80,,13.0,25.2,3,Ha Noi,21.0285,105.8542,Open-Meteo-Historical,
2026-04-21 05:00:00,24.8,95,,0.0,91,,13.0,24.5,3,Ha Noi,21.0285,105.8542,Open-Meteo-Historical,
2026-04-21 06:00:00,24.8,94,,0.0,95,,12.7,24.5,3,Ha Noi,21.0285,105.8542,Open-Meteo-Historical,
2026-04-21 07:00:00,25.5,90,,0.0,100,,10.5,28.1,3,Ha Noi,21.0285,105.8542,Open-Meteo-Historical,
2026-04-21 08:00:00,26.7,86,,0.0,100,,15.5,29.5,3,Ha Noi,21.0285,105.8542,Open-Meteo-Historical,
2026-04-21 09:00:00,28.1,80,,0.1,98,,15.8,33.1,51,Ha Noi,21.0285,105.8542,Open-Meteo-Historical,
2026-04-21 10:00:00,29.4,76,,0.1,100,,15.9,32.8,51,Ha Noi,21.0285,105.8542,Open-Meteo-Historical,
2026-04-21 11:00:00,30.6,71,,0.0,100,,15.2,33.1,3,Ha Noi,21.0285,105.8542,Open-Meteo-Historical,
2026-04-21 12:00:00,31.9,65,,0.0,33,,15.6,33.1,1,Ha Noi,21.0285,105.8542,Open-Meteo-Historical,
2026-04-21 13:00:00,31.6,62,,0.0,57,,14.3,37.8,2,Ha Noi,21.0285,105.8542,Open-Meteo-Historical,
2026-04-21 14:00:00,31.9,63,,0.2,45,,16.8,34.6,51,Ha Noi,21.0285,105.8542,Open-Meteo-Historical,
2026-04-21 15:00:00,31.4,66,,0.0,73,,18.4,37.1,2,Ha Noi,21.0285,105.8542,Open-Meteo-Historical,
2026-04-21 16:00:00,30.3,72,,0.0,12,,19.5,39.2,0,Ha Noi,21.0285,105.8542,Open-Meteo-Historical,
2026-04-21 17:00:00,29.1,76,,0.0,32,,20.2,40.0,1,Ha Noi,21.0285,105.8542,Open-Meteo-Historical,
2026-04-21 18:00:00,27.9,81,,0.0,0,,19.8,38.5,0,Ha Noi,21.0285,105.8542,Open-Meteo-Historical,
2026-04-21 19:00:00,27.4,84,,0.0,9,,16.9,38.9,0,Ha Noi,21.0285,105.8542,Open-Meteo-Historical,
2026-04-21 20:00:00,27.0,85,,0.0,10,,17.4,33.5,0,Ha Noi,21.0285,105.8542,Open-Meteo-Historical,
2026-04-21 21:00:00,26.5,86,,0.0,0,,14.7,32.4,0,Ha Noi,21.0285,105.8542,Open-Meteo-Historical,
2026-04-21 22:00:00,26.1,87,,0.0,0,,13.0,27.4,0,Ha Noi,21.0285,105.8542,Open-Meteo-Historical,
2026-04-21 23:00:00,26.1,86,,0.0,0,,13.7,25.2,0,Ha Noi,21.0285,105.8542,Open-Meteo-Historical,
2026-04-22 00:00:00,26.0,86,,0.0,0,,13.4,25.9,0,Ha Noi,21.0285,105.8542,Open-Meteo-Historical,
2026-04-22 01:00:00,25.8,90,,0.0,2,,12.9,24.8,0,Ha Noi,21.0285,105.8542,Open-Meteo-Historical,
2026-04-22 02:00:00,25.6,90,,0.0,1,,13.2,24.8,0,Ha Noi,21.0285,105.8542,Open-Meteo-Historical,
2026-04-22 03:00:00,25.5,91,,0.0,1,,12.0,24.5,0,Ha Noi,21.0285,105.8542,Open-Meteo-Historical,
2026-04-22 04:00:00,25.2,92,,0.0,1,,10.0,22.0,0,Ha Noi,21.0285,105.8542,Open-Meteo-Historical,
2026-04-22 05:00:00,24.9,94,,0.0,5,,6.3,18.0,0,Ha Noi,21.0285,105.8542,Open-Meteo-Historical,
2026-04-22 06:00:00,24.8,95,,0.0,15,,6.7,11.9,0,Ha Noi,21.0285,105.8542,Open-Meteo-Historical,
2026-04-22 07:00:00,26.1,90,,0.0,15,,7.5,19.4,0,Ha Noi,21.0285,105.8542,Open-Meteo-Historical,
2026-04-22 08:00:00,28.0,84,,0.0,84,,8.3,18.7,3,Ha Noi,21.0285,105.8542,Open-Meteo-Historical,
2026-04-22 09:00:00,29.2,79,,0.0,98,,5.3,19.1,3,Ha Noi,21.0285,105.8542,Open-Meteo-Historical,
2026-04-22 10:00:00,30.2,76,,0.0,93,,4.6,15.8,3,Ha Noi,21.0285,105.8542,Open-Meteo-Historical,
2026-04-22 11:00:00,31.8,70,,0.0,11,,4.0,15.5,0,Ha Noi,21.0285,105.8542,Open-Meteo-Historical,
2026-04-22 12:00:00,32.5,69,,0.0,7,,8.0,21.2,0,Ha Noi,21.0285,105.8542,Open-Meteo-Historical,
2026-04-22 13:00:00,33.4,64,,0.0,19,,8.0,25.2,0,Ha Noi,21.0285,105.8542,Open-Meteo-Historical,
2026-04-22 14:00:00,34.0,61,,0.0,13,,9.4,22.3,0,Ha Noi,21.0285,105.8542,Open-Meteo-Historical,
2026-04-22 15:00:00,34.3,61,,0.0,11,,11.6,24.5,0,Ha Noi,21.0285,105.8542,Open-Meteo-Historical,
2026-04-22 16:00:00,33.5,66,,0.0,16,,16.4,31.0,0,Ha Noi,21.0285,105.8542,Open-Meteo-Historical,
2026-04-22 17:00:00,31.5,76,,0.0,28,,17.0,36.4,1,Ha Noi,21.0285,105.8542,Open-Meteo-Historical,
2026-04-22 18:00:00,30.2,79,,0.0,28,,16.9,32.4,1,Ha Noi,21.0285,105.8542,Open-Meteo-Historical,
2026-04-22 19:00:00,28.9,86,,0.0,14,,13.7,31.7,0,Ha Noi,21.0285,105.8542,Open-Meteo-Historical,
2026-04-22 20:00:00,27.9,88,,0.0,47,,10.1,25.6,1,Ha Noi,21.0285,105.8542,Open-Meteo-Historical,
2026-04-22 21:00:00,27.1,90,,0.0,37,,11.4,20.9,1,Ha Noi,21.0285,105.8542,Open-Meteo-Historical,
2026-04-22 22:00:00,26.8,91,,0.0,17,,11.5,22.7,0,Ha Noi,21.0285,105.8542,Open-Meteo-Historical,
2026-04-22 23:00:00,25.7,88,,1.9,100,,23.4,41.8,61,Ha Noi,21.0285,105.8542,Open-Meteo-Historical,
2026-04-23 00:00:00,24.3,94,,2.0,95,,17.8,51.8,61,Ha Noi,21.0285,105.8542,Open-Meteo-Historical,
2026-04-23 01:00:00,25.3,94,,0.0,77,,7.5,30.6,2,Ha Noi,21.0285,105.8542,Open-Meteo-Historical,
2026-04-23 02:00:00,24.8,96,,1.4,100,,20.3,35.6,61,Ha Noi,21.0285,105.8542,Open-Meteo-Historical,
2026-04-23 03:00:00,24.0,91,,0.2,100,,16.2,42.5,51,Ha Noi,21.0285,105.8542,Open-Meteo-Historical,
2026-04-23 04:00:00,23.8,93,,0.5,100,,17.0,31.7,53,Ha Noi,21.0285,105.8542,Open-Meteo-Historical,
2026-04-23 05:00:00,24.1,92,,0.3,100,,16.7,30.6,51,Ha Noi,21.0285,105.8542,Open-Meteo-Historical,
2026-04-23 06:00:00,22.8,92,,12.9,100,,22.9,41.4,65,Ha Noi,21.0285,105.8542,Open-Meteo-Historical,
2026-04-23 07:00:00,23.8,93,,0.4,100,,19.9,42.5,51,Ha Noi,21.0285,105.8542,Open-Meteo-Historical,
2026-04-23 08:00:00,23.4,88,,9.7,100,,22.9,43.2,65,Ha Noi,21.0285,105.8542,Open-Meteo-Historical,
2026-04-23 09:00:00,22.8,89,,11.6,100,,19.7,40.7,65,Ha Noi,21.0285,105.8542,Open-Meteo-Historical,
2026-04-23 10:00:00,23.4,80,,1.1,76,,19.9,43.2,55,Ha Noi,21.0285,105.8542,Open-Meteo-Historical,
2026-04-23 11:00:00,24.9,72,,0.0,52,,16.0,36.7,2,Ha Noi,21.0285,105.8542,Open-Meteo-Historical,
2026-04-23 12:00:00,26.6,68,,0.0,71,,11.5,33.1,2,Ha Noi,21.0285,105.8542,Open-Meteo-Historical,
2026-04-23 13:00:00,25.6,69,,0.0,100,,6.8,27.0,3,Ha Noi,21.0285,105.8542,Open-Meteo-Historical,
2026-04-23 14:00:00,26.1,67,,0.0,91,,4.8,16.2,3,Ha Noi,21.0285,105.8542,Open-Meteo-Historical,
2026-04-23 15:00:00,26.9,65,,0.0,100,,4.3,15.1,3,Ha Noi,21.0285,105.8542,Open-Meteo-Historical,
2026-04-23 16:00:00,26.9,66,,0.0,99,,6.1,14.8,3,Ha Noi,21.0285,105.8542,Open-Meteo-Historical,
2026-04-23 17:00:00,26.3,70,,0.0,86,,7.6,15.5,3,Ha Noi,21.0285,105.8542,Open-Meteo-Historical,
2026-04-23 18:00:00,25.1,78,,0.0,86,,5.5,15.5,3,Ha Noi,21.0285,105.8542,Open-Meteo-Historical,
2026-04-23 19:00:00,24.4,82,,0.0,91,,3.2,11.5,3,Ha Noi,21.0285,105.8542,Open-Meteo-Historical,
2026-04-23 20:00:00,23.7,84,,0.0,98,,4.4,9.4,3,Ha Noi,21.0285,105.8542,Open-Meteo-Historical,
2026-04-23 21:00:00,23.3,86,,0.0,59,,3.6,7.9,2,Ha Noi,21.0285,105.8542,Open-Meteo-Historical,
2026-04-23 22:00:00,23.2,87,,0.0,98,,5.5,9.4,3,Ha Noi,21.0285,105.8542,Open-Meteo-Historical,
2026-04-23 23:00:00,23.3,89,,0.0,84,,4.4,14.4,3,Ha Noi,21.0285,105.8542,Open-Meteo-Historical,
2026-04-24 00:00:00,22.9,91,,0.5,99,,6.2,11.2,53,Ha Noi,21.0285,105.8542,Open-Meteo-Historical,
2026-04-24 01:00:00,22.5,93,,4.9,89,,2.1,13.0,63,Ha Noi,21.0285,105.8542,Open-Meteo-Historical,
2026-04-24 02:00:00,22.5,94,,0.0,100,,2.1,6.1,3,Ha Noi,21.0285,105.8542,Open-Meteo-Historical,
2026-04-24 03:00:00,22.8,92,,0.1,99,,5.2,10.4,51,Ha Noi,21.0285,105.8542,Open-Meteo-Historical,
2026-04-24 04:00:00,22.4,94,,7.8,100,,6.2,10.4,65,Ha Noi,21.0285,105.8542,Open-Meteo-Historical,
2026-04-24 05:00:00,22.2,97,,0.4,100,,4.4,12.6,51,Ha Noi,21.0285,105.8542,Open-Meteo-Historical,
2026-04-24 06:00:00,22.6,96,,0.6,100,,8.5,15.8,53,Ha Noi,21.0285,105.8542,Open-Meteo-Historical,
2026-04-24 07:00:00,22.6,88,,0.7,100,,7.4,16.2,53,Ha Noi,21.0285,105.8542,Open-Meteo-Historical,
2026-04-24 08:00:00,23.5,79,,0.0,100,,9.9,20.9,3,Ha Noi,21.0285,105.8542,Open-Meteo-Historical,
2026-04-24 09:00:00,24.5,72,,0.0,100,,8.4,23.4,3,Ha Noi,21.0285,105.8542,Open-Meteo-Historical,
2026-04-24 10:00:00,25.0,72,,0.0,100,,5.3,20.2,3,Ha Noi,21.0285,105.8542,Open-Meteo-Historical,
2026-04-24 11:00:00,25.2,72,,0.0,100,,4.4,14.8,3,Ha Noi,21.0285,105.8542,Open-Meteo-Historical,
2026-04-24 12:00:00,26.0,71,,0.0,100,,5.8,15.8,3,Ha Noi,21.0285,105.8542,Open-Meteo-Historical,
2026-04-24 13:00:00,27.2,64,,0.0,98,,5.8,17.6,3,Ha Noi,21.0285,105.8542,Open-Meteo-Historical,
2026-04-24 14:00:00,27.9,62,,0.0,100,,6.5,17.3,3,Ha Noi,21.0285,105.8542,Open-Meteo-Historical,
2026-04-24 15:00:00,27.9,62,,0.0,100,,7.7,19.1,3,Ha Noi,21.0285,105.8542,Open-Meteo-Historical,
2026-04-24 16:00:00,27.5,64,,0.0,99,,6.5,18.0,3,Ha Noi,21.0285,105.8542,Open-Meteo-Historical,
2026-04-24 17:00:00,27.1,72,,0.0,100,,4.2,13.3,3,Ha Noi,21.0285,105.8542,Open-Meteo-Historical,
2026-04-24 18:00:00,26.2,76,,0.0,97,,7.9,13.3,3,Ha Noi,21.0285,105.8542,Open-Meteo-Historical,
2026-04-24 19:00:00,25.0,83,,0.0,100,,7.3,19.4,3,Ha Noi,21.0285,105.8542,Open-Meteo-Historical,
2026-04-24 20:00:00,24.8,83,,0.0,100,,6.0,13.3,3,Ha Noi,21.0285,105.8542,Open-Meteo-Historical,
2026-04-24 21:00:00,24.3,86,,0.0,0,,3.6,11.2,0,Ha Noi,21.0285,105.8542,Open-Meteo-Historical,
2026-04-24 22:00:00,23.5,90,,0.0,24,,2.4,6.5,1,Ha Noi,21.0285,105.8542,Open-Meteo-Historical,
2026-04-24 23:00:00,23.1,93,,0.0,89,,4.1,7.2,3,Ha Noi,21.0285,105.8542,Open-Meteo-Historical,
2026-04-25 00:00:00,23.1,94,,0.0,100,,3.6,7.2,3,Ha Noi,21.0285,105.8542,Open-Meteo-Historical,
2026-04-25 01:00:00,23.2,91,,0.0,96,,4.5,6.5,3,Ha Noi,21.0285,105.8542,Open-Meteo-Historical,
2026-04-25 02:00:00,23.5,89,,0.0,99,,5.4,9.7,3,Ha Noi,21.0285,105.8542,Open-Meteo-Historical,
2026-04-25 03:00:00,23.5,88,,0.0,5,,4.6,10.4,0,Ha Noi,21.0285,105.8542,Open-Meteo-Historical,
2026-04-25 04:00:00,22.5,94,,0.0,3,,4.2,8.6,0,Ha Noi,21.0285,105.8542,Open-Meteo-Historical,
2026-04-25 05:00:00,22.1,94,,0.0,14,,4.1,7.6,0,Ha Noi,21.0285,105.8542,Open-Meteo-Historical,
2026-04-25 06:00:00,22.4,95,,0.0,20,,3.8,7.2,1,Ha Noi,21.0285,105.8542,Open-Meteo-Historical,
2026-04-25 07:00:00,23.7,89,,0.0,13,,2.9,9.7,0,Ha Noi,21.0285,105.8542,Open-Meteo-Historical,
2026-04-25 08:00:00,25.0,82,,0.0,2,,2.9,11.5,0,Ha Noi,21.0285,105.8542,Open-Meteo-Historical,
2026-04-25 09:00:00,26.4,73,,0.2,33,,3.3,13.0,51,Ha Noi,21.0285,105.8542,Open-Meteo-Historical,
2026-04-25 10:00:00,27.1,68,,0.1,43,,4.5,15.1,51,Ha Noi,21.0285,105.8542,Open-Meteo-Historical,
2026-04-25 11:00:00,28.1,64,,0.0,35,,4.2,15.5,1,Ha Noi,21.0285,105.8542,Open-Meteo-Historical,
2026-04-25 12:00:00,28.9,60,,0.0,7,,4.5,15.8,0,Ha Noi,21.0285,105.8542,Open-Meteo-Historical,
2026-04-25 13:00:00,29.0,57,,0.0,20,,6.2,19.4,1,Ha Noi,21.0285,105.8542,Open-Meteo-Historical,
2026-04-25 14:00:00,29.2,57,,0.0,10,,7.8,20.5,0,Ha Noi,21.0285,105.8542,Open-Meteo-Historical,
2026-04-25 15:00:00,29.2,56,,0.0,19,,7.9,20.5,0,Ha Noi,21.0285,105.8542,Open-Meteo-Historical,
2026-04-25 16:00:00,29.1,55,,0.0,59,,8.1,18.7,2,Ha Noi,21.0285,105.8542,Open-Meteo-Historical,
2026-04-25 17:00:00,28.3,64,,0.0,51,,5.5,16.9,2,Ha Noi,21.0285,105.8542,Open-Meteo-Historical,
2026-04-25 18:00:00,27.0,71,,0.0,37,,9.3,15.5,1,Ha Noi,21.0285,105.8542,Open-Meteo-Historical,
2026-04-25 19:00:00,25.7,81,,0.0,80,,9.2,24.1,3,Ha Noi,21.0285,105.8542,Open-Meteo-Historical,
2026-04-25 20:00:00,25.2,83,,0.0,31,,12.0,22.3,1,Ha Noi,21.0285,105.8542,Open-Meteo-Historical,
2026-04-25 21:00:00,24.5,85,,0.0,96,,10.7,22.0,3,Ha Noi,21.0285,105.8542,Open-Meteo-Historical,
2026-04-25 22:00:00,23.9,89,,0.0,98,,10.5,20.5,3,Ha Noi,21.0285,105.8542,Open-Meteo-Historical,
2026-04-25 23:00:00,23.5,92,,0.0,76,,9.8,19.4,2,Ha Noi,21.0285,105.8542,Open-Meteo-Historical,
2026-04-26 00:00:00,23.0,94,,0.0,100,,6.5,18.0,3,Ha Noi,21.0285,105.8542,Open-Meteo-Historical,
2026-04-26 01:00:00,23.5,93,,0.0,99,,6.1,12.2,3,Ha Noi,21.0285,105.8542,Open-Meteo-Historical,
2026-04-26 02:00:00,23.4,94,,0.0,18,,6.9,13.0,0,Ha Noi,21.0285,105.8542,Open-Meteo-Historical,
2026-04-26 03:00:00,23.0,95,,0.0,30,,6.1,13.0,1,Ha Noi,21.0285,105.8542,Open-Meteo-Historical,
2026-04-26 04:00:00,22.7,96,,0.0,98,,5.0,11.2,3,Ha Noi,21.0285,105.8542,Open-Meteo-Historical,
2026-04-26 05:00:00,22.5,97,,0.0,100,,4.5,9.4,3,Ha Noi,21.0285,105.8542,Open-Meteo-Historical,
2026-04-26 06:00:00,22.5,98,,0.0,100,,4.4,9.0,3,Ha Noi,21.0285,105.8542,Open-Meteo-Historical,
2026-04-26 07:00:00,23.2,95,,0.0,98,,6.7,11.9,3,Ha Noi,21.0285,105.8542,Open-Meteo-Historical,
2026-04-26 08:00:00,25.0,87,,0.0,100,,7.6,18.4,3,Ha Noi,21.0285,105.8542,Open-Meteo-Historical,
2026-04-26 09:00:00,26.1,79,,0.0,88,,7.9,19.4,3,Ha Noi,21.0285,105.8542,Open-Meteo-Historical,
2026-04-26 10:00:00,27.5,68,,0.0,64,,10.2,24.1,2,Ha Noi,21.0285,105.8542,Open-Meteo-Historical,
2026-04-26 11:00:00,28.5,64,,0.0,76,,11.3,27.0,2,Ha Noi,21.0285,105.8542,Open-Meteo-Historical,
2026-04-26 12:00:00,29.4,59,,0.0,100,,12.8,30.2,3,Ha Noi,21.0285,105.8542,Open-Meteo-Historical,
2026-04-26 13:00:00,28.5,60,,0.0,100,,9.3,29.2,3,Ha Noi,21.0285,105.8542,Open-Meteo-Historical,
2026-04-26 14:00:00,28.8,60,,0.0,100,,8.6,19.8,3,Ha Noi,21.0285,105.8542,Open-Meteo-Historical,
2026-04-26 15:00:00,28.8,61,,0.0,100,,10.7,22.3,3,Ha Noi,21.0285,105.8542,Open-Meteo-Historical,
2026-04-26 16:00:00,27.6,69,,0.0,100,,13.7,27.7,3,Ha Noi,21.0285,105.8542,Open-Meteo-Historical,
2026-04-26 17:00:00,26.6,76,,0.0,100,,11.3,28.1,3,Ha Noi,21.0285,105.8542,Open-Meteo-Historical,
2026-04-26 18:00:00,25.8,82,,2.9,100,,10.5,21.2,63,Ha Noi,21.0285,105.8542,Open-Meteo-Historical,
2026-04-26 19:00:00,25.0,87,,0.0,100,,11.7,20.9,3,Ha Noi,21.0285,105.8542,Open-Meteo-Historical,
2026-04-26 20:00:00,24.6,89,,0.1,100,,12.0,22.7,51,Ha Noi,21.0285,105.8542,Open-Meteo-Historical,
2026-04-26 21:00:00,24.3,91,,0.0,88,,11.2,21.2,3,Ha Noi,21.0285,105.8542,Open-Meteo-Historical,
2026-04-26 22:00:00,24.0,92,,0.4,59,,11.9,20.9,51,Ha Noi,21.0285,105.8542,Open-Meteo-Historical,
2026-04-26 23:00:00,23.7,94,,0.0,9,,11.8,23.0,0,Ha Noi,21.0285,105.8542,Open-Meteo-Historical,
2026-04-27 00:00:00,23.4,95,,0.0,11,,8.5,20.9,0,Ha Noi,21.0285,105.8542,Open-Meteo-Historical,
2026-04-27 01:00:00,24.0,96,,0.0,5,,6.5,15.1,0,Ha Noi,21.0285,105.8542,Open-Meteo-Historical,
2026-04-27 02:00:00,23.7,96,,0.0,7,,6.8,12.2,0,Ha Noi,21.0285,105.8542,Open-Meteo-Historical,
2026-04-27 03:00:00,23.6,96,,0.0,14,,8.0,14.4,0,Ha Noi,21.0285,105.8542,Open-Meteo-Historical,
2026-04-27 04:00:00,23.5,96,,0.0,40,,8.9,15.8,1,Ha Noi,21.0285,105.8542,Open-Meteo-Historical,
2026-04-27 05:00:00,23.5,96,,0.0,20,,8.5,15.8,1,Ha Noi,21.0285,105.8542,Open-Meteo-Historical,
2026-04-27 06:00:00,23.5,97,,0.0,31,,8.6,14.8,1,Ha Noi,21.0285,105.8542,Open-Meteo-Historical,
2026-04-27 07:00:00,24.3,94,,0.0,27,,9.2,21.6,1,Ha Noi,21.0285,105.8542,Open-Meteo-Historical,
2026-04-27 08:00:00,26.0,87,,0.0,5,,11.7,24.1,0,Ha Noi,21.0285,105.8542,Open-Meteo-Historical,
2026-04-27 09:00:00,27.6,76,,0.0,17,,14.8,30.6,0,Ha Noi,21.0285,105.8542,Open-Meteo-Historical,
2026-04-27 10:00:00,29.0,69,,0.0,100,,19.1,39.6,3,Ha Noi,21.0285,105.8542,Open-Meteo-Historical,
2026-04-27 11:00:00,29.5,66,,0.0,88,,16.3,39.2,3,Ha Noi,21.0285,105.8542,Open-Meteo-Historical,
2026-04-27 12:00:00,30.4,62,,0.0,42,,13.6,34.2,1,Ha Noi,21.0285,105.8542,Open-Meteo-Historical,
2026-04-27 13:00:00,30.9,59,,0.0,26,,10.4,28.8,1,Ha Noi,21.0285,105.8542,Open-Meteo-Historical,
2026-04-27 14:00:00,31.4,59,,0.0,66,,8.5,23.4,2,Ha Noi,21.0285,105.8542,Open-Meteo-Historical,
2026-04-27 15:00:00,31.3,59,,0.0,73,,11.7,24.8,2,Ha Noi,21.0285,105.8542,Open-Meteo-Historical,
2026-04-27 16:00:00,30.3,65,,0.2,100,,14.0,28.1,51,Ha Noi,21.0285,105.8542,Open-Meteo-Historical,
2026-04-27 17:00:00,29.2,71,,0.0,91,,16.5,30.6,3,Ha Noi,21.0285,105.8542,Open-Meteo-Historical,
2026-04-27 18:00:00,27.6,80,,0.0,11,,16.6,33.1,0,Ha Noi,21.0285,105.8542,Open-Meteo-Historical,
2026-04-27 19:00:00,26.2,84,,0.0,100,,14.6,32.0,3,Ha Noi,21.0285,105.8542,Open-Meteo-Historical,
2026-04-27 20:00:00,25.7,86,,0.0,100,,17.3,31.7,3,Ha Noi,21.0285,105.8542,Open-Meteo-Historical,
2026-04-27 21:00:00,25.4,87,,0.0,80,,16.2,35.3,3,Ha Noi,21.0285,105.8542,Open-Meteo-Historical,
2026-04-27 22:00:00,25.0,90,,0.0,3,,14.5,29.9,0,Ha Noi,21.0285,105.8542,Open-Meteo-Historical,
2026-04-27 23:00:00,24.6,94,,0.0,20,,12.8,27.4,1,Ha Noi,21.0285,105.8542,Open-Meteo-Historical,
2026-04-28 00:00:00,24.5,96,,0.0,20,,12.7,23.8,1,Ha Noi,21.0285,105.8542,Open-Meteo-Historical,
2026-04-28 01:00:00,24.3,97,,0.0,100,,10.5,23.8,3,Ha Noi,21.0285,105.8542,Open-Meteo-Historical,
2026-04-28 02:00:00,24.5,96,,0.0,100,,11.8,21.6,3,Ha Noi,21.0285,105.8542,Open-Meteo-Historical,
2026-04-28 03:00:00,24.8,96,,0.0,100,,12.2,22.7,3,Ha Noi,21.0285,105.8542,Open-Meteo-Historical,
2026-04-28 04:00:00,24.8,97,,0.0,100,,11.4,22.7,3,Ha Noi,21.0285,105.8542,Open-Meteo-Historical,
2026-04-28 05:00:00,24.8,97,,0.0,100,,11.4,21.2,3,Ha Noi,21.0285,105.8542,Open-Meteo-Historical,
2026-04-28 06:00:00,24.9,96,,0.0,100,,11.9,21.6,3,Ha Noi,21.0285,105.8542,Open-Meteo-Historical,
2026-04-28 07:00:00,25.3,93,,0.0,100,,13.4,28.4,3,Ha Noi,21.0285,105.8542,Open-Meteo-Historical,
2026-04-28 08:00:00,26.2,88,,0.0,70,,14.4,28.1,2,Ha Noi,21.0285,105.8542,Open-Meteo-Historical,
2026-04-28 09:00:00,27.8,79,,0.0,98,,16.2,33.5,3,Ha Noi,21.0285,105.8542,Open-Meteo-Historical,
2026-04-28 10:00:00,28.6,77,,0.0,73,,12.9,32.8,2,Ha Noi,21.0285,105.8542,Open-Meteo-Historical,
2026-04-28 11:00:00,30.5,66,,0.0,76,,11.7,29.2,2,Ha Noi,21.0285,105.8542,Open-Meteo-Historical,
2026-04-28 12:00:00,31.3,68,,0.0,38,,10.7,26.6,1,Ha Noi,21.0285,105.8542,Open-Meteo-Historical,
2026-04-28 13:00:00,31.7,65,,0.1,59,,9.4,31.3,51,Ha Noi,21.0285,105.8542,Open-Meteo-Historical,
2026-04-28 14:00:00,31.9,64,,0.0,62,,11.3,25.9,2,Ha Noi,21.0285,105.8542,Open-Meteo-Historical,
2026-04-28 15:00:00,31.2,67,,0.4,71,,12.8,32.0,51,Ha Noi,21.0285,105.8542,Open-Meteo-Historical,
2026-04-28 16:00:00,30.8,71,,0.0,45,,12.9,26.3,1,Ha Noi,21.0285,105.8542,Open-Meteo-Historical,
2026-04-28 17:00:00,30.4,73,,0.0,30,,13.9,26.6,1,Ha Noi,21.0285,105.8542,Open-Meteo-Historical,
2026-04-28 18:00:00,28.9,82,,0.0,20,,13.0,26.3,1,Ha Noi,21.0285,105.8542,Open-Meteo-Historical,
2026-04-28 19:00:00,28.0,80,,0.0,16,,10.4,26.3,0,Ha Noi,21.0285,105.8542,Open-Meteo-Historical,
2026-04-28 20:00:00,27.4,81,,0.0,47,,9.6,19.4,1,Ha Noi,21.0285,105.8542,Open-Meteo-Historical,
2026-04-28 21:00:00,27.0,87,,0.0,15,,11.5,20.9,0,Ha Noi,21.0285,105.8542,Open-Meteo-Historical,
2026-04-28 22:00:00,26.4,88,,0.0,0,,12.9,23.4,0,Ha Noi,21.0285,105.8542,Open-Meteo-Historical,
2026-04-28 23:00:00,26.0,90,,0.0,88,,10.9,24.1,3,Ha Noi,21.0285,105.8542,Open-Meteo-Historical,
2026-04-29 00:00:00,25.4,92,,0.0,33,,9.1,19.8,1,Ha Noi,21.0285,105.8542,Open-Meteo-Historical,
2026-04-29 01:00:00,25.7,92,,12.4,97,,11.5,49.0,65,Ha Noi,21.0285,105.8542,Open-Meteo-Historical,
2026-04-29 02:00:00,24.2,92,,0.1,98,,18.3,37.4,51,Ha Noi,21.0285,105.8542,Open-Meteo-Historical,
2026-04-29 03:00:00,23.4,91,,0.2,98,,22.4,45.4,51,Ha Noi,21.0285,105.8542,Open-Meteo-Historical,
2026-04-29 04:00:00,22.6,93,,3.3,100,,19.7,42.5,63,Ha Noi,21.0285,105.8542,Open-Meteo-Historical,
2026-04-29 05:00:00,22.9,93,,5.6,100,,15.0,34.9,63,Ha Noi,21.0285,105.8542,Open-Meteo-Historical,
2026-04-29 06:00:00,22.5,91,,0.4,43,,16.2,28.4,51,Ha Noi,21.0285,105.8542,Open-Meteo-Historical,
2026-04-29 07:00:00,23.0,76,,0.0,95,,15.9,33.8,3,Ha Noi,21.0285,105.8542,Open-Meteo-Historical,
2026-04-29 08:00:00,23.8,71,,0.0,100,,18.6,36.7,3,Ha Noi,21.0285,105.8542,Open-Meteo-Historical,
2026-04-29 09:00:00,23.3,70,,0.0,100,,16.3,37.4,3,Ha Noi,21.0285,105.8542,Open-Meteo-Historical,
2026-04-29 10:00:00,24.0,63,,0.0,100,,14.7,31.0,3,Ha Noi,21.0285,105.8542,Open-Meteo-Historical,
2026-04-29 11:00:00,25.4,55,,0.0,81,,16.8,36.0,3,Ha Noi,21.0285,105.8542,Open-Meteo-Historical,
2026-04-29 12:00:00,26.5,57,,0.0,100,,14.1,34.6,3,Ha Noi,21.0285,105.8542,Open-Meteo-Historical,
2026-04-29 13:00:00,27.2,52,,0.0,22,,16.1,32.4,1,Ha Noi,21.0285,105.8542,Open-Meteo-Historical,
2026-04-29 14:00:00,28.0,49,,0.0,96,,15.7,34.6,3,Ha Noi,21.0285,105.8542,Open-Meteo-Historical,
2026-04-29 15:00:00,28.6,48,,0.0,100,,12.5,32.4,3,Ha Noi,21.0285,105.8542,Open-Meteo-Historical,
2026-04-29 16:00:00,27.3,59,,0.0,100,,8.2,25.9,3,Ha Noi,21.0285,105.8542,Open-Meteo-Historical,
2026-04-29 17:00:00,26.9,62,,0.0,100,,6.6,15.1,3,Ha Noi,21.0285,105.8542,Open-Meteo-Historical,
2026-04-29 18:00:00,25.6,66,,0.0,99,,8.3,15.1,3,Ha Noi,21.0285,105.8542,Open-Meteo-Historical,
2026-04-29 19:00:00,24.9,66,,0.0,99,,9.7,15.1,3,Ha Noi,21.0285,105.8542,Open-Meteo-Historical,
2026-04-29 20:00:00,24.4,62,,0.0,99,,13.2,23.0,3,Ha Noi,21.0285,105.8542,Open-Meteo-Historical,
2026-04-29 21:00:00,23.5,61,,0.0,54,,10.3,24.8,2,Ha Noi,21.0285,105.8542,Open-Meteo-Historical,
2026-04-29 22:00:00,22.3,69,,0.0,95,,6.1,18.4,3,Ha Noi,21.0285,105.8542,Open-Meteo-Historical,
2026-04-29 23:00:00,22.1,72,,0.0,100,,5.9,10.8,3,Ha Noi,21.0285,105.8542,Open-Meteo-Historical,
2026-04-30 00:00:00,21.8,71,,0.0,78,,8.4,14.8,2,Ha Noi,21.0285,105.8542,Open-Meteo-Historical,
2026-04-30 01:00:00,22.5,70,,0.0,100,,8.0,15.8,3,Ha Noi,21.0285,105.8542,Open-Meteo-Historical,
2026-04-30 02:00:00,22.5,67,,0.0,98,,10.9,19.8,3,Ha Noi,21.0285,105.8542,Open-Meteo-Historical,
2026-04-30 03:00:00,22.1,63,,0.0,91,,12.3,23.0,3,Ha Noi,21.0285,105.8542,Open-Meteo-Historical,
2026-04-30 04:00:00,21.2,64,,0.0,45,,10.7,23.0,1,Ha Noi,21.0285,105.8542,Open-Meteo-Historical,
2026-04-30 05:00:00,20.6,66,,0.0,92,,9.3,19.4,3,Ha Noi,21.0285,105.8542,Open-Meteo-Historical,
2026-04-30 06:00:00,20.1,71,,0.0,22,,5.9,16.9,1,Ha Noi,21.0285,105.8542,Open-Meteo-Historical,
2026-04-30 07:00:00,21.4,71,,0.0,0,,5.8,10.4,0,Ha Noi,21.0285,105.8542,Open-Meteo-Historical,
2026-04-30 08:00:00,22.5,59,,0.0,17,,9.5,21.2,0,Ha Noi,21.0285,105.8542,Open-Meteo-Historical,
2026-04-30 09:00:00,23.2,57,,0.0,90,,8.1,21.6,3,Ha Noi,21.0285,105.8542,Open-Meteo-Historical,
2026-04-30 10:00:00,24.3,55,,0.0,2,,5.6,20.5,0,Ha Noi,21.0285,105.8542,Open-Meteo-Historical,
2026-04-30 11:00:00,25.2,55,,0.0,23,,6.2,19.1,1,Ha Noi,21.0285,105.8542,Open-Meteo-Historical,
2026-04-30 12:00:00,25.9,55,,0.0,14,,4.9,19.4,0,Ha Noi,21.0285,105.8542,Open-Meteo-Historical,
2026-04-30 13:00:00,25.9,55,,0.0,62,,2.6,17.6,2,Ha Noi,21.0285,105.8542,Open-Meteo-Historical,
2026-04-30 14:00:00,26.4,55,,0.0,100,,1.3,12.6,3,Ha Noi,21.0285,105.8542,Open-Meteo-Historical,
2026-04-30 15:00:00,26.0,56,,0.0,91,,1.2,10.8,3,Ha Noi,21.0285,105.8542,Open-Meteo-Historical,
2026-04-30 16:00:00,26.4,55,,0.0,33,,4.8,11.9,1,Ha Noi,21.0285,105.8542,Open-Meteo-Historical,
2026-04-30 17:00:00,25.5,61,,0.0,2,,8.5,16.9,0,Ha Noi,21.0285,105.8542,Open-Meteo-Historical,
2026-04-30 18:00:00,24.0,67,,0.0,2,,7.7,16.6,0,Ha Noi,21.0285,105.8542,Open-Meteo-Historical,
2026-04-30 19:00:00,22.9,75,,0.0,5,,5.6,14.4,0,Ha Noi,21.0285,105.8542,Open-Meteo-Historical,
2026-04-30 20:00:00,22.5,73,,0.0,3,,5.5,10.1,0,Ha Noi,21.0285,105.8542,Open-Meteo-Historical,
2026-04-30 21:00:00,22.6,72,,0.0,4,,8.8,14.8,0,Ha Noi,21.0285,105.8542,Open-Meteo-Historical,
2026-04-30 22:00:00,22.4,77,,0.0,6,,10.9,19.8,0,Ha Noi,21.0285,105.8542,Open-Meteo-Historical,
2026-04-30 23:00:00,21.9,82,,0.0,0,,9.0,19.8,0,Ha Noi,21.0285,105.8542,Open-Meteo-Historical,
2026-05-01 00:00:00,21.3,86,,0.0,1,,7.8,16.6,0,Ha Noi,21.0285,105.8542,Open-Meteo-Historical,
2026-05-01 01:00:00,21.2,87,,0.0,0,,7.7,14.0,0,Ha Noi,21.0285,105.8542,Open-Meteo-Historical,
2026-05-01 02:00:00,21.1,88,,0.0,44,,5.9,14.0,1,Ha Noi,21.0285,105.8542,Open-Meteo-Historical,
2026-05-01 03:00:00,20.8,90,,0.0,91,,6.1,11.2,3,Ha Noi,21.0285,105.8542,Open-Meteo-Historical,
2026-05-01 04:00:00,20.5,92,,0.0,0,,5.9,11.9,0,Ha Noi,21.0285,105.8542,Open-Meteo-Historical,
2026-05-01 05:00:00,20.1,94,,0.0,2,,4.4,11.2,0,Ha Noi,21.0285,105.8542,Open-Meteo-Historical,
2026-05-01 06:00:00,20.5,93,,0.0,3,,5.7,9.7,0,Ha Noi,21.0285,105.8542,Open-Meteo-Historical,
2026-05-01 07:00:00,21.8,89,,0.0,89,,5.5,14.4,3,Ha Noi,21.0285,105.8542,Open-Meteo-Historical,
2026-05-01 08:00:00,23.8,78,,0.0,73,,8.3,19.4,2,Ha Noi,21.0285,105.8542,Open-Meteo-Historical,
2026-05-01 09:00:00,25.4,70,,0.0,99,,13.0,27.4,3,Ha Noi,21.0285,105.8542,Open-Meteo-Historical,
2026-05-01 10:00:00,26.3,66,,0.0,100,,13.6,30.6,3,Ha Noi,21.0285,105.8542,Open-Meteo-Historical,
2026-05-01 11:00:00,26.3,66,,0.0,100,,13.7,29.5,3,Ha Noi,21.0285,105.8542,Open-Meteo-Historical,
2026-05-01 12:00:00,26.9,65,,0.0,100,,14.5,31.0,3,Ha Noi,21.0285,105.8542,Open-Meteo-Historical,
2026-05-01 13:00:00,27.4,64,,0.0,100,,13.6,30.6,3,Ha Noi,21.0285,105.8542,Open-Meteo-Historical,
2026-05-01 14:00:00,27.9,61,,0.0,100,,14.2,30.6,3,Ha Noi,21.0285,105.8542,Open-Meteo-Historical,
2026-05-01 15:00:00,28.0,61,,0.0,100,,14.7,33.1,3,Ha Noi,21.0285,105.8542,Open-Meteo-Historical,
2026-05-01 16:00:00,27.5,66,,0.0,100,,13.3,30.2,3,Ha Noi,21.0285,105.8542,Open-Meteo-Historical,
2026-05-01 17:00:00,27.0,67,,0.0,100,,14.5,26.6,3,Ha Noi,21.0285,105.8542,Open-Meteo-Historical,
2026-05-01 18:00:00,25.3,74,,0.0,95,,15.6,30.6,3,Ha Noi,21.0285,105.8542,Open-Meteo-Historical,
2026-05-01 19:00:00,24.5,77,,0.0,98,,13.7,29.2,3,Ha Noi,21.0285,105.8542,Open-Meteo-Historical,
2026-05-01 20:00:00,24.1,79,,0.0,16,,13.7,26.6,0,Ha Noi,21.0285,105.8542,Open-Meteo-Historical,
2026-05-01 21:00:00,23.6,84,,0.0,29,,12.2,25.2,1,Ha Noi,21.0285,105.8542,Open-Meteo-Historical,
2026-05-01 22:00:00,23.3,87,,0.0,17,,11.3,22.3,0,Ha Noi,21.0285,105.8542,Open-Meteo-Historical,
2026-05-01 23:00:00,23.1,89,,0.0,100,,11.7,21.2,3,Ha Noi,21.0285,105.8542,Open-Meteo-Historical,
2026-05-02 00:00:00,23.0,90,,0.0,95,,9.8,21.6,3,Ha Noi,21.0285,105.8542,Open-Meteo-Historical,
2026-05-02 01:00:00,22.9,93,,0.0,80,,6.5,17.6,3,Ha Noi,21.0285,105.8542,Open-Meteo-Historical,
2026-05-02 02:00:00,22.8,94,,0.0,74,,6.9,12.6,2,Ha Noi,21.0285,105.8542,Open-Meteo-Historical,
2026-05-02 03:00:00,22.6,95,,0.0,99,,6.9,12.6,3,Ha Noi,21.0285,105.8542,Open-Meteo-Historical,
2026-05-02 04:00:00,22.7,94,,0.0,100,,8.1,14.8,3,Ha Noi,21.0285,105.8542,Open-Meteo-Historical,
2026-05-02 05:00:00,22.5,95,,0.0,100,,5.5,14.8,3,Ha Noi,21.0285,105.8542,Open-Meteo-Historical,
2026-05-02 06:00:00,22.8,94,,0.0,92,,5.5,9.7,3,Ha Noi,21.0285,105.8542,Open-Meteo-Historical,
2026-05-02 07:00:00,24.0,90,,0.0,99,,5.6,14.0,3,Ha Noi,21.0285,105.8542,Open-Meteo-Historical,
2026-05-02 08:00:00,25.8,83,,0.0,98,,5.6,14.8,3,Ha Noi,21.0285,105.8542,Open-Meteo-Historical,
2026-05-02 09:00:00,27.4,76,,0.0,100,,12.4,24.8,3,Ha Noi,21.0285,105.8542,Open-Meteo-Historical,
2026-05-02 10:00:00,28.1,76,,0.1,100,,12.3,29.5,51,Ha Noi,21.0285,105.8542,Open-Meteo-Historical,
2026-05-02 11:00:00,29.4,70,,0.0,100,,15.3,31.7,3,Ha Noi,21.0285,105.8542,Open-Meteo-Historical,
2026-05-02 12:00:00,30.2,68,,0.0,100,,10.5,31.0,3,Ha Noi,21.0285,105.8542,Open-Meteo-Historical,
2026-05-02 13:00:00,31.6,62,,0.0,100,,8.8,30.6,3,Ha Noi,21.0285,105.8542,Open-Meteo-Historical,
2026-05-02 14:00:00,27.1,82,,5.1,100,,21.7,42.8,63,Ha Noi,21.0285,105.8542,Open-Meteo-Historical,
2026-05-02 15:00:00,26.3,89,,0.7,92,,8.4,43.2,53,Ha Noi,21.0285,105.8542,Open-Meteo-Historical,
2026-05-02 16:00:00,27.9,85,,0.0,96,,8.1,18.4,3,Ha Noi,21.0285,105.8542,Open-Meteo-Historical,
2026-05-02 17:00:00,27.0,88,,0.5,99,,7.8,19.8,53,Ha Noi,21.0285,105.8542,Open-Meteo-Historical,
2026-05-02 18:00:00,27.0,89,,0.1,95,,6.8,12.6,51,Ha Noi,21.0285,105.8542,Open-Meteo-Historical,
2026-05-02 19:00:00,23.8,96,,0.0,88,,6.8,11.5,3,Ha Noi,21.0285,105.8542,Open-Meteo-Historical,
2026-05-02 20:00:00,24.6,94,,0.0,76,,1.9,11.5,2,Ha Noi,21.0285,105.8542,Open-Meteo-Historical,
2026-05-02 21:00:00,24.5,97,,0.0,94,,9.4,14.0,3,Ha Noi,21.0285,105.8542,Open-Meteo-Historical,
2026-05-02 22:00:00,24.0,96,,0.0,88,,9.9,21.6,3,Ha Noi,21.0285,105.8542,Open-Meteo-Historical,
2026-05-02 23:00:00,23.7,97,,0.0,48,,5.1,17.6,1,Ha Noi,21.0285,105.8542,Open-Meteo-Historical,
2026-05-03 00:00:00,23.5,97,,0.0,63,,3.4,9.0,2,Ha Noi,21.0285,105.8542,Open-Meteo-Historical,
2026-05-03 01:00:00,23.6,98,,0.0,20,,2.4,6.8,1,Ha Noi,21.0285,105.8542,Open-Meteo-Historical,
2026-05-03 02:00:00,23.4,99,,0.0,14,,3.1,4.0,0,Ha Noi,21.0285,105.8542,Open-Meteo-Historical,
2026-05-03 03:00:00,23.5,98,,0.0,98,,0.7,5.4,3,Ha Noi,21.0285,105.8542,Open-Meteo-Historical,
2026-05-03 04:00:00,23.5,99,,0.0,91,,0.4,1.4,3,Ha Noi,21.0285,105.8542,Open-Meteo-Historical,
2026-05-03 05:00:00,23.3,99,,0.0,95,,1.1,2.5,3,Ha Noi,21.0285,105.8542,Open-Meteo-Historical,
2026-05-03 06:00:00,23.9,99,,0.0,100,,2.8,5.0,3,Ha Noi,21.0285,105.8542,Open-Meteo-Historical,
2026-05-03 07:00:00,24.2,98,,0.0,100,,7.5,8.6,3,Ha Noi,21.0285,105.8542,Open-Meteo-Historical,
2026-05-03 08:00:00,24.9,96,,0.1,100,,6.9,15.8,51,Ha Noi,21.0285,105.8542,Open-Meteo-Historical,
2026-05-03 09:00:00,25.5,93,,0.4,100,,9.1,18.7,51,Ha Noi,21.0285,105.8542,Open-Meteo-Historical,
2026-05-03 10:00:00,25.9,92,,0.6,100,,10.8,20.5,53,Ha Noi,21.0285,105.8542,Open-Meteo-Historical,
2026-05-03 11:00:00,27.3,84,,0.3,98,,12.3,25.9,51,Ha Noi,21.0285,105.8542,Open-Meteo-Historical,
2026-05-03 12:00:00,27.2,85,,0.5,99,,11.2,25.2,53,Ha Noi,21.0285,105.8542,Open-Meteo-Historical,
2026-05-03 13:00:00,26.6,80,,9.4,91,,14.3,41.4,65,Ha Noi,21.0285,105.8542,Open-Meteo-Historical,
2026-05-03 14:00:00,27.6,76,,0.1,42,,15.2,36.7,51,Ha Noi,21.0285,105.8542,Open-Meteo-Historical,
2026-05-03 15:00:00,27.7,73,,0.0,95,,16.8,37.4,3,Ha Noi,21.0285,105.8542,Open-Meteo-Historical,
2026-05-03 16:00:00,27.0,75,,0.1,54,,16.4,36.7,51,Ha Noi,21.0285,105.8542,Open-Meteo-Historical,
2026-05-03 17:00:00,26.5,75,,0.0,83,,13.9,33.5,3,Ha Noi,21.0285,105.8542,Open-Meteo-Historical,
2026-05-03 18:00:00,25.6,75,,0.0,89,,12.5,26.3,3,Ha Noi,21.0285,105.8542,Open-Meteo-Historical,
2026-05-03 19:00:00,24.9,82,,0.0,73,,13.5,24.5,2,Ha Noi,21.0285,105.8542,Open-Meteo-Historical,
2026-05-03 20:00:00,24.1,83,,0.0,82,,14.4,26.6,3,Ha Noi,21.0285,105.8542,Open-Meteo-Historical,
2026-05-03 21:00:00,23.2,85,,0.8,98,,16.3,29.9,53,Ha Noi,21.0285,105.8542,Open-Meteo-Historical,
2026-05-03 22:00:00,22.4,88,,7.5,100,,15.6,29.2,63,Ha Noi,21.0285,105.8542,Open-Meteo-Historical,
2026-05-03 23:00:00,21.9,88,,16.8,80,,14.9,27.7,65,Ha Noi,21.0285,105.8542,Open-Meteo-Historical,
2026-05-04 00:00:00,21.2,92,,1.7,100,,15.8,29.5,61,Ha Noi,21.0285,105.8542,Open-Meteo-Historical,
2026-05-04 01:00:00,21.4,91,,1.0,77,,17.4,29.2,55,Ha Noi,21.0285,105.8542,Open-Meteo-Historical,
2026-05-04 02:00:00,20.9,89,,3.4,95,,14.0,31.0,63,Ha Noi,21.0285,105.8542,Open-Meteo-Historical,
2026-05-04 03:00:00,20.7,90,,0.3,100,,14.7,25.2,51,Ha Noi,21.0285,105.8542,Open-Meteo-Historical,
2026-05-04 04:00:00,20.1,90,,1.2,100,,11.3,27.7,55,Ha Noi,21.0285,105.8542,Open-Meteo-Historical,
2026-05-04 05:00:00,20.1,86,,0.4,100,,13.0,22.7,51,Ha Noi,21.0285,105.8542,Open-Meteo-Historical,
2026-05-04 06:00:00,19.6,91,,3.6,100,,11.8,24.8,63,Ha Noi,21.0285,105.8542,Open-Meteo-Historical,
2026-05-04 07:00:00,21.6,78,,3.1,100,,9.2,25.6,63,Ha Noi,21.0285,105.8542,Open-Meteo-Historical,
2026-05-04 08:00:00,21.9,72,,0.0,100,,11.6,22.7,3,Ha Noi,21.0285,105.8542,Open-Meteo-Historical,
2026-05-04 09:00:00,23.0,65,,0.0,99,,11.2,23.4,3,Ha Noi,21.0285,105.8542,Open-Meteo-Historical,
2026-05-04 10:00:00,24.5,58,,0.0,100,,11.5,26.3,3,Ha Noi,21.0285,105.8542,Open-Meteo-Historical,
2026-05-04 11:00:00,25.0,58,,0.0,100,,9.7,25.9,3,Ha Noi,21.0285,105.8542,Open-Meteo-Historical,
2026-05-04 12:00:00,26.0,59,,0.0,59,,9.0,23.8,2,Ha Noi,21.0285,105.8542,Open-Meteo-Historical,
2026-05-04 13:00:00,26.8,56,,0.0,100,,7.6,24.8,3,Ha Noi,21.0285,105.8542,Open-Meteo-Historical,
2026-05-04 14:00:00,26.8,56,,0.0,23,,4.1,17.3,1,Ha Noi,21.0285,105.8542,Open-Meteo-Historical,
2026-05-04 15:00:00,27.9,53,,0.0,38,,2.6,13.3,1,Ha Noi,21.0285,105.8542,Open-Meteo-Historical,
2026-05-04 16:00:00,27.4,56,,0.0,73,,6.9,16.2,2,Ha Noi,21.0285,105.8542,Open-Meteo-Historical,
2026-05-04 17:00:00,26.0,66,,0.0,2,,9.5,19.1,0,Ha Noi,21.0285,105.8542,Open-Meteo-Historical,
2026-05-04 18:00:00,24.7,72,,0.0,2,,6.5,18.0,0,Ha Noi,21.0285,105.8542,Open-Meteo-Historical,
2026-05-04 19:00:00,23.9,78,,0.0,2,,7.1,13.0,0,Ha Noi,21.0285,105.8542,Open-Meteo-Historical,
2026-05-04 20:00:00,23.5,77,,0.0,0,,8.7,15.5,0,Ha Noi,21.0285,105.8542,Open-Meteo-Historical,
2026-05-04 21:00:00,23.1,79,,0.0,1,,10.2,18.7,0,Ha Noi,21.0285,105.8542,Open-Meteo-Historical,
2026-05-04 22:00:00,22.4,84,,0.0,3,,9.2,18.4,0,Ha Noi,21.0285,105.8542,Open-Meteo-Historical,
2026-05-04 23:00:00,22.0,87,,0.0,1,,9.9,18.4,0,Ha Noi,21.0285,105.8542,Open-Meteo-Historical,
2026-05-05 00:00:00,21.6,90,,0.0,2,,6.8,18.4,0,Ha Noi,21.0285,105.8542,Open-Meteo-Historical,
2026-05-05 01:00:00,22.0,91,,0.0,0,,5.6,12.6,0,Ha Noi,21.0285,105.8542,Open-Meteo-Historical,
2026-05-05 02:00:00,21.7,93,,0.0,0,,4.8,10.4,0,Ha Noi,21.0285,105.8542,Open-Meteo-Historical,
2026-05-05 03:00:00,21.4,94,,0.0,5,,4.2,8.6,0,Ha Noi,21.0285,105.8542,Open-Meteo-Historical,
2026-05-05 04:00:00,21.1,95,,0.0,10,,3.9,7.6,0,Ha Noi,21.0285,105.8542,Open-Meteo-Historical,
2026-05-05 05:00:00,20.8,97,,0.0,20,,3.4,7.2,1,Ha Noi,21.0285,105.8542,Open-Meteo-Historical,
2026-05-05 06:00:00,21.3,97,,0.0,35,,2.4,6.1,1,Ha Noi,21.0285,105.8542,Open-Meteo-Historical,
2026-05-05 07:00:00,22.5,92,,0.0,4,,3.3,9.4,0,Ha Noi,21.0285,105.8542,Open-Meteo-Historical,
2026-05-05 08:00:00,24.2,83,,0.0,9,,3.5,13.0,0,Ha Noi,21.0285,105.8542,Open-Meteo-Historical,
2026-05-05 09:00:00,25.8,74,,0.0,41,,3.2,14.0,1,Ha Noi,21.0285,105.8542,Open-Meteo-Historical,
2026-05-05 10:00:00,26.9,68,,0.0,100,,3.2,14.0,3,Ha Noi,21.0285,105.8542,Open-Meteo-Historical,
2026-05-05 11:00:00,27.6,66,,0.0,70,,4.1,15.1,2,Ha Noi,21.0285,105.8542,Open-Meteo-Historical,
2026-05-05 12:00:00,28.2,63,,0.0,63,,5.3,16.2,2,Ha Noi,21.0285,105.8542,Open-Meteo-Historical,
2026-05-05 13:00:00,28.8,59,,0.0,98,,4.3,17.3,3,Ha Noi,21.0285,105.8542,Open-Meteo-Historical,
2026-05-05 14:00:00,29.5,55,,0.0,100,,5.2,15.1,3,Ha Noi,21.0285,105.8542,Open-Meteo-Historical,
2026-05-05 15:00:00,28.9,60,,0.0,53,,9.7,19.8,2,Ha Noi,21.0285,105.8542,Open-Meteo-Historical,
2026-05-05 16:00:00,28.6,61,,0.0,4,,12.2,25.9,0,Ha Noi,21.0285,105.8542,Open-Meteo-Historical,
2026-05-05 17:00:00,28.2,66,,0.0,10,,8.9,24.8,0,Ha Noi,21.0285,105.8542,Open-Meteo-Historical,
2026-05-05 18:00:00,26.9,72,,0.0,16,,12.0,22.3,0,Ha Noi,21.0285,105.8542,Open-Meteo-Historical,
2026-05-05 19:00:00,26.0,77,,0.0,3,,14.2,28.4,0,Ha Noi,21.0285,105.8542,Open-Meteo-Historical,
2026-05-05 20:00:00,25.3,82,,0.0,0,,14.9,28.8,0,Ha Noi,21.0285,105.8542,Open-Meteo-Historical,
2026-05-05 21:00:00,24.8,84,,0.0,0,,13.9,27.4,0,Ha Noi,21.0285,105.8542,Open-Meteo-Historical,
2026-05-05 22:00:00,24.5,85,,0.0,2,,13.4,25.9,0,Ha Noi,21.0285,105.8542,Open-Meteo-Historical,
2026-05-05 23:00:00,24.2,86,,0.0,2,,12.9,25.2,0,Ha Noi,21.0285,105.8542,Open-Meteo-Historical,
2026-05-06 00:00:00,24.0,88,,0.0,2,,10.6,23.8,0,Ha Noi,21.0285,105.8542,Open-Meteo-Historical,
2026-05-06 01:00:00,23.9,91,,0.0,2,,9.8,19.4,0,Ha Noi,21.0285,105.8542,Open-Meteo-Historical,
2026-05-06 02:00:00,23.8,92,,0.0,2,,9.9,18.4,0,Ha Noi,21.0285,105.8542,Open-Meteo-Historical,
2026-05-06 03:00:00,23.6,94,,0.0,1,,10.7,19.8,0,Ha Noi,21.0285,105.8542,Open-Meteo-Historical,
2026-05-06 04:00:00,23.5,96,,0.0,6,,9.6,19.8,0,Ha Noi,21.0285,105.8542,Open-Meteo-Historical,
2026-05-06 05:00:00,23.3,97,,0.0,9,,8.9,17.6,0,Ha Noi,21.0285,105.8542,Open-Meteo-Historical,
2026-05-06 06:00:00,23.5,97,,0.0,34,,9.4,16.6,1,Ha Noi,21.0285,105.8542,Open-Meteo-Historical,
2026-05-06 07:00:00,24.5,91,,0.0,50,,12.6,24.8,2,Ha Noi,21.0285,105.8542,Open-Meteo-Historical,
2026-05-06 08:00:00,26.2,83,,0.1,54,,15.0,30.2,51,Ha Noi,21.0285,105.8542,Open-Meteo-Historical,
2026-05-06 09:00:00,27.7,74,,0.1,100,,16.0,33.1,51,Ha Noi,21.0285,105.8542,Open-Meteo-Historical,
2026-05-06 10:00:00,28.5,73,,0.1,100,,15.3,33.1,51,Ha Noi,21.0285,105.8542,Open-Meteo-Historical,
2026-05-06 11:00:00,29.8,68,,0.0,100,,15.4,33.5,3,Ha Noi,21.0285,105.8542,Open-Meteo-Historical,
2026-05-06 12:00:00,30.4,66,,0.0,100,,14.7,32.4,3,Ha Noi,21.0285,105.8542,Open-Meteo-Historical,
2026-05-06 13:00:00,30.4,65,,0.0,74,,14.1,31.0,2,Ha Noi,21.0285,105.8542,Open-Meteo-Historical,
2026-05-06 14:00:00,30.5,66,,0.0,39,,15.8,33.1,1,Ha Noi,21.0285,105.8542,Open-Meteo-Historical,
2026-05-06 15:00:00,30.3,67,,0.0,70,,17.5,35.3,2,Ha Noi,21.0285,105.8542,Open-Meteo-Historical,
2026-05-06 16:00:00,29.6,70,,0.0,87,,18.9,38.5,3,Ha Noi,21.0285,105.8542,Open-Meteo-Historical,
2026-05-06 17:00:00,28.6,74,,0.0,55,,17.6,37.8,2,Ha Noi,21.0285,105.8542,Open-Meteo-Historical,
2026-05-06 18:00:00,27.5,78,,0.0,16,,17.8,35.3,0,Ha Noi,21.0285,105.8542,Open-Meteo-Historical,
2026-05-06 19:00:00,27.1,80,,0.0,52,,14.1,33.5,2,Ha Noi,21.0285,105.8542,Open-Meteo-Historical,
2026-05-06 20:00:00,26.7,82,,0.0,11,,15.9,29.5,0,Ha Noi,21.0285,105.8542,Open-Meteo-Historical,
2026-05-06 21:00:00,26.2,86,,0.0,0,,14.8,29.9,0,Ha Noi,21.0285,105.8542,Open-Meteo-Historical,
2026-05-06 22:00:00,25.9,88,,0.0,5,,15.1,28.4,0,Ha Noi,21.0285,105.8542,Open-Meteo-Historical,
2026-05-06 23:00:00,25.6,90,,0.0,95,,13.4,28.4,3,Ha Noi,21.0285,105.8542,Open-Meteo-Historical,
2026-05-07 00:00:00,25.3,93,,0.0,39,,12.5,24.8,1,Ha Noi,21.0285,105.8542,Open-Meteo-Historical,
2026-05-07 01:00:00,25.5,95,,0.0,10,,12.7,23.4,0,Ha Noi,21.0285,105.8542,Open-Meteo-Historical,
2026-05-07 02:00:00,25.5,95,,0.0,22,,12.4,23.8,1,Ha Noi,21.0285,105.8542,Open-Meteo-Historical,
2026-05-07 03:00:00,25.3,96,,0.0,25,,11.5,23.0,1,Ha Noi,21.0285,105.8542,Open-Meteo-Historical,
2026-05-07 04:00:00,25.1,97,,0.0,32,,9.9,21.2,1,Ha Noi,21.0285,105.8542,Open-Meteo-Historical,
2026-05-07 05:00:00,25.0,97,,0.0,31,,8.8,18.4,1,Ha Noi,21.0285,105.8542,Open-Meteo-Historical,
2026-05-07 06:00:00,25.2,96,,0.0,38,,8.5,16.2,1,Ha Noi,21.0285,105.8542,Open-Meteo-Historical,
2026-05-07 07:00:00,26.1,92,,0.0,62,,12.3,23.4,2,Ha Noi,21.0285,105.8542,Open-Meteo-Historical,
2026-05-07 08:00:00,27.5,84,,0.1,100,,13.9,27.7,51,Ha Noi,21.0285,105.8542,Open-Meteo-Historical,
2026-05-07 09:00:00,28.2,81,,0.2,41,,13.1,29.5,51,Ha Noi,21.0285,105.8542,Open-Meteo-Historical,
2026-05-07 10:00:00,29.4,78,,0.3,46,,11.0,27.4,51,Ha Noi,21.0285,105.8542,Open-Meteo-Historical,
2026-05-07 11:00:00,30.5,73,,0.2,100,,11.9,27.7,51,Ha Noi,21.0285,105.8542,Open-Meteo-Historical,
2026-05-07 12:00:00,28.5,78,,2.5,100,,11.5,28.8,63,Ha Noi,21.0285,105.8542,Open-Meteo-Historical,
2026-05-07 13:00:00,27.4,83,,2.4,64,,12.6,25.6,61,Ha Noi,21.0285,105.8542,Open-Meteo-Historical,
2026-05-07 14:00:00,28.8,79,,0.4,89,,6.8,23.8,51,Ha Noi,21.0285,105.8542,Open-Meteo-Historical,
2026-05-07 15:00:00,29.0,79,,0.1,89,,9.0,21.6,51,Ha Noi,21.0285,105.8542,Open-Meteo-Historical,
2026-05-07 16:00:00,28.5,79,,0.8,93,,9.1,22.0,53,Ha Noi,21.0285,105.8542,Open-Meteo-Historical,
2026-05-07 17:00:00,26.5,88,,0.5,95,,4.4,21.6,53,Ha Noi,21.0285,105.8542,Open-Meteo-Historical,
2026-05-07 18:00:00,26.0,90,,1.1,99,,4.9,10.8,55,Ha Noi,21.0285,105.8542,Open-Meteo-Historical,
2026-05-07 19:00:00,25.8,94,,0.2,81,,3.4,8.3,51,Ha Noi,21.0285,105.8542,Open-Meteo-Historical,
2026-05-07 20:00:00,25.5,96,,0.0,99,,4.7,8.3,3,Ha Noi,21.0285,105.8542,Open-Meteo-Historical,
2026-05-07 21:00:00,25.4,96,,0.0,99,,4.2,9.7,3,Ha Noi,21.0285,105.8542,Open-Meteo-Historical,
2026-05-07 22:00:00,25.1,97,,0.0,100,,3.6,7.2,3,Ha Noi,21.0285,105.8542,Open-Meteo-Historical,
2026-05-07 23:00:00,24.9,96,,1.5,100,,10.8,15.1,61,Ha Noi,21.0285,105.8542,Open-Meteo-Historical,
2026-05-08 00:00:00,24.0,98,,3.6,100,,10.0,28.4,63,Ha Noi,21.0285,105.8542,Open-Meteo-Historical,
2026-05-08 01:00:00,24.1,96,,5.3,100,,11.9,20.9,63,Ha Noi,21.0285,105.8542,Open-Meteo-Historical,
2026-05-08 02:00:00,24.2,96,,0.9,100,,8.7,21.6,53,Ha Noi,21.0285,105.8542,Open-Meteo-Historical,
2026-05-08 03:00:00,24.2,96,,0.8,100,,7.8,15.5,53,Ha Noi,21.0285,105.8542,Open-Meteo-Historical,
2026-05-08 04:00:00,24.1,96,,2.0,100,,8.8,15.1,61,Ha Noi,21.0285,105.8542,Open-Meteo-Historical,
2026-05-08 05:00:00,23.5,96,,3.5,100,,10.4,19.8,63,Ha Noi,21.0285,105.8542,Open-Meteo-Historical,
2026-05-08 06:00:00,23.2,96,,4.4,100,,9.5,18.4,63,Ha Noi,21.0285,105.8542,Open-Meteo-Historical,
2026-05-08 07:00:00,24.4,94,,3.2,100,,7.6,18.0,63,Ha Noi,21.0285,105.8542,Open-Meteo-Historical,
2026-05-08 08:00:00,25.2,91,,0.1,100,,8.5,19.4,51,Ha Noi,21.0285,105.8542,Open-Meteo-Historical,
2026-05-08 09:00:00,25.9,88,,0.0,100,,7.8,17.6,3,Ha Noi,21.0285,105.8542,Open-Meteo-Historical,
2026-05-08 10:00:00,26.6,82,,0.0,100,,7.4,17.3,3,Ha Noi,21.0285,105.8542,Open-Meteo-Historical,
2026-05-08 11:00:00,28.2,74,,0.1,100,,7.3,19.8,51,Ha Noi,21.0285,105.8542,Open-Meteo-Historical,
2026-05-08 12:00:00,28.6,71,,0.3,100,,6.8,19.4,51,Ha Noi,21.0285,105.8542,Open-Meteo-Historical,
2026-05-08 13:00:00,28.7,72,,0.4,100,,10.2,19.4,51,Ha Noi,21.0285,105.8542,Open-Meteo-Historical,
2026-05-08 14:00:00,28.9,70,,0.0,99,,11.9,28.1,3,Ha Noi,21.0285,105.8542,Open-Meteo-Historical,
2026-05-08 15:00:00,28.5,70,,0.0,65,,11.6,27.7,2,Ha Noi,21.0285,105.8542,Open-Meteo-Historical,
2026-05-08 16:00:00,28.5,70,,0.0,14,,11.8,25.9,0,Ha Noi,21.0285,105.8542,Open-Meteo-Historical,
2026-05-08 17:00:00,27.8,72,,0.0,26,,11.6,24.8,1,Ha Noi,21.0285,105.8542,Open-Meteo-Historical,
2026-05-08 18:00:00,26.8,77,,0.0,41,,7.5,22.0,1,Ha Noi,21.0285,105.8542,Open-Meteo-Historical,
2026-05-08 19:00:00,25.5,88,,0.0,98,,9.7,14.0,3,Ha Noi,21.0285,105.8542,Open-Meteo-Historical,
2026-05-08 20:00:00,25.2,91,,0.0,100,,6.3,17.6,3,Ha Noi,21.0285,105.8542,Open-Meteo-Historical,
2026-05-08 21:00:00,24.8,94,,0.0,100,,4.5,11.5,3,Ha Noi,21.0285,105.8542,Open-Meteo-Historical,
2026-05-08 22:00:00,24.4,95,,0.0,80,,2.7,8.3,3,Ha Noi,21.0285,105.8542,Open-Meteo-Historical,
2026-05-08 23:00:00,24.2,96,,0.0,55,,0.8,4.0,2,Ha Noi,21.0285,105.8542,Open-Meteo-Historical,
2026-05-09 00:00:00,24.0,97,,0.0,20,,1.5,3.6,1,Ha Noi,21.0285,105.8542,Open-Meteo-Historical,
2026-05-09 01:00:00,24.2,99,,0.0,45,,0.2,6.5,1,Ha Noi,21.0285,105.8542,Open-Meteo-Historical,
2026-05-09 02:00:00,24.1,99,,0.0,100,,2.0,3.2,3,Ha Noi,21.0285,105.8542,Open-Meteo-Historical,
2026-05-09 03:00:00,24.5,94,,0.0,100,,7.5,13.0,3,Ha Noi,21.0285,105.8542,Open-Meteo-Historical,
2026-05-09 04:00:00,24.5,80,,0.0,99,,9.9,18.4,3,Ha Noi,21.0285,105.8542,Open-Meteo-Historical,
2026-05-09 05:00:00,24.2,76,,0.0,100,,10.7,19.1,3,Ha Noi,21.0285,105.8542,Open-Meteo-Historical,
2026-05-09 06:00:00,23.9,76,,0.0,100,,11.6,21.6,3,Ha Noi,21.0285,105.8542,Open-Meteo-Historical,
2026-05-09 07:00:00,24.2,74,,0.0,100,,12.0,21.6,3,Ha Noi,21.0285,105.8542,Open-Meteo-Historical,
2026-05-09 08:00:00,24.6,71,,0.0,100,,12.4,24.5,3,Ha Noi,21.0285,105.8542,Open-Meteo-Historical,
2026-05-09 09:00:00,25.0,71,,0.0,100,,10.8,24.8,3,Ha Noi,21.0285,105.8542,Open-Meteo-Historical,
2026-05-09 10:00:00,25.4,72,,0.9,100,,8.4,22.0,53,Ha Noi,21.0285,105.8542,Open-Meteo-Historical,
2026-05-09 11:00:00,25.0,78,,1.8,100,,6.0,19.1,61,Ha Noi,21.0285,105.8542,Open-Meteo-Historical,
2026-05-09 12:00:00,25.5,77,,0.5,100,,6.0,14.8,53,Ha Noi,21.0285,105.8542,Open-Meteo-Historical,
2026-05-09 13:00:00,25.7,75,,0.1,100,,6.2,18.4,51,Ha Noi,21.0285,105.8542,Open-Meteo-Historical,
2026-05-09 14:00:00,27.0,71,,0.0,95,,4.3,18.7,3,Ha Noi,21.0285,105.8542,Open-Meteo-Historical,
2026-05-09 15:00:00,27.4,70,,0.0,69,,3.9,14.8,2,Ha Noi,21.0285,105.8542,Open-Meteo-Historical,
2026-05-09 16:00:00,27.5,70,,0.0,93,,5.2,14.8,3,Ha Noi,21.0285,105.8542,Open-Meteo-Historical,
2026-05-09 17:00:00,27.0,73,,0.0,100,,5.2,14.4,3,Ha Noi,21.0285,105.8542,Open-Meteo-Historical,
2026-05-09 18:00:00,25.9,80,,0.0,23,,5.1,11.9,1,Ha Noi,21.0285,105.8542,Open-Meteo-Historical,
2026-05-09 19:00:00,25.1,83,,0.0,74,,5.9,10.4,2,Ha Noi,21.0285,105.8542,Open-Meteo-Historical,
2026-05-09 20:00:00,24.6,85,,0.0,79,,5.4,11.9,2,Ha Noi,21.0285,105.8542,Open-Meteo-Historical,
2026-05-09 21:00:00,24.1,87,,0.0,100,,4.7,10.1,3,Ha Noi,21.0285,105.8542,Open-Meteo-Historical,
2026-05-09 22:00:00,23.9,87,,0.0,100,,4.8,9.0,3,Ha Noi,21.0285,105.8542,Open-Meteo-Historical,
2026-05-09 23:00:00,23.5,87,,0.0,99,,4.5,9.0,3,Ha Noi,21.0285,105.8542,Open-Meteo-Historical,
2026-05-10 00:00:00,23.4,86,,0.0,66,,5.1,9.4,2,Ha Noi,21.0285,105.8542,Open-Meteo-Historical,
2026-05-10 01:00:00,23.6,86,,0.0,67,,6.5,12.2,2,Ha Noi,21.0285,105.8542,Open-Meteo-Historical,
2026-05-10 02:00:00,23.8,85,,0.0,41,,7.6,13.3,1,Ha Noi,21.0285,105.8542,Open-Meteo-Historical,
2026-05-10 03:00:00,23.5,86,,0.0,100,,10.7,19.4,3,Ha Noi,21.0285,105.8542,Open-Meteo-Historical,
2026-05-10 04:00:00,23.2,83,,0.0,100,,10.2,20.2,3,Ha Noi,21.0285,105.8542,Open-Meteo-Historical,
2026-05-10 05:00:00,23.2,81,,0.0,100,,9.4,18.7,3,Ha Noi,21.0285,105.8542,Open-Meteo-Historical,
2026-05-10 06:00:00,23.1,80,,0.0,100,,8.2,16.9,3,Ha Noi,21.0285,105.8542,Open-Meteo-Historical,
2026-05-10 07:00:00,23.5,80,,0.0,100,,7.8,15.1,3,Ha Noi,21.0285,105.8542,Open-Meteo-Historical,
2026-05-10 08:00:00,24.0,77,,0.0,100,,8.7,17.6,3,Ha Noi,21.0285,105.8542,Open-Meteo-Historical,
2026-05-10 09:00:00,24.3,76,,0.0,100,,8.4,18.0,3,Ha Noi,21.0285,105.8542,Open-Meteo-Historical,
2026-05-10 10:00:00,25.5,73,,0.0,100,,6.3,19.1,3,Ha Noi,21.0285,105.8542,Open-Meteo-Historical,
2026-05-10 11:00:00,26.6,70,,0.0,54,,4.5,16.2,2,Ha Noi,21.0285,105.8542,Open-Meteo-Historical,
2026-05-10 12:00:00,28.0,67,,0.0,100,,2.1,15.5,3,Ha Noi,21.0285,105.8542,Open-Meteo-Historical,
2026-05-10 13:00:00,26.6,70,,0.0,100,,6.2,12.6,3,Ha Noi,21.0285,105.8542,Open-Meteo-Historical,
2026-05-10 14:00:00,26.0,74,,0.1,100,,8.2,18.4,51,Ha Noi,21.0285,105.8542,Open-Meteo-Historical,
2026-05-10 15:00:00,26.2,73,,0.0,100,,6.9,19.8,3,Ha Noi,21.0285,105.8542,Open-Meteo-Historical,
2026-05-10 16:00:00,25.6,76,,0.0,100,,6.4,16.9,3,Ha Noi,21.0285,105.8542,Open-Meteo-Historical,
2026-05-10 17:00:00,25.4,79,,0.0,96,,4.6,13.3,3,Ha Noi,21.0285,105.8542,Open-Meteo-Historical,
2026-05-10 18:00:00,25.0,83,,0.0,52,,3.1,9.7,2,Ha Noi,21.0285,105.8542,Open-Meteo-Historical,
2026-05-10 19:00:00,24.0,90,,0.0,50,,4.5,6.1,2,Ha Noi,21.0285,105.8542,Open-Meteo-Historical,
2026-05-10 20:00:00,23.5,92,,0.0,88,,3.9,7.9,3,Ha Noi,21.0285,105.8542,Open-Meteo-Historical,
2026-05-10 21:00:00,23.8,91,,0.0,100,,1.7,6.5,3,Ha Noi,21.0285,105.8542,Open-Meteo-Historical,
2026-05-10 22:00:00,23.6,91,,0.0,100,,1.9,3.6,3,Ha Noi,21.0285,105.8542,Open-Meteo-Historical,
2026-05-10 23:00:00,23.5,93,,0.0,99,,3.2,5.4,3,Ha Noi,21.0285,105.8542,Open-Meteo-Historical,
2026-05-11 00:00:00,23.3,94,,0.0,100,,3.7,6.8,3,Ha Noi,21.0285,105.8542,Open-Meteo-Historical,
2026-05-11 01:00:00,24.1,91,,0.0,100,,3.6,6.5,3,Ha Noi,21.0285,105.8542,Open-Meteo-Historical,
2026-05-11 02:00:00,23.9,92,,0.0,100,,4.0,7.2,3,Ha Noi,21.0285,105.8542,Open-Meteo-Historical,
2026-05-11 03:00:00,23.5,96,,0.0,100,,5.3,10.1,3,Ha Noi,21.0285,105.8542,Open-Meteo-Historical,
2026-05-11 04:00:00,23.0,97,,0.0,100,,2.9,10.1,3,Ha Noi,21.0285,105.8542,Open-Meteo-Historical,
2026-05-11 05:00:00,22.8,96,,0.0,99,,1.4,5.0,3,Ha Noi,21.0285,105.8542,Open-Meteo-Historical,
2026-05-11 06:00:00,23.2,96,,0.0,35,,3.2,5.4,1,Ha Noi,21.0285,105.8542,Open-Meteo-Historical,
2026-05-11 07:00:00,24.6,89,,0.0,100,,5.2,10.4,3,Ha Noi,21.0285,105.8542,Open-Meteo-Historical,
2026-05-11 08:00:00,26.2,80,,0.0,38,,4.5,13.7,1,Ha Noi,21.0285,105.8542,Open-Meteo-Historical,
2026-05-11 09:00:00,27.8,74,,0.0,100,,9.2,22.3,3,Ha Noi,21.0285,105.8542,Open-Meteo-Historical,
2026-05-11 10:00:00,28.4,72,,0.0,77,,9.3,22.3,2,Ha Noi,21.0285,105.8542,Open-Meteo-Historical,
2026-05-11 11:00:00,29.5,67,,0.0,67,,9.7,23.8,2,Ha Noi,21.0285,105.8542,Open-Meteo-Historical,
2026-05-11 12:00:00,29.8,68,,0.1,31,,8.6,23.0,51,Ha Noi,21.0285,105.8542,Open-Meteo-Historical,
2026-05-11 13:00:00,30.5,62,,0.2,56,,9.4,22.3,51,Ha Noi,21.0285,105.8542,Open-Meteo-Historical,
2026-05-11 14:00:00,30.7,63,,0.0,35,,11.2,25.2,1,Ha Noi,21.0285,105.8542,Open-Meteo-Historical,
2026-05-11 15:00:00,30.5,65,,0.0,32,,11.9,25.9,1,Ha Noi,21.0285,105.8542,Open-Meteo-Historical,
2026-05-11 16:00:00,30.0,67,,0.0,77,,12.5,25.9,2,Ha Noi,21.0285,105.8542,Open-Meteo-Historical,
2026-05-11 17:00:00,29.2,73,,0.0,59,,12.5,26.3,2,Ha Noi,21.0285,105.8542,Open-Meteo-Historical,
2026-05-11 18:00:00,28.2,78,,0.0,36,,10.1,23.8,1,Ha Noi,21.0285,105.8542,Open-Meteo-Historical,
2026-05-11 19:00:00,27.1,84,,0.0,30,,11.3,19.8,1,Ha Noi,21.0285,105.8542,Open-Meteo-Historical,
2026-05-11 20:00:00,26.5,86,,0.0,29,,12.1,23.0,1,Ha Noi,21.0285,105.8542,Open-Meteo-Historical,
2026-05-11 21:00:00,25.9,90,,0.0,84,,10.0,22.3,3,Ha Noi,21.0285,105.8542,Open-Meteo-Historical,
2026-05-11 22:00:00,25.4,92,,0.0,95,,8.9,18.4,3,Ha Noi,21.0285,105.8542,Open-Meteo-Historical,
2026-05-11 23:00:00,25.1,94,,0.0,96,,7.1,16.2,3,Ha Noi,21.0285,105.8542,Open-Meteo-Historical,
2026-05-12 00:00:00,24.6,96,,0.0,98,,6.8,13.3,3,Ha Noi,21.0285,105.8542,Open-Meteo-Historical,
2026-05-12 01:00:00,25.0,96,,0.0,92,,7.7,13.3,3,Ha Noi,21.0285,105.8542,Open-Meteo-Historical,
2026-05-12 02:00:00,24.9,96,,0.0,45,,8.0,14.8,1,Ha Noi,21.0285,105.8542,Open-Meteo-Historical,
2026-05-12 03:00:00,24.7,97,,0.0,100,,6.5,14.8,3,Ha Noi,21.0285,105.8542,Open-Meteo-Historical,
2026-05-12 04:00:00,24.6,97,,0.0,95,,8.5,15.1,3,Ha Noi,21.0285,105.8542,Open-Meteo-Historical,
2026-05-12 05:00:00,24.5,97,,0.0,100,,9.4,17.3,3,Ha Noi,21.0285,105.8542,Open-Meteo-Historical,
2026-05-12 06:00:00,24.9,96,,0.0,100,,10.8,19.4,3,Ha Noi,21.0285,105.8542,Open-Meteo-Historical,
2026-05-12 07:00:00,25.8,92,,0.0,99,,13.4,24.8,3,Ha Noi,21.0285,105.8542,Open-Meteo-Historical,
2026-05-12 08:00:00,27.6,81,,0.1,100,,15.6,31.0,51,Ha Noi,21.0285,105.8542,Open-Meteo-Historical,
2026-05-12 09:00:00,28.8,75,,0.1,69,,16.0,32.8,51,Ha Noi,21.0285,105.8542,Open-Meteo-Historical,
2026-05-12 10:00:00,29.9,71,,0.1,54,,15.6,33.8,51,Ha Noi,21.0285,105.8542,Open-Meteo-Historical,
2026-05-12 11:00:00,30.8,69,,0.3,59,,14.5,32.4,51,Ha Noi,21.0285,105.8542,Open-Meteo-Historical,
2026-05-12 12:00:00,31.6,66,,0.0,52,,13.9,32.8,2,Ha Noi,21.0285,105.8542,Open-Meteo-Historical,
2026-05-12 13:00:00,31.2,71,,0.0,94,,8.6,32.0,3,Ha Noi,21.0285,105.8542,Open-Meteo-Historical,
2026-05-12 14:00:00,29.3,81,,0.9,98,,12.5,28.4,53,Ha Noi,21.0285,105.8542,Open-Meteo-Historical,
2026-05-12 15:00:00,29.8,79,,1.4,93,,9.3,29.5,61,Ha Noi,21.0285,105.8542,Open-Meteo-Historical,
2026-05-12 16:00:00,28.8,83,,0.7,91,,10.0,23.8,53,Ha Noi,21.0285,105.8542,Open-Meteo-Historical,
2026-05-12 17:00:00,28.0,85,,0.2,85,,14.3,29.9,51,Ha Noi,21.0285,105.8542,Open-Meteo-Historical,
2026-05-12 18:00:00,27.1,89,,0.0,48,,13.0,27.0,1,Ha Noi,21.0285,105.8542,Open-Meteo-Historical,
2026-05-12 19:00:00,28.0,88,,0.0,100,,12.8,25.9,3,Ha Noi,21.0285,105.8542,Open-Meteo-Historical,
2026-05-12 20:00:00,27.5,90,,0.0,100,,12.9,23.8,3,Ha Noi,21.0285,105.8542,Open-Meteo-Historical,
2026-05-12 21:00:00,27.2,90,,0.0,100,,12.4,24.1,3,Ha Noi,21.0285,105.8542,Open-Meteo-Historical,
2026-05-12 22:00:00,26.9,90,,0.0,53,,14.8,27.0,2,Ha Noi,21.0285,105.8542,Open-Meteo-Historical,
2026-05-12 23:00:00,26.6,91,,0.0,100,,15.9,29.5,3,Ha Noi,21.0285,105.8542,Open-Meteo-Historical,
2026-05-13 00:00:00,26.5,92,,0.0,18,,16.4,30.6,0,Ha Noi,21.0285,105.8542,Open-Meteo-Historical,
2026-05-13 01:00:00,26.8,93,,0.0,77,,14.8,30.6,2,Ha Noi,21.0285,105.8542,Open-Meteo-Historical,
2026-05-13 02:00:00,26.5,94,,0.0,64,,14.7,27.7,2,Ha Noi,21.0285,105.8542,Open-Meteo-Historical,
2026-05-13 03:00:00,26.2,94,,0.0,26,,14.7,27.4,1,Ha Noi,21.0285,105.8542,Open-Meteo-Historical,
2026-05-13 04:00:00,26.1,94,,0.0,59,,14.5,27.7,2,Ha Noi,21.0285,105.8542,Open-Meteo-Historical,
2026-05-13 05:00:00,26.0,95,,0.0,70,,14.3,27.0,2,Ha Noi,21.0285,105.8542,Open-Meteo-Historical,
2026-05-13 06:00:00,26.1,95,,0.0,79,,14.8,27.4,2,Ha Noi,21.0285,105.8542,Open-Meteo-Historical,
2026-05-13 07:00:00,27.3,91,,0.0,88,,14.9,31.7,3,Ha Noi,21.0285,105.8542,Open-Meteo-Historical,
2026-05-13 08:00:00,28.6,83,,0.0,80,,16.7,34.9,3,Ha Noi,21.0285,105.8542,Open-Meteo-Historical,
2026-05-13 09:00:00,29.7,79,,0.0,54,,14.9,34.6,2,Ha Noi,21.0285,105.8542,Open-Meteo-Historical,
2026-05-13 10:00:00,30.9,75,,0.0,41,,14.4,31.3,1,Ha Noi,21.0285,105.8542,Open-Meteo-Historical,
2026-05-13 11:00:00,31.8,71,,0.1,30,,13.5,35.6,51,Ha Noi,21.0285,105.8542,Open-Meteo-Historical,
2026-05-13 12:00:00,32.5,67,,0.1,13,,12.3,33.1,51,Ha Noi,21.0285,105.8542,Open-Meteo-Historical,
2026-05-13 13:00:00,32.1,65,,0.1,23,,9.4,34.2,51,Ha Noi,21.0285,105.8542,Open-Meteo-Historical,
2026-05-13 14:00:00,30.9,73,,0.3,34,,11.8,28.1,51,Ha Noi,21.0285,105.8542,Open-Meteo-Historical,
2026-05-13 15:00:00,29.1,81,,0.4,52,,16.9,41.0,51,Ha Noi,21.0285,105.8542,Open-Meteo-Historical,
2026-05-13 16:00:00,29.5,81,,0.1,20,,13.1,33.5,51,Ha Noi,21.0285,105.8542,Open-Meteo-Historical,
2026-05-13 17:00:00,29.8,83,,0.0,10,,15.4,30.6,0,Ha Noi,21.0285,105.8542,Open-Meteo-Historical,
2026-05-13 18:00:00,29.2,84,,0.0,18,,15.5,30.6,0,Ha Noi,21.0285,105.8542,Open-Meteo-Historical,
2026-05-13 19:00:00,29.1,84,,0.0,27,,14.4,29.9,1,Ha Noi,21.0285,105.8542,Open-Meteo-Historical,
2026-05-13 20:00:00,28.5,86,,0.0,23,,13.9,27.4,1,Ha Noi,21.0285,105.8542,Open-Meteo-Historical,
2026-05-13 21:00:00,28.4,89,,0.0,45,,14.1,26.6,1,Ha Noi,21.0285,105.8542,Open-Meteo-Historical,
2026-05-13 22:00:00,28.2,87,,0.0,47,,13.9,26.3,1,Ha Noi,21.0285,105.8542,Open-Meteo-Historical,
2026-05-13 23:00:00,28.0,87,,0.0,4,,14.4,26.3,0,Ha Noi,21.0285,105.8542,Open-Meteo-Historical,
2026-05-14 00:00:00,27.8,87,,0.0,5,,13.9,26.6,0,Ha Noi,21.0285,105.8542,Open-Meteo-Historical,
2026-05-14 01:00:00,27.5,90,,0.0,0,,10.8,25.6,0,Ha Noi,21.0285,105.8542,Open-Meteo-Historical,
2026-05-14 02:00:00,27.0,92,,0.0,1,,9.5,19.8,0,Ha Noi,21.0285,105.8542,Open-Meteo-Historical,
2026-05-14 03:00:00,26.8,93,,0.0,15,,8.1,17.6,0,Ha Noi,21.0285,105.8542,Open-Meteo-Historical,
2026-05-14 04:00:00,26.5,94,,0.0,11,,7.3,14.8,0,Ha Noi,21.0285,105.8542,Open-Meteo-Historical,
2026-05-14 05:00:00,26.3,95,,0.0,16,,5.5,13.3,0,Ha Noi,21.0285,105.8542,Open-Meteo-Historical,
2026-05-14 06:00:00,26.5,95,,0.0,24,,5.9,10.1,1,Ha Noi,21.0285,105.8542,Open-Meteo-Historical,
2026-05-14 07:00:00,28.5,91,,0.0,16,,3.5,11.9,0,Ha Noi,21.0285,105.8542,Open-Meteo-Historical,
2026-05-14 08:00:00,30.1,85,,0.0,44,,3.7,12.6,1,Ha Noi,21.0285,105.8542,Open-Meteo-Historical,
2026-05-14 09:00:00,32.0,70,,0.0,52,,5.9,15.8,2,Ha Noi,21.0285,105.8542,Open-Meteo-Historical,
2026-05-14 10:00:00,33.0,60,,0.0,77,,7.6,19.1,2,Ha Noi,21.0285,105.8542,Open-Meteo-Historical,
2026-05-14 11:00:00,33.4,59,,0.0,68,,7.2,19.1,2,Ha Noi,21.0285,105.8542,Open-Meteo-Historical,
2026-05-14 12:00:00,34.0,58,,0.0,61,,7.0,18.7,2,Ha Noi,21.0285,105.8542,Open-Meteo-Historical,
2026-05-14 13:00:00,34.3,56,,0.0,47,,6.7,19.1,1,Ha Noi,21.0285,105.8542,Open-Meteo-Historical,
2026-05-14 14:00:00,34.8,53,,0.0,93,,6.3,18.4,3,Ha Noi,21.0285,105.8542,Open-Meteo-Historical,
2026-05-14 15:00:00,34.8,52,,0.0,99,,6.3,16.6,3,Ha Noi,21.0285,105.8542,Open-Meteo-Historical,
2026-05-14 16:00:00,33.8,60,,0.0,97,,5.6,15.1,3,Ha Noi,21.0285,105.8542,Open-Meteo-Historical,
2026-05-14 17:00:00,32.7,68,,0.0,95,,8.7,15.1,3,Ha Noi,21.0285,105.8542,Open-Meteo-Historical,
2026-05-14 18:00:00,31.7,71,,0.0,72,,12.9,23.4,2,Ha Noi,21.0285,105.8542,Open-Meteo-Historical,
2026-05-14 19:00:00,30.9,70,,0.0,52,,13.0,27.0,2,Ha Noi,21.0285,105.8542,Open-Meteo-Historical,
2026-05-14 20:00:00,30.5,72,,0.0,34,,14.5,26.3,1,Ha Noi,21.0285,105.8542,Open-Meteo-Historical,
2026-05-14 21:00:00,29.8,78,,0.0,66,,14.7,27.0,2,Ha Noi,21.0285,105.8542,Open-Meteo-Historical,
2026-05-14 22:00:00,29.4,79,,0.0,54,,14.3,27.0,2,Ha Noi,21.0285,105.8542,Open-Meteo-Historical,
2026-05-14 23:00:00,28.9,80,,0.0,52,,13.6,26.3,2,Ha Noi,21.0285,105.8542,Open-Meteo-Historical,
2026-05-15 00:00:00,28.5,81,,0.0,50,,12.6,24.5,2,Ha Noi,21.0285,105.8542,Open-Meteo-Historical,
2026-05-15 01:00:00,28.2,84,,0.0,41,,9.3,22.7,1,Ha Noi,21.0285,105.8542,Open-Meteo-Historical,
2026-05-15 02:00:00,27.6,87,,0.0,95,,8.8,16.9,3,Ha Noi,21.0285,105.8542,Open-Meteo-Historical,
2026-05-15 03:00:00,27.4,86,,0.0,95,,7.5,15.8,3,Ha Noi,21.0285,105.8542,Open-Meteo-Historical,
2026-05-15 04:00:00,27.1,84,,0.0,87,,7.6,14.4,3,Ha Noi,21.0285,105.8542,Open-Meteo-Historical,
2026-05-15 05:00:00,27.0,86,,0.0,70,,5.1,14.0,2,Ha Noi,21.0285,105.8542,Open-Meteo-Historical,
2026-05-15 06:00:00,27.0,88,,0.0,77,,5.3,9.4,2,Ha Noi,21.0285,105.8542,Open-Meteo-Historical,
2026-05-15 07:00:00,28.1,87,,0.0,37,,4.5,12.6,1,Ha Noi,21.0285,105.8542,Open-Meteo-Historical,
2026-05-15 08:00:00,29.9,80,,0.0,73,,4.0,13.3,2,Ha Noi,21.0285,105.8542,Open-Meteo-Historical,
2026-05-15 09:00:00,31.1,75,,0.0,92,,2.5,13.3,3,Ha Noi,21.0285,105.8542,Open-Meteo-Historical,
2026-05-15 10:00:00,32.0,68,,0.0,88,,4.9,14.8,3,Ha Noi,21.0285,105.8542,Open-Meteo-Historical,
2026-05-15 11:00:00,32.7,64,,0.0,43,,5.8,16.6,1,Ha Noi,21.0285,105.8542,Open-Meteo-Historical,
2026-05-15 12:00:00,33.7,60,,0.0,31,,8.4,20.9,1,Ha Noi,21.0285,105.8542,Open-Meteo-Historical,
2026-05-15 13:00:00,33.8,58,,0.0,67,,9.7,23.8,2,Ha Noi,21.0285,105.8542,Open-Meteo-Historical,
2026-05-15 14:00:00,33.8,59,,0.0,25,,5.6,22.7,1,Ha Noi,21.0285,105.8542,Open-Meteo-Historical,
2026-05-15 15:00:00,34.0,58,,0.0,16,,4.1,15.5,0,Ha Noi,21.0285,105.8542,Open-Meteo-Historical,
2026-05-15 16:00:00,33.8,59,,0.0,47,,4.2,13.3,1,Ha Noi,21.0285,105.8542,Open-Meteo-Historical,
2026-05-15 17:00:00,33.2,66,,0.0,80,,6.5,12.2,3,Ha Noi,21.0285,105.8542,Open-Meteo-Historical,
2026-05-15 18:00:00,31.8,76,,0.0,96,,7.6,14.0,3,Ha Noi,21.0285,105.8542,Open-Meteo-Historical,
2026-05-15 19:00:00,31.1,80,,0.0,84,,10.6,18.0,3,Ha Noi,21.0285,105.8542,Open-Meteo-Historical,
2026-05-15 20:00:00,30.6,77,,0.0,41,,12.3,22.3,1,Ha Noi,21.0285,105.8542,Open-Meteo-Historical,
2026-05-15 21:00:00,30.1,75,,0.0,82,,10.9,22.3,3,Ha Noi,21.0285,105.8542,Open-Meteo-Historical,
2026-05-15 22:00:00,29.8,74,,0.0,100,,11.8,20.9,3,Ha Noi,21.0285,105.8542,Open-Meteo-Historical,
2026-05-15 23:00:00,29.6,76,,0.0,100,,11.0,22.0,3,Ha Noi,21.0285,105.8542,Open-Meteo-Historical,
2026-05-16 00:00:00,29.3,80,,0.0,98,,9.6,19.8,3,Ha Noi,21.0285,105.8542,Open-Meteo-Historical,
2026-05-16 01:00:00,29.0,87,,0.0,96,,9.3,17.3,3,Ha Noi,21.0285,105.8542,Open-Meteo-Historical,
2026-05-16 02:00:00,28.4,90,,0.0,96,,8.1,17.3,3,Ha Noi,21.0285,105.8542,Open-Meteo-Historical,
2026-05-16 03:00:00,28.0,92,,0.0,100,,6.5,14.8,3,Ha Noi,21.0285,105.8542,Open-Meteo-Historical,
2026-05-16 04:00:00,28.0,92,,0.0,96,,6.9,13.0,3,Ha Noi,21.0285,105.8542,Open-Meteo-Historical,
2026-05-16 05:00:00,27.9,93,,0.0,84,,4.5,13.0,3,Ha Noi,21.0285,105.8542,Open-Meteo-Historical,
2026-05-16 06:00:00,27.9,94,,0.0,87,,6.9,11.5,3,Ha Noi,21.0285,105.8542,Open-Meteo-Historical,
2026-05-16 07:00:00,29.5,89,,0.0,98,,0.9,17.3,3,Ha Noi,21.0285,105.8542,Open-Meteo-Historical,
2026-05-16 08:00:00,31.2,80,,0.0,98,,0.5,8.6,3,Ha Noi,21.0285,105.8542,Open-Meteo-Historical,
2026-05-16 09:00:00,32.3,72,,0.0,93,,0.6,11.2,3,Ha Noi,21.0285,105.8542,Open-Meteo-Historical,
2026-05-16 10:00:00,32.7,69,,0.3,80,,4.0,14.0,51,Ha Noi,21.0285,105.8542,Open-Meteo-Historical,
2026-05-16 11:00:00,30.6,77,,1.7,95,,10.1,26.3,61,Ha Noi,21.0285,105.8542,Open-Meteo-Historical,
2026-05-16 12:00:00,28.9,85,,0.9,97,,13.1,28.8,53,Ha Noi,21.0285,105.8542,Open-Meteo-Historical,
2026-05-16 13:00:00,27.5,92,,1.6,100,,15.4,32.8,61,Ha Noi,21.0285,105.8542,Open-Meteo-Historical,
2026-05-16 14:00:00,27.0,96,,4.1,99,,7.7,30.6,63,Ha Noi,21.0285,105.8542,Open-Meteo-Historical,
2026-05-16 15:00:00,28.0,92,,1.1,99,,12.6,24.1,55,Ha Noi,21.0285,105.8542,Open-Meteo-Historical,
2026-05-16 16:00:00,27.7,92,,2.2,98,,13.6,26.6,61,Ha Noi,21.0285,105.8542,Open-Meteo-Historical,
2026-05-16 17:00:00,26.8,93,,2.8,100,,13.0,28.4,63,Ha Noi,21.0285,105.8542,Open-Meteo-Historical,
2026-05-16 18:00:00,26.1,95,,3.8,100,,10.1,24.1,63,Ha Noi,21.0285,105.8542,Open-Meteo-Historical,
2026-05-16 19:00:00,27.4,95,,0.4,99,,10.2,18.0,51,Ha Noi,21.0285,105.8542,Open-Meteo-Historical,
2026-05-16 20:00:00,26.3,95,,4.7,100,,4.8,18.4,63,Ha Noi,21.0285,105.8542,Open-Meteo-Historical,
2026-05-16 21:00:00,25.9,97,,7.3,100,,6.3,10.4,63,Ha Noi,21.0285,105.8542,Open-Meteo-Historical,
2026-05-16 22:00:00,25.6,96,,3.7,100,,1.1,14.0,63,Ha Noi,21.0285,105.8542,Open-Meteo-Historical,
2026-05-16 23:00:00,25.0,97,,8.2,100,,7.6,19.1,65,Ha Noi,21.0285,105.8542,Open-Meteo-Historical,
2026-05-17 00:00:00,25.0,97,,8.4,100,,5.6,20.5,65,Ha Noi,21.0285,105.8542,Open-Meteo-Historical,
2026-05-17 01:00:00,25.2,98,,5.1,100,,3.3,13.3,63,Ha Noi,21.0285,105.8542,Open-Meteo-Historical,
2026-05-17 02:00:00,25.4,97,,1.8,99,,4.4,8.6,61,Ha Noi,21.0285,105.8542,Open-Meteo-Historical,
2026-05-17 03:00:00,25.5,97,,0.8,98,,5.2,10.1,53,Ha Noi,21.0285,105.8542,Open-Meteo-Historical,
2026-05-17 04:00:00,25.5,99,,0.3,100,,5.0,10.4,51,Ha Noi,21.0285,105.8542,Open-Meteo-Historical,
2026-05-17 05:00:00,25.2,98,,0.3,100,,6.1,10.8,51,Ha Noi,21.0285,105.8542,Open-Meteo-Historical,
2026-05-17 06:00:00,25.1,97,,1.1,99,,6.5,12.6,55,Ha Noi,21.0285,105.8542,Open-Meteo-Historical,
2026-05-17 07:00:00,26.2,96,,0.2,100,,9.4,13.3,51,Ha Noi,21.0285,105.8542,Open-Meteo-Historical,
2026-05-17 08:00:00,26.3,93,,0.3,100,,7.8,19.1,51,Ha Noi,21.0285,105.8542,Open-Meteo-Historical,
2026-05-17 09:00:00,26.5,93,,0.5,100,,10.6,23.8,53,Ha Noi,21.0285,105.8542,Open-Meteo-Historical,
2026-05-17 10:00:00,27.9,87,,0.1,98,,9.1,25.2,51,Ha Noi,21.0285,105.8542,Open-Meteo-Historical,
2026-05-17 11:00:00,29.3,83,,0.1,99,,11.6,27.7,51,Ha Noi,21.0285,105.8542,Open-Meteo-Historical,
2026-05-17 12:00:00,30.0,81,,0.2,100,,12.0,28.4,51,Ha Noi,21.0285,105.8542,Open-Meteo-Historical,
2026-05-17 13:00:00,28.9,86,,0.6,100,,9.9,30.2,53,Ha Noi,21.0285,105.8542,Open-Meteo-Historical,
2026-05-17 14:00:00,27.0,89,,7.0,99,,9.7,26.3,63,Ha Noi,21.0285,105.8542,Open-Meteo-Historical,
2026-05-17 15:00:00,27.5,90,,0.6,99,,13.0,25.6,53,Ha Noi,21.0285,105.8542,Open-Meteo-Historical,
2026-05-17 16:00:00,28.0,88,,0.2,99,,13.4,28.1,51,Ha Noi,21.0285,105.8542,Open-Meteo-Historical,
2026-05-17 17:00:00,28.0,87,,0.1,96,,15.8,31.7,51,Ha Noi,21.0285,105.8542,Open-Meteo-Historical,
2026-05-17 18:00:00,27.4,90,,0.1,98,,14.6,32.0,51,Ha Noi,21.0285,105.8542,Open-Meteo-Historical,
2026-05-17 19:00:00,27.5,89,,0.0,99,,14.5,27.4,3,Ha Noi,21.0285,105.8542,Open-Meteo-Historical,
2026-05-17 20:00:00,27.2,89,,0.0,99,,12.8,26.6,3,Ha Noi,21.0285,105.8542,Open-Meteo-Historical,
2026-05-17 21:00:00,27.0,89,,0.0,100,,12.2,23.0,3,Ha Noi,21.0285,105.8542,Open-Meteo-Historical,
2026-05-17 22:00:00,26.7,91,,0.0,100,,10.8,22.3,3,Ha Noi,21.0285,105.8542,Open-Meteo-Historical,
2026-05-17 23:00:00,26.3,93,,0.1,100,,8.2,19.4,51,Ha Noi,21.0285,105.8542,Open-Meteo-Historical,
2026-05-18 00:00:00,25.6,96,,0.9,99,,5.8,14.8,53,Ha Noi,21.0285,105.8542,Open-Meteo-Historical,
2026-05-18 01:00:00,25.1,98,,0.5,99,,9.0,11.9,53,Ha Noi,21.0285,105.8542,Open-Meteo-Historical,
2026-05-18 02:00:00,24.9,99,,0.6,100,,9.2,16.2,53,Ha Noi,21.0285,105.8542,Open-Meteo-Historical,
2026-05-18 03:00:00,25.0,99,,0.1,100,,9.8,18.0,51,Ha Noi,21.0285,105.8542,Open-Meteo-Historical,
2026-05-18 04:00:00,25.0,98,,0.4,100,,7.4,18.0,51,Ha Noi,21.0285,105.8542,Open-Meteo-Historical,
2026-05-18 05:00:00,25.1,99,,0.2,100,,9.9,19.1,51,Ha Noi,21.0285,105.8542,Open-Meteo-Historical,
2026-05-18 06:00:00,25.2,98,,0.2,99,,7.8,18.0,51,Ha Noi,21.0285,105.8542,Open-Meteo-Historical,
2026-05-18 07:00:00,26.1,97,,0.2,98,,6.9,19.1,51,Ha Noi,21.0285,105.8542,Open-Meteo-Historical,
2026-05-18 08:00:00,27.5,88,,0.1,99,,7.9,19.8,51,Ha Noi,21.0285,105.8542,Open-Meteo-Historical,
2026-05-18 09:00:00,28.5,84,,0.2,93,,9.6,22.0,51,Ha Noi,21.0285,105.8542,Open-Meteo-Historical,
2026-05-18 10:00:00,29.8,80,,0.0,94,,10.1,24.5,3,Ha Noi,21.0285,105.8542,Open-Meteo-Historical,
2026-05-18 11:00:00,30.5,77,,0.1,84,,9.8,24.8,51,Ha Noi,21.0285,105.8542,Open-Meteo-Historical,
2026-05-18 12:00:00,31.5,74,,0.0,100,,9.6,24.8,3,Ha Noi,21.0285,105.8542,Open-Meteo-Historical,
2026-05-18 13:00:00,26.4,95,,3.9,100,,12.2,33.8,63,Ha Noi,21.0285,105.8542,Open-Meteo-Historical,
2026-05-18 14:00:00,26.7,94,,3.3,99,,6.0,23.0,63,Ha Noi,21.0285,105.8542,Open-Meteo-Historical,
2026-05-18 15:00:00,27.5,90,,0.8,100,,10.3,20.5,53,Ha Noi,21.0285,105.8542,Open-Meteo-Historical,
2026-05-18 16:00:00,28.2,88,,0.2,100,,10.3,22.7,51,Ha Noi,21.0285,105.8542,Open-Meteo-Historical,
2026-05-18 17:00:00,28.4,88,,0.0,98,,11.7,22.7,3,Ha Noi,21.0285,105.8542,Open-Meteo-Historical,
2026-05-18 18:00:00,28.0,90,,0.2,98,,12.2,23.4,51,Ha Noi,21.0285,105.8542,Open-Meteo-Historical,
2026-05-18 19:00:00,27.0,95,,0.3,63,,11.8,23.4,51,Ha Noi,21.0285,105.8542,Open-Meteo-Historical,
2026-05-18 20:00:00,26.6,96,,0.1,57,,8.3,21.6,51,Ha Noi,21.0285,105.8542,Open-Meteo-Historical,
2026-05-18 21:00:00,26.5,97,,0.0,75,,7.2,15.8,2,Ha Noi,21.0285,105.8542,Open-Meteo-Historical,
2026-05-18 22:00:00,26.2,97,,0.0,92,,7.9,14.0,3,Ha Noi,21.0285,105.8542,Open-Meteo-Historical,
2026-05-18 23:00:00,26.1,96,,0.2,98,,7.2,14.4,51,Ha Noi,21.0285,105.8542,Open-Meteo-Historical,
2026-05-19 00:00:00,25.9,97,,0.3,83,,6.0,13.0,51,Ha Noi,21.0285,105.8542,Open-Meteo-Historical,
2026-05-19 01:00:00,26.0,97,,3.9,99,,2.2,10.1,63,Ha Noi,21.0285,105.8542,Open-Meteo-Historical,
2026-05-19 02:00:00,25.5,99,,1.1,100,,9.4,16.2,55,Ha Noi,21.0285,105.8542,Open-Meteo-Historical,
2026-05-19 03:00:00,25.5,98,,1.9,100,,11.7,20.5,61,Ha Noi,21.0285,105.8542,Open-Meteo-Historical,
2026-05-19 04:00:00,24.8,97,,0.0,100,,11.5,27.0,3,Ha Noi,21.0285,105.8542,Open-Meteo-Historical,
2026-05-19 05:00:00,24.4,98,,6.8,100,,8.6,20.5,63,Ha Noi,21.0285,105.8542,Open-Meteo-Historical,
2026-05-19 06:00:00,24.6,97,,5.2,99,,9.0,17.6,63,Ha Noi,21.0285,105.8542,Open-Meteo-Historical,
2026-05-19 07:00:00,25.6,98,,1.8,100,,9.8,18.0,61,Ha Noi,21.0285,105.8542,Open-Meteo-Historical,
2026-05-19 08:00:00,25.5,97,,1.1,100,,9.8,19.1,55,Ha Noi,21.0285,105.8542,Open-Meteo-Historical,
2026-05-19 09:00:00,25.7,96,,0.5,99,,12.2,27.4,53,Ha Noi,21.0285,105.8542,Open-Meteo-Historical,
2026-05-19 10:00:00,27.9,86,,0.1,100,,12.5,28.8,51,Ha Noi,21.0285,105.8542,Open-Meteo-Historical,
2026-05-19 11:00:00,28.4,85,,0.1,98,,13.1,28.4,51,Ha Noi,21.0285,105.8542,Open-Meteo-Historical,
2026-05-19 12:00:00,30.2,78,,0.2,94,,13.9,30.2,51,Ha Noi,21.0285,105.8542,Open-Meteo-Historical,
2026-05-19 13:00:00,29.6,84,,0.1,99,,13.7,32.8,51,Ha Noi,21.0285,105.8542,Open-Meteo-Historical,
2026-05-19 14:00:00,28.3,89,,2.0,99,,13.3,29.9,61,Ha Noi,21.0285,105.8542,Open-Meteo-Historical,
2026-05-19 15:00:00,29.9,80,,0.2,98,,15.7,33.8,51,Ha Noi,21.0285,105.8542,Open-Meteo-Historical,
2026-05-19 16:00:00,29.9,80,,0.1,99,,14.8,34.9,51,Ha Noi,21.0285,105.8542,Open-Meteo-Historical,
2026-05-19 17:00:00,29.4,80,,0.0,96,,14.6,30.2,3,Ha Noi,21.0285,105.8542,Open-Meteo-Historical,
2026-05-19 18:00:00,28.5,88,,0.2,98,,12.2,28.8,51,Ha Noi,21.0285,105.8542,Open-Meteo-Historical,
2026-05-19 19:00:00,29.0,83,,0.0,99,,11.5,23.0,3,Ha Noi,21.0285,105.8542,Open-Meteo-Historical,
2026-05-19 20:00:00,28.5,86,,0.0,99,,15.2,27.7,3,Ha Noi,21.0285,105.8542,Open-Meteo-Historical,
2026-05-19 21:00:00,28.2,90,,0.0,97,,15.0,27.7,3,Ha Noi,21.0285,105.8542,Open-Meteo-Historical,
2026-05-19 22:00:00,27.9,92,,0.0,94,,14.8,28.4,3,Ha Noi,21.0285,105.8542,Open-Meteo-Historical,
2026-05-19 23:00:00,26.6,96,,0.9,99,,13.0,27.7,53,Ha Noi,21.0285,105.8542,Open-Meteo-Historical,
2026-05-20 00:00:00,26.3,97,,0.4,99,,10.6,22.0,51,Ha Noi,21.0285,105.8542,Open-Meteo-Historical,
2026-05-20 01:00:00,26.5,96,,0.3,100,,11.7,18.0,51,Ha Noi,21.0285,105.8542,Open-Meteo-Historical,
2026-05-20 02:00:00,26.3,95,,3.0,100,,9.8,20.9,63,Ha Noi,21.0285,105.8542,Open-Meteo-Historical,
2026-05-20 03:00:00,25.9,97,,2.9,100,,10.5,20.2,63,Ha Noi,21.0285,105.8542,Open-Meteo-Historical,
2026-05-20 04:00:00,25.2,96,,2.4,100,,11.7,20.9,61,Ha Noi,21.0285,105.8542,Open-Meteo-Historical,
2026-05-20 05:00:00,25.2,97,,2.3,100,,10.3,21.2,61,Ha Noi,21.0285,105.8542,Open-Meteo-Historical,
2026-05-20 06:00:00,25.5,97,,1.3,100,,11.1,19.8,61,Ha Noi,21.0285,105.8542,Open-Meteo-Historical,
2026-05-20 07:00:00,25.5,96,,1.0,100,,9.2,21.2,55,Ha Noi,21.0285,105.8542,Open-Meteo-Historical,
2026-05-20 08:00:00,25.9,95,,0.7,100,,9.8,18.7,53,Ha Noi,21.0285,105.8542,Open-Meteo-Historical,
2026-05-20 09:00:00,27.4,89,,0.1,95,,11.0,24.5,51,Ha Noi,21.0285,105.8542,Open-Meteo-Historical,
2026-05-20 10:00:00,29.2,79,,0.1,93,,10.6,27.4,51,Ha Noi,21.0285,105.8542,Open-Meteo-Historical,
2026-05-20 11:00:00,30.0,78,,0.1,87,,10.6,28.4,51,Ha Noi,21.0285,105.8542,Open-Meteo-Historical,
2026-05-20 12:00:00,27.7,87,,3.8,98,,13.8,31.7,63,Ha Noi,21.0285,105.8542,Open-Meteo-Historical,
2026-05-20 13:00:00,26.9,94,,1.0,69,,8.3,29.9,55,Ha Noi,21.0285,105.8542,Open-Meteo-Historical,
2026-05-20 14:00:00,29.6,82,,0.1,76,,14.1,30.2,51,Ha Noi,21.0285,105.8542,Open-Meteo-Historical,
2026-05-20 15:00:00,30.1,77,,0.1,87,,16.0,33.8,51,Ha Noi,21.0285,105.8542,Open-Meteo-Historical,
2026-05-20 16:00:00,29.1,85,,0.9,87,,13.7,33.8,53,Ha Noi,21.0285,105.8542,Open-Meteo-Historical,
2026-05-20 17:00:00,28.6,91,,1.6,96,,9.9,27.4,61,Ha Noi,21.0285,105.8542,Open-Meteo-Historical,
2026-05-20 18:00:00,28.5,90,,0.0,97,,10.0,18.4,3,Ha Noi,21.0285,105.8542,Open-Meteo-Historical,
2026-05-20 19:00:00,27.9,90,,0.0,100,,12.9,22.3,3,Ha Noi,21.0285,105.8542,Open-Meteo-Historical,
2026-05-20 20:00:00,27.8,91,,0.0,99,,14.8,27.0,3,Ha Noi,21.0285,105.8542,Open-Meteo-Historical,
2026-05-20 21:00:00,27.5,92,,0.1,88,,14.8,28.1,51,Ha Noi,21.0285,105.8542,Open-Meteo-Historical,
2026-05-20 22:00:00,27.4,93,,0.1,96,,12.8,27.0,51,Ha Noi,21.0285,105.8542,Open-Meteo-Historical,
2026-05-20 23:00:00,27.4,93,,0.2,99,,11.0,23.8,51,Ha Noi,21.0285,105.8542,Open-Meteo-Historical,
